vehicle_id,timestamp,lat,lng,speed_kmh,fuel_level_pct,engine_on,idle_minutes,hour,day_of_week,is_working_hour,zone_distance_deg,is_anomaly,anomaly_type,refuel
LG-1000,2025-01-06 11:41:00,6.500612,3.358547,0.0,90.1,0,1,11,0,1,0.0017,0,normal,0
LG-1000,2025-01-06 11:41:30,6.49864,3.35868,26.4,90.1,1,0,11,0,1,0.00077,0,normal,0
LG-1000,2025-01-06 11:42:00,6.501508,3.363153,70.6,89.9,1,0,11,0,1,0.00573,0,normal,0
LG-1000,2025-01-06 11:42:30,6.507619,3.363487,81.8,89.7,1,0,11,0,1,0.01022,0,normal,0
LG-1000,2025-01-06 11:43:00,6.514407,3.364605,91.9,89.5,1,0,11,0,1,0.00742,0,normal,0
LG-1000,2025-01-06 11:43:30,6.518688,3.366576,62.9,89.3,1,0,11,0,1,0.00656,0,normal,0
LG-1000,2025-01-06 11:44:00,6.526554,3.367559,105.9,89.1,1,0,11,0,1,0.01238,0,normal,0
LG-1000,2025-01-06 11:44:30,6.534336,3.367373,104.0,88.9,1,0,11,0,1,0.01988,0,normal,0
LG-1000,2025-01-06 11:45:00,6.541479,3.367276,95.4,88.6,1,0,11,0,1,0.0269,0,normal,0
LG-1000,2025-01-06 11:45:30,6.54536,3.367201,51.9,88.5,1,0,11,0,1,0.02792,0,normal,0
LG-1000,2025-01-06 11:46:00,6.550762,3.367086,72.2,88.3,1,0,11,0,1,0.02643,0,normal,0
LG-1000,2025-01-06 11:46:30,6.553801,3.367044,40.6,88.2,1,0,11,0,1,0.02607,0,normal,0
LG-1000,2025-01-06 11:47:00,6.557457,3.366976,48.8,88.1,1,0,11,0,1,0.02609,0,normal,0
LG-1000,2025-01-06 11:47:30,6.564065,3.366812,88.3,87.9,1,0,11,0,1,0.02736,0,normal,0
LG-1000,2025-01-06 11:48:00,6.570947,3.367515,92.4,87.7,1,0,11,0,1,0.03094,0,normal,0
LG-1000,2025-01-06 11:48:30,6.577906,3.371779,108.8,87.5,1,0,11,0,1,0.03387,0,normal,0
LG-1000,2025-01-06 11:49:00,6.58164,3.374492,61.5,87.3,1,0,11,0,1,0.03362,0,normal,0
LG-1000,2025-01-06 11:49:30,6.585581,3.377341,64.8,87.2,1,0,11,0,1,0.03403,0,normal,0
LG-1000,2025-01-06 11:50:00,6.589841,3.380666,72.0,87.0,1,0,11,0,1,0.03547,0,normal,0
LG-1000,2025-01-06 11:50:30,6.592975,3.382907,51.4,86.9,1,0,11,0,1,0.03679,0,normal,0
LG-1000,2025-01-06 11:51:00,6.593017,3.383693,10.5,86.9,1,0,11,0,1,0.03755,0,normal,0
LG-1000,2025-01-06 11:51:30,6.597244,3.380281,72.4,86.7,1,0,11,0,1,0.03349,0,normal,0
LG-1000,2025-01-06 11:52:00,6.600451,3.377788,54.1,86.6,1,0,11,0,1,0.03079,0,normal,0
LG-1000,2025-01-06 11:52:30,6.605599,3.373759,87.1,86.4,1,0,11,0,1,0.02715,0,normal,0
LG-1000,2025-01-06 11:53:00,6.609734,3.370544,69.8,86.2,1,0,11,0,1,0.02511,0,normal,0
LG-1000,2025-01-06 11:53:30,6.615785,3.366229,99.1,86.0,1,0,11,0,1,0.02426,0,normal,0
LG-1000,2025-01-06 11:54:00,6.622142,3.364209,89.0,85.8,1,0,11,0,1,0.02726,0,normal,0
LG-1000,2025-01-06 11:54:30,6.626671,3.364121,60.5,85.6,1,0,11,0,1,0.03086,0,normal,0
LG-1000,2025-01-06 11:55:00,6.633746,3.366258,98.7,85.4,1,0,11,0,1,0.03799,0,normal,0
LG-1000,2025-01-06 11:55:30,6.639387,3.37079,96.4,85.2,1,0,11,0,1,0.04516,0,normal,0
LG-1000,2025-01-06 11:56:00,6.642106,3.374927,65.8,85.0,1,0,11,0,1,0.0497,0,normal,0
LG-1000,2025-01-06 11:56:30,6.644114,3.378846,58.5,84.9,1,0,11,0,1,0.0536,0,normal,0
LG-1000,2025-01-06 11:57:00,6.647157,3.384713,87.8,84.7,1,0,11,0,1,0.0596,0,normal,0
LG-1000,2025-01-06 11:57:30,6.648803,3.387886,47.5,84.5,1,0,11,0,1,0.0629,0,normal,0
LG-1000,2025-01-06 11:58:00,6.650656,3.39133,52.0,84.4,1,0,11,0,1,0.06657,0,normal,0
LG-1000,2025-01-06 11:58:30,6.652197,3.393709,37.7,84.3,1,0,11,0,1,0.0693,0,normal,0
LG-1000,2025-01-06 11:59:00,6.656954,3.399084,95.5,84.1,1,0,11,0,1,0.07644,0,normal,0
LG-1000,2025-01-06 11:59:30,6.662208,3.402904,86.6,83.9,1,0,11,0,1,0.0829,0,normal,0
LG-1000,2025-01-06 12:00:00,6.668322,3.405708,89.7,83.7,1,0,12,0,1,0.08932,0,normal,0
LG-1000,2025-01-06 12:00:30,6.674977,3.408342,95.5,83.5,1,0,12,0,1,0.0961,0,normal,0
LG-1000,2025-01-06 12:01:00,6.679951,3.410338,71.5,83.3,1,0,12,0,1,0.10122,0,normal,0
LG-1000,2025-01-06 12:01:30,6.685489,3.412573,79.7,83.1,1,0,12,0,1,0.10695,0,normal,0
LG-1000,2025-01-06 12:02:00,6.688818,3.413878,47.7,83.0,1,0,12,0,1,0.11038,0,normal,0
LG-1000,2025-01-06 12:02:30,6.692114,3.414837,45.8,82.9,1,0,12,0,1,0.11359,0,normal,0
LG-1000,2025-01-06 12:03:00,6.698577,3.415684,87.1,82.7,1,0,12,0,1,0.11933,0,normal,0
LG-1000,2025-01-06 12:03:30,6.703993,3.415415,72.4,82.5,1,0,12,0,1,0.12364,0,normal,0
LG-1000,2025-01-06 12:04:00,6.709924,3.4149,79.5,82.4,1,0,12,0,1,0.12835,0,normal,0
LG-1000,2025-01-06 12:04:30,6.716967,3.414297,94.4,82.1,1,0,12,0,1,0.13408,0,normal,0
LG-1000,2025-01-06 12:05:00,6.723295,3.414477,84.6,81.9,1,0,12,0,1,0.13968,1,route_deviation,0
LG-1000,2025-01-06 12:05:30,6.729028,3.415772,78.5,81.8,1,0,12,0,1,0.14533,1,route_deviation,0
LG-1000,2025-01-06 12:06:00,6.734447,3.41813,78.9,81.6,1,0,12,0,1,0.15122,1,route_deviation,0
LG-1000,2025-01-06 12:06:30,6.738441,3.420178,59.9,81.4,1,0,12,0,1,0.15571,1,route_deviation,0
LG-1000,2025-01-06 12:07:00,6.738441,3.420178,0.0,81.4,1,1,12,0,1,0.15571,1,route_deviation,0
LG-1000,2025-01-06 12:07:30,6.738441,3.420178,0.0,81.4,1,2,12,0,1,0.15571,1,route_deviation,0
LG-1000,2025-01-06 12:08:00,6.738441,3.420178,0.0,81.4,1,3,12,0,1,0.15571,1,route_deviation,0
LG-1000,2025-01-06 12:08:30,6.738441,3.420178,0.0,81.4,1,4,12,0,1,0.15571,1,route_deviation,0
LG-1000,2025-01-06 12:09:00,6.738441,3.420178,0.0,81.4,1,5,12,0,1,0.15571,1,route_deviation,0
LG-1000,2025-01-06 12:09:30,6.738441,3.420178,0.0,81.4,1,6,12,0,1,0.15571,1,route_deviation,0
LG-1000,2025-01-06 12:10:00,6.738441,3.420178,0.0,81.4,1,7,12,0,1,0.15571,1,route_deviation,0
LG-1000,2025-01-06 12:10:30,6.738441,3.420178,0.0,81.4,1,8,12,0,1,0.15571,1,route_deviation,0
LG-1000,2025-01-06 12:11:00,6.741219,3.421208,39.5,81.3,1,0,12,0,1,0.15864,1,route_deviation,0
LG-1000,2025-01-06 12:11:30,6.746311,3.4224,69.8,81.2,1,0,12,0,1,0.16371,1,route_deviation,0
LG-1000,2025-01-06 12:12:00,6.750288,3.42273,53.3,81.0,1,0,12,0,1,0.1674,1,route_deviation,0
LG-1000,2025-01-06 12:12:30,6.755362,3.422924,67.8,80.9,1,0,12,0,1,0.17202,1,route_deviation,0
LG-1000,2025-01-06 12:13:00,6.76292,3.423221,101.0,80.7,1,0,12,0,1,0.17896,1,route_deviation,0
LG-1000,2025-01-06 12:13:30,6.767018,3.423393,54.8,80.5,1,0,12,0,1,0.18275,1,route_deviation,0
LG-1000,2025-01-06 12:14:00,6.770135,3.423522,41.7,80.4,1,0,12,0,1,0.18564,1,route_deviation,0
LG-1000,2025-01-06 12:14:30,6.774498,3.423704,58.3,80.3,1,0,12,0,1,0.1897,1,route_deviation,0
LG-1000,2025-01-06 12:15:00,6.77893,3.423874,59.2,80.2,1,0,12,0,1,0.19383,1,route_deviation,0
LG-1000,2025-01-06 12:15:30,6.785383,3.42452,86.6,80.0,1,0,12,0,1,0.20002,1,route_deviation,0
LG-1000,2025-01-06 12:16:00,6.791034,3.426207,78.7,79.8,1,0,12,0,1,0.20588,1,route_deviation,0
LG-1000,2025-01-06 12:16:30,6.797335,3.429608,95.5,79.5,1,0,12,0,1,0.21301,1,route_deviation,0
LG-1000,2025-01-06 12:17:00,6.802218,3.433889,86.5,79.3,1,0,12,0,1,0.21918,1,route_deviation,0
LG-1000,2025-01-06 12:17:30,6.805383,3.437833,67.3,79.2,1,0,12,0,1,0.22366,1,route_deviation,0
LG-1000,2025-01-06 12:18:00,6.809177,3.444115,97.5,79.0,1,0,12,0,1,0.22972,1,route_deviation,0
LG-1000,2025-01-06 12:18:30,6.811356,3.447138,49.6,78.8,1,0,12,0,1,0.23297,1,route_deviation,0
LG-1000,2025-01-06 12:19:00,6.813233,3.449376,38.9,78.8,1,0,12,0,1,0.23563,1,route_deviation,0
LG-1000,2025-01-06 12:19:30,6.815516,3.451754,43.9,78.7,1,0,12,0,1,0.23873,1,route_deviation,0
LG-1000,2025-01-06 12:20:00,6.820635,3.45627,90.9,78.4,1,0,12,0,1,0.24531,1,route_deviation,0
LG-1000,2025-01-06 12:20:30,6.824266,3.460226,71.5,78.3,1,0,12,0,1,0.25034,1,route_deviation,0
LG-1000,2025-01-06 12:21:00,6.826344,3.463279,49.1,78.2,1,0,12,0,1,0.25358,1,route_deviation,0
LG-1000,2025-01-06 12:21:30,6.828786,3.468304,74.2,78.0,1,0,12,0,1,0.25807,1,route_deviation,0
LG-1000,2025-01-06 12:22:00,6.829851,3.471789,48.4,77.9,1,0,12,0,1,0.26066,1,route_deviation,0
LG-1000,2025-01-06 12:22:30,6.83083,3.478389,88.5,77.7,1,0,12,0,1,0.26474,1,route_deviation,0
LG-1000,2025-01-06 12:23:00,6.831673,3.483602,70.0,77.5,1,0,12,0,1,0.26809,1,route_deviation,0
LG-1000,2025-01-06 12:23:30,6.83325,3.48826,65.3,77.4,1,0,12,0,1,0.27184,1,route_deviation,0
LG-1000,2025-01-06 12:24:00,6.835252,3.492261,59.4,77.2,1,0,12,0,1,0.27564,1,route_deviation,0
LG-1000,2025-01-06 12:24:30,6.839027,3.497313,83.9,77.0,1,0,12,0,1,0.28152,1,route_deviation,0
LG-1000,2025-01-06 12:25:00,6.842368,3.500779,64.1,76.9,1,0,12,0,1,0.28619,1,route_deviation,0
LG-1000,2025-01-06 12:25:30,6.844398,3.503359,43.7,76.8,1,0,12,0,1,0.28929,1,route_deviation,0
LG-1000,2025-01-06 12:26:00,6.846233,3.506282,45.9,76.7,1,0,12,0,1,0.29242,1,route_deviation,0
LG-1000,2025-01-06 12:26:30,6.849213,3.513867,108.2,76.4,1,0,12,0,1,0.29909,1,route_deviation,0
LG-1000,2025-01-06 12:27:00,6.850275,3.521657,104.3,76.2,1,0,12,0,1,0.30437,1,route_deviation,0
LG-1000,2025-01-06 12:27:30,6.851615,3.528217,88.8,76.0,1,0,12,0,1,0.30927,1,route_deviation,0
LG-1000,2025-01-06 12:28:00,6.853095,3.532232,56.8,75.8,1,0,12,0,1,0.31283,1,route_deviation,0
LG-1000,2025-01-06 12:28:30,6.857123,3.53937,108.9,75.6,1,0,12,0,1,0.32032,1,route_deviation,0
LG-1000,2025-01-06 12:29:00,6.861536,3.54499,95.0,75.3,1,0,12,0,1,0.32723,1,route_deviation,0
LG-1000,2025-01-06 12:29:30,6.865001,3.550828,90.2,75.1,1,0,12,0,1,0.33353,1,route_deviation,0
LG-1000,2025-01-06 12:30:00,6.866929,3.555767,70.4,75.0,1,0,12,0,1,0.33809,1,route_deviation,0
LG-1000,2025-01-06 12:30:30,6.867975,3.559951,57.2,74.8,1,0,12,0,1,0.3415,1,route_deviation,0
LG-1000,2025-01-06 12:31:00,6.868847,3.563165,44.2,74.7,1,0,12,0,1,0.34419,1,route_deviation,0
LG-1000,2025-01-06 12:31:30,6.872568,3.570025,103.7,74.5,1,0,12,0,1,0.35141,1,route_deviation,0
LG-1000,2025-01-06 12:32:00,6.876274,3.573856,70.9,74.3,1,0,12,0,1,0.35671,1,route_deviation,0
LG-1000,2025-01-06 12:32:30,6.879487,3.576105,52.3,74.2,1,0,12,0,1,0.36062,1,route_deviation,0
LG-1000,2025-01-06 12:33:00,6.881251,3.580057,57.5,74.1,1,0,12,0,1,0.36449,1,route_deviation,0
LG-1000,2025-01-06 12:33:30,6.878681,3.585367,78.3,73.9,1,0,12,0,1,0.36596,1,route_deviation,0
LG-1000,2025-01-06 12:34:00,6.876644,3.588553,50.3,73.8,1,0,12,0,1,0.36651,1,route_deviation,0
LG-1000,2025-01-06 12:34:30,6.87264,3.594991,100.8,73.5,1,0,12,0,1,0.36781,1,route_deviation,0
LG-1000,2025-01-06 12:35:00,6.868919,3.600958,93.5,73.3,1,0,12,0,1,0.36915,1,route_deviation,0
LG-1000,2025-01-06 12:35:30,6.867018,3.607441,89.7,73.1,1,0,12,0,1,0.37228,1,route_deviation,0
LG-1000,2025-01-06 12:36:00,6.866987,3.612648,69.1,72.9,1,0,12,0,1,0.37592,1,route_deviation,0
LG-1000,2025-01-06 12:36:30,6.866457,3.618875,82.9,72.8,1,0,12,0,1,0.37998,1,route_deviation,0
LG-1000,2025-01-06 12:37:00,6.861865,3.622546,78.3,72.6,1,0,12,0,1,0.37944,1,route_deviation,0
LG-1000,2025-01-06 12:37:30,6.857654,3.627161,83.1,72.4,1,0,12,0,1,0.37995,1,route_deviation,0
LG-1000,2025-01-06 12:38:00,6.856963,3.630137,40.5,72.3,1,0,12,0,1,0.38169,1,route_deviation,0
LG-1000,2025-01-06 12:38:30,6.853143,3.632529,60.1,72.1,1,0,12,0,1,0.38092,1,route_deviation,0
LG-1000,2025-01-06 12:39:00,6.85169,3.635182,40.2,72.0,1,0,12,0,1,0.38196,1,route_deviation,0
LG-1000,2025-01-06 12:39:30,6.850195,3.640529,73.7,71.9,1,0,12,0,1,0.38504,1,route_deviation,0
LG-1000,2025-01-06 12:40:00,6.849615,3.645086,60.9,71.7,1,0,12,0,1,0.38816,1,route_deviation,0
LG-1000,2025-01-06 12:40:30,6.848663,3.647333,32.4,71.7,1,0,12,0,1,0.38928,1,route_deviation,0
LG-1000,2025-01-07 08:08:00,6.556044,3.34218,0.0,71.7,0,1,8,1,1,0.00158,0,normal,0
LG-1000,2025-01-07 08:08:30,6.55645,3.3433,15.8,71.6,1,0,8,1,1,0.00272,0,normal,0
LG-1000,2025-01-07 08:09:00,6.556454,3.345135,24.4,71.6,1,0,8,1,1,0.00438,0,normal,0
LG-1000,2025-01-07 08:09:30,6.556469,3.346015,11.7,71.5,1,0,8,1,1,0.00523,0,normal,0
LG-1000,2025-01-07 08:10:00,6.556494,3.34847,32.6,71.5,1,0,8,1,1,0.00762,0,normal,0
LG-1000,2025-01-07 08:10:30,6.556503,3.350124,21.9,71.4,1,0,8,1,1,0.00925,0,normal,0
LG-1000,2025-01-07 08:11:00,6.555726,3.351721,23.6,71.4,1,0,8,1,1,0.01075,0,normal,0
LG-1000,2025-01-07 08:11:30,6.554822,3.352099,13.1,71.3,1,0,8,1,1,0.0111,0,normal,0
LG-1000,2025-01-07 08:12:00,6.553286,3.352731,22.2,71.3,1,0,8,1,1,0.01186,0,normal,0
LG-1000,2025-01-07 08:12:30,6.551745,3.353368,22.3,71.2,1,0,8,1,1,0.01279,0,normal,0
LG-1000,2025-01-07 08:13:00,6.549502,3.35428,32.3,71.1,1,0,8,1,1,0.01437,0,normal,0
LG-1000,2025-01-07 08:13:30,6.547834,3.354966,24.1,71.1,1,0,8,1,1,0.0157,0,normal,0
LG-1000,2025-01-07 08:14:00,6.546314,3.355579,21.9,71.0,1,0,8,1,1,0.01697,0,normal,0
LG-1000,2025-01-07 08:14:30,6.54512,3.35607,17.2,71.0,1,0,8,1,1,0.01802,0,normal,0
LG-1000,2025-01-07 08:15:00,6.543824,3.356599,18.7,71.0,1,0,8,1,1,0.01919,0,normal,0
LG-1000,2025-01-07 08:15:30,6.542174,3.356977,22.6,70.9,1,0,8,1,1,0.02049,0,normal,0
LG-1000,2025-01-07 08:16:00,6.540788,3.35625,20.9,70.9,1,0,8,1,1,0.02085,0,normal,0
LG-1000,2025-01-07 08:16:30,6.540071,3.355743,11.7,70.8,1,0,8,1,1,0.02098,0,normal,0
LG-1000,2025-01-07 08:17:00,6.538237,3.354473,29.7,70.8,1,0,8,1,1,0.02151,0,normal,0
LG-1000,2025-01-07 08:17:30,6.536253,3.353213,31.3,70.7,1,0,8,1,1,0.02237,0,normal,0
LG-1000,2025-01-07 08:18:00,6.53534,3.35264,14.4,70.7,1,0,8,1,1,0.02285,0,normal,0
LG-1000,2025-01-07 08:18:30,6.533639,3.352309,23.1,70.6,1,0,8,1,1,0.02417,0,normal,0
LG-1000,2025-01-07 08:19:00,6.532653,3.352581,13.7,70.6,1,0,8,1,1,0.02517,0,normal,0
LG-1000,2025-01-07 08:19:30,6.530763,3.353149,26.3,70.5,1,0,8,1,1,0.02457,0,normal,0
LG-1000,2025-01-07 08:20:00,6.5295,3.353514,17.6,70.5,1,0,8,1,1,0.02349,0,normal,0
LG-1000,2025-01-07 08:20:30,6.527661,3.354157,26.0,70.4,1,0,8,1,1,0.02188,0,normal,0
LG-1000,2025-01-07 08:21:00,6.526667,3.355882,26.5,70.3,1,0,8,1,1,0.0199,0,normal,0
LG-1000,2025-01-07 08:21:30,6.526346,3.357992,28.3,70.3,1,0,8,1,1,0.01803,0,normal,0
LG-1000,2025-01-07 08:22:00,6.526207,3.359006,13.6,70.2,1,0,8,1,1,0.01716,0,normal,0
LG-1000,2025-01-07 08:22:30,6.524919,3.360989,31.4,70.2,1,0,8,1,1,0.01482,0,normal,0
LG-1000,2025-01-07 08:23:00,6.524172,3.361964,16.3,70.1,1,0,8,1,1,0.0136,0,normal,0
LG-1000,2025-01-07 08:23:30,6.523575,3.362643,12.0,70.1,1,0,8,1,1,0.01269,0,normal,0
LG-1000,2025-01-07 08:24:00,6.522117,3.363647,23.6,70.0,1,0,8,1,1,0.01097,0,normal,0
LG-1000,2025-01-07 08:24:30,6.520839,3.364365,19.6,70.0,1,0,8,1,1,0.00961,0,normal,0
LG-1000,2025-01-07 08:25:00,6.518837,3.365318,29.6,69.9,1,0,8,1,1,0.00771,0,normal,0
LG-1000,2025-01-07 08:25:30,6.516659,3.36514,29.2,69.9,1,0,8,1,1,0.00706,0,normal,0
LG-1000,2025-01-07 08:26:00,6.515356,3.364701,18.4,69.8,1,0,8,1,1,0.00731,0,normal,0
LG-1000,2025-01-07 08:26:30,6.51301,3.364017,32.6,69.7,1,0,8,1,1,0.00823,0,normal,0
LG-1000,2025-01-07 08:27:00,6.511742,3.363611,17.8,69.7,1,0,8,1,1,0.009,0,normal,0
LG-1000,2025-01-07 08:27:30,6.510106,3.363125,22.8,69.7,1,0,8,1,1,0.01014,0,normal,0
LG-1000,2025-01-07 08:28:00,6.508841,3.363124,16.9,69.6,1,0,8,1,1,0.0108,0,normal,0
LG-1000,2025-01-07 08:28:30,6.50648,3.363644,32.3,69.5,1,0,8,1,1,0.00937,0,normal,0
LG-1000,2025-01-07 08:29:00,6.505395,3.363915,14.9,69.5,1,0,8,1,1,0.00871,0,normal,0
LG-1000,2025-01-07 08:29:30,6.504487,3.363981,12.2,69.5,1,0,8,1,1,0.00812,0,normal,0
LG-1000,2025-01-07 08:30:00,6.50299,3.363511,20.9,69.4,1,0,8,1,1,0.0068,0,normal,0
LG-1000,2025-01-07 08:30:30,6.500642,3.362618,33.5,69.3,1,0,8,1,1,0.0049,0,normal,0
LG-1000,2025-01-07 08:31:00,6.498412,3.361901,31.3,69.3,1,0,8,1,1,0.00395,0,normal,0
LG-1000,2025-01-07 08:31:30,6.496342,3.361555,28.0,69.2,1,0,8,1,1,0.00444,0,normal,0
LG-1000,2025-01-07 08:32:00,6.494028,3.36181,31.1,69.1,1,0,8,1,1,0.00626,0,normal,0
LG-1000,2025-01-07 08:32:30,6.491822,3.362607,31.3,69.1,1,0,8,1,1,0.00853,0,normal,0
LG-1000,2025-01-07 08:33:00,6.490209,3.363189,22.9,69.0,1,0,8,1,1,0.01021,0,normal,0
LG-1000,2025-01-07 08:33:30,6.488913,3.363644,18.3,69.0,1,0,8,1,1,0.01156,0,normal,0
LG-1000,2025-01-07 08:34:00,6.486901,3.364379,28.6,68.9,1,0,8,1,1,0.01368,0,normal,0
LG-1000,2025-01-07 08:34:30,6.485076,3.365081,26.1,68.8,1,0,8,1,1,0.01562,0,normal,0
LG-1000,2025-01-07 08:35:00,6.483765,3.365743,19.6,68.8,1,0,8,1,1,0.01709,0,normal,0
LG-1000,2025-01-07 08:35:30,6.483765,3.365743,0.0,68.8,1,1,8,1,1,0.01709,0,normal,0
LG-1000,2025-01-07 08:36:00,6.483765,3.365743,0.0,68.8,1,2,8,1,1,0.01709,0,normal,0
LG-1000,2025-01-07 08:36:30,6.483765,3.365743,0.0,68.8,1,3,8,1,1,0.01709,0,normal,0
LG-1000,2025-01-07 08:37:00,6.483765,3.365743,0.0,68.8,1,4,8,1,1,0.01709,0,normal,0
LG-1000,2025-01-07 08:37:30,6.483765,3.365743,0.0,68.8,1,5,8,1,1,0.01709,0,normal,0
LG-1000,2025-01-07 08:38:00,6.483765,3.365743,0.0,68.8,1,6,8,1,1,0.01709,0,normal,0
LG-1000,2025-01-07 08:38:30,6.483765,3.365743,0.0,68.8,1,7,8,1,1,0.01709,0,normal,0
LG-1000,2025-01-07 08:39:00,6.483765,3.365743,0.0,68.8,1,8,8,1,1,0.01709,0,normal,0
LG-1000,2025-01-07 08:39:30,6.483765,3.365743,0.0,68.8,1,9,8,1,1,0.01709,0,normal,0
LG-1000,2025-01-07 08:40:00,6.483765,3.365743,0.0,68.8,1,10,8,1,1,0.01709,0,normal,0
LG-1000,2025-01-07 08:40:30,6.483765,3.365743,0.0,68.8,1,11,8,1,1,0.01709,0,normal,0
LG-1000,2025-01-07 08:41:00,6.482944,3.366315,13.3,68.8,1,0,8,1,1,0.01808,0,normal,0
LG-1000,2025-01-07 08:41:30,6.481465,3.367797,27.9,68.7,1,0,8,1,1,0.02009,0,normal,0
LG-1000,2025-01-07 08:42:00,6.480673,3.368807,17.1,68.7,1,0,8,1,1,0.02128,0,normal,0
LG-1000,2025-01-07 08:42:30,6.479194,3.370721,32.2,68.6,1,0,8,1,1,0.02354,0,normal,0
LG-1000,2025-01-07 08:43:00,6.478422,3.371702,16.6,68.5,1,0,8,1,1,0.02472,0,normal,0
LG-1000,2025-01-07 08:43:30,6.477782,3.372532,13.9,68.5,1,0,8,1,1,0.02572,0,normal,0
LG-1000,2025-01-07 08:44:00,6.4764,3.374296,29.8,68.4,1,0,8,1,1,0.02786,0,normal,0
LG-1000,2025-01-07 08:44:30,6.475646,3.375094,14.6,68.4,1,0,8,1,1,0.02868,0,normal,0
LG-1000,2025-01-07 08:45:00,6.474733,3.375779,15.2,68.4,1,0,8,1,1,0.02755,0,normal,0
LG-1000,2025-01-07 08:45:30,6.473054,3.376549,24.6,68.3,1,0,8,1,1,0.02581,0,normal,0
LG-1000,2025-01-07 08:46:00,6.470849,3.377252,30.9,68.2,1,0,8,1,1,0.02379,0,normal,0
LG-1000,2025-01-07 08:46:30,6.469731,3.377603,15.7,68.2,1,0,8,1,1,0.0228,0,normal,0
LG-1000,2025-01-07 08:47:00,6.468428,3.378008,18.2,68.2,1,0,8,1,1,0.02166,0,normal,0
LG-1000,2025-01-07 08:47:30,6.466446,3.378828,28.6,68.1,1,0,8,1,1,0.01981,0,normal,0
LG-1000,2025-01-07 08:48:00,6.464361,3.380167,33.0,68.0,1,0,8,1,1,0.01754,0,normal,0
LG-1000,2025-01-07 08:48:30,6.462944,3.381078,22.5,68.0,1,0,8,1,1,0.01603,0,normal,0
LG-1000,2025-01-07 08:49:00,6.462031,3.381663,14.5,67.9,1,0,8,1,1,0.01508,0,normal,0
LG-1000,2025-01-07 08:49:30,6.461295,3.382117,11.5,67.9,1,0,8,1,1,0.01434,0,normal,0
LG-1000,2025-01-07 08:50:00,6.46013,3.3825,16.4,67.9,1,0,8,1,1,0.01351,0,normal,0
LG-1000,2025-01-07 08:50:30,6.459091,3.382719,14.2,67.8,1,0,8,1,1,0.01294,0,normal,0
LG-1000,2025-01-07 08:51:00,6.457163,3.38236,26.2,67.8,1,0,8,1,1,0.01282,0,normal,0
LG-1000,2025-01-07 08:51:30,6.456173,3.382019,14.0,67.7,1,0,8,1,1,0.01303,0,normal,0
LG-1000,2025-01-07 08:52:00,6.454524,3.38221,22.2,67.7,1,0,8,1,1,0.0128,0,normal,0
LG-1000,2025-01-07 08:52:30,6.453108,3.383596,26.4,67.6,1,0,8,1,1,0.01156,0,normal,0
LG-1000,2025-01-07 08:53:00,6.452263,3.385203,24.1,67.6,1,0,8,1,1,0.01017,0,normal,0
LG-1000,2025-01-07 08:53:30,6.451707,3.386242,15.7,67.5,1,0,8,1,1,0.00936,0,normal,0
LG-1000,2025-01-07 08:54:00,6.450664,3.388174,29.2,67.5,1,0,8,1,1,0.00809,0,normal,0
LG-1000,2025-01-07 08:54:30,6.449627,3.389938,27.2,67.4,1,0,8,1,1,0.00738,0,normal,0
LG-1000,2025-01-07 08:55:00,6.448527,3.39171,27.7,67.3,1,0,8,1,1,0.00726,0,normal,0
LG-1000,2025-01-07 08:55:30,6.447943,3.392598,14.1,67.3,1,0,8,1,1,0.00745,0,normal,0
LG-1000,2025-01-07 08:56:00,6.447347,3.393462,14.0,67.3,1,0,8,1,1,0.00781,0,normal,0
LG-1000,2025-01-07 08:56:30,6.445985,3.395442,32.0,67.2,1,0,8,1,1,0.00903,0,normal,0
LG-1000,2025-01-07 08:57:00,6.445138,3.396694,20.1,67.2,1,0,8,1,1,0.01001,0,normal,0
LG-1000,2025-01-07 08:57:30,6.444369,3.397801,17.9,67.1,1,0,8,1,1,0.01099,0,normal,0
LG-1000,2025-01-07 08:58:00,6.443377,3.399137,22.1,67.1,1,0,8,1,1,0.01234,0,normal,0
LG-1000,2025-01-07 08:58:30,6.442046,3.400568,26.0,67.0,1,0,8,1,1,0.0141,0,normal,0
LG-1000,2025-01-07 08:59:00,6.440903,3.402719,32.4,66.9,1,0,8,1,1,0.01607,0,normal,0
LG-1000,2025-01-07 08:59:30,6.440219,3.403853,17.6,66.9,1,0,8,1,1,0.01723,0,normal,0
LG-1000,2025-01-07 09:00:00,6.4389,3.405855,31.9,66.8,1,0,9,1,1,0.01866,0,normal,0
LG-1000,2025-01-07 09:00:30,6.438408,3.406589,11.8,66.8,1,0,9,1,1,0.01778,0,normal,0
LG-1000,2025-01-07 09:01:00,6.437153,3.407817,23.4,66.7,1,0,9,1,1,0.01605,0,normal,0
LG-1000,2025-01-07 09:01:30,6.43538,3.408507,25.4,66.7,1,0,9,1,1,0.01451,0,normal,0
LG-1000,2025-01-07 09:02:00,6.434381,3.40871,13.6,66.6,1,0,9,1,1,0.01385,0,normal,0
LG-1000,2025-01-07 09:02:30,6.433307,3.408799,14.4,66.6,1,0,9,1,1,0.01331,0,normal,0
LG-1000,2025-01-07 09:03:00,6.43176,3.408807,20.7,66.6,1,0,9,1,1,0.01276,0,normal,0
LG-1000,2025-01-07 09:03:30,6.429919,3.409424,25.9,66.5,1,0,9,1,1,0.01173,0,normal,0
LG-1000,2025-01-07 09:04:00,6.430151,3.411243,24.3,66.4,1,0,9,1,1,0.00999,0,normal,0
LG-1000,2025-01-07 09:04:30,6.43055,3.413609,31.9,66.4,1,0,9,1,1,0.00782,0,normal,0
LG-1000,2025-01-07 09:05:00,6.430547,3.415805,29.1,66.3,1,0,9,1,1,0.00579,0,normal,0
LG-1000,2025-01-07 09:05:30,6.430399,3.417423,21.6,66.2,1,0,9,1,1,0.00431,0,normal,0
LG-1000,2025-01-07 09:06:00,6.429901,3.419527,28.7,66.2,1,0,9,1,1,0.0024,0,normal,0
LG-1000,2025-01-07 09:06:30,6.429696,3.420375,11.6,66.1,1,0,9,1,1,0.00181,0,normal,0
LG-1000,2025-01-07 09:07:00,6.42939,3.421323,13.2,66.1,1,0,9,1,1,0.00143,0,normal,0
LG-1000,2025-01-07 09:07:30,6.427811,3.421001,21.5,66.1,1,0,9,1,1,0.00019,0,normal,0
LG-1000,2025-01-08 09:39:00,6.448307,3.361344,0.0,66.1,0,1,9,2,1,0.00244,0,normal,0
LG-1000,2025-01-08 09:39:30,6.447176,3.364129,39.9,66.0,1,0,9,2,1,0.00544,0,normal,0
LG-1000,2025-01-08 09:40:00,6.44659,3.366257,29.3,65.9,1,0,9,2,1,0.00765,0,normal,0
LG-1000,2025-01-08 09:40:30,6.448451,3.367006,26.8,65.8,1,0,9,2,1,0.00802,0,normal,0
LG-1000,2025-01-08 09:41:00,6.449175,3.368334,20.1,65.8,1,0,9,2,1,0.00934,0,normal,0
LG-1000,2025-01-08 09:41:30,6.451019,3.367493,27.1,65.7,1,0,9,2,1,0.00873,0,normal,0
LG-1000,2025-01-08 09:42:00,6.45338,3.366579,33.8,65.7,1,0,9,2,1,0.00875,0,normal,0
LG-1000,2025-01-08 09:42:30,6.456102,3.365306,40.1,65.6,1,0,9,2,1,0.0095,0,normal,0
LG-1000,2025-01-08 09:43:00,6.458051,3.364544,27.9,65.5,1,0,9,2,1,0.01061,0,normal,0
LG-1000,2025-01-08 09:43:30,6.459673,3.364307,21.9,65.4,1,0,9,2,1,0.01192,0,normal,0
LG-1000,2025-01-08 09:44:00,6.461292,3.364281,21.6,65.4,1,0,9,2,1,0.01338,0,normal,0
LG-1000,2025-01-08 09:44:30,6.46403,3.364217,36.6,65.3,1,0,9,2,1,0.01591,0,normal,0
LG-1000,2025-01-08 09:45:00,6.466893,3.364143,38.3,65.2,1,0,9,2,1,0.01862,0,normal,0
LG-1000,2025-01-08 09:45:30,6.467864,3.365037,17.6,65.2,1,0,9,2,1,0.01981,0,normal,0
LG-1000,2025-01-08 09:46:00,6.468462,3.366126,16.5,65.1,1,0,9,2,1,0.02073,0,normal,0
LG-1000,2025-01-08 09:46:30,6.468838,3.368497,31.9,65.1,1,0,9,2,1,0.02199,0,normal,0
LG-1000,2025-01-08 09:47:00,6.469002,3.369907,18.9,65.0,1,0,9,2,1,0.02278,0,normal,0
LG-1000,2025-01-08 09:47:30,6.469442,3.372785,38.6,64.9,1,0,9,2,1,0.02466,0,normal,0
LG-1000,2025-01-08 09:48:00,6.469648,3.374546,23.5,64.9,1,0,9,2,1,0.02516,0,normal,0
LG-1000,2025-01-08 09:48:30,6.469581,3.375953,18.7,64.8,1,0,9,2,1,0.02399,0,normal,0
LG-1000,2025-01-08 09:49:00,6.46783,3.378214,38.1,64.7,1,0,9,2,1,0.02113,0,normal,0
LG-1000,2025-01-08 09:49:30,6.466493,3.378798,19.5,64.7,1,0,9,2,1,0.01986,0,normal,0
LG-1000,2025-01-08 09:50:00,6.465042,3.37973,23.0,64.6,1,0,9,2,1,0.01828,0,normal,0
LG-1000,2025-01-08 09:50:30,6.463833,3.380507,19.2,64.6,1,0,9,2,1,0.01697,0,normal,0
LG-1000,2025-01-08 09:51:00,6.462695,3.381238,18.0,64.6,1,0,9,2,1,0.01577,0,normal,0
LG-1000,2025-01-08 09:51:30,6.46173,3.381856,15.3,64.5,1,0,9,2,1,0.01477,0,normal,0
LG-1000,2025-01-08 09:52:00,6.460628,3.382365,16.2,64.5,1,0,9,2,1,0.01383,0,normal,0
LG-1000,2025-01-08 09:52:30,6.459187,3.382709,19.8,64.4,1,0,9,2,1,0.01298,0,normal,0
LG-1000,2025-01-08 09:53:00,6.45798,3.382634,16.2,64.4,1,0,9,2,1,0.01272,0,normal,0
LG-1000,2025-01-08 09:53:30,6.45569,3.381955,31.9,64.3,1,0,9,2,1,0.01306,0,normal,0
LG-1000,2025-01-08 09:54:00,6.453453,3.38308,33.4,64.2,1,0,9,2,1,0.01202,0,normal,0
LG-1000,2025-01-08 09:54:30,6.452468,3.384772,26.0,64.2,1,0,9,2,1,0.01054,0,normal,0
LG-1000,2025-01-08 09:55:00,6.451639,3.386367,23.9,64.1,1,0,9,2,1,0.00926,0,normal,0
LG-1000,2025-01-08 09:55:30,6.450591,3.38831,29.3,64.1,1,0,9,2,1,0.00801,0,normal,0
LG-1000,2025-01-08 09:56:00,6.449034,3.3909,40.2,64.0,1,0,9,2,1,0.00724,0,normal,0
LG-1000,2025-01-08 09:56:30,6.447403,3.393381,39.5,63.9,1,0,9,2,1,0.00777,0,normal,0
LG-1000,2025-01-08 09:57:00,6.446724,3.394364,15.9,63.8,1,0,9,2,1,0.0083,0,normal,0
LG-1000,2025-01-08 09:57:30,6.445878,3.3956,19.9,63.8,1,0,9,2,1,0.00914,0,normal,0
LG-1000,2025-01-08 09:58:00,6.44497,3.396941,21.5,63.7,1,0,9,2,1,0.01022,0,normal,0
LG-1000,2025-01-08 09:58:30,6.444019,3.398286,21.9,63.7,1,0,9,2,1,0.01146,0,normal,0
LG-1000,2025-01-08 09:59:00,6.442517,3.400092,31.3,63.6,1,0,9,2,1,0.01348,0,normal,0
LG-1000,2025-01-08 09:59:30,6.441396,3.401732,26.4,63.6,1,0,9,2,1,0.01518,0,normal,0
LG-1000,2025-01-08 10:00:00,6.440851,3.402805,16.0,63.5,1,0,10,2,1,0.01616,0,normal,0
LG-1000,2025-01-08 10:00:30,6.439856,3.404446,25.5,63.5,1,0,10,2,1,0.01785,0,normal,0
LG-1000,2025-01-08 10:01:00,6.438546,3.406266,29.8,63.4,1,0,10,2,1,0.01812,0,normal,0
LG-1000,2025-01-08 10:01:30,6.437731,3.407304,17.6,63.3,1,0,10,2,1,0.0168,0,normal,0
LG-1000,2025-01-08 10:02:00,6.438023,3.409492,29.3,63.3,1,0,10,2,1,0.01526,0,normal,0
LG-1000,2025-01-08 10:02:30,6.438023,3.409492,0.0,63.3,1,1,10,2,1,0.01526,0,normal,0
LG-1000,2025-01-08 10:03:00,6.438023,3.409492,0.0,63.3,1,2,10,2,1,0.01526,0,normal,0
LG-1000,2025-01-08 10:03:30,6.438023,3.409492,0.0,63.3,1,3,10,2,1,0.01526,0,normal,0
LG-1000,2025-01-08 10:04:00,6.438023,3.409492,0.0,63.3,1,4,10,2,1,0.01526,0,normal,0
LG-1000,2025-01-08 10:04:30,6.438023,3.409492,0.0,63.3,1,5,10,2,1,0.01526,0,normal,0
LG-1000,2025-01-08 10:05:00,6.438023,3.409492,0.0,63.3,1,6,10,2,1,0.01526,0,normal,0
LG-1000,2025-01-08 10:05:30,6.438047,3.410695,16.0,63.2,1,0,10,2,1,0.01439,0,normal,0
LG-1000,2025-01-08 10:06:00,6.436704,3.413516,41.5,63.1,1,0,10,2,1,0.01148,0,normal,0
LG-1000,2025-01-08 10:06:30,6.436358,3.414785,17.5,63.1,1,0,10,2,1,0.01042,0,normal,0
LG-1000,2025-01-08 10:07:00,6.436347,3.417718,38.9,63.0,1,0,10,2,1,0.00897,0,normal,0
LG-1000,2025-01-08 10:07:30,6.437005,3.42073,40.9,62.9,1,0,10,2,1,0.00901,0,normal,0
LG-1000,2025-01-08 10:08:00,6.438158,3.423767,43.2,62.8,1,0,10,2,1,0.01053,0,normal,0
LG-1000,2025-01-08 10:08:30,6.439126,3.426453,37.9,62.7,1,0,10,2,1,0.01239,0,normal,0
LG-1000,2025-01-08 10:09:00,6.439416,3.429246,37.3,62.6,1,0,10,2,1,0.01408,0,normal,0
LG-1000,2025-01-08 10:09:30,6.439828,3.431716,33.2,62.6,1,0,10,2,1,0.01596,0,normal,0
LG-1000,2025-01-08 10:10:00,6.440519,3.43442,37.1,62.5,1,0,10,2,1,0.01835,0,normal,0
LG-1000,2025-01-08 10:10:30,6.439959,3.435673,18.2,62.4,1,0,10,2,1,0.01893,0,normal,0
LG-1000,2025-01-08 10:11:00,6.438655,3.43753,30.2,62.4,1,0,10,2,1,0.01967,0,normal,0
LG-1000,2025-01-08 10:11:30,6.437552,3.439466,29.6,62.3,1,0,10,2,1,0.02079,0,normal,0
LG-1000,2025-01-08 10:12:00,6.435945,3.441977,39.6,62.2,1,0,10,2,1,0.02243,0,normal,0
LG-1000,2025-01-08 10:12:30,6.435258,3.443956,27.8,62.1,1,0,10,2,1,0.02408,0,normal,0
LG-1000,2025-01-08 10:13:00,6.435486,3.445872,25.6,62.1,1,0,10,2,1,0.02597,0,normal,0
LG-1000,2025-01-08 10:13:30,6.436096,3.448302,33.3,62.0,1,0,10,2,1,0.02848,0,normal,0
LG-1000,2025-01-08 10:14:00,6.436609,3.449902,22.3,62.0,1,0,10,2,1,0.03016,0,normal,0
LG-1000,2025-01-08 10:14:30,6.437261,3.451147,18.7,61.9,1,0,10,2,1,0.03154,0,normal,0
LG-1000,2025-01-08 10:15:00,6.437698,3.453166,27.4,61.8,1,0,10,2,1,0.0336,0,normal,0
LG-1000,2025-01-08 10:15:30,6.436382,3.454661,26.5,61.8,1,0,10,2,1,0.03469,0,normal,0
LG-1000,2025-01-08 10:16:00,6.4353,3.455838,21.3,61.7,1,0,10,2,1,0.0356,0,normal,0
LG-1000,2025-01-08 10:16:30,6.434026,3.45725,25.3,61.7,1,0,10,2,1,0.03675,0,normal,0
LG-1000,2025-01-08 10:17:00,6.432599,3.45851,25.4,61.6,1,0,10,2,1,0.03779,0,normal,0
LG-1000,2025-01-08 10:17:30,6.431233,3.459711,24.2,61.6,1,0,10,2,1,0.03885,0,normal,0
LG-1000,2025-01-08 10:18:00,6.430219,3.461329,25.4,61.5,1,0,10,2,1,0.04039,0,normal,0
LG-1000,2025-01-08 10:18:30,6.430231,3.463906,34.2,61.4,1,0,10,2,1,0.04296,0,normal,0
LG-1000,2025-01-08 10:19:00,6.430477,3.46564,23.3,61.4,1,0,10,2,1,0.04471,0,normal,0
LG-1000,2025-01-08 10:19:30,6.430866,3.468799,42.3,61.3,1,0,10,2,1,0.04789,0,normal,0
LG-1000,2025-01-08 10:20:00,6.431362,3.471872,41.3,61.2,1,0,10,2,1,0.05098,0,normal,0
LG-1000,2025-01-08 10:20:30,6.431695,3.474002,28.6,61.1,1,0,10,2,1,0.05313,0,normal,0
LG-1000,2025-01-08 10:21:00,6.431963,3.475803,24.2,61.0,1,0,10,2,1,0.05495,0,normal,0
LG-1000,2025-01-08 10:21:30,6.432288,3.478056,30.2,61.0,1,0,10,2,1,0.05478,0,normal,0
LG-1000,2025-01-08 10:22:00,6.432698,3.480991,39.3,60.9,1,0,10,2,1,0.0522,0,normal,0
LG-1000,2025-01-08 10:22:30,6.433037,3.483501,33.6,60.8,1,0,10,2,1,0.05004,0,normal,0
LG-1000,2025-01-08 10:23:00,6.433482,3.486333,38.1,60.7,1,0,10,2,1,0.0476,0,normal,0
LG-1000,2025-01-08 10:23:30,6.433822,3.488577,30.1,60.6,1,0,10,2,1,0.04571,0,normal,0
LG-1000,2025-01-08 10:24:00,6.434123,3.491048,33.1,60.6,1,0,10,2,1,0.04372,0,normal,0
LG-1000,2025-01-08 10:24:30,6.434407,3.492757,23.0,60.5,1,0,10,2,1,0.04232,0,normal,0
LG-1000,2025-01-08 10:25:00,6.434828,3.495439,36.0,60.4,1,0,10,2,1,0.0402,0,normal,0
LG-1000,2025-01-08 10:25:30,6.435054,3.496966,20.5,60.4,1,0,10,2,1,0.03903,0,normal,0
LG-1000,2025-01-08 10:26:00,6.435435,3.499564,34.9,60.3,1,0,10,2,1,0.03711,0,normal,0
LG-1000,2025-01-08 10:26:30,6.435867,3.502523,39.7,60.2,1,0,10,2,1,0.03504,0,normal,0
LG-1000,2025-01-08 10:27:00,6.436062,3.503899,18.4,60.2,1,0,10,2,1,0.03413,0,normal,0
LG-1000,2025-01-08 10:27:30,6.436418,3.506322,32.5,60.1,1,0,10,2,1,0.0326,0,normal,0
LG-1000,2025-01-08 10:28:00,6.436607,3.507616,17.4,60.0,1,0,10,2,1,0.03183,0,normal,0
LG-1000,2025-01-08 10:28:30,6.438958,3.507571,31.4,60.0,1,0,10,2,1,0.02977,0,normal,0
LG-1000,2025-01-08 10:29:00,6.440233,3.507497,17.1,59.9,1,0,10,2,1,0.0287,0,normal,0
LG-1000,2025-01-08 10:29:30,6.443359,3.507785,41.9,59.8,1,0,10,2,1,0.02589,0,normal,0
LG-1000,2025-01-08 10:30:00,6.444726,3.508092,18.7,59.8,1,0,10,2,1,0.02459,0,normal,0
LG-1000,2025-01-08 10:30:30,6.447917,3.508304,42.7,59.7,1,0,10,2,1,0.0219,0,normal,0
LG-1000,2025-01-08 10:31:00,6.450773,3.508395,38.2,59.6,1,0,10,2,1,0.01969,0,normal,0
LG-1000,2025-01-08 10:31:30,6.452741,3.508953,27.3,59.5,1,0,10,2,1,0.0179,0,normal,0
LG-1000,2025-01-08 10:32:00,6.453155,3.511703,36.9,59.5,1,0,10,2,1,0.0157,0,normal,0
LG-1000,2025-01-08 10:32:30,6.453428,3.514536,37.8,59.4,1,0,10,2,1,0.01377,0,normal,0
LG-1000,2025-01-08 10:33:00,6.453693,3.517703,42.2,59.3,1,0,10,2,1,0.0121,0,normal,0
LG-1000,2025-01-08 10:33:30,6.454872,3.518209,17.1,59.2,1,0,10,2,1,0.01081,0,normal,0
LG-1000,2025-01-08 10:34:00,6.457266,3.518277,32.0,59.2,1,0,10,2,1,0.00858,0,normal,0
LG-1000,2025-01-08 10:34:30,6.458574,3.518318,17.5,59.1,1,0,10,2,1,0.00741,0,normal,0
LG-1000,2025-01-08 10:35:00,6.461026,3.518363,32.8,59.0,1,0,10,2,1,0.00539,0,normal,0
LG-1000,2025-01-08 10:35:30,6.461118,3.51976,18.6,59.0,1,0,10,2,1,0.00448,0,normal,0
LG-1000,2025-01-08 10:36:00,6.461112,3.52206,30.5,58.9,1,0,10,2,1,0.00389,0,normal,0
LG-1000,2025-01-08 10:36:30,6.463007,3.52242,25.7,58.9,1,0,10,2,1,0.00204,0,normal,0
LG-1000,2025-01-08 10:37:00,6.464158,3.523193,18.5,58.8,1,0,10,2,1,0.00146,0,normal,0
LG-1000,2025-01-08 10:37:30,6.464158,3.523193,0.0,58.8,0,1,10,2,1,0.00146,0,normal,0
LG-1000,2025-01-08 10:38:00,6.464158,3.523193,0.0,58.8,0,2,10,2,1,0.00146,0,normal,0
LG-1000,2025-01-08 10:38:30,6.464158,3.523193,0.0,58.8,0,3,10,2,1,0.00146,0,normal,0
LG-1000,2025-01-09 11:11:00,6.514054,3.371361,0.0,58.8,0,1,11,3,1,0.00114,0,normal,0
LG-1000,2025-01-09 11:11:30,6.512047,3.370499,29.1,58.8,1,0,11,3,1,0.00331,0,normal,0
LG-1000,2025-01-09 11:12:00,6.510068,3.371348,28.7,58.7,1,0,11,3,1,0.00498,0,normal,0
LG-1000,2025-01-09 11:12:30,6.507399,3.372677,39.8,58.6,1,0,11,3,1,0.00763,0,normal,0
LG-1000,2025-01-09 11:13:00,6.504858,3.373726,36.7,58.5,1,0,11,3,1,0.01029,0,normal,0
LG-1000,2025-01-09 11:13:30,6.503044,3.374457,26.1,58.4,1,0,11,3,1,0.01221,0,normal,0
LG-1000,2025-01-09 11:14:00,6.500003,3.375691,43.8,58.3,1,0,11,3,1,0.01544,0,normal,0
LG-1000,2025-01-09 11:14:30,6.497257,3.376802,39.5,58.3,1,0,11,3,1,0.01838,0,normal,0
LG-1000,2025-01-09 11:15:00,6.495578,3.377474,24.1,58.2,1,0,11,3,1,0.01977,0,normal,0
LG-1000,2025-01-09 11:15:30,6.493697,3.378232,27.1,58.1,1,0,11,3,1,0.02092,0,normal,0
LG-1000,2025-01-09 11:16:00,6.491929,3.378957,25.5,58.1,1,0,11,3,1,0.02212,0,normal,0
LG-1000,2025-01-09 11:16:30,6.490495,3.379526,20.6,58.0,1,0,11,3,1,0.02315,0,normal,0
LG-1000,2025-01-09 11:17:00,6.489094,3.380114,20.3,58.0,1,0,11,3,1,0.02423,0,normal,0
LG-1000,2025-01-09 11:17:30,6.485975,3.381385,44.9,57.9,1,0,11,3,1,0.02677,0,normal,0
LG-1000,2025-01-09 11:18:00,6.483963,3.382271,29.3,57.8,1,0,11,3,1,0.02855,0,normal,0
LG-1000,2025-01-09 11:18:30,6.482069,3.383113,27.7,57.7,1,0,11,3,1,0.02956,0,normal,0
LG-1000,2025-01-09 11:19:00,6.479372,3.383068,36.0,57.7,1,0,11,3,1,0.02714,0,normal,0
LG-1000,2025-01-09 11:19:30,6.477189,3.381909,33.0,57.6,1,0,11,3,1,0.02576,0,normal,0
LG-1000,2025-01-09 11:20:00,6.473906,3.38212,43.9,57.5,1,0,11,3,1,0.02288,0,normal,0
LG-1000,2025-01-09 11:20:30,6.47097,3.382739,40.1,57.4,1,0,11,3,1,0.02013,0,normal,0
LG-1000,2025-01-09 11:21:00,6.469116,3.382232,25.7,57.3,1,0,11,3,1,0.01903,0,normal,0
LG-1000,2025-01-09 11:21:30,6.468911,3.380264,26.3,57.3,1,0,11,3,1,0.02026,0,normal,0
LG-1000,2025-01-09 11:22:00,6.469945,3.376951,46.1,57.2,1,0,11,3,1,0.02343,0,normal,0
LG-1000,2025-01-09 11:22:30,6.470762,3.377154,11.2,57.1,1,0,11,3,1,0.02381,0,normal,0
LG-1000,2025-01-09 11:23:00,6.467577,3.378301,45.2,57.0,1,0,11,3,1,0.02091,0,normal,0
LG-1000,2025-01-09 11:23:30,6.466278,3.378936,19.3,57.0,1,0,11,3,1,0.01963,0,normal,0
LG-1000,2025-01-09 11:24:00,6.463611,3.380649,42.3,56.9,1,0,11,3,1,0.01674,0,normal,0
LG-1000,2025-01-09 11:24:30,6.461359,3.382081,35.6,56.8,1,0,11,3,1,0.0144,0,normal,0
LG-1000,2025-01-09 11:25:00,6.459978,3.382539,19.4,56.7,1,0,11,3,1,0.01342,0,normal,0
LG-1000,2025-01-09 11:25:30,6.457477,3.382476,33.4,56.7,1,0,11,3,1,0.01277,0,normal,0
LG-1000,2025-01-09 11:26:00,6.454794,3.382098,36.2,56.6,1,0,11,3,1,0.0129,0,normal,0
LG-1000,2025-01-09 11:26:30,6.453783,3.382732,15.9,56.5,1,0,11,3,1,0.01233,0,normal,0
LG-1000,2025-01-09 11:27:00,6.452556,3.384587,29.6,56.5,1,0,11,3,1,0.0107,0,normal,0
LG-1000,2025-01-09 11:27:30,6.451113,3.387342,41.3,56.4,1,0,11,3,1,0.00859,0,normal,0
LG-1000,2025-01-09 11:28:00,6.450199,3.388969,24.8,56.3,1,0,11,3,1,0.00771,0,normal,0
LG-1000,2025-01-09 11:28:30,6.449037,3.390895,29.9,56.3,1,0,11,3,1,0.00724,0,normal,0
LG-1000,2025-01-09 11:29:00,6.447838,3.392752,29.4,56.2,1,0,11,3,1,0.00751,0,normal,0
LG-1000,2025-01-09 11:29:30,6.446768,3.3943,25.0,56.1,1,0,11,3,1,0.00826,0,normal,0
LG-1000,2025-01-09 11:30:00,6.444895,3.397052,44.3,56.0,1,0,11,3,1,0.01031,0,normal,0
LG-1000,2025-01-09 11:30:30,6.443112,3.399471,40.0,55.9,1,0,11,3,1,0.0127,0,normal,0
LG-1000,2025-01-09 11:31:00,6.44211,3.400494,19.1,55.9,1,0,11,3,1,0.01401,0,normal,0
LG-1000,2025-01-09 11:31:30,6.440405,3.403545,46.5,55.8,1,0,11,3,1,0.01691,0,normal,0
LG-1000,2025-01-09 11:32:00,6.438586,3.406209,42.9,55.7,1,0,11,3,1,0.01819,0,normal,0
LG-1000,2025-01-09 11:32:30,6.437387,3.40759,24.3,55.6,1,0,11,3,1,0.01637,0,normal,0
LG-1000,2025-01-09 11:33:00,6.438102,3.41014,35.2,55.5,1,0,11,3,1,0.01483,0,normal,0
LG-1000,2025-01-09 11:33:30,6.437722,3.411492,18.7,55.5,1,0,11,3,1,0.0136,0,normal,0
LG-1000,2025-01-09 11:34:00,6.436372,3.41472,46.5,55.4,1,0,11,3,1,0.01047,0,normal,0
LG-1000,2025-01-09 11:34:30,6.436297,3.417439,36.1,55.3,1,0,11,3,1,0.00903,0,normal,0
LG-1000,2025-01-09 11:35:00,6.436856,3.420079,35.8,55.2,1,0,11,3,1,0.0089,0,normal,0
LG-1000,2025-01-09 11:35:30,6.437214,3.421416,18.4,55.2,1,0,11,3,1,0.00922,0,normal,0
LG-1000,2025-01-09 11:36:00,6.438459,3.424448,43.5,55.1,1,0,11,3,1,0.01101,0,normal,0
LG-1000,2025-01-09 11:36:30,6.438899,3.425607,16.5,55.0,1,0,11,3,1,0.01183,0,normal,0
LG-1000,2025-01-09 11:37:00,6.439278,3.427301,23.1,55.0,1,0,11,3,1,0.01292,0,normal,0
LG-1000,2025-01-09 11:37:30,6.439388,3.428806,20.0,54.9,1,0,11,3,1,0.01381,0,normal,0
LG-1000,2025-01-09 11:38:00,6.439841,3.431758,39.6,54.8,1,0,11,3,1,0.016,0,normal,0
LG-1000,2025-01-09 11:38:30,6.439841,3.431758,0.0,54.8,1,1,11,3,1,0.016,0,normal,0
LG-1000,2025-01-09 11:39:00,6.439841,3.431758,0.0,54.8,1,2,11,3,1,0.016,0,normal,0
LG-1000,2025-01-09 11:39:30,6.439841,3.431758,0.0,54.8,1,3,11,3,1,0.016,0,normal,0
LG-1000,2025-01-09 11:40:00,6.439841,3.431758,0.0,54.8,1,4,11,3,1,0.016,0,normal,0
LG-1000,2025-01-09 11:40:30,6.439841,3.431758,0.0,54.8,1,5,11,3,1,0.016,0,normal,0
LG-1000,2025-01-09 11:41:00,6.440358,3.433313,21.8,54.8,1,0,11,3,1,0.01744,0,normal,0
LG-1000,2025-01-09 11:41:30,6.439459,3.436281,41.2,54.7,1,0,11,3,1,0.0191,0,normal,0
LG-1000,2025-01-09 11:42:00,6.438068,3.438604,36.0,54.6,1,0,11,3,1,0.02028,0,normal,0
LG-1000,2025-01-09 11:42:30,6.437407,3.439673,16.7,54.6,1,0,11,3,1,0.02091,0,normal,0
LG-1000,2025-01-09 11:43:00,6.436731,3.440648,15.8,54.5,1,0,11,3,1,0.0215,0,normal,0
LG-1000,2025-01-09 11:43:30,6.436068,3.441759,17.2,54.5,1,0,11,3,1,0.02227,0,normal,0
LG-1000,2025-01-09 11:44:00,6.435238,3.444184,34.0,54.4,1,0,11,3,1,0.02429,0,normal,0
LG-1000,2025-01-09 11:44:30,6.435813,3.44717,40.4,54.3,1,0,11,3,1,0.02731,0,normal,0
LG-1000,2025-01-09 11:45:00,6.436233,3.448851,23.0,54.3,1,0,11,3,1,0.02904,0,normal,0
LG-1000,2025-01-09 11:45:30,6.437564,3.451713,41.9,54.2,1,0,11,3,1,0.03217,0,normal,0
LG-1000,2025-01-09 11:46:00,6.437755,3.452975,16.9,54.1,1,0,11,3,1,0.03343,0,normal,0
LG-1000,2025-01-09 11:46:30,6.435766,3.455229,40.0,54.0,1,0,11,3,1,0.0351,0,normal,0
LG-1000,2025-01-09 11:47:00,6.433529,3.457701,44.4,53.9,1,0,11,3,1,0.03712,0,normal,0
LG-1000,2025-01-09 11:47:30,6.431281,3.459666,39.8,53.8,1,0,11,3,1,0.0388,0,normal,0
LG-1000,2025-01-09 11:48:00,6.430068,3.462125,36.4,53.8,1,0,11,3,1,0.04118,0,normal,0
LG-1000,2025-01-09 11:48:30,6.43042,3.465239,41.6,53.7,1,0,11,3,1,0.04431,0,normal,0
LG-1000,2025-01-09 11:49:00,6.430587,3.466496,16.8,53.6,1,0,11,3,1,0.04557,0,normal,0
LG-1000,2025-01-09 11:49:30,6.430767,3.468132,21.9,53.6,1,0,11,3,1,0.04721,0,normal,0
LG-1000,2025-01-09 11:50:00,6.431004,3.469579,19.5,53.5,1,0,11,3,1,0.04867,0,normal,0
LG-1000,2025-01-09 11:50:30,6.431368,3.471908,31.3,53.5,1,0,11,3,1,0.05102,0,normal,0
LG-1000,2025-01-09 11:51:00,6.431818,3.474795,38.8,53.4,1,0,11,3,1,0.05393,0,normal,0
LG-1000,2025-01-09 11:51:30,6.432196,3.47742,35.2,53.3,1,0,11,3,1,0.05535,0,normal,0
LG-1000,2025-01-09 11:52:00,6.432649,3.480558,42.1,53.2,1,0,11,3,1,0.05257,0,normal,0
LG-1000,2025-01-09 11:52:30,6.432835,3.482084,20.4,53.1,1,0,11,3,1,0.05126,0,normal,0
LG-1000,2025-01-09 11:53:00,6.433265,3.484949,38.5,53.0,1,0,11,3,1,0.04878,0,normal,0
LG-1000,2025-01-09 11:53:30,6.433265,3.484949,0.3,53.0,1,107,11,3,1,0.04878,1,excessive_idle,0
LG-1000,2025-01-09 11:54:00,6.433265,3.484949,0.4,53.0,1,108,11,3,1,0.04878,1,excessive_idle,0
LG-1000,2025-01-09 11:54:30,6.433265,3.484949,1.5,53.0,1,196,11,3,1,0.04878,1,excessive_idle,0
LG-1000,2025-01-09 11:55:00,6.433265,3.484949,0.9,53.0,1,197,11,3,1,0.04878,1,excessive_idle,0
LG-1000,2025-01-09 11:55:30,6.433265,3.484949,0.9,53.0,1,198,11,3,1,0.04878,1,excessive_idle,0
LG-1000,2025-01-09 11:56:00,6.433265,3.484949,0.1,53.0,1,199,11,3,1,0.04878,1,excessive_idle,0
LG-1000,2025-01-09 11:56:30,6.433265,3.484949,1.1,53.0,1,222,11,3,1,0.04878,1,excessive_idle,0
LG-1000,2025-01-09 11:57:00,6.433265,3.484949,0.3,53.0,1,223,11,3,1,0.04878,1,excessive_idle,0
LG-1000,2025-01-09 11:57:30,6.433265,3.484949,0.3,53.0,1,224,11,3,1,0.04878,1,excessive_idle,0
LG-1000,2025-01-09 11:58:00,6.433265,3.484949,1.5,53.0,1,225,11,3,1,0.04878,1,excessive_idle,0
LG-1000,2025-01-09 11:58:30,6.433265,3.484949,1.2,53.0,1,226,11,3,1,0.04878,1,excessive_idle,0
LG-1000,2025-01-09 11:59:00,6.433265,3.484949,1.0,53.0,1,227,11,3,1,0.04878,1,excessive_idle,0
LG-1000,2025-01-09 11:59:30,6.433265,3.484949,0.2,53.0,1,228,11,3,1,0.04878,1,excessive_idle,0
LG-1000,2025-01-09 12:00:00,6.433265,3.484949,1.4,53.0,1,229,12,3,1,0.04878,1,excessive_idle,0
LG-1000,2025-01-09 12:00:30,6.433265,3.484949,0.9,53.0,1,230,12,3,1,0.04878,1,excessive_idle,0
LG-1000,2025-01-09 12:01:00,6.433265,3.484949,1.0,53.0,1,231,12,3,1,0.04878,1,excessive_idle,0
LG-1000,2025-01-09 12:01:30,6.433265,3.484949,1.4,53.0,1,232,12,3,1,0.04878,1,excessive_idle,0
LG-1000,2025-01-09 12:02:00,6.433501,3.486452,20.2,53.0,1,0,12,3,1,0.0475,0,normal,0
LG-1000,2025-01-09 12:02:30,6.43385,3.488792,31.4,52.9,1,0,12,3,1,0.04553,0,normal,0
LG-1000,2025-01-09 12:03:00,6.434097,3.490899,28.2,52.9,1,0,12,3,1,0.04384,0,normal,0
LG-1000,2025-01-09 12:03:30,6.434469,3.493154,30.3,52.8,1,0,12,3,1,0.042,0,normal,0
LG-1000,2025-01-09 12:04:00,6.434695,3.49459,19.3,52.7,1,0,12,3,1,0.04086,0,normal,0
LG-1000,2025-01-09 12:04:30,6.434921,3.496061,19.8,52.7,1,0,12,3,1,0.03972,0,normal,0
LG-1000,2025-01-09 12:05:00,6.435186,3.497867,24.2,52.6,1,0,12,3,1,0.03836,0,normal,0
LG-1000,2025-01-09 12:05:30,6.43546,3.499736,25.1,52.6,1,0,12,3,1,0.03699,0,normal,0
LG-1000,2025-01-09 12:06:00,6.435776,3.50189,28.9,52.5,1,0,12,3,1,0.03547,0,normal,0
LG-1000,2025-01-09 12:06:30,6.436146,3.504471,34.6,52.4,1,0,12,3,1,0.03376,0,normal,0
LG-1000,2025-01-09 12:07:00,6.436535,3.507105,35.3,52.4,1,0,12,3,1,0.03213,0,normal,0
LG-1000,2025-01-09 12:07:30,6.437888,3.507621,19.3,52.3,1,0,12,3,1,0.03069,0,normal,0
LG-1000,2025-01-09 12:08:00,6.440014,3.507496,28.4,52.2,1,0,12,3,1,0.02889,0,normal,0
LG-1000,2025-01-09 12:08:30,6.441693,3.507495,22.4,52.2,1,0,12,3,1,0.02745,0,normal,0
LG-1000,2025-01-09 12:09:00,6.444197,3.507974,34.1,52.1,1,0,12,3,1,0.02509,0,normal,0
LG-1000,2025-01-09 12:09:30,6.446088,3.508251,25.5,52.0,1,0,12,3,1,0.02338,0,normal,0
LG-1000,2025-01-09 12:10:00,6.447345,3.508292,16.8,52.0,1,0,12,3,1,0.02235,0,normal,0
LG-1000,2025-01-09 12:10:30,6.449496,3.508383,28.8,51.9,1,0,12,3,1,0.02063,0,normal,0
LG-1000,2025-01-10 11:07:00,6.514138,3.371906,0.0,51.9,0,1,11,4,1,0.00087,0,normal,0
LG-1000,2025-01-10 11:07:30,6.514022,3.371083,11.0,51.9,1,0,11,4,1,0.00134,0,normal,0
LG-1000,2025-01-10 11:08:00,6.513838,3.370655,6.2,51.9,1,0,11,4,1,0.00178,0,normal,0
LG-1000,2025-01-10 11:08:30,6.512914,3.370576,12.4,51.9,1,0,11,4,1,0.00253,0,normal,0
LG-1000,2025-01-10 11:09:00,6.512204,3.370448,9.6,51.9,1,0,11,4,1,0.0032,0,normal,0
LG-1000,2025-01-10 11:09:30,6.511577,3.370685,8.9,51.8,1,0,11,4,1,0.00367,0,normal,0
LG-1000,2025-01-10 11:10:00,6.510836,3.371017,10.8,51.8,1,0,11,4,1,0.00428,0,normal,0
LG-1000,2025-01-10 11:10:30,6.510266,3.371263,8.3,51.8,1,0,11,4,1,0.00479,0,normal,0
LG-1000,2025-01-10 11:11:00,6.509595,3.371552,9.7,51.8,1,0,11,4,1,0.00542,0,normal,0
LG-1000,2025-01-10 11:11:30,6.508785,3.371923,11.9,51.7,1,0,11,4,1,0.00622,0,normal,0
LG-1000,2025-01-10 11:12:00,6.507935,3.372445,13.3,51.7,1,0,11,4,1,0.00708,0,normal,0
LG-1000,2025-01-10 11:12:30,6.506992,3.372845,13.7,51.7,1,0,11,4,1,0.00805,0,normal,0
LG-1000,2025-01-10 11:13:00,6.506323,3.37312,9.7,51.6,1,0,11,4,1,0.00875,0,normal,0
LG-1000,2025-01-10 11:13:30,6.505642,3.373399,9.8,51.6,1,0,11,4,1,0.00946,0,normal,0
LG-1000,2025-01-10 11:14:00,6.504776,3.373757,12.5,51.6,1,0,11,4,1,0.01037,0,normal,0
LG-1000,2025-01-10 11:14:30,6.504229,3.373971,7.8,51.6,1,0,11,4,1,0.01095,0,normal,0
LG-1000,2025-01-10 11:15:00,6.503337,3.374339,12.9,51.5,1,0,11,4,1,0.01189,0,normal,0
LG-1000,2025-01-10 11:15:30,6.502674,3.37461,9.6,51.5,1,0,11,4,1,0.0126,0,normal,0
LG-1000,2025-01-10 11:16:00,6.502262,3.374775,5.9,51.5,1,0,11,4,1,0.01304,0,normal,0
LG-1000,2025-01-10 11:16:30,6.501879,3.374929,5.5,51.5,1,0,11,4,1,0.01344,0,normal,0
LG-1000,2025-01-10 11:17:00,6.500982,3.375291,12.9,51.5,1,0,11,4,1,0.0144,0,normal,0
LG-1000,2025-01-10 11:17:30,6.50061,3.375441,5.3,51.5,1,0,11,4,1,0.0148,0,normal,0
LG-1000,2025-01-10 11:18:00,6.50009,3.375655,7.5,51.4,1,0,11,4,1,0.01535,0,normal,0
LG-1000,2025-01-10 11:18:30,6.499534,3.375884,8.0,51.4,1,0,11,4,1,0.01595,0,normal,0
LG-1000,2025-01-10 11:19:00,6.499084,3.376067,6.5,51.4,1,0,11,4,1,0.01643,0,normal,0
LG-1000,2025-01-10 11:19:30,6.498539,3.376285,7.8,51.4,1,0,11,4,1,0.01701,0,normal,0
LG-1000,2025-01-10 11:20:00,6.497706,3.376615,12.0,51.4,1,0,11,4,1,0.0179,0,normal,0
LG-1000,2025-01-10 11:20:30,6.497364,3.376759,5.0,51.3,1,0,11,4,1,0.01827,0,normal,0
LG-1000,2025-01-10 11:21:00,6.496475,3.377112,12.8,51.3,1,0,11,4,1,0.01922,0,normal,0
LG-1000,2025-01-10 11:21:30,6.495568,3.377478,13.1,51.3,1,0,11,4,1,0.01978,0,normal,0
LG-1000,2025-01-10 11:22:00,6.494986,3.377717,8.4,51.3,1,0,11,4,1,0.02012,0,normal,0
LG-1000,2025-01-10 11:22:30,6.49455,3.377895,6.3,51.3,1,0,11,4,1,0.02039,0,normal,0
LG-1000,2025-01-10 11:23:00,6.493811,3.378187,10.6,51.2,1,0,11,4,1,0.02084,0,normal,0
LG-1000,2025-01-10 11:23:30,6.493811,3.378187,0.0,51.2,1,1,11,4,1,0.02084,0,normal,0
LG-1000,2025-01-10 11:24:00,6.493811,3.378187,0.0,51.2,1,2,11,4,1,0.02084,0,normal,0
LG-1000,2025-01-10 11:24:30,6.493811,3.378187,0.0,51.2,1,3,11,4,1,0.02084,0,normal,0
LG-1000,2025-01-10 11:25:00,6.493811,3.378187,0.0,51.2,1,4,11,4,1,0.02084,0,normal,0
LG-1000,2025-01-10 11:25:30,6.493397,3.378354,6.0,51.2,1,0,11,4,1,0.02111,0,normal,0
LG-1000,2025-01-10 11:26:00,6.49282,3.37859,8.3,51.2,1,0,11,4,1,0.0215,0,normal,0
LG-1000,2025-01-10 11:26:30,6.491847,3.37899,14.0,51.2,1,0,11,4,1,0.02217,0,normal,0
LG-1000,2025-01-10 11:27:00,6.490848,3.379396,14.4,51.1,1,0,11,4,1,0.0229,0,normal,0
LG-1000,2025-01-10 11:27:30,6.489996,3.379731,12.2,51.1,1,0,11,4,1,0.02352,0,normal,0
LG-1000,2025-01-10 11:28:00,6.489463,3.379972,7.8,51.1,1,0,11,4,1,0.02395,0,normal,0
LG-1000,2025-01-10 11:28:30,6.488667,3.380289,11.4,51.1,1,0,11,4,1,0.02457,0,normal,0
LG-1000,2025-01-10 11:29:00,6.487849,3.380581,11.6,51.0,1,0,11,4,1,0.02518,0,normal,0
LG-1000,2025-01-10 11:29:30,6.487253,3.380814,8.5,51.0,1,0,11,4,1,0.02566,0,normal,0
LG-1000,2025-01-10 11:30:00,6.4865,3.381144,11.0,51.0,1,0,11,4,1,0.0263,0,normal,0
LG-1000,2025-01-10 11:30:30,6.486166,3.381299,4.9,51.0,1,0,11,4,1,0.0266,0,normal,0
LG-1000,2025-01-10 11:31:00,6.485699,3.381507,6.8,51.0,1,0,11,4,1,0.02701,0,normal,0
LG-1000,2025-01-10 11:31:30,6.485012,3.381778,9.9,50.9,1,0,11,4,1,0.02759,0,normal,0
LG-1000,2025-01-10 11:32:00,6.484585,3.381994,6.4,50.9,1,0,11,4,1,0.02799,0,normal,0
LG-1000,2025-01-10 11:32:30,6.484147,3.38219,6.4,50.9,1,0,11,4,1,0.02839,0,normal,0
LG-1000,2025-01-10 11:33:00,6.483266,3.382582,12.9,50.9,1,0,11,4,1,0.02919,0,normal,0
LG-1000,2025-01-10 11:33:30,6.482285,3.383018,14.3,50.8,1,0,11,4,1,0.0298,0,normal,0
LG-1000,2025-01-10 11:34:00,6.481589,3.383327,10.2,50.8,1,0,11,4,1,0.02904,0,normal,0
LG-1000,2025-01-10 11:34:30,6.480657,3.383548,12.8,50.8,1,0,11,4,1,0.0281,0,normal,0
LG-1000,2025-01-10 11:35:00,6.479654,3.383219,14.1,50.8,1,0,11,4,1,0.02732,0,normal,0
LG-1000,2025-01-10 11:35:30,6.479246,3.383001,6.2,50.7,1,0,11,4,1,0.02705,0,normal,0
LG-1000,2025-01-10 11:36:00,6.47864,3.382684,9.1,50.7,1,0,11,4,1,0.02666,0,normal,0
LG-1000,2025-01-10 11:36:30,6.478073,3.38238,8.6,50.7,1,0,11,4,1,0.0263,0,normal,0
LG-1000,2025-01-10 11:37:00,6.477705,3.382182,5.6,50.7,1,0,11,4,1,0.02607,0,normal,0
LG-1000,2025-01-10 11:37:30,6.476888,3.381795,12.1,50.7,1,0,11,4,1,0.02556,0,normal,0
LG-1000,2025-01-10 11:38:00,6.476233,3.38166,8.9,50.6,1,0,11,4,1,0.02508,0,normal,0
LG-1000,2025-01-10 11:38:30,6.475546,3.381778,9.3,50.6,1,0,11,4,1,0.02443,0,normal,0
LG-1000,2025-01-10 11:39:00,6.475546,3.381778,0.2,49.6,1,70,11,4,1,0.02443,1,fuel_theft,0
LG-1000,2025-01-10 11:39:30,6.475546,3.381778,1.4,48.7,1,71,11,4,1,0.02443,1,fuel_theft,0
LG-1000,2025-01-10 11:40:00,6.475546,3.381778,0.4,47.2,1,72,11,4,1,0.02443,1,fuel_theft,0
LG-1000,2025-01-10 11:40:30,6.475546,3.381778,0.9,45.7,1,73,11,4,1,0.02443,1,fuel_theft,0
LG-1000,2025-01-10 11:41:00,6.475546,3.381778,0.4,43.7,1,74,11,4,1,0.02443,1,fuel_theft,0
LG-1000,2025-01-10 11:41:30,6.475546,3.381778,1.0,42.0,1,75,11,4,1,0.02443,1,fuel_theft,0
LG-1000,2025-01-10 11:42:00,6.475546,3.381778,1.1,41.1,1,76,11,4,1,0.02443,1,fuel_theft,0
LG-1000,2025-01-10 11:42:30,6.475546,3.381778,0.5,39.6,1,82,11,4,1,0.02443,1,fuel_theft,0
LG-1000,2025-01-10 11:43:00,6.475546,3.381778,1.3,38.1,1,83,11,4,1,0.02443,1,fuel_theft,0
LG-1000,2025-01-10 11:43:30,6.475546,3.381778,1.2,36.1,1,84,11,4,1,0.02443,1,fuel_theft,0
LG-1000,2025-01-10 11:44:00,6.475546,3.381778,1.4,34.5,1,85,11,4,1,0.02443,1,fuel_theft,0
LG-1000,2025-01-10 11:44:30,6.475546,3.381778,1.3,33.2,1,86,11,4,1,0.02443,1,fuel_theft,0
LG-1000,2025-01-10 11:45:00,6.475546,3.381778,0.8,32.3,1,87,11,4,1,0.02443,1,fuel_theft,0
LG-1000,2025-01-10 11:45:30,6.475546,3.381778,0.6,30.2,1,88,11,4,1,0.02443,1,fuel_theft,0
LG-1000,2025-01-10 11:46:00,6.475546,3.381778,0.3,28.9,1,89,11,4,1,0.02443,1,fuel_theft,0
LG-1000,2025-01-10 11:46:30,6.475062,3.381895,6.7,28.9,1,0,11,4,1,0.02396,0,normal,0
LG-1000,2025-01-10 11:47:00,6.47469,3.381966,5.1,28.9,1,0,11,4,1,0.02361,0,normal,0
LG-1000,2025-01-10 11:47:30,6.473681,3.382168,13.7,28.9,1,0,11,4,1,0.02266,0,normal,0
LG-1000,2025-01-10 11:48:00,6.473009,3.382293,9.1,28.8,1,0,11,4,1,0.02204,0,normal,0
LG-1000,2025-01-10 11:48:30,6.472436,3.382398,7.8,28.8,1,0,11,4,1,0.02151,0,normal,0
LG-1000,2025-01-10 11:49:00,6.471657,3.382539,10.6,28.8,1,0,11,4,1,0.0208,0,normal,0
LG-1000,2025-01-10 11:49:30,6.471302,3.382627,4.9,28.8,1,0,11,4,1,0.02047,0,normal,0
LG-1000,2025-01-10 11:50:00,6.470775,3.382819,7.5,28.8,1,0,11,4,1,0.01993,0,normal,0
LG-1000,2025-01-10 11:50:30,6.469944,3.383041,11.5,28.7,1,0,11,4,1,0.01914,0,normal,0
LG-1000,2025-01-10 11:51:00,6.469399,3.382529,10.0,28.7,1,0,11,4,1,0.01905,0,normal,0
LG-1000,2025-01-10 11:51:30,6.469037,3.381531,14.1,28.7,1,0,11,4,1,0.01945,0,normal,0
LG-1000,2025-01-10 11:52:00,6.46839,3.381538,8.6,28.7,1,0,11,4,1,0.01899,0,normal,0
LG-1000,2025-01-10 11:52:30,6.468569,3.382145,8.4,28.6,1,0,11,4,1,0.01869,0,normal,0
LG-1000,2025-01-10 11:53:00,6.469183,3.382771,11.7,28.6,1,0,11,4,1,0.01873,0,normal,0
LG-1000,2025-01-10 11:53:30,6.468986,3.383711,12.7,28.6,1,0,11,4,1,0.01797,0,normal,0
LG-1000,2025-01-10 11:54:00,6.468237,3.384169,11.7,28.6,1,0,11,4,1,0.0171,0,normal,0
LG-1000,2025-01-10 11:54:30,6.467296,3.384646,14.1,28.5,1,0,11,4,1,0.01607,0,normal,0
LG-1000,2025-01-10 11:55:00,6.466472,3.385064,12.3,28.5,1,0,11,4,1,0.01518,0,normal,0
LG-1000,2025-01-10 11:55:30,6.465582,3.385487,13.1,28.5,1,0,11,4,1,0.01423,0,normal,0
LG-1000,2025-01-10 11:56:00,6.465176,3.385664,5.9,28.5,1,0,11,4,1,0.01381,0,normal,0
LG-1000,2025-01-10 11:56:30,6.464347,3.385984,11.9,28.4,1,0,11,4,1,0.01299,0,normal,0
LG-1000,2025-01-10 11:57:00,6.463712,3.38622,9.0,28.4,1,0,11,4,1,0.01237,0,normal,0
LG-1000,2025-01-10 11:57:30,6.463,3.386484,10.1,28.4,1,0,11,4,1,0.01168,0,normal,0
LG-1000,2025-01-10 11:58:00,6.462216,3.386764,11.1,28.4,1,0,11,4,1,0.01095,0,normal,0
LG-1000,2025-01-10 11:58:30,6.461193,3.387005,14.0,28.3,1,0,11,4,1,0.01011,0,normal,0
LG-1000,2025-01-10 11:59:00,6.460127,3.386921,14.3,28.3,1,0,11,4,1,0.00957,0,normal,0
LG-1000,2025-01-10 11:59:30,6.459561,3.386877,7.6,28.3,1,0,11,4,1,0.00932,0,normal,0
LG-1000,2025-01-10 12:00:00,6.458779,3.386528,11.4,28.2,1,0,12,4,1,0.00928,0,normal,0
LG-1000,2025-01-10 12:00:30,6.458306,3.386944,8.4,28.2,1,0,12,4,1,0.00871,0,normal,0
LG-1000,2025-01-10 12:01:00,6.458287,3.387555,8.1,28.2,1,0,12,4,1,0.00814,0,normal,0
LG-1000,2025-01-10 12:01:30,6.458718,3.387621,5.8,28.2,1,0,12,4,1,0.00826,0,normal,0
LG-1000,2025-01-10 12:02:00,6.458712,3.387954,4.4,28.2,1,0,12,4,1,0.00796,0,normal,0
LG-1000,2025-01-10 12:02:30,6.458732,3.388866,12.1,28.2,1,0,12,4,1,0.00718,0,normal,0
LG-1000,2025-01-10 12:03:00,6.458851,3.38957,9.5,28.1,1,0,12,4,1,0.00666,0,normal,0
LG-1000,2025-01-10 12:03:30,6.458876,3.390634,14.1,28.1,1,0,12,4,1,0.00584,0,normal,0
LG-1000,2025-01-10 12:04:00,6.45884,3.391328,9.2,28.1,1,0,12,4,1,0.00531,0,normal,0
LG-1000,2025-01-10 12:04:30,6.458851,3.392391,14.1,28.0,1,0,12,4,1,0.00465,0,normal,0
LG-1000,2025-01-10 12:05:00,6.459097,3.392997,8.7,28.0,1,0,12,4,1,0.00456,0,normal,0
LG-1000,2025-01-10 12:05:30,6.458635,3.393613,10.2,28.0,1,0,12,4,1,0.00389,0,normal,0
LG-1000,2025-01-10 12:06:00,6.458287,3.393851,5.6,28.0,1,0,12,4,1,0.00348,0,normal,0
LG-1000,2025-01-10 12:06:30,6.45772,3.394314,9.8,28.0,1,0,12,4,1,0.0028,0,normal,0
LG-1000,2025-01-11 15:13:00,6.514068,3.371451,0.0,28.0,0,1,15,5,0,0.00108,0,normal,0
LG-1000,2025-01-11 15:13:30,6.513369,3.370625,14.4,27.9,1,0,15,5,0,0.00213,0,normal,0
LG-1000,2025-01-11 15:14:00,6.510781,3.371041,35.0,27.9,1,0,15,5,0,0.00433,0,normal,0
LG-1000,2025-01-11 15:14:30,6.50823,3.372287,37.9,27.8,1,0,15,5,0,0.00678,0,normal,0
LG-1000,2025-01-11 15:15:00,6.505485,3.373465,39.9,27.7,1,0,15,5,0,0.00963,0,normal,0
LG-1000,2025-01-11 15:15:30,6.502517,3.374673,42.8,27.6,1,0,15,5,0,0.01277,0,normal,0
LG-1000,2025-01-11 15:16:00,6.499822,3.375766,38.8,27.5,1,0,15,5,0,0.01564,0,normal,0
LG-1000,2025-01-11 15:16:30,6.496992,3.376909,40.7,27.4,1,0,15,5,0,0.01867,0,normal,0
LG-1000,2025-01-11 15:17:00,6.495795,3.377385,17.2,27.3,1,0,15,5,0,0.01965,0,normal,0
LG-1000,2025-01-11 15:17:30,6.494198,3.378034,23.0,27.3,1,0,15,5,0,0.0206,0,normal,0
LG-1000,2025-01-11 15:18:00,6.491758,3.379024,35.1,27.2,1,0,15,5,0,0.02224,0,normal,0
LG-1000,2025-01-11 15:18:30,6.488811,3.380232,42.5,27.1,1,0,15,5,0,0.02446,0,normal,0
LG-1000,2025-01-11 15:19:00,6.4877,3.380638,15.8,27.1,1,0,15,5,0,0.0253,0,normal,0
LG-1000,2025-01-11 15:19:30,6.485517,3.381587,31.8,27.0,1,0,15,5,0,0.02717,0,normal,0
LG-1000,2025-01-11 15:20:00,6.482992,3.382703,36.8,26.9,1,0,15,5,0,0.02944,0,normal,0
LG-1000,2025-01-11 15:20:30,6.481856,3.383208,16.6,26.9,1,0,15,5,0,0.02933,0,normal,0
LG-1000,2025-01-11 15:21:00,6.479844,3.383324,26.9,26.8,1,0,15,5,0,0.02745,0,normal,0
LG-1000,2025-01-11 15:21:30,6.47694,3.381815,43.7,26.7,1,0,15,5,0,0.0256,0,normal,0
LG-1000,2025-01-11 15:22:00,6.474253,3.382048,36.0,26.6,1,0,15,5,0,0.0232,0,normal,0
LG-1000,2025-01-11 15:22:30,6.472554,3.382378,23.1,26.6,1,0,15,5,0,0.02162,0,normal,0
LG-1000,2025-01-11 15:23:00,6.469532,3.382852,40.9,26.5,1,0,15,5,0,0.01894,0,normal,0
LG-1000,2025-01-11 15:23:30,6.468784,3.381069,25.7,26.4,1,0,15,5,0,0.0196,0,normal,0
LG-1000,2025-01-11 15:24:00,6.46966,3.378044,41.8,26.3,1,0,15,5,0,0.02241,0,normal,0
LG-1000,2025-01-11 15:24:30,6.470139,3.376235,24.9,26.3,1,0,15,5,0,0.02411,0,normal,0
LG-1000,2025-01-11 15:25:00,6.470396,3.377398,15.8,26.2,1,0,15,5,0,0.02339,0,normal,0
LG-1000,2025-01-11 15:25:30,6.468386,3.378023,28.1,26.2,1,0,15,5,0,0.02162,0,normal,0
LG-1000,2025-01-11 15:26:00,6.466694,3.378683,24.2,26.1,1,0,15,5,0,0.02007,0,normal,0
LG-1000,2025-01-11 15:26:30,6.463951,3.380431,43.4,26.0,1,0,15,5,0,0.0171,0,normal,0
LG-1000,2025-01-11 15:27:00,6.462593,3.381303,21.5,26.0,1,0,15,5,0,0.01566,0,normal,0
LG-1000,2025-01-11 15:27:30,6.461433,3.382037,18.3,25.9,1,0,15,5,0,0.01447,0,normal,0
LG-1000,2025-01-11 15:28:00,6.459562,3.382648,26.3,25.8,1,0,15,5,0,0.01317,0,normal,0
LG-1000,2025-01-11 15:28:30,6.456789,3.382221,37.5,25.8,1,0,15,5,0,0.0129,0,normal,0
LG-1000,2025-01-11 15:29:00,6.453921,3.38261,38.7,25.7,1,0,15,5,0,0.01244,0,normal,0
LG-1000,2025-01-11 15:29:30,6.452071,3.385567,46.4,25.6,1,0,15,5,0,0.00988,0,normal,0
LG-1000,2025-01-11 15:30:00,6.451183,3.387212,24.8,25.5,1,0,15,5,0,0.00867,0,normal,0
LG-1000,2025-01-11 15:30:30,6.45014,3.389069,28.3,25.4,1,0,15,5,0,0.00767,0,normal,0
LG-1000,2025-01-11 15:31:00,6.449372,3.390351,19.9,25.4,1,0,15,5,0,0.0073,0,normal,0
LG-1000,2025-01-11 15:31:30,6.448021,3.392481,33.5,25.3,1,0,15,5,0,0.00742,0,normal,0
LG-1000,2025-01-11 15:32:00,6.446029,3.395376,46.7,25.2,1,0,15,5,0,0.00898,0,normal,0
LG-1000,2025-01-11 15:32:30,6.44444,3.397703,37.5,25.1,1,0,15,5,0,0.0109,0,normal,0
LG-1000,2025-01-11 15:33:00,6.442875,3.399739,34.2,25.0,1,0,15,5,0,0.01302,0,normal,0
LG-1000,2025-01-11 15:33:30,6.44155,3.401339,27.6,25.0,1,0,15,5,0,0.01487,0,normal,0
LG-1000,2025-01-11 15:34:00,6.439976,3.404252,44.0,24.9,1,0,15,5,0,0.01764,0,normal,0
LG-1000,2025-01-11 15:34:30,6.438626,3.406152,31.0,24.8,1,0,15,5,0,0.01826,0,normal,0
LG-1000,2025-01-11 15:35:00,6.437711,3.407323,19.8,24.7,1,0,15,5,0,0.01677,0,normal,0
LG-1000,2025-01-11 15:35:30,6.43768,3.408694,18.2,24.7,1,0,15,5,0,0.01566,0,normal,0
LG-1000,2025-01-11 15:36:00,6.438094,3.409944,17.5,24.7,1,0,15,5,0,0.01497,0,normal,0
LG-1000,2025-01-11 15:36:30,6.437709,3.411516,21.5,24.6,1,0,15,5,0,0.01357,0,normal,0
LG-1000,2025-01-11 15:37:00,6.437136,3.412588,16.1,24.6,1,0,15,5,0,0.01242,0,normal,0
LG-1000,2025-01-11 15:37:30,6.436379,3.414682,29.6,24.5,1,0,15,5,0,0.01049,0,normal,0
LG-1000,2025-01-11 15:38:00,6.436281,3.417329,35.2,24.4,1,0,15,5,0,0.00906,0,normal,0
LG-1000,2025-01-11 15:38:30,6.436679,3.419267,26.3,24.4,1,0,15,5,0,0.00885,0,normal,0
LG-1000,2025-01-11 15:39:00,6.437195,3.421363,28.7,24.3,1,0,15,5,0,0.0092,0,normal,0
LG-1000,2025-01-11 15:39:30,6.438494,3.424529,45.5,24.2,1,0,15,5,0,0.01107,0,normal,0
LG-1000,2025-01-11 15:40:00,6.439283,3.427348,38.9,24.1,1,0,15,5,0,0.01295,0,normal,0
LG-1000,2025-01-11 15:40:30,6.439445,3.429785,32.4,24.0,1,0,15,5,0,0.01443,0,normal,0
LG-1000,2025-01-11 15:41:00,6.439794,3.43159,24.4,24.0,1,0,15,5,0,0.01585,0,normal,0
LG-1000,2025-01-11 15:41:30,6.44046,3.434751,42.9,23.9,1,0,15,5,0,0.01856,0,normal,0
LG-1000,2025-01-11 15:42:00,6.439535,3.436189,22.7,23.8,1,0,15,5,0,0.01907,0,normal,0
LG-1000,2025-01-11 15:42:30,6.438498,3.437817,25.7,23.8,1,0,15,5,0,0.01982,0,normal,0
LG-1000,2025-01-11 15:43:00,6.43675,3.440619,43.9,23.7,1,0,15,5,0,0.02148,0,normal,0
LG-1000,2025-01-11 15:43:30,6.435568,3.442723,32.1,23.6,1,0,15,5,0,0.023,0,normal,0
LG-1000,2025-01-11 15:44:00,6.435412,3.445572,37.9,23.5,1,0,15,5,0,0.02567,0,normal,0
LG-1000,2025-01-11 15:44:30,6.436035,3.448055,34.0,23.4,1,0,15,5,0,0.02822,0,normal,0
LG-1000,2025-01-11 15:45:00,6.436959,3.450585,35.8,23.3,1,0,15,5,0,0.03091,0,normal,0
LG-1000,2025-01-11 15:45:30,6.437773,3.452268,24.8,23.3,1,0,15,5,0,0.03276,0,normal,0
LG-1000,2025-01-11 15:46:00,6.437249,3.453852,22.2,23.2,1,0,15,5,0,0.03413,0,normal,0
LG-1000,2025-01-11 15:46:30,6.435838,3.455166,25.7,23.2,1,0,15,5,0,0.03505,0,normal,0
LG-1000,2025-01-11 15:47:00,6.434881,3.456358,20.3,23.1,1,0,15,5,0,0.03602,0,normal,0
LG-1000,2025-01-11 15:47:30,6.432534,3.458566,42.9,23.0,1,0,15,5,0,0.03784,0,normal,0
LG-1000,2025-01-11 15:48:00,6.431159,3.459784,24.5,23.0,1,0,15,5,0,0.03891,0,normal,0
LG-1000,2025-01-11 15:48:30,6.430082,3.461976,32.4,22.9,1,0,15,5,0,0.04103,0,normal,0
LG-1000,2025-01-11 15:49:00,6.430384,3.464984,40.1,22.8,1,0,15,5,0,0.04405,0,normal,0
LG-1000,2025-01-11 15:49:30,6.430746,3.467974,40.0,22.7,1,0,15,5,0,0.04705,0,normal,0
LG-1000,2025-01-11 15:50:00,6.431093,3.470147,29.2,22.6,1,0,15,5,0,0.04924,0,normal,0
LG-1000,2025-01-11 15:50:30,6.431093,3.470147,0.0,31.5,0,1,15,5,0,0.04924,0,normal,1
LG-1000,2025-01-11 15:51:00,6.431093,3.470147,0.0,42.5,0,2,15,5,0,0.04924,0,normal,1
LG-1000,2025-01-11 15:51:30,6.431093,3.470147,0.0,52.2,0,3,15,5,0,0.04924,0,normal,1
LG-1000,2025-01-11 15:52:00,6.431093,3.470147,0.0,62.5,0,4,15,5,0,0.04924,0,normal,1
LG-1000,2025-01-11 15:52:30,6.431093,3.470147,0.0,73.1,0,5,15,5,0,0.04924,0,normal,1
LG-1000,2025-01-11 15:53:00,6.431093,3.470147,0.0,83.2,0,6,15,5,0,0.04924,0,normal,1
LG-1000,2025-01-11 15:53:30,6.431093,3.470147,0.0,89.1,0,7,15,5,0,0.04924,0,normal,1
LG-1000,2025-01-11 15:54:00,6.431093,3.470147,0.0,89.1,1,8,15,5,0,0.04924,0,normal,0
LG-1000,2025-01-11 15:54:30,6.431478,3.47261,33.1,89.0,1,0,15,5,0,0.05173,0,normal,0
LG-1000,2025-01-11 15:55:00,6.431696,3.474006,18.8,89.0,1,0,15,5,0,0.05313,0,normal,0
LG-1000,2025-01-11 15:55:30,6.43209,3.476682,35.9,88.9,1,0,15,5,0,0.05583,0,normal,0
LG-1000,2025-01-11 15:56:00,6.432577,3.480063,45.3,88.8,1,0,15,5,0,0.05301,0,normal,0
LG-1000,2025-01-11 15:56:30,6.43288,3.482419,31.5,88.7,1,0,15,5,0,0.05097,0,normal,0
LG-1000,2025-01-11 15:57:00,6.433208,3.484584,29.1,88.6,1,0,15,5,0,0.0491,0,normal,0
LG-1000,2025-01-11 15:57:30,6.433403,3.485826,16.7,88.6,1,0,15,5,0,0.04803,0,normal,0
LG-1000,2025-01-11 15:58:00,6.433905,3.489215,45.5,88.5,1,0,15,5,0,0.04519,0,normal,0
LG-1000,2025-01-11 15:58:30,6.434067,3.49062,18.8,88.5,1,0,15,5,0,0.04406,0,normal,0
LG-1000,2025-01-11 15:59:00,6.434268,3.491873,16.8,88.4,1,0,15,5,0,0.04304,0,normal,0
LG-1000,2025-01-11 15:59:30,6.43454,3.493603,23.2,88.4,1,0,15,5,0,0.04164,0,normal,0
LG-1000,2025-01-11 16:00:00,6.434745,3.494914,17.6,88.3,1,0,16,5,0,0.04061,0,normal,0
LG-1000,2025-01-11 16:00:30,6.435078,3.497131,29.8,88.3,1,0,16,5,0,0.03891,0,normal,0
LG-1000,2025-01-11 16:01:00,6.435424,3.49949,31.7,88.2,1,0,16,5,0,0.03717,0,normal,0
LG-1000,2025-01-11 16:01:30,6.435701,3.501377,25.3,88.1,1,0,16,5,0,0.03583,0,normal,0
LG-1000,2025-01-11 16:02:00,6.435885,3.502656,17.2,88.1,1,0,16,5,0,0.03496,0,normal,0
LG-1000,2025-01-11 16:02:30,6.436088,3.504077,19.1,88.0,1,0,16,5,0,0.03402,0,normal,0
LG-1000,2025-01-11 16:03:00,6.43639,3.506131,27.6,88.0,1,0,16,5,0,0.03272,0,normal,0
LG-1000,2025-01-11 16:03:30,6.436583,3.507432,17.5,87.9,1,0,16,5,0,0.03193,0,normal,0
LG-1000,2025-01-11 16:04:00,6.438889,3.507574,30.9,87.9,1,0,16,5,0,0.02983,0,normal,0
LG-1000,2025-01-11 16:04:30,6.440538,3.507481,22.1,87.8,1,0,16,5,0,0.02845,0,normal,0
LG-1000,2025-01-11 16:05:00,6.442416,3.507569,25.1,87.8,1,0,16,5,0,0.0268,0,normal,0
LG-1000,2025-01-11 16:05:30,6.444462,3.508033,28.0,87.7,1,0,16,5,0,0.02484,0,normal,0
LG-1000,2025-01-11 16:06:00,6.446592,3.50827,28.6,87.6,1,0,16,5,0,0.02296,0,normal,0
LG-1000,2025-01-11 16:06:30,6.447769,3.508301,15.7,87.6,1,0,16,5,0,0.02201,0,normal,0
LG-1000,2025-01-11 16:07:00,6.449202,3.508381,19.2,87.5,1,0,16,5,0,0.02086,0,normal,0
LG-1000,2025-01-11 16:07:30,6.452397,3.508429,42.7,87.4,1,0,16,5,0,0.01852,0,normal,0
LG-1000,2025-01-11 16:08:00,6.45278,3.50935,13.3,87.4,1,0,16,5,0,0.01759,0,normal,0
LG-1000,2025-01-11 16:08:30,6.45315,3.511649,30.9,87.3,1,0,16,5,0,0.01573,0,normal,0
LG-1000,2025-01-11 16:09:00,6.453372,3.51396,30.8,87.3,1,0,16,5,0,0.01414,0,normal,0
LG-1000,2025-01-11 16:09:30,6.453544,3.515907,26.0,87.2,1,0,16,5,0,0.01298,0,normal,0
LG-1000,2025-01-11 16:10:00,6.453714,3.518086,29.0,87.1,1,0,16,5,0,0.01195,0,normal,0
LG-1000,2025-01-11 16:10:30,6.456604,3.518257,38.7,87.0,1,0,16,5,0,0.00919,0,normal,0
LG-1000,2025-01-11 16:11:00,6.45975,3.518349,42.0,86.9,1,0,16,5,0,0.00639,0,normal,0
LG-1000,2025-01-11 16:11:30,6.461137,3.518793,19.4,86.9,1,0,16,5,0,0.00502,0,normal,0
LG-1000,2025-01-11 16:12:00,6.461099,3.520722,25.6,86.8,1,0,16,5,0,0.00411,0,normal,0
LG-1000,2025-01-11 16:12:30,6.461477,3.522062,18.5,86.8,1,0,16,5,0,0.00352,0,normal,0
LG-1001,2025-01-06 14:19:00,6.448602,3.360653,0.0,81.4,0,1,14,0,1,0.0017,0,normal,0
LG-1001,2025-01-06 14:19:30,6.447796,3.36261,28.1,81.3,1,0,14,0,1,0.00381,0,normal,0
LG-1001,2025-01-06 14:20:00,6.447368,3.363664,15.1,81.3,1,0,14,0,1,0.00494,0,normal,0
LG-1001,2025-01-06 14:20:30,6.447012,3.364551,12.7,81.3,1,0,14,0,1,0.0059,0,normal,0
LG-1001,2025-01-06 14:21:00,6.446607,3.36559,14.8,81.2,1,0,14,0,1,0.00701,0,normal,0
LG-1001,2025-01-06 14:21:30,6.448098,3.366855,26.1,81.2,1,0,14,0,1,0.00791,0,normal,0
LG-1001,2025-01-06 14:22:00,6.448685,3.367341,10.1,81.2,1,0,14,0,1,0.00835,0,normal,0
LG-1001,2025-01-06 14:22:30,6.448992,3.368391,14.5,81.1,1,0,14,0,1,0.00939,0,normal,0
LG-1001,2025-01-06 14:23:00,6.449791,3.367972,12.0,81.1,1,0,14,0,1,0.00901,0,normal,0
LG-1001,2025-01-06 14:23:30,6.450784,3.367581,14.2,81.1,1,0,14,0,1,0.00876,0,normal,0
LG-1001,2025-01-06 14:24:00,6.452617,3.366895,26.1,81.0,1,0,14,0,1,0.00868,0,normal,0
LG-1001,2025-01-06 14:24:30,6.453811,3.36639,17.3,81.0,1,0,14,0,1,0.00882,0,normal,0
LG-1001,2025-01-06 14:25:00,6.455503,3.365598,24.9,80.9,1,0,14,0,1,0.00926,0,normal,0
LG-1001,2025-01-06 14:25:30,6.457235,3.364805,25.4,80.8,1,0,14,0,1,0.01008,0,normal,0
LG-1001,2025-01-06 14:26:00,6.45953,3.364312,31.4,80.8,1,0,14,0,1,0.01179,0,normal,0
LG-1001,2025-01-06 14:26:30,6.460412,3.364294,11.8,80.7,1,0,14,0,1,0.01258,0,normal,0
LG-1001,2025-01-06 14:27:00,6.462777,3.36426,31.6,80.7,1,0,14,0,1,0.01475,0,normal,0
LG-1001,2025-01-06 14:27:30,6.464731,3.364186,26.1,80.6,1,0,14,0,1,0.01656,0,normal,0
LG-1001,2025-01-06 14:28:00,6.465879,3.364036,15.5,80.6,1,0,14,0,1,0.01761,0,normal,0
LG-1001,2025-01-06 14:28:30,6.468077,3.363706,29.7,80.5,1,0,14,0,1,0.01965,0,normal,0
LG-1001,2025-01-06 14:29:00,6.470394,3.363213,31.6,80.4,1,0,14,0,1,0.0218,0,normal,0
LG-1001,2025-01-06 14:29:30,6.471694,3.363006,17.6,80.4,1,0,14,0,1,0.02304,0,normal,0
LG-1001,2025-01-06 14:30:00,6.474092,3.363485,32.7,80.3,1,0,14,0,1,0.02549,0,normal,0
LG-1001,2025-01-06 14:30:30,6.475592,3.364215,22.3,80.3,1,0,14,0,1,0.02422,0,normal,0
LG-1001,2025-01-06 14:31:00,6.477328,3.365055,25.7,80.2,1,0,14,0,1,0.02279,0,normal,0
LG-1001,2025-01-06 14:31:30,6.479678,3.36615,34.6,80.1,1,0,14,0,1,0.02097,0,normal,0
LG-1001,2025-01-06 14:32:00,6.48115,3.366441,20.0,80.1,1,0,14,0,1,0.01975,0,normal,0
LG-1001,2025-01-06 14:32:30,6.4834,3.36609,30.4,80.0,1,0,14,0,1,0.01757,0,normal,0
LG-1001,2025-01-06 14:33:00,6.484671,3.365436,19.1,80.0,1,0,14,0,1,0.01614,0,normal,0
LG-1001,2025-01-06 14:33:30,6.486763,3.364558,30.3,79.9,1,0,14,0,1,0.01388,0,normal,0
LG-1001,2025-01-06 14:34:00,6.488572,3.363904,25.7,79.8,1,0,14,0,1,0.01198,0,normal,0
LG-1001,2025-01-06 14:34:30,6.489753,3.363488,16.7,79.8,1,0,14,0,1,0.01075,0,normal,0
LG-1001,2025-01-06 14:35:00,6.491258,3.362953,21.3,79.7,1,0,14,0,1,0.00919,0,normal,0
LG-1001,2025-01-06 14:35:30,6.492596,3.362452,19.1,79.7,1,0,14,0,1,0.0078,0,normal,0
LG-1001,2025-01-06 14:36:00,6.492596,3.362452,0.0,79.7,1,1,14,0,1,0.0078,0,normal,0
LG-1001,2025-01-06 14:36:30,6.492596,3.362452,0.0,79.7,1,2,14,0,1,0.0078,0,normal,0
LG-1001,2025-01-06 14:37:00,6.492596,3.362452,0.0,79.7,1,3,14,0,1,0.0078,0,normal,0
LG-1001,2025-01-06 14:37:30,6.492596,3.362452,0.0,79.7,1,4,14,0,1,0.0078,0,normal,0
LG-1001,2025-01-06 14:38:00,6.492596,3.362452,0.0,79.7,1,5,14,0,1,0.0078,0,normal,0
LG-1001,2025-01-06 14:38:30,6.492596,3.362452,0.0,79.7,1,6,14,0,1,0.0078,0,normal,0
LG-1001,2025-01-06 14:39:00,6.492596,3.362452,0.0,79.7,1,7,14,0,1,0.0078,0,normal,0
LG-1001,2025-01-06 14:39:30,6.492596,3.362452,0.0,79.7,1,8,14,0,1,0.0078,0,normal,0
LG-1001,2025-01-06 14:40:00,6.492596,3.362452,0.0,79.7,1,9,14,0,1,0.0078,0,normal,0
LG-1001,2025-01-06 14:40:30,6.492596,3.362452,0.0,79.7,1,10,14,0,1,0.0078,0,normal,0
LG-1001,2025-01-06 14:41:00,6.492596,3.362452,0.0,79.7,1,11,14,0,1,0.0078,0,normal,0
LG-1001,2025-01-06 14:41:30,6.492596,3.362452,0.0,79.7,1,12,14,0,1,0.0078,0,normal,0
LG-1001,2025-01-06 14:42:00,6.492596,3.362452,0.0,79.7,1,13,14,0,1,0.0078,0,normal,0
LG-1001,2025-01-06 14:42:30,6.493545,3.362106,13.5,79.7,1,0,14,0,1,0.00683,0,normal,0
LG-1001,2025-01-06 14:43:00,6.494429,3.361831,12.4,79.6,1,0,14,0,1,0.00596,0,normal,0
LG-1001,2025-01-06 14:43:30,6.495895,3.361659,19.7,79.6,1,0,14,0,1,0.0048,0,normal,0
LG-1001,2025-01-06 14:44:00,6.496797,3.361735,12.1,79.6,1,0,14,0,1,0.00434,0,normal,0
LG-1001,2025-01-06 14:44:30,6.497944,3.361927,15.5,79.5,1,0,14,0,1,0.00407,0,normal,0
LG-1001,2025-01-06 14:45:00,6.499995,3.362536,28.6,79.5,1,0,14,0,1,0.00464,0,normal,0
LG-1001,2025-01-06 14:45:30,6.501982,3.363249,28.2,79.4,1,0,14,0,1,0.00604,0,normal,0
LG-1001,2025-01-06 14:46:00,6.504021,3.363973,28.9,79.3,1,0,14,0,1,0.0078,0,normal,0
LG-1001,2025-01-06 14:46:30,6.505428,3.363996,18.8,79.3,1,0,14,0,1,0.00879,0,normal,0
LG-1001,2025-01-06 14:47:00,6.507794,3.363448,32.4,79.2,1,0,14,0,1,0.01034,0,normal,0
LG-1001,2025-01-06 14:47:30,6.509679,3.363199,25.4,79.1,1,0,14,0,1,0.01028,0,normal,0
LG-1001,2025-01-06 14:48:00,6.510744,3.363432,14.6,79.1,1,0,14,0,1,0.00957,0,normal,0
LG-1001,2025-01-06 14:48:30,6.511817,3.363769,15.0,79.1,1,0,14,0,1,0.00883,0,normal,0
LG-1001,2025-01-06 14:49:00,6.513794,3.364429,27.8,79.0,1,0,14,0,1,0.00767,0,normal,0
LG-1001,2025-01-06 14:49:30,6.51489,3.36485,15.7,79.0,1,0,14,0,1,0.00715,0,normal,0
LG-1001,2025-01-06 14:50:00,6.516499,3.365538,23.3,78.9,1,0,14,0,1,0.00663,0,normal,0
LG-1001,2025-01-06 14:50:30,6.519071,3.365395,34.4,78.8,1,0,14,0,1,0.00776,0,normal,0
LG-1001,2025-01-06 14:51:00,6.519874,3.36504,11.7,78.8,1,0,14,0,1,0.0085,0,normal,0
LG-1001,2025-01-06 14:51:30,6.520641,3.364564,12.0,78.8,1,0,14,0,1,0.00933,0,normal,0
LG-1001,2025-01-06 14:52:00,6.522908,3.363273,34.8,78.7,1,0,14,0,1,0.01178,0,normal,0
LG-1001,2025-01-06 14:52:30,6.52426,3.361959,25.1,78.6,1,0,14,0,1,0.01366,0,normal,0
LG-1001,2025-01-06 14:53:00,6.524935,3.361097,14.6,78.6,1,0,14,0,1,0.01475,0,normal,0
LG-1001,2025-01-06 14:53:30,6.526272,3.359075,32.2,78.5,1,0,14,0,1,0.01715,0,normal,0
LG-1001,2025-01-06 14:54:00,6.526585,3.356684,32.0,78.5,1,0,14,0,1,0.0192,0,normal,0
LG-1001,2025-01-06 14:54:30,6.527015,3.354935,23.9,78.4,1,0,14,0,1,0.02087,0,normal,0
LG-1001,2025-01-06 14:55:00,6.52858,3.353868,25.3,78.3,1,0,14,0,1,0.02265,0,normal,0
LG-1001,2025-01-06 14:55:30,6.529873,3.353475,18.0,78.3,1,0,14,0,1,0.02376,0,normal,0
LG-1001,2025-01-06 14:56:00,6.530796,3.353205,12.8,78.3,1,0,14,0,1,0.02455,0,normal,0
LG-1001,2025-01-06 14:56:30,6.532633,3.352673,25.5,78.2,1,0,14,0,1,0.02523,0,normal,0
LG-1001,2025-01-06 14:57:00,6.533978,3.352345,18.5,78.2,1,0,14,0,1,0.02389,0,normal,0
LG-1001,2025-01-06 14:57:30,6.535843,3.35304,26.6,78.1,1,0,14,0,1,0.02263,0,normal,0
LG-1001,2025-01-06 14:58:00,6.537815,3.354292,31.1,78.0,1,0,14,0,1,0.02173,0,normal,0
LG-1001,2025-01-06 14:58:30,6.538577,3.35478,12.1,78.0,1,0,14,0,1,0.02144,0,normal,0
LG-1001,2025-01-06 14:59:00,6.540139,3.355888,25.5,78.0,1,0,14,0,1,0.02104,0,normal,0
LG-1001,2025-01-06 14:59:30,6.541181,3.356628,17.0,77.9,1,0,14,0,1,0.02086,0,normal,0
LG-1001,2025-01-06 15:00:00,6.543442,3.356844,30.3,77.8,1,0,15,0,1,0.01961,0,normal,0
LG-1001,2025-01-06 15:00:30,6.544662,3.35635,17.6,77.8,1,0,15,0,1,0.01851,0,normal,0
LG-1001,2025-01-06 15:01:00,6.546464,3.355629,25.9,77.7,1,0,15,0,1,0.01694,0,normal,0
LG-1001,2025-01-06 15:01:30,6.548173,3.354944,24.6,77.7,1,0,15,0,1,0.01553,0,normal,0
LG-1001,2025-01-06 15:02:00,6.54962,3.354345,20.9,77.6,1,0,15,0,1,0.01439,0,normal,0
LG-1001,2025-01-06 15:02:30,6.551522,3.353559,27.5,77.6,1,0,15,0,1,0.01303,0,normal,0
LG-1001,2025-01-06 15:03:00,6.553503,3.352744,28.6,77.5,1,0,15,0,1,0.01184,0,normal,0
LG-1001,2025-01-06 15:03:30,6.555223,3.352024,24.9,77.4,1,0,15,0,1,0.01103,0,normal,0
LG-1001,2025-01-06 15:04:00,6.557256,3.351186,29.3,77.4,1,0,15,0,1,0.01043,0,normal,0
LG-1001,2025-01-06 15:04:30,6.559681,3.350274,34.6,77.3,1,0,15,0,1,0.01039,0,normal,0
LG-1001,2025-01-06 15:05:00,6.561168,3.349668,21.4,77.2,1,0,15,0,1,0.01064,0,normal,0
LG-1001,2025-01-06 15:05:30,6.56281,3.349001,23.6,77.2,1,0,15,0,1,0.01118,0,normal,0
LG-1001,2025-01-06 15:06:00,6.563634,3.34865,11.9,77.2,1,0,15,0,1,0.01154,0,normal,0
LG-1001,2025-01-06 15:06:30,6.565729,3.347791,30.2,77.1,1,0,15,0,1,0.0127,0,normal,0
LG-1001,2025-01-06 15:07:00,6.567378,3.347114,23.8,77.0,1,0,15,0,1,0.01381,0,normal,0
LG-1001,2025-01-06 15:07:30,6.568864,3.346557,21.2,77.0,1,0,15,0,1,0.01494,0,normal,0
LG-1001,2025-01-06 15:08:00,6.569816,3.346144,13.9,77.0,1,0,15,0,1,0.01568,0,normal,0
LG-1001,2025-01-06 15:08:30,6.572065,3.345228,32.4,76.9,1,0,15,0,1,0.01758,0,normal,0
LG-1001,2025-01-06 15:09:00,6.573518,3.344649,20.9,76.8,1,0,15,0,1,0.01887,0,normal,0
LG-1001,2025-01-06 15:09:30,6.575432,3.343869,27.6,76.8,1,0,15,0,1,0.02063,0,normal,0
LG-1001,2025-01-06 15:10:00,6.576481,3.343436,15.1,76.7,1,0,15,0,1,0.02162,0,normal,0
LG-1001,2025-01-06 15:10:30,6.578847,3.342475,34.1,76.7,1,0,15,0,1,0.02261,0,normal,0
LG-1001,2025-01-06 15:11:00,6.579941,3.34202,15.8,76.6,1,0,15,0,1,0.02164,0,normal,0
LG-1001,2025-01-06 15:11:30,6.581071,3.341553,16.3,76.6,1,0,15,0,1,0.02066,0,normal,0
LG-1001,2025-01-06 15:12:00,6.583275,3.34067,31.7,76.5,1,0,15,0,1,0.01882,0,normal,0
LG-1001,2025-01-06 15:12:30,6.585565,3.33975,32.9,76.4,1,0,15,0,1,0.01705,0,normal,0
LG-1001,2025-01-06 15:13:00,6.586719,3.339284,16.6,76.4,1,0,15,0,1,0.01623,0,normal,0
LG-1001,2025-01-06 15:13:30,6.588288,3.338645,22.6,76.3,1,0,15,0,1,0.01521,0,normal,0
LG-1001,2025-01-06 15:14:00,6.590298,3.337867,28.8,76.3,1,0,15,0,1,0.01407,0,normal,0
LG-1001,2025-01-06 15:14:30,6.592526,3.336951,32.1,76.2,1,0,15,0,1,0.01314,0,normal,0
LG-1001,2025-01-06 15:15:00,6.59394,3.336352,20.5,76.1,1,0,15,0,1,0.01278,0,normal,0
LG-1001,2025-01-06 15:15:30,6.595581,3.335738,23.4,76.1,1,0,15,0,1,0.0125,0,normal,0
LG-1001,2025-01-06 15:16:00,6.595946,3.337842,28.3,76.0,1,0,15,0,1,0.01046,0,normal,0
LG-1001,2025-01-06 15:16:30,6.596361,3.339919,28.1,76.0,1,0,15,0,1,0.00847,0,normal,0
LG-1001,2025-01-06 15:17:00,6.59753,3.341762,29.0,75.9,1,0,15,0,1,0.00628,0,normal,0
LG-1001,2025-01-06 15:17:30,6.598928,3.34296,24.5,75.8,1,0,15,0,1,0.00454,0,normal,0
LG-1001,2025-01-06 15:18:00,6.599902,3.343369,14.1,75.8,1,0,15,0,1,0.00379,0,normal,0
LG-1001,2025-01-06 15:18:30,6.601726,3.344468,28.4,75.7,1,0,15,0,1,0.00263,0,normal,0
LG-1001,2025-01-07 15:46:00,6.5563,3.342275,0.0,75.7,0,1,15,1,1,0.00182,0,normal,0
LG-1001,2025-01-07 15:46:30,6.55646,3.343028,10.2,75.7,1,0,15,1,1,0.0025,0,normal,0
LG-1001,2025-01-07 15:47:00,6.556461,3.345518,33.0,75.6,1,0,15,1,1,0.00475,0,normal,0
LG-1001,2025-01-07 15:47:30,6.55649,3.346994,19.6,75.6,1,0,15,1,1,0.00618,0,normal,0
LG-1001,2025-01-07 15:48:00,6.556493,3.349047,27.2,75.5,1,0,15,1,1,0.00818,0,normal,0
LG-1001,2025-01-07 15:48:30,6.556442,3.3513,29.9,75.5,1,0,15,1,1,0.0104,0,normal,0
LG-1001,2025-01-07 15:49:00,6.555169,3.351956,19.1,75.4,1,0,15,1,1,0.01096,0,normal,0
LG-1001,2025-01-07 15:49:30,6.553894,3.35248,18.4,75.4,1,0,15,1,1,0.01153,0,normal,0
LG-1001,2025-01-07 15:50:00,6.552169,3.353193,24.9,75.3,1,0,15,1,1,0.01252,0,normal,0
LG-1001,2025-01-07 15:50:30,6.550486,3.353886,24.3,75.3,1,0,15,1,1,0.01365,0,normal,0
LG-1001,2025-01-07 15:51:00,6.549065,3.354455,20.4,75.2,1,0,15,1,1,0.01471,0,normal,0
LG-1001,2025-01-07 15:51:30,6.547349,3.355156,24.7,75.1,1,0,15,1,1,0.01609,0,normal,0
LG-1001,2025-01-07 15:52:00,6.545113,3.356072,32.2,75.1,1,0,15,1,1,0.01803,0,normal,0
LG-1001,2025-01-07 15:52:30,6.543606,3.356691,21.7,75.0,1,0,15,1,1,0.01939,0,normal,0
LG-1001,2025-01-07 15:53:00,6.542481,3.356987,15.5,75.0,1,0,15,1,1,0.02031,0,normal,0
LG-1001,2025-01-07 15:53:30,6.541126,3.356488,19.3,74.9,1,0,15,1,1,0.02079,0,normal,0
LG-1001,2025-01-07 15:54:00,6.539893,3.355624,20.1,74.9,1,0,15,1,1,0.02103,0,normal,0
LG-1001,2025-01-07 15:54:30,6.539036,3.354997,14.2,74.9,1,0,15,1,1,0.02123,0,normal,0
LG-1001,2025-01-07 15:55:00,6.538102,3.354387,14.9,74.8,1,0,15,1,1,0.02156,0,normal,0
LG-1001,2025-01-07 15:55:30,6.536419,3.353317,26.6,74.8,1,0,15,1,1,0.02229,0,normal,0
LG-1001,2025-01-07 15:56:00,6.53522,3.352569,18.8,74.7,1,0,15,1,1,0.02291,0,normal,0
LG-1001,2025-01-07 15:56:30,6.532855,3.35252,31.6,74.6,1,0,15,1,1,0.02496,0,normal,0
LG-1001,2025-01-07 15:57:00,6.531656,3.352881,16.7,74.6,1,0,15,1,1,0.02536,0,normal,0
LG-1001,2025-01-07 15:57:30,6.53069,3.35317,13.5,74.6,1,0,15,1,1,0.02451,0,normal,0
LG-1001,2025-01-07 15:58:00,6.52867,3.353779,28.2,74.5,1,0,15,1,1,0.02278,0,normal,0
LG-1001,2025-01-07 15:58:30,6.526867,3.355087,29.7,74.4,1,0,15,1,1,0.02066,0,normal,0
LG-1001,2025-01-07 15:59:00,6.526576,3.356362,17.4,74.4,1,0,15,1,1,0.01946,0,normal,0
LG-1001,2025-01-07 15:59:30,6.526395,3.35753,15.7,74.4,1,0,15,1,1,0.01842,0,normal,0
LG-1001,2025-01-07 16:00:00,6.526264,3.358677,15.3,74.3,1,0,16,1,1,0.01745,0,normal,0
LG-1001,2025-01-07 16:00:30,6.525519,3.360192,22.4,74.3,1,0,16,1,1,0.01581,0,normal,0
LG-1001,2025-01-07 16:01:00,6.524534,3.361491,21.7,74.2,1,0,16,1,1,0.01419,0,normal,0
LG-1001,2025-01-07 16:01:30,6.523732,3.362485,17.0,74.2,1,0,16,1,1,0.01291,0,normal,0
LG-1001,2025-01-07 16:02:00,6.523042,3.363088,12.2,74.2,1,0,16,1,1,0.012,0,normal,0
LG-1001,2025-01-07 16:02:30,6.521624,3.363937,22.0,74.1,1,0,16,1,1,0.01044,0,normal,0
LG-1001,2025-01-07 16:03:00,6.519485,3.365143,32.7,74.0,1,0,16,1,1,0.00819,0,normal,0
LG-1001,2025-01-07 16:03:30,6.517574,3.365338,25.7,74.0,1,0,16,1,1,0.00714,0,normal,0
LG-1001,2025-01-07 16:04:00,6.515961,3.364902,22.3,73.9,1,0,16,1,1,0.00716,0,normal,0
LG-1001,2025-01-07 16:04:30,6.514983,3.364586,13.7,73.9,1,0,16,1,1,0.00741,0,normal,0
LG-1001,2025-01-07 16:05:00,6.513767,3.364238,16.9,73.8,1,0,16,1,1,0.00786,0,normal,0
LG-1001,2025-01-07 16:05:30,6.512489,3.363847,17.9,73.8,1,0,16,1,1,0.00853,0,normal,0
LG-1001,2025-01-07 16:06:00,6.510459,3.363204,28.4,73.7,1,0,16,1,1,0.0099,0,normal,0
LG-1001,2025-01-07 16:06:30,6.508172,3.363262,30.6,73.7,1,0,16,1,1,0.01057,0,normal,0
LG-1001,2025-01-07 16:07:00,6.505877,3.363807,31.5,73.6,1,0,16,1,1,0.009,0,normal,0
LG-1001,2025-01-07 16:07:30,6.503444,3.363687,32.5,73.5,1,0,16,1,1,0.00722,0,normal,0
LG-1001,2025-01-07 16:08:00,6.501117,3.362784,33.3,73.4,1,0,16,1,1,0.00523,0,normal,0
LG-1001,2025-01-07 16:08:30,6.498798,3.362006,32.7,73.4,1,0,16,1,1,0.00401,0,normal,0
LG-1001,2025-01-07 16:09:00,6.497863,3.361776,12.9,73.3,1,0,16,1,1,0.00394,0,normal,0
LG-1001,2025-01-07 16:09:30,6.496806,3.361594,14.3,73.3,1,0,16,1,1,0.00421,0,normal,0
LG-1001,2025-01-07 16:10:00,6.495454,3.361548,18.1,73.3,1,0,16,1,1,0.00502,0,normal,0
LG-1001,2025-01-07 16:10:30,6.493726,3.361913,23.6,73.2,1,0,16,1,1,0.00657,0,normal,0
LG-1001,2025-01-07 16:11:00,6.492778,3.362247,13.4,73.2,1,0,16,1,1,0.00753,0,normal,0
LG-1001,2025-01-07 16:11:30,6.490652,3.36303,30.2,73.1,1,0,16,1,1,0.00975,0,normal,0
LG-1001,2025-01-07 16:12:00,6.488879,3.363656,25.1,73.0,1,0,16,1,1,0.01159,0,normal,0
LG-1001,2025-01-07 16:12:30,6.487231,3.36426,23.4,73.0,1,0,16,1,1,0.01333,0,normal,0
LG-1001,2025-01-07 16:13:00,6.48618,3.364646,15.0,73.0,1,0,16,1,1,0.01444,0,normal,0
LG-1001,2025-01-07 16:13:30,6.485001,3.365112,16.9,72.9,1,0,16,1,1,0.0157,0,normal,0
LG-1001,2025-01-07 16:14:00,6.484004,3.365603,14.8,72.9,1,0,16,1,1,0.01681,0,normal,0
LG-1001,2025-01-07 16:14:30,6.482199,3.366977,30.2,72.8,1,0,16,1,1,0.01905,0,normal,0
LG-1001,2025-01-07 16:15:00,6.481014,3.368364,24.3,72.7,1,0,16,1,1,0.02076,0,normal,0
LG-1001,2025-01-07 16:15:30,6.479742,3.370009,27.7,72.7,1,0,16,1,1,0.0227,0,normal,0
LG-1001,2025-01-07 16:16:00,6.478922,3.371069,17.8,72.6,1,0,16,1,1,0.02396,0,normal,0
LG-1001,2025-01-07 16:16:30,6.47802,3.372225,19.5,72.6,1,0,16,1,1,0.02535,0,normal,0
LG-1001,2025-01-07 16:17:00,6.477084,3.373427,20.3,72.5,1,0,16,1,1,0.0268,0,normal,0
LG-1001,2025-01-07 16:17:30,6.475709,3.375038,28.2,72.5,1,0,16,1,1,0.02876,0,normal,0
LG-1001,2025-01-07 16:18:00,6.473925,3.376206,28.4,72.4,1,0,16,1,1,0.02667,0,normal,0
LG-1001,2025-01-07 16:18:30,6.472813,3.376627,15.9,72.4,1,0,16,1,1,0.02559,0,normal,0
LG-1001,2025-01-07 16:19:00,6.470501,3.377365,32.4,72.3,1,0,16,1,1,0.02348,0,normal,0
LG-1001,2025-01-07 16:19:30,6.470501,3.377365,0.0,72.3,1,1,16,1,1,0.02348,0,normal,0
LG-1001,2025-01-07 16:20:00,6.470501,3.377365,0.0,72.3,1,2,16,1,1,0.02348,0,normal,0
LG-1001,2025-01-07 16:20:30,6.470501,3.377365,0.0,72.3,1,3,16,1,1,0.02348,0,normal,0
LG-1001,2025-01-07 16:21:00,6.470501,3.377365,0.0,72.3,1,4,16,1,1,0.02348,0,normal,0
LG-1001,2025-01-07 16:21:30,6.470501,3.377365,0.0,72.3,1,5,16,1,1,0.02348,0,normal,0
LG-1001,2025-01-07 16:22:00,6.470501,3.377365,0.0,72.3,1,6,16,1,1,0.02348,0,normal,0
LG-1001,2025-01-07 16:22:30,6.470501,3.377365,0.0,72.3,1,7,16,1,1,0.02348,0,normal,0
LG-1001,2025-01-07 16:23:00,6.470501,3.377365,0.0,72.3,1,8,16,1,1,0.02348,0,normal,0
LG-1001,2025-01-07 16:23:30,6.470501,3.377365,0.0,72.3,1,9,16,1,1,0.02348,0,normal,0
LG-1001,2025-01-07 16:24:00,6.469503,3.377673,14.0,72.3,1,0,16,1,1,0.0226,0,normal,0
LG-1001,2025-01-07 16:24:30,6.467274,3.378417,31.4,72.2,1,0,16,1,1,0.02063,0,normal,0
LG-1001,2025-01-07 16:25:00,6.466375,3.378874,13.5,72.2,1,0,16,1,1,0.01973,0,normal,0
LG-1001,2025-01-07 16:25:30,6.465292,3.37957,17.2,72.1,1,0,16,1,1,0.01855,0,normal,0
LG-1001,2025-01-07 16:26:00,6.463384,3.380795,30.2,72.1,1,0,16,1,1,0.0165,0,normal,0
LG-1001,2025-01-07 16:26:30,6.462422,3.381413,15.3,72.0,1,0,16,1,1,0.01548,0,normal,0
LG-1001,2025-01-07 16:27:00,6.461105,3.382204,20.5,72.0,1,0,16,1,1,0.01418,0,normal,0
LG-1001,2025-01-07 16:27:30,6.459569,3.382646,21.3,71.9,1,0,16,1,1,0.01317,0,normal,0
LG-1001,2025-01-07 16:28:00,6.458323,3.382696,16.7,71.9,1,0,16,1,1,0.01274,0,normal,0
LG-1001,2025-01-07 16:28:30,6.456386,3.382081,27.1,71.8,1,0,16,1,1,0.01299,0,normal,0
LG-1001,2025-01-07 16:29:00,6.454213,3.38239,29.3,71.8,1,0,16,1,1,0.01263,0,normal,0
LG-1001,2025-01-07 16:29:30,6.452761,3.384159,30.5,71.7,1,0,16,1,1,0.01107,0,normal,0
LG-1001,2025-01-07 16:30:00,6.452145,3.385431,18.8,71.6,1,0,16,1,1,0.00999,0,normal,0
LG-1001,2025-01-07 16:30:30,6.451321,3.386958,23.1,71.6,1,0,16,1,1,0.00884,0,normal,0
LG-1001,2025-01-07 16:31:00,6.450722,3.388067,16.7,71.5,1,0,16,1,1,0.00815,0,normal,0
LG-1001,2025-01-07 16:31:30,6.450093,3.389151,16.7,71.5,1,0,16,1,1,0.00764,0,normal,0
LG-1001,2025-01-07 16:32:00,6.449523,3.390107,14.8,71.5,1,0,16,1,1,0.00734,0,normal,0
LG-1001,2025-01-07 16:32:30,6.448234,3.392161,32.2,71.4,1,0,16,1,1,0.00734,0,normal,0
LG-1001,2025-01-07 16:33:00,6.446914,3.394089,31.1,71.3,1,0,16,1,1,0.00814,0,normal,0
LG-1001,2025-01-07 16:33:30,6.4457,3.395863,28.6,71.3,1,0,16,1,1,0.00934,0,normal,0
LG-1001,2025-01-07 16:34:00,6.44474,3.397283,22.8,71.2,1,0,16,1,1,0.01051,0,normal,0
LG-1001,2025-01-07 16:34:30,6.443766,3.398636,22.2,71.2,1,0,16,1,1,0.01181,0,normal,0
LG-1001,2025-01-07 16:35:00,6.442652,3.399961,23.0,71.1,1,0,16,1,1,0.01331,0,normal,0
LG-1001,2025-01-07 16:35:30,6.441564,3.401307,23.0,71.0,1,0,16,1,1,0.01484,0,normal,0
LG-1001,2025-01-07 16:36:00,6.440898,3.402727,20.8,71.0,1,0,16,1,1,0.01608,0,normal,0
LG-1001,2025-01-07 16:36:30,6.440349,3.403638,14.1,71.0,1,0,16,1,1,0.01701,0,normal,0
LG-1001,2025-01-07 16:37:00,6.4398,3.404537,14.0,70.9,1,0,16,1,1,0.01794,0,normal,0
LG-1001,2025-01-07 16:37:30,6.438427,3.40656,32.5,70.9,1,0,16,1,1,0.01781,0,normal,0
LG-1001,2025-01-07 16:38:00,6.437291,3.407738,21.8,70.8,1,0,16,1,1,0.01619,0,normal,0
LG-1001,2025-01-07 16:38:30,6.43501,3.40859,32.5,70.7,1,0,16,1,1,0.01425,0,normal,0
LG-1001,2025-01-07 16:39:00,6.433907,3.408765,14.9,70.7,1,0,16,1,1,0.01359,0,normal,0
LG-1001,2025-01-07 16:39:30,6.432133,3.408812,23.7,70.6,1,0,16,1,1,0.01287,0,normal,0
LG-1001,2025-01-07 16:40:00,6.430942,3.408799,15.9,70.6,1,0,16,1,1,0.01255,0,normal,0
LG-1001,2025-01-07 16:40:30,6.429917,3.409041,14.1,70.6,1,0,16,1,1,0.01211,0,normal,0
LG-1001,2025-01-07 16:41:00,6.429925,3.409933,11.8,70.5,1,0,16,1,1,0.01123,0,normal,0
LG-1001,2025-01-07 16:41:30,6.430064,3.410963,13.8,70.5,1,0,16,1,1,0.01025,0,normal,0
LG-1001,2025-01-07 16:42:00,6.430547,3.413288,31.5,70.4,1,0,16,1,1,0.00812,0,normal,0
LG-1001,2025-01-07 16:42:30,6.430563,3.414671,18.4,70.4,1,0,16,1,1,0.00683,0,normal,0
LG-1001,2025-01-07 16:43:00,6.430523,3.416536,24.8,70.3,1,0,16,1,1,0.00513,0,normal,0
LG-1001,2025-01-07 16:43:30,6.430236,3.418132,21.5,70.3,1,0,16,1,1,0.00364,0,normal,0
LG-1001,2025-01-07 16:44:00,6.429882,3.419606,20.1,70.2,1,0,16,1,1,0.00234,0,normal,0
LG-1001,2025-01-07 16:44:30,6.429441,3.421286,23.1,70.2,1,0,16,1,1,0.00147,0,normal,0
LG-1001,2025-01-07 16:45:00,6.428312,3.421322,15.1,70.1,1,0,16,1,1,0.00045,0,normal,0
LG-1001,2025-01-07 16:45:30,6.427811,3.421001,7.9,70.1,1,0,16,1,1,0.00019,0,normal,0
LG-1001,2025-01-08 08:43:00,6.59821,3.345922,0.0,70.1,0,1,8,2,1,0.00299,0,normal,0
LG-1001,2025-01-08 08:43:30,6.592667,3.342875,84.4,69.9,1,0,8,2,1,0.0093,0,normal,0
LG-1001,2025-01-08 08:44:00,6.590646,3.338416,65.0,69.8,1,0,8,2,1,0.01345,0,normal,0
LG-1001,2025-01-08 08:44:30,6.591161,3.336875,21.6,69.7,1,0,8,2,1,0.01412,0,normal,0
LG-1001,2025-01-08 08:45:00,6.586951,3.33898,62.8,69.6,1,0,8,2,1,0.01618,0,normal,0
LG-1001,2025-01-08 08:45:30,6.579912,3.34185,101.4,69.3,1,0,8,2,1,0.02171,0,normal,0
LG-1001,2025-01-08 08:46:00,6.573806,3.344341,88.0,69.1,1,0,8,2,1,0.0191,0,normal,0
LG-1001,2025-01-08 08:46:30,6.566997,3.347094,98.0,68.9,1,0,8,2,1,0.01346,0,normal,0
LG-1001,2025-01-08 08:47:00,6.559957,3.349954,101.4,68.7,1,0,8,2,1,0.01023,0,normal,0
LG-1001,2025-01-08 08:47:30,6.556256,3.350751,50.6,68.6,1,0,8,2,1,0.00983,0,normal,0
LG-1001,2025-01-08 08:48:00,6.552399,3.343621,107.7,68.3,1,0,8,2,1,0.00369,0,normal,0
LG-1001,2025-01-08 08:48:30,6.549792,3.338823,72.6,68.1,1,0,8,2,1,0.00564,0,normal,0
LG-1001,2025-01-08 08:49:00,6.543458,3.337382,86.7,67.9,1,0,8,2,1,0.0121,0,normal,0
LG-1001,2025-01-08 08:49:30,6.540521,3.337098,39.4,67.8,1,0,8,2,1,0.015,0,normal,0
LG-1001,2025-01-08 08:50:00,6.531796,3.336187,110.0,67.6,1,0,8,2,1,0.0237,0,normal,0
LG-1001,2025-01-08 08:50:30,6.527232,3.335718,61.3,67.4,1,0,8,2,1,0.02827,0,normal,0
LG-1001,2025-01-08 08:51:00,6.523946,3.335396,44.1,67.3,1,0,8,2,1,0.03156,0,normal,0
LG-1001,2025-01-08 08:51:30,6.51836,3.334723,75.2,67.2,1,0,8,2,1,0.03028,0,normal,0
LG-1001,2025-01-08 08:52:00,6.51513,3.333005,48.8,67.1,1,0,8,2,1,0.02975,0,normal,0
LG-1001,2025-01-08 08:52:30,6.513016,3.329837,50.6,66.9,1,0,8,2,1,0.03146,0,normal,0
LG-1001,2025-01-08 08:53:00,6.509017,3.324704,86.6,66.7,1,0,8,2,1,0.03477,0,normal,0
LG-1001,2025-01-08 08:53:30,6.504067,3.322985,69.9,66.6,1,0,8,2,1,0.03538,0,normal,0
LG-1001,2025-01-08 08:54:00,6.495954,3.321396,110.0,66.3,1,0,8,2,1,0.03673,0,normal,0
LG-1001,2025-01-08 08:54:30,6.491499,3.323141,63.9,66.2,1,0,8,2,1,0.03566,0,normal,0
LG-1001,2025-01-08 08:55:00,6.485115,3.326471,96.1,65.9,1,0,8,2,1,0.03445,0,normal,0
LG-1001,2025-01-08 08:55:30,6.479583,3.32737,74.8,65.8,1,0,8,2,1,0.03627,0,normal,0
LG-1001,2025-01-08 08:56:00,6.473129,3.325429,90.0,65.6,1,0,8,2,1,0.04134,0,normal,0
LG-1001,2025-01-08 08:56:30,6.468184,3.321288,85.9,65.4,1,0,8,2,1,0.04231,0,normal,0
LG-1001,2025-01-08 08:57:00,6.464048,3.317359,76.0,65.2,1,0,8,2,1,0.04428,0,normal,0
LG-1001,2025-01-08 08:57:30,6.460197,3.310471,104.9,64.9,1,0,8,2,1,0.0498,0,normal,0
LG-1001,2025-01-08 08:58:00,6.460275,3.305522,65.7,64.8,1,0,8,2,1,0.05465,0,normal,0
LG-1001,2025-01-08 08:58:30,6.460187,3.301546,52.8,64.7,1,0,8,2,1,0.05853,0,normal,0
LG-1001,2025-01-08 08:59:00,6.460207,3.294626,91.9,64.4,1,0,8,2,1,0.06534,0,normal,0
LG-1001,2025-01-08 08:59:30,6.459976,3.286732,104.8,64.2,1,0,8,2,1,0.0731,0,normal,0
LG-1001,2025-01-08 09:00:00,6.459576,3.283583,42.1,64.1,1,0,9,2,1,0.07615,0,normal,0
LG-1001,2025-01-08 09:00:30,6.458899,3.278046,74.1,63.9,1,0,9,2,1,0.08156,0,normal,0
LG-1001,2025-01-08 09:01:00,6.460159,3.271262,91.6,63.7,1,0,9,2,1,0.08844,0,normal,0
LG-1001,2025-01-08 09:01:30,6.457841,3.265338,84.5,63.5,1,0,9,2,1,0.09408,0,normal,0
LG-1001,2025-01-08 09:02:00,6.456214,3.257108,110.0,63.3,1,0,9,2,1,0.10215,0,normal,0
LG-1001,2025-01-08 09:02:30,6.455476,3.251095,80.4,63.1,1,0,9,2,1,0.1081,0,normal,0
LG-1001,2025-01-08 09:03:00,6.456395,3.244392,89.8,62.9,1,0,9,2,1,0.11485,0,normal,0
LG-1001,2025-01-08 09:03:30,6.457755,3.239878,62.6,62.7,1,0,9,2,1,0.11944,0,normal,0
LG-1001,2025-01-08 09:04:00,6.460044,3.231697,110.0,62.5,1,0,9,2,1,0.12778,0,normal,0
LG-1001,2025-01-08 09:04:30,6.460137,3.226613,67.5,62.3,1,0,9,2,1,0.13285,0,normal,0
LG-1001,2025-01-08 09:05:00,6.460026,3.219338,96.6,62.1,1,0,9,2,1,0.1401,0,normal,0
LG-1001,2025-01-08 09:05:30,6.459962,3.214033,70.4,61.9,1,0,9,2,1,0.14538,0,normal,0
LG-1001,2025-01-08 09:06:00,6.459817,3.207873,81.8,61.7,1,0,9,2,1,0.15151,0,normal,0
LG-1001,2025-01-08 09:06:30,6.462451,3.201312,93.9,61.5,1,0,9,2,1,0.15826,1,route_deviation,0
LG-1001,2025-01-08 09:07:00,6.465943,3.196532,78.7,61.3,1,0,9,2,1,0.16335,1,route_deviation,0
LG-1001,2025-01-08 09:07:30,6.470815,3.189856,109.9,61.1,1,0,9,2,1,0.17049,1,route_deviation,0
LG-1001,2025-01-08 09:08:00,6.474051,3.185547,71.7,60.9,1,0,9,2,1,0.17425,1,route_deviation,0
LG-1001,2025-01-08 09:08:30,6.477911,3.180038,89.5,60.7,1,0,9,2,1,0.17847,1,route_deviation,0
LG-1001,2025-01-08 09:09:00,6.480716,3.175969,65.7,60.5,1,0,9,2,1,0.18098,1,route_deviation,0
LG-1001,2025-01-08 09:09:30,6.483375,3.171347,70.9,60.4,1,0,9,2,1,0.18415,1,route_deviation,0
LG-1001,2025-01-08 09:10:00,6.486079,3.166532,73.4,60.2,1,0,9,2,1,0.18759,1,route_deviation,0
LG-1001,2025-01-08 09:10:30,6.487875,3.163324,48.9,60.1,1,0,9,2,1,0.18993,1,route_deviation,0
LG-1001,2025-01-08 09:11:00,6.489565,3.160287,46.2,60.0,1,0,9,2,1,0.1922,1,route_deviation,0
LG-1001,2025-01-08 09:11:30,6.492787,3.154239,91.1,59.8,1,0,9,2,1,0.19685,1,route_deviation,0
LG-1001,2025-01-08 09:12:00,6.494093,3.147618,89.6,59.6,1,0,9,2,1,0.20275,1,route_deviation,0
LG-1001,2025-01-08 09:12:30,6.494179,3.140787,90.7,59.3,1,0,9,2,1,0.20925,1,route_deviation,0
LG-1001,2025-01-08 09:13:00,6.494231,3.137734,40.5,59.2,1,0,9,2,1,0.21216,1,route_deviation,0
LG-1001,2025-01-08 09:13:30,6.494463,3.132887,64.4,59.1,1,0,9,2,1,0.21674,1,route_deviation,0
LG-1001,2025-01-08 09:14:00,6.495133,3.128843,54.4,59.0,1,0,9,2,1,0.22044,1,route_deviation,0
LG-1001,2025-01-08 09:14:30,6.496422,3.121447,99.7,58.7,1,0,9,2,1,0.22723,1,route_deviation,0
LG-1001,2025-01-08 09:15:00,6.497802,3.113574,106.1,58.5,1,0,9,2,1,0.23451,1,route_deviation,0
LG-1001,2025-01-08 09:15:30,6.498552,3.109252,58.2,58.4,1,0,9,2,1,0.23852,1,route_deviation,0
LG-1001,2025-01-08 09:16:00,6.499727,3.102493,91.1,58.1,1,0,9,2,1,0.24483,1,route_deviation,0
LG-1001,2025-01-08 09:16:30,6.500338,3.098846,49.1,58.0,1,0,9,2,1,0.24825,1,route_deviation,0
LG-1001,2025-01-08 09:17:00,6.500198,3.094319,60.1,57.9,1,0,9,2,1,0.25269,1,route_deviation,0
LG-1001,2025-01-08 09:17:30,6.500198,3.094319,0.0,57.9,1,1,9,2,1,0.25269,1,route_deviation,0
LG-1001,2025-01-08 09:18:00,6.500198,3.094319,0.0,57.9,1,2,9,2,1,0.25269,1,route_deviation,0
LG-1001,2025-01-08 09:18:30,6.500198,3.094319,0.0,57.9,1,3,9,2,1,0.25269,1,route_deviation,0
LG-1001,2025-01-08 09:19:00,6.500198,3.094319,0.0,57.9,1,4,9,2,1,0.25269,1,route_deviation,0
LG-1001,2025-01-08 09:19:30,6.500198,3.094319,0.0,57.9,1,5,9,2,1,0.25269,1,route_deviation,0
LG-1001,2025-01-08 09:20:00,6.500198,3.094319,0.0,57.9,1,6,9,2,1,0.25269,1,route_deviation,0
LG-1001,2025-01-08 09:20:30,6.500198,3.094319,0.0,57.9,1,7,9,2,1,0.25269,1,route_deviation,0
LG-1001,2025-01-08 09:21:00,6.500198,3.094319,0.0,57.9,1,8,9,2,1,0.25269,1,route_deviation,0
LG-1001,2025-01-08 09:21:30,6.500198,3.094319,0.0,57.9,1,9,9,2,1,0.25269,1,route_deviation,0
LG-1001,2025-01-08 09:22:00,6.500198,3.094319,0.0,57.9,1,10,9,2,1,0.25269,1,route_deviation,0
LG-1001,2025-01-08 09:22:30,6.500198,3.094319,0.0,57.9,1,11,9,2,1,0.25269,1,route_deviation,0
LG-1001,2025-01-08 09:23:00,6.498966,3.090787,49.7,57.8,1,0,9,2,1,0.25641,1,route_deviation,0
LG-1001,2025-01-08 09:23:30,6.496969,3.086641,61.2,57.6,1,0,9,2,1,0.2609,1,route_deviation,0
LG-1001,2025-01-08 09:24:00,6.493971,3.080424,91.7,57.4,1,0,9,2,1,0.26763,1,route_deviation,0
LG-1001,2025-01-08 09:24:30,6.490364,3.072965,110.0,57.2,1,0,9,2,1,0.27572,1,route_deviation,0
LG-1001,2025-01-08 09:25:00,6.488561,3.069253,54.8,57.0,1,0,9,2,1,0.27975,1,route_deviation,0
LG-1001,2025-01-08 09:25:30,6.486764,3.063434,80.9,56.8,1,0,9,2,1,0.28583,1,route_deviation,0
LG-1001,2025-01-08 09:26:00,6.485734,3.056452,93.7,56.6,1,0,9,2,1,0.29286,1,route_deviation,0
LG-1001,2025-01-08 09:26:30,6.484482,3.048009,110.0,56.4,1,0,9,2,1,0.30136,1,route_deviation,0
LG-1001,2025-01-08 09:27:00,6.483529,3.041558,86.6,56.2,1,0,9,2,1,0.30785,1,route_deviation,0
LG-1001,2025-01-08 09:27:30,6.482883,3.037169,58.9,56.0,1,0,9,2,1,0.31227,1,route_deviation,0
LG-1001,2025-01-08 09:28:00,6.481931,3.030626,87.8,55.8,1,0,9,2,1,0.31886,1,route_deviation,0
LG-1001,2025-01-08 09:28:30,6.480975,3.025916,63.8,55.7,1,0,9,2,1,0.32366,1,route_deviation,0
LG-1001,2025-01-08 09:29:00,6.475836,3.01901,110.0,55.4,1,0,9,2,1,0.33158,1,route_deviation,0
LG-1001,2025-01-08 09:29:30,6.474295,3.013992,69.7,55.3,1,0,9,2,1,0.33682,1,route_deviation,0
LG-1001,2025-01-08 09:30:00,6.473412,3.007084,92.4,55.0,1,0,9,2,1,0.34374,1,route_deviation,0
LG-1001,2025-01-08 09:30:30,6.473016,3.004036,40.8,54.9,1,0,9,2,1,0.34679,1,route_deviation,0
LG-1001,2025-01-08 09:31:00,6.472343,2.998792,70.2,54.8,1,0,9,2,1,0.35205,1,route_deviation,0
LG-1001,2025-01-08 09:31:30,6.471295,2.990782,107.2,54.5,1,0,9,2,1,0.36008,1,route_deviation,0
LG-1001,2025-01-08 09:32:00,6.469405,2.984566,86.3,54.3,1,0,9,2,1,0.36657,1,route_deviation,0
LG-1001,2025-01-08 09:32:30,6.467276,2.979446,73.7,54.2,1,0,9,2,1,0.37204,1,route_deviation,0
LG-1001,2025-01-08 09:33:00,6.464039,2.971656,110.0,53.9,1,0,9,2,1,0.38038,1,route_deviation,0
LG-1001,2025-01-08 09:33:30,6.460978,2.964315,105.7,53.6,1,0,9,2,1,0.38824,1,route_deviation,0
LG-1001,2025-01-08 09:34:00,6.458218,2.960417,63.5,53.5,1,0,9,2,1,0.3927,1,route_deviation,0
LG-1001,2025-01-08 09:34:30,6.453218,2.956861,81.8,53.3,1,0,9,2,1,0.39739,1,route_deviation,0
LG-1001,2025-01-08 09:35:00,6.448506,2.953456,77.5,53.1,1,0,9,2,1,0.40191,1,route_deviation,0
LG-1001,2025-01-08 09:35:30,6.44304,2.949671,88.6,52.9,1,0,9,2,1,0.40703,1,route_deviation,0
LG-1001,2025-01-08 09:36:00,6.440393,2.945659,63.9,52.8,1,0,9,2,1,0.41162,1,route_deviation,0
LG-1001,2025-01-08 09:36:30,6.44024,2.941307,57.8,52.6,1,0,9,2,1,0.41584,1,route_deviation,0
LG-1001,2025-01-08 09:37:00,6.440474,2.933011,110.0,52.4,1,0,9,2,1,0.42376,1,route_deviation,0
LG-1001,2025-01-08 09:37:30,6.4407,2.924649,110.0,52.1,1,0,9,2,1,0.43176,1,route_deviation,0
LG-1001,2025-01-08 09:38:00,6.440711,2.916764,104.7,51.9,1,0,9,2,1,0.43936,1,route_deviation,0
LG-1001,2025-01-08 09:38:30,6.439727,2.908143,110.0,51.6,1,0,9,2,1,0.44794,1,route_deviation,0
LG-1001,2025-01-08 09:39:00,6.437651,2.901151,96.9,51.4,1,0,9,2,1,0.45523,1,route_deviation,0
LG-1001,2025-01-08 09:39:30,6.432037,2.896504,97.1,51.2,1,0,9,2,1,0.46119,1,route_deviation,0
LG-1001,2025-01-08 09:40:00,6.427485,2.891332,91.7,51.0,1,0,9,2,1,0.4674,1,route_deviation,0
LG-1001,2025-01-08 09:40:30,6.431245,2.888733,60.9,50.8,1,0,9,2,1,0.46889,1,route_deviation,0
LG-1001,2025-01-08 09:41:00,6.431769,2.887689,15.5,50.8,1,0,9,2,1,0.46976,1,route_deviation,0
LG-1001,2025-01-08 09:41:30,6.431769,2.887689,0.0,50.8,0,1,9,2,1,0.46976,1,route_deviation,0
LG-1001,2025-01-08 09:42:00,6.431769,2.887689,0.0,50.8,0,2,9,2,1,0.46976,1,route_deviation,0
LG-1001,2025-01-08 09:42:30,6.431769,2.887689,0.0,50.8,0,3,9,2,1,0.46976,1,route_deviation,0
LG-1001,2025-01-09 09:26:00,6.500252,3.356346,0.0,50.8,0,1,9,3,1,0.00207,0,normal,0
LG-1001,2025-01-09 09:26:30,6.499884,3.357757,19.3,50.7,1,0,9,3,1,0.00092,0,normal,0
LG-1001,2025-01-09 09:27:00,6.500715,3.358284,13.1,50.7,1,0,9,3,1,0.00174,0,normal,0
LG-1001,2025-01-09 09:27:30,6.499543,3.358832,17.3,50.7,1,0,9,3,1,0.00099,0,normal,0
LG-1001,2025-01-09 09:28:00,6.498233,3.359902,22.5,50.6,1,0,9,3,1,0.00205,0,normal,0
LG-1001,2025-01-09 09:28:30,6.496339,3.361371,31.9,50.5,1,0,9,3,1,0.00429,0,normal,0
LG-1001,2025-01-09 09:29:00,6.494933,3.36148,18.8,50.5,1,0,9,3,1,0.00535,0,normal,0
LG-1001,2025-01-09 09:29:30,6.492257,3.362357,37.6,50.4,1,0,9,3,1,0.00803,0,normal,0
LG-1001,2025-01-09 09:30:00,6.490989,3.362855,18.2,50.4,1,0,9,3,1,0.00937,0,normal,0
LG-1001,2025-01-09 09:30:30,6.489153,3.363561,26.3,50.3,1,0,9,3,1,0.01131,0,normal,0
LG-1001,2025-01-09 09:31:00,6.486039,3.364701,44.3,50.2,1,0,9,3,1,0.01459,0,normal,0
LG-1001,2025-01-09 09:31:30,6.484622,3.365283,20.4,50.1,1,0,9,3,1,0.01612,0,normal,0
LG-1001,2025-01-09 09:32:00,6.483365,3.365997,19.3,50.1,1,0,9,3,1,0.01756,0,normal,0
LG-1001,2025-01-09 09:32:30,6.481848,3.367356,27.1,50.0,1,0,9,3,1,0.01954,0,normal,0
LG-1001,2025-01-09 09:33:00,6.480303,3.369291,33.0,50.0,1,0,9,3,1,0.02184,0,normal,0
LG-1001,2025-01-09 09:33:30,6.478353,3.371792,42.2,49.9,1,0,9,3,1,0.02483,0,normal,0
LG-1001,2025-01-09 09:34:00,6.476335,3.374373,43.6,49.8,1,0,9,3,1,0.02796,0,normal,0
LG-1001,2025-01-09 09:34:30,6.475448,3.375265,16.8,49.7,1,0,9,3,1,0.02842,0,normal,0
LG-1001,2025-01-09 09:35:00,6.47427,3.376034,18.8,49.7,1,0,9,3,1,0.02704,0,normal,0
LG-1001,2025-01-09 09:35:30,6.471592,3.377012,38.1,49.6,1,0,9,3,1,0.02447,0,normal,0
LG-1001,2025-01-09 09:36:00,6.469967,3.37753,22.8,49.5,1,0,9,3,1,0.023,0,normal,0
LG-1001,2025-01-09 09:36:30,6.467062,3.378503,40.9,49.4,1,0,9,3,1,0.02044,0,normal,0
LG-1001,2025-01-09 09:37:00,6.464867,3.379842,34.3,49.4,1,0,9,3,1,0.01809,0,normal,0
LG-1001,2025-01-09 09:37:30,6.463728,3.380574,18.1,49.3,1,0,9,3,1,0.01686,0,normal,0
LG-1001,2025-01-09 09:38:00,6.461234,3.382145,39.3,49.2,1,0,9,3,1,0.01429,0,normal,0
LG-1001,2025-01-09 09:38:30,6.459806,3.382584,19.9,49.2,1,0,9,3,1,0.01331,0,normal,0
LG-1001,2025-01-09 09:39:00,6.457791,3.382586,26.9,49.1,1,0,9,3,1,0.01272,0,normal,0
LG-1001,2025-01-09 09:39:30,6.455565,3.381953,30.9,49.0,1,0,9,3,1,0.01306,0,normal,0
LG-1001,2025-01-09 09:40:00,6.453624,3.38289,28.8,49.0,1,0,9,3,1,0.01219,0,normal,0
LG-1001,2025-01-09 09:40:30,6.452294,3.385137,34.7,48.9,1,0,9,3,1,0.01023,0,normal,0
LG-1001,2025-01-09 09:41:00,6.45109,3.387386,33.9,48.8,1,0,9,3,1,0.00856,0,normal,0
LG-1001,2025-01-09 09:41:30,6.449439,3.390244,43.9,48.7,1,0,9,3,1,0.00732,0,normal,0
LG-1001,2025-01-09 09:42:00,6.447643,3.393033,44.1,48.6,1,0,9,3,1,0.00762,0,normal,0
LG-1001,2025-01-09 09:42:30,6.446365,3.394884,29.9,48.5,1,0,9,3,1,0.00864,0,normal,0
LG-1001,2025-01-09 09:43:00,6.445625,3.395973,17.5,48.5,1,0,9,3,1,0.00943,0,normal,0
LG-1001,2025-01-09 09:43:30,6.444077,3.398206,36.1,48.4,1,0,9,3,1,0.01138,0,normal,0
LG-1001,2025-01-09 09:44:00,6.441952,3.400677,43.4,48.3,1,0,9,3,1,0.01423,0,normal,0
LG-1001,2025-01-09 09:44:30,6.441159,3.402294,23.9,48.3,1,0,9,3,1,0.01565,0,normal,0
LG-1001,2025-01-09 09:45:00,6.44006,3.404115,28.3,48.2,1,0,9,3,1,0.0175,0,normal,0
LG-1001,2025-01-09 09:45:30,6.438926,3.405817,27.2,48.1,1,0,9,3,1,0.01871,0,normal,0
LG-1001,2025-01-09 09:46:00,6.438187,3.40678,16.1,48.1,1,0,9,3,1,0.01749,0,normal,0
LG-1001,2025-01-09 09:46:30,6.437596,3.408558,24.9,48.0,1,0,9,3,1,0.01571,0,normal,0
LG-1001,2025-01-09 09:47:00,6.438094,3.410341,24.6,48.0,1,0,9,3,1,0.01468,0,normal,0
LG-1001,2025-01-09 09:47:30,6.43696,3.412929,37.5,47.9,1,0,9,3,1,0.01206,0,normal,0
LG-1001,2025-01-09 09:48:00,6.436224,3.415765,38.9,47.8,1,0,9,3,1,0.00975,0,normal,0
LG-1001,2025-01-09 09:48:30,6.436548,3.418658,38.6,47.7,1,0,9,3,1,0.00886,0,normal,0
LG-1001,2025-01-09 09:49:00,6.43698,3.420639,26.9,47.6,1,0,9,3,1,0.00899,0,normal,0
LG-1001,2025-01-09 09:49:30,6.437553,3.422363,24.1,47.6,1,0,9,3,1,0.00965,0,normal,0
LG-1001,2025-01-09 09:50:00,6.438649,3.4249,36.7,47.5,1,0,9,3,1,0.01134,0,normal,0
LG-1001,2025-01-09 09:50:30,6.439316,3.42769,38.1,47.4,1,0,9,3,1,0.01315,0,normal,0
LG-1001,2025-01-09 09:51:00,6.439454,3.429879,29.1,47.4,1,0,9,3,1,0.01449,0,normal,0
LG-1001,2025-01-09 09:51:30,6.440206,3.43286,40.8,47.3,1,0,9,3,1,0.01702,0,normal,0
LG-1001,2025-01-09 09:52:00,6.440528,3.434239,18.8,47.2,1,0,9,3,1,0.01823,0,normal,0
LG-1001,2025-01-09 09:52:30,6.439042,3.436829,39.7,47.1,1,0,9,3,1,0.0193,0,normal,0
LG-1001,2025-01-09 09:53:00,6.439042,3.436829,0.1,47.1,1,212,9,3,1,0.0193,1,excessive_idle,0
LG-1001,2025-01-09 09:53:30,6.439042,3.436829,0.2,47.1,1,213,9,3,1,0.0193,1,excessive_idle,0
LG-1001,2025-01-09 09:54:00,6.439042,3.436829,0.1,47.1,1,214,9,3,1,0.0193,1,excessive_idle,0
LG-1001,2025-01-09 09:54:30,6.439042,3.436829,0.1,47.1,1,215,9,3,1,0.0193,1,excessive_idle,0
LG-1001,2025-01-09 09:55:00,6.439042,3.436829,0.7,47.1,1,216,9,3,1,0.0193,1,excessive_idle,0
LG-1001,2025-01-09 09:55:30,6.439042,3.436829,1.2,47.1,1,217,9,3,1,0.0193,1,excessive_idle,0
LG-1001,2025-01-09 09:56:00,6.439042,3.436829,1.0,47.1,1,218,9,3,1,0.0193,1,excessive_idle,0
LG-1001,2025-01-09 09:56:30,6.439042,3.436829,1.2,47.1,1,219,9,3,1,0.0193,1,excessive_idle,0
LG-1001,2025-01-09 09:57:00,6.439042,3.436829,0.2,47.1,1,220,9,3,1,0.0193,1,excessive_idle,0
LG-1001,2025-01-09 09:57:30,6.439042,3.436829,1.3,47.1,1,221,9,3,1,0.0193,1,excessive_idle,0
LG-1001,2025-01-09 09:58:00,6.439042,3.436829,0.8,47.1,1,222,9,3,1,0.0193,1,excessive_idle,0
LG-1001,2025-01-09 09:58:30,6.439042,3.436829,1.2,47.1,1,223,9,3,1,0.0193,1,excessive_idle,0
LG-1001,2025-01-09 09:59:00,6.439042,3.436829,0.6,47.1,1,224,9,3,1,0.0193,1,excessive_idle,0
LG-1001,2025-01-09 09:59:30,6.439042,3.436829,1.1,47.1,1,225,9,3,1,0.0193,1,excessive_idle,0
LG-1001,2025-01-09 10:00:00,6.439042,3.436829,1.1,47.1,1,226,10,3,1,0.0193,1,excessive_idle,0
LG-1001,2025-01-09 10:00:30,6.437973,3.438776,29.5,47.1,1,0,10,3,1,0.02038,0,normal,0
LG-1001,2025-01-09 10:01:00,6.436452,3.441085,36.8,47.0,1,0,10,3,1,0.02179,0,normal,0
LG-1001,2025-01-09 10:01:30,6.435466,3.442975,28.3,46.9,1,0,10,3,1,0.02321,0,normal,0
LG-1001,2025-01-09 10:02:00,6.435253,3.444867,25.3,46.8,1,0,10,3,1,0.02494,0,normal,0
LG-1001,2025-01-09 10:02:30,6.435623,3.446414,21.1,46.8,1,0,10,3,1,0.02653,0,normal,0
LG-1001,2025-01-09 10:03:00,6.436004,3.447935,20.8,46.7,1,0,10,3,1,0.0281,0,normal,0
LG-1001,2025-01-09 10:03:30,6.43693,3.450531,36.6,46.7,1,0,10,3,1,0.03085,0,normal,0
LG-1001,2025-01-09 10:04:00,6.437577,3.451738,18.2,46.6,1,0,10,3,1,0.03219,0,normal,0
LG-1001,2025-01-09 10:04:30,6.437751,3.45299,16.8,46.6,1,0,10,3,1,0.03344,0,normal,0
LG-1001,2025-01-09 10:05:00,6.436903,3.454192,19.6,46.5,1,0,10,3,1,0.03436,0,normal,0
LG-1001,2025-01-09 10:05:30,6.435801,3.455199,19.9,46.5,1,0,10,3,1,0.03508,0,normal,0
LG-1001,2025-01-09 10:06:00,6.433877,3.457388,38.8,46.4,1,0,10,3,1,0.03686,0,normal,0
LG-1001,2025-01-09 10:06:30,6.432382,3.458698,26.5,46.3,1,0,10,3,1,0.03795,0,normal,0
LG-1001,2025-01-09 10:07:00,6.430268,3.461169,43.3,46.2,1,0,10,3,1,0.04023,0,normal,0
LG-1001,2025-01-09 10:07:30,6.430055,3.462555,18.6,46.2,1,0,10,3,1,0.04161,0,normal,0
LG-1001,2025-01-09 10:08:00,6.430398,3.465084,33.9,46.1,1,0,10,3,1,0.04415,0,normal,0
LG-1001,2025-01-09 10:08:30,6.430656,3.467167,27.9,46.0,1,0,10,3,1,0.04624,0,normal,0
LG-1001,2025-01-09 10:09:00,6.430922,3.469123,26.2,46.0,1,0,10,3,1,0.04821,0,normal,0
LG-1001,2025-01-09 10:09:30,6.431402,3.472127,40.4,45.9,1,0,10,3,1,0.05124,0,normal,0
LG-1001,2025-01-09 10:10:00,6.431898,3.475354,43.3,45.8,1,0,10,3,1,0.05449,0,normal,0
LG-1001,2025-01-09 10:10:30,6.432332,3.478361,40.3,45.7,1,0,10,3,1,0.05451,0,normal,0
LG-1001,2025-01-09 10:11:00,6.432551,3.479877,20.3,45.6,1,0,10,3,1,0.05317,0,normal,0
LG-1001,2025-01-09 10:11:30,6.432747,3.48146,21.2,45.6,1,0,10,3,1,0.05181,0,normal,0
LG-1001,2025-01-09 10:12:00,6.433114,3.483991,34.0,45.5,1,0,10,3,1,0.04961,0,normal,0
LG-1001,2025-01-09 10:12:30,6.433385,3.485715,23.2,45.5,1,0,10,3,1,0.04813,0,normal,0
LG-1001,2025-01-09 10:13:00,6.4338,3.488416,36.3,45.4,1,0,10,3,1,0.04584,0,normal,0
LG-1001,2025-01-09 10:13:30,6.434085,3.490758,31.3,45.3,1,0,10,3,1,0.04395,0,normal,0
LG-1001,2025-01-09 10:14:00,6.434453,3.493053,30.9,45.2,1,0,10,3,1,0.04208,0,normal,0
LG-1001,2025-01-09 10:14:30,6.434906,3.495958,39.0,45.1,1,0,10,3,1,0.0398,0,normal,0
LG-1001,2025-01-09 10:15:00,6.435295,3.498608,35.6,45.1,1,0,10,3,1,0.03781,0,normal,0
LG-1001,2025-01-09 10:15:30,6.435464,3.499761,15.5,45.0,1,0,10,3,1,0.03697,0,normal,0
LG-1001,2025-01-09 10:16:00,6.435641,3.500964,16.1,45.0,1,0,10,3,1,0.03612,0,normal,0
LG-1001,2025-01-09 10:16:30,6.435986,3.503377,32.4,44.9,1,0,10,3,1,0.03448,0,normal,0
LG-1001,2025-01-09 10:17:00,6.436303,3.505536,29.0,44.8,1,0,10,3,1,0.03308,0,normal,0
LG-1001,2025-01-09 10:17:30,6.436549,3.5072,22.3,44.8,1,0,10,3,1,0.03207,0,normal,0
LG-1001,2025-01-09 10:18:00,6.437877,3.507622,18.6,44.7,1,0,10,3,1,0.0307,0,normal,0
LG-1001,2025-01-09 10:18:30,6.440648,3.507479,37.1,44.7,1,0,10,3,1,0.02835,0,normal,0
LG-1001,2025-01-09 10:19:00,6.44355,3.507829,39.0,44.6,1,0,10,3,1,0.02571,0,normal,0
LG-1001,2025-01-09 10:19:30,6.445855,3.508246,31.3,44.5,1,0,10,3,1,0.02357,0,normal,0
LG-1001,2025-01-09 10:20:00,6.447813,3.508302,26.2,44.4,1,0,10,3,1,0.02198,0,normal,0
LG-1001,2025-01-09 10:20:30,6.449515,3.508383,22.8,44.4,1,0,10,3,1,0.02062,0,normal,0
LG-1001,2025-01-09 10:21:00,6.451776,3.508405,30.2,44.3,1,0,10,3,1,0.01897,0,normal,0
LG-1001,2025-01-09 10:21:30,6.45278,3.509353,18.4,44.3,1,0,10,3,1,0.01759,0,normal,0
LG-1001,2025-01-09 10:22:00,6.45315,3.51164,30.8,44.2,1,0,10,3,1,0.01574,0,normal,0
LG-1001,2025-01-09 10:22:30,6.453398,3.514232,34.6,44.1,1,0,10,3,1,0.01396,0,normal,0
LG-1001,2025-01-09 10:23:00,6.453506,3.51548,16.6,44.1,1,0,10,3,1,0.01321,0,normal,0
LG-1001,2025-01-09 10:23:30,6.453601,3.516585,14.7,44.0,1,0,10,3,1,0.01262,0,normal,0
LG-1001,2025-01-09 10:24:00,6.453695,3.518148,20.8,44.0,1,0,10,3,1,0.01194,0,normal,0
LG-1001,2025-01-09 10:24:30,6.456754,3.518262,40.9,43.9,1,0,10,3,1,0.00905,0,normal,0
LG-1001,2025-01-09 10:25:00,6.459289,3.518339,33.9,43.8,1,0,10,3,1,0.00678,0,normal,0
LG-1001,2025-01-09 10:25:30,6.460776,3.518372,19.9,43.8,1,0,10,3,1,0.00557,0,normal,0
LG-1001,2025-01-10 15:07:00,6.462235,3.521902,0.0,43.8,0,1,15,4,1,0.00277,0,normal,0
LG-1001,2025-01-10 15:07:30,6.461072,3.522045,15.6,43.7,1,0,15,4,1,0.00393,0,normal,0
LG-1001,2025-01-10 15:08:00,6.461122,3.519529,33.4,43.7,1,0,15,4,1,0.0046,0,normal,0
LG-1001,2025-01-10 15:08:30,6.460747,3.518372,16.2,43.6,1,0,15,4,1,0.00559,0,normal,0
LG-1001,2025-01-10 15:09:00,6.459469,3.518343,17.1,43.6,1,0,15,4,1,0.00663,0,normal,0
LG-1001,2025-01-10 15:09:30,6.457962,3.518299,20.1,43.5,1,0,15,4,1,0.00795,0,normal,0
LG-1001,2025-01-10 15:10:00,6.455994,3.518244,26.3,43.5,1,0,15,4,1,0.00976,0,normal,0
LG-1001,2025-01-10 15:10:30,6.454553,3.5182,19.3,43.4,1,0,15,4,1,0.01112,0,normal,0
LG-1001,2025-01-10 15:11:00,6.453691,3.517686,13.4,43.4,1,0,15,4,1,0.0121,0,normal,0
LG-1001,2025-01-10 15:11:30,6.453449,3.514794,38.5,43.3,1,0,15,4,1,0.01361,0,normal,0
LG-1001,2025-01-10 15:12:00,6.453284,3.513052,23.2,43.3,1,0,15,4,1,0.01474,0,normal,0
LG-1001,2025-01-10 15:12:30,6.453112,3.511224,24.4,43.2,1,0,15,4,1,0.01605,0,normal,0
LG-1001,2025-01-10 15:13:00,6.453005,3.510045,15.7,43.2,1,0,15,4,1,0.01694,0,normal,0
LG-1001,2025-01-10 15:13:30,6.452634,3.508314,23.5,43.1,1,0,15,4,1,0.01845,0,normal,0
LG-1001,2025-01-10 15:14:00,6.451056,3.508329,21.1,43.1,1,0,15,4,1,0.01953,0,normal,0
LG-1001,2025-01-10 15:14:30,6.448688,3.508296,31.6,43.0,1,0,15,4,1,0.0213,0,normal,0
LG-1001,2025-01-10 15:15:00,6.447184,3.508289,20.1,42.9,1,0,15,4,1,0.02248,0,normal,0
LG-1001,2025-01-10 15:15:30,6.444249,3.507985,39.4,42.8,1,0,15,4,1,0.02504,0,normal,0
LG-1001,2025-01-10 15:16:00,6.44125,3.507482,40.6,42.7,1,0,15,4,1,0.02784,0,normal,0
LG-1001,2025-01-10 15:16:30,6.439978,3.507488,17.0,42.7,1,0,15,4,1,0.02893,0,normal,0
LG-1001,2025-01-10 15:17:00,6.438685,3.507527,17.3,42.7,1,0,15,4,1,0.03003,0,normal,0
LG-1001,2025-01-10 15:17:30,6.437374,3.507586,17.5,42.6,1,0,15,4,1,0.03116,0,normal,0
LG-1001,2025-01-10 15:18:00,6.436472,3.505724,27.5,42.6,1,0,15,4,1,0.03284,0,normal,0
LG-1001,2025-01-10 15:18:30,6.436281,3.504411,17.6,42.5,1,0,15,4,1,0.03368,0,normal,0
LG-1001,2025-01-10 15:19:00,6.435866,3.501557,38.3,42.4,1,0,15,4,1,0.03559,0,normal,0
LG-1001,2025-01-10 15:19:30,6.435471,3.49891,35.5,42.3,1,0,15,4,1,0.03748,0,normal,0
LG-1001,2025-01-10 15:20:00,6.435063,3.496125,37.4,42.3,1,0,15,4,1,0.03957,0,normal,0
LG-1001,2025-01-10 15:20:30,6.434753,3.493958,29.1,42.2,1,0,15,4,1,0.04125,0,normal,0
LG-1001,2025-01-10 15:21:00,6.434316,3.490796,42.4,42.1,1,0,15,4,1,0.04376,0,normal,0
LG-1001,2025-01-10 15:21:30,6.434135,3.48965,15.4,42.1,1,0,15,4,1,0.04471,0,normal,0
LG-1001,2025-01-10 15:22:00,6.433832,3.487752,25.5,42.0,1,0,15,4,1,0.04631,0,normal,0
LG-1001,2025-01-10 15:22:30,6.433594,3.486011,23.3,41.9,1,0,15,4,1,0.04777,0,normal,0
LG-1001,2025-01-10 15:23:00,6.43314,3.482954,41.0,41.8,1,0,15,4,1,0.05039,0,normal,0
LG-1001,2025-01-10 15:23:30,6.432819,3.480681,30.5,41.8,1,0,15,4,1,0.05237,0,normal,0
LG-1001,2025-01-10 15:24:00,6.432404,3.477926,37.0,41.7,1,0,15,4,1,0.05482,0,normal,0
LG-1001,2025-01-10 15:24:30,6.432166,3.476516,19.0,41.6,1,0,15,4,1,0.05567,0,normal,0
LG-1001,2025-01-10 15:25:00,6.431745,3.47339,41.9,41.5,1,0,15,4,1,0.05252,0,normal,0
LG-1001,2025-01-10 15:25:30,6.431446,3.471281,28.3,41.5,1,0,15,4,1,0.0504,0,normal,0
LG-1001,2025-01-10 15:26:00,6.431201,3.469176,28.1,41.4,1,0,15,4,1,0.04828,0,normal,0
LG-1001,2025-01-10 15:26:30,6.430694,3.466083,41.6,41.3,1,0,15,4,1,0.04516,0,normal,0
LG-1001,2025-01-10 15:27:00,6.430414,3.464225,24.9,41.3,1,0,15,4,1,0.04329,0,normal,0
LG-1001,2025-01-10 15:27:30,6.430179,3.462327,25.4,41.2,1,0,15,4,1,0.04138,0,normal,0
LG-1001,2025-01-10 15:28:00,6.430956,3.46019,30.2,41.1,1,0,15,4,1,0.0393,0,normal,0
LG-1001,2025-01-10 15:28:30,6.431927,3.459269,17.8,41.1,1,0,15,4,1,0.03847,0,normal,0
LG-1001,2025-01-10 15:29:00,6.433258,3.458131,23.3,41.0,1,0,15,4,1,0.0375,0,normal,0
LG-1001,2025-01-10 15:29:30,6.434353,3.457138,19.7,41.0,1,0,15,4,1,0.03669,0,normal,0
LG-1001,2025-01-10 15:30:00,6.435257,3.456222,17.1,41.0,1,0,15,4,1,0.03596,0,normal,0
LG-1001,2025-01-10 15:30:30,6.437235,3.454085,38.8,40.9,1,0,15,4,1,0.03435,0,normal,0
LG-1001,2025-01-10 15:31:00,6.437235,3.454085,0.0,50.2,0,1,15,4,1,0.03435,0,normal,1
LG-1001,2025-01-10 15:31:30,6.437235,3.454085,0.0,58.7,0,2,15,4,1,0.03435,0,normal,1
LG-1001,2025-01-10 15:32:00,6.437235,3.454085,0.0,67.3,0,3,15,4,1,0.03435,0,normal,1
LG-1001,2025-01-10 15:32:30,6.437235,3.454085,0.0,76.0,0,4,15,4,1,0.03435,0,normal,1
LG-1001,2025-01-10 15:33:00,6.437235,3.454085,0.0,85.5,0,5,15,4,1,0.03435,0,normal,1
LG-1001,2025-01-10 15:33:30,6.437235,3.454085,0.0,85.7,0,6,15,4,1,0.03435,0,normal,1
LG-1001,2025-01-10 15:34:00,6.437235,3.454085,0.0,85.7,0,7,15,4,1,0.03435,0,normal,1
LG-1001,2025-01-10 15:34:30,6.437235,3.454085,0.0,85.7,0,8,15,4,1,0.03435,0,normal,1
LG-1001,2025-01-10 15:35:00,6.437235,3.454085,0.0,85.7,0,9,15,4,1,0.03435,0,normal,1
LG-1001,2025-01-10 15:35:30,6.437235,3.454085,0.0,85.7,0,10,15,4,1,0.03435,0,normal,1
LG-1001,2025-01-10 15:36:00,6.437235,3.454085,0.0,85.7,1,11,15,4,1,0.03435,0,normal,0
LG-1001,2025-01-10 15:36:30,6.437235,3.454085,0.0,85.7,1,12,15,4,1,0.03435,0,normal,0
LG-1001,2025-01-10 15:37:00,6.437858,3.452024,28.6,85.6,1,0,15,4,1,0.03255,0,normal,0
LG-1001,2025-01-10 15:37:30,6.436926,3.450199,27.2,85.5,1,0,15,4,1,0.03053,0,normal,0
LG-1001,2025-01-10 15:38:00,6.436161,3.447853,32.8,85.4,1,0,15,4,1,0.02807,0,normal,0
LG-1001,2025-01-10 15:38:30,6.435595,3.445676,29.9,85.4,1,0,15,4,1,0.02582,0,normal,0
LG-1001,2025-01-10 15:39:00,6.435418,3.443946,23.1,85.3,1,0,15,4,1,0.02412,0,normal,0
LG-1001,2025-01-10 15:39:30,6.435962,3.442244,23.7,85.3,1,0,15,4,1,0.02269,0,normal,0
LG-1001,2025-01-10 15:40:00,6.436922,3.440635,24.9,85.2,1,0,15,4,1,0.02157,0,normal,0
LG-1001,2025-01-10 15:40:30,6.437633,3.439585,16.9,85.2,1,0,15,4,1,0.02093,0,normal,0
LG-1001,2025-01-10 15:41:00,6.438369,3.438372,18.9,85.1,1,0,15,4,1,0.02023,0,normal,0
LG-1001,2025-01-10 15:41:30,6.439726,3.436152,34.6,85.0,1,0,15,4,1,0.01916,0,normal,0
LG-1001,2025-01-10 15:42:00,6.440637,3.434523,24.8,85.0,1,0,15,4,1,0.01851,0,normal,0
LG-1001,2025-01-10 15:42:30,6.440399,3.433035,20.0,84.9,1,0,15,4,1,0.01728,0,normal,0
LG-1001,2025-01-10 15:43:00,6.439762,3.430862,30.1,84.9,1,0,15,4,1,0.01535,0,normal,0
LG-1001,2025-01-10 15:43:30,6.439483,3.4282,35.5,84.8,1,0,15,4,1,0.01355,0,normal,0
LG-1001,2025-01-10 15:44:00,6.439282,3.426599,21.4,84.7,1,0,15,4,1,0.01259,0,normal,0
LG-1001,2025-01-10 15:44:30,6.438359,3.423931,37.5,84.7,1,0,15,4,1,0.01077,0,normal,0
LG-1001,2025-01-10 15:45:00,6.437201,3.421117,40.4,84.6,1,0,15,4,1,0.0092,0,normal,0
LG-1001,2025-01-10 15:45:30,6.436672,3.418838,31.1,84.5,1,0,15,4,1,0.00894,0,normal,0
LG-1001,2025-01-10 15:46:00,6.436292,3.416379,33.0,84.4,1,0,15,4,1,0.00949,0,normal,0
LG-1001,2025-01-10 15:46:30,6.436378,3.415205,15.6,84.4,1,0,15,4,1,0.01019,0,normal,0
LG-1001,2025-01-10 15:47:00,6.437378,3.412311,40.7,84.3,1,0,15,4,1,0.01278,0,normal,0
LG-1001,2025-01-10 15:47:30,6.438153,3.410584,25.2,84.2,1,0,15,4,1,0.01455,0,normal,0
LG-1001,2025-01-10 15:48:00,6.437541,3.407789,38.0,84.1,1,0,15,4,1,0.0163,0,normal,0
LG-1001,2025-01-10 15:48:30,6.438973,3.406016,30.3,84.1,1,0,15,4,1,0.01857,0,normal,0
LG-1001,2025-01-10 15:49:00,6.439548,3.405112,14.3,84.0,1,0,15,4,1,0.01847,0,normal,0
LG-1001,2025-01-10 15:49:30,6.440196,3.404163,15.3,84.0,1,0,15,4,1,0.01741,0,normal,0
LG-1001,2025-01-10 15:50:00,6.440196,3.404163,1.0,82.4,1,38,15,4,1,0.01741,1,fuel_theft,0
LG-1001,2025-01-10 15:50:30,6.440196,3.404163,0.0,80.6,1,39,15,4,1,0.01741,1,fuel_theft,0
LG-1001,2025-01-10 15:51:00,6.440196,3.404163,0.7,79.1,1,80,15,4,1,0.01741,1,fuel_theft,0
LG-1001,2025-01-10 15:51:30,6.440196,3.404163,0.0,77.2,1,85,15,4,1,0.01741,1,fuel_theft,0
LG-1001,2025-01-10 15:52:00,6.440196,3.404163,1.3,75.9,1,86,15,4,1,0.01741,1,fuel_theft,0
LG-1001,2025-01-10 15:52:30,6.440196,3.404163,0.8,74.7,1,87,15,4,1,0.01741,1,fuel_theft,0
LG-1001,2025-01-10 15:53:00,6.440196,3.404163,1.2,73.2,1,88,15,4,1,0.01741,1,fuel_theft,0
LG-1001,2025-01-10 15:53:30,6.440196,3.404163,0.8,71.1,1,89,15,4,1,0.01741,1,fuel_theft,0
LG-1001,2025-01-10 15:54:00,6.440196,3.404163,1.3,70.0,1,90,15,4,1,0.01741,1,fuel_theft,0
LG-1001,2025-01-10 15:54:30,6.440196,3.404163,0.9,68.0,1,91,15,4,1,0.01741,1,fuel_theft,0
LG-1001,2025-01-10 15:55:00,6.440196,3.404163,0.2,66.0,1,92,15,4,1,0.01741,1,fuel_theft,0
LG-1001,2025-01-10 15:55:30,6.440196,3.404163,0.7,64.4,1,93,15,4,1,0.01741,1,fuel_theft,0
LG-1001,2025-01-10 15:56:00,6.441516,3.402205,31.4,64.4,1,0,15,4,1,0.01529,0,normal,0
LG-1001,2025-01-10 15:56:30,6.442561,3.400551,26.0,64.3,1,0,15,4,1,0.01362,0,normal,0
LG-1001,2025-01-10 15:57:00,6.443736,3.399128,24.6,64.3,1,0,15,4,1,0.012,0,normal,0
LG-1001,2025-01-10 15:57:30,6.444809,3.397493,26.0,64.2,1,0,15,4,1,0.01049,0,normal,0
LG-1001,2025-01-10 15:58:00,6.445566,3.396412,17.5,64.1,1,0,15,4,1,0.00954,0,normal,0
LG-1001,2025-01-10 15:58:30,6.447139,3.394142,36.7,64.1,1,0,15,4,1,0.00791,0,normal,0
LG-1001,2025-01-10 15:59:00,6.448732,3.391775,38.0,64.0,1,0,15,4,1,0.00705,0,normal,0
LG-1001,2025-01-10 15:59:30,6.449594,3.390341,22.2,63.9,1,0,15,4,1,0.00714,0,normal,0
LG-1001,2025-01-10 16:00:00,6.450466,3.388864,22.8,63.9,1,0,16,4,1,0.00763,0,normal,0
LG-1001,2025-01-10 16:00:30,6.451877,3.386295,39.0,63.8,1,0,16,4,1,0.00925,0,normal,0
LG-1001,2025-01-10 16:01:00,6.452423,3.385319,14.9,63.7,1,0,16,4,1,0.01002,0,normal,0
LG-1001,2025-01-10 16:01:30,6.453438,3.383395,28.9,63.7,1,0,16,4,1,0.01171,0,normal,0
LG-1001,2025-01-10 16:02:00,6.45498,3.382131,26.6,63.6,1,0,16,4,1,0.01287,0,normal,0
LG-1001,2025-01-10 16:02:30,6.457427,3.38256,33.2,63.5,1,0,16,4,1,0.01267,0,normal,0
LG-1001,2025-01-10 16:03:00,6.458808,3.382825,18.8,63.5,1,0,16,4,1,0.01276,0,normal,0
LG-1001,2025-01-10 16:03:30,6.461224,3.382276,33.1,63.4,1,0,16,4,1,0.01416,0,normal,0
LG-1001,2025-01-10 16:04:00,6.462809,3.381285,24.9,63.4,1,0,16,4,1,0.01578,0,normal,0
LG-1001,2025-01-10 16:04:30,6.464822,3.380003,31.8,63.3,1,0,16,4,1,0.01793,0,normal,0
LG-1001,2025-01-10 16:05:00,6.465794,3.379385,15.4,63.2,1,0,16,4,1,0.01898,0,normal,0
LG-1001,2025-01-10 16:05:30,6.467587,3.3784,27.3,63.2,1,0,16,4,1,0.02083,0,normal,0
LG-1001,2025-01-10 16:06:00,6.469667,3.377747,29.1,63.1,1,0,16,4,1,0.02264,0,normal,0
LG-1001,2025-01-10 16:06:30,6.471118,3.377283,20.3,63.1,1,0,16,4,1,0.02395,0,normal,0
LG-1001,2025-01-11 11:09:00,6.454607,3.395205,0.0,63.1,0,1,11,5,1,0.00044,0,normal,0
LG-1001,2025-01-11 11:09:30,6.453401,3.395431,16.4,63.0,1,0,11,5,1,0.00166,0,normal,0
LG-1001,2025-01-11 11:10:00,6.45261,3.395413,10.6,63.0,1,0,11,5,1,0.00243,0,normal,0
LG-1001,2025-01-11 11:10:30,6.452536,3.394473,12.5,63.0,1,0,11,5,1,0.00252,0,normal,0
LG-1001,2025-01-11 11:11:00,6.452801,3.393203,17.2,62.9,1,0,11,5,1,0.00284,0,normal,0
LG-1001,2025-01-11 11:11:30,6.45291,3.392703,6.8,62.9,1,0,11,5,1,0.00311,0,normal,0
LG-1001,2025-01-11 11:12:00,6.453244,3.391745,13.5,62.9,1,0,11,5,1,0.0037,0,normal,0
LG-1001,2025-01-11 11:12:30,6.453853,3.3907,16.1,62.9,1,0,11,5,1,0.00445,0,normal,0
LG-1001,2025-01-11 11:13:00,6.453933,3.389739,12.8,62.8,1,0,11,5,1,0.00537,0,normal,0
LG-1001,2025-01-11 11:13:30,6.454124,3.38897,10.5,62.8,1,0,11,5,1,0.00609,0,normal,0
LG-1001,2025-01-11 11:14:00,6.454247,3.38818,10.6,62.8,1,0,11,5,1,0.00686,0,normal,0
LG-1001,2025-01-11 11:14:30,6.45443,3.387745,6.3,62.8,1,0,11,5,1,0.00728,0,normal,0
LG-1001,2025-01-11 11:15:00,6.454853,3.386935,12.1,62.7,1,0,11,5,1,0.00807,0,normal,0
LG-1001,2025-01-11 11:15:30,6.455236,3.385679,17.4,62.7,1,0,11,5,1,0.00932,0,normal,0
LG-1001,2025-01-11 11:16:00,6.455502,3.384419,17.1,62.6,1,0,11,5,1,0.01059,0,normal,0
LG-1001,2025-01-11 11:16:30,6.45564,3.383963,6.3,62.6,1,0,11,5,1,0.01106,0,normal,0
LG-1001,2025-01-11 11:17:00,6.456072,3.382991,14.1,62.6,1,0,11,5,1,0.01206,0,normal,0
LG-1001,2025-01-11 11:17:30,6.456307,3.382324,9.4,62.6,1,0,11,5,1,0.01274,0,normal,0
LG-1001,2025-01-11 11:18:00,6.457441,3.382654,15.8,62.5,1,0,11,5,1,0.01258,0,normal,0
LG-1001,2025-01-11 11:18:30,6.457901,3.382795,6.4,62.5,1,0,11,5,1,0.01254,0,normal,0
LG-1001,2025-01-11 11:19:00,6.459155,3.382809,16.8,62.5,1,0,11,5,1,0.01288,0,normal,0
LG-1001,2025-01-11 11:19:30,6.460313,3.38258,15.8,62.5,1,0,11,5,1,0.01351,0,normal,0
LG-1001,2025-01-11 11:20:00,6.460839,3.382438,7.3,62.4,1,0,11,5,1,0.01385,0,normal,0
LG-1001,2025-01-11 11:20:30,6.461292,3.382243,6.6,62.4,1,0,11,5,1,0.01422,0,normal,0
LG-1001,2025-01-11 11:21:00,6.462291,3.381616,15.7,62.4,1,0,11,5,1,0.01524,0,normal,0
LG-1001,2025-01-11 11:21:30,6.462779,3.381305,7.7,62.4,1,0,11,5,1,0.01575,0,normal,0
LG-1001,2025-01-11 11:22:00,6.46355,3.380814,12.2,62.3,1,0,11,5,1,0.01656,0,normal,0
LG-1001,2025-01-11 11:22:30,6.464605,3.380142,16.7,62.3,1,0,11,5,1,0.01769,0,normal,0
LG-1001,2025-01-11 11:23:00,6.4654,3.379636,12.6,62.3,1,0,11,5,1,0.01855,0,normal,0
LG-1001,2025-01-11 11:23:30,6.466069,3.37921,10.6,62.2,1,0,11,5,1,0.01928,0,normal,0
LG-1001,2025-01-11 11:24:00,6.466778,3.37877,11.1,62.2,1,0,11,5,1,0.02005,0,normal,0
LG-1001,2025-01-11 11:24:30,6.467221,3.378544,6.6,62.2,1,0,11,5,1,0.0205,0,normal,0
LG-1001,2025-01-11 11:25:00,6.468447,3.378124,17.3,62.2,1,0,11,5,1,0.02158,0,normal,0
LG-1001,2025-01-11 11:25:30,6.469131,3.377913,9.6,62.1,1,0,11,5,1,0.02217,0,normal,0
LG-1001,2025-01-11 11:26:00,6.469712,3.377733,8.1,62.1,1,0,11,5,1,0.02268,0,normal,0
LG-1001,2025-01-11 11:26:30,6.470376,3.377529,9.3,62.1,1,0,11,5,1,0.02327,0,normal,0
LG-1001,2025-01-11 11:27:00,6.4716,3.377111,17.3,62.1,1,0,11,5,1,0.0244,0,normal,0
LG-1001,2025-01-11 11:27:30,6.472099,3.376948,7.0,62.0,1,0,11,5,1,0.02486,0,normal,0
LG-1001,2025-01-11 11:28:00,6.473247,3.376575,16.1,62.0,1,0,11,5,1,0.02593,0,normal,0
LG-1001,2025-01-11 11:28:30,6.474225,3.376155,14.2,62.0,1,0,11,5,1,0.02692,0,normal,0
LG-1001,2025-01-11 11:29:00,6.475232,3.375551,15.7,61.9,1,0,11,5,1,0.02806,0,normal,0
LG-1001,2025-01-11 11:29:30,6.476206,3.374689,17.3,61.9,1,0,11,5,1,0.02825,0,normal,0
LG-1001,2025-01-11 11:30:00,6.476948,3.373766,15.8,61.9,1,0,11,5,1,0.02711,0,normal,0
LG-1001,2025-01-11 11:30:30,6.477729,3.372758,17.0,61.8,1,0,11,5,1,0.02589,0,normal,0
LG-1001,2025-01-11 11:31:00,6.478069,3.372321,7.4,61.8,1,0,11,5,1,0.02536,0,normal,0
LG-1001,2025-01-11 11:31:30,6.478789,3.371431,15.2,61.8,1,0,11,5,1,0.02427,0,normal,0
LG-1001,2025-01-11 11:32:00,6.47933,3.370683,12.3,61.7,1,0,11,5,1,0.0234,0,normal,0
LG-1001,2025-01-11 11:32:30,6.479895,3.369955,12.3,61.7,1,0,11,5,1,0.02254,0,normal,0
LG-1001,2025-01-11 11:33:00,6.480655,3.368981,16.4,61.7,1,0,11,5,1,0.02138,0,normal,0
LG-1001,2025-01-11 11:33:30,6.4815,3.367994,17.3,61.6,1,0,11,5,1,0.02015,0,normal,0
LG-1001,2025-01-11 11:34:00,6.482266,3.367256,14.2,61.6,1,0,11,5,1,0.01912,0,normal,0
LG-1001,2025-01-11 11:34:30,6.482931,3.366698,11.6,61.6,1,0,11,5,1,0.01827,0,normal,0
LG-1001,2025-01-11 11:35:00,6.483607,3.366191,11.3,61.5,1,0,11,5,1,0.01744,0,normal,0
LG-1001,2025-01-11 11:35:30,6.48426,3.365761,10.4,61.5,1,0,11,5,1,0.01666,0,normal,0
LG-1001,2025-01-11 11:36:00,6.48426,3.365761,0.0,61.5,1,1,11,5,1,0.01666,0,normal,0
LG-1001,2025-01-11 11:36:30,6.48426,3.365761,0.0,61.5,1,2,11,5,1,0.01666,0,normal,0
LG-1001,2025-01-11 11:37:00,6.48426,3.365761,0.0,61.5,1,3,11,5,1,0.01666,0,normal,0
LG-1001,2025-01-11 11:37:30,6.48426,3.365761,0.0,61.5,1,4,11,5,1,0.01666,0,normal,0
LG-1001,2025-01-11 11:38:00,6.48426,3.365761,0.0,61.5,1,5,11,5,1,0.01666,0,normal,0
LG-1001,2025-01-11 11:38:30,6.484917,3.365377,10.1,61.5,1,0,11,5,1,0.0159,0,normal,0
LG-1001,2025-01-11 11:39:00,6.485613,3.365012,10.5,61.5,1,0,11,5,1,0.01511,0,normal,0
LG-1001,2025-01-11 11:39:30,6.486096,3.364815,7.0,61.5,1,0,11,5,1,0.01459,0,normal,0
LG-1001,2025-01-11 11:40:00,6.48657,3.364628,6.8,61.4,1,0,11,5,1,0.01409,0,normal,0
LG-1001,2025-01-11 11:40:30,6.487633,3.364243,15.1,61.4,1,0,11,5,1,0.01297,0,normal,0
LG-1001,2025-01-11 11:41:00,6.488419,3.363959,11.2,61.4,1,0,11,5,1,0.01214,0,normal,0
LG-1001,2025-01-11 11:41:30,6.48961,3.363538,16.9,61.3,1,0,11,5,1,0.0109,0,normal,0
LG-1001,2025-01-11 11:42:00,6.490533,3.363202,13.1,61.3,1,0,11,5,1,0.00994,0,normal,0
LG-1001,2025-01-11 11:42:30,6.49098,3.363048,6.3,61.3,1,0,11,5,1,0.00948,0,normal,0
LG-1001,2025-01-11 11:43:00,6.49153,3.36286,7.8,61.3,1,0,11,5,1,0.00891,0,normal,0
LG-1001,2025-01-11 11:43:30,6.492112,3.362637,8.3,61.3,1,0,11,5,1,0.0083,0,normal,0
LG-1001,2025-01-11 11:44:00,6.493333,3.362182,17.4,61.2,1,0,11,5,1,0.00704,0,normal,0
LG-1001,2025-01-11 11:44:30,6.493932,3.361971,8.5,61.2,1,0,11,5,1,0.00644,0,normal,0
LG-1001,2025-01-11 11:45:00,6.494802,3.361754,12.0,61.2,1,0,11,5,1,0.00563,0,normal,0
LG-1001,2025-01-11 11:45:30,6.496065,3.361658,16.9,61.1,1,0,11,5,1,0.00469,0,normal,0
LG-1001,2025-01-11 11:46:00,6.497359,3.361821,17.4,61.1,1,0,11,5,1,0.00416,0,normal,0
LG-1001,2025-01-11 11:46:30,6.497998,3.361939,8.7,61.1,1,0,11,5,1,0.00406,0,normal,0
LG-1001,2025-01-11 11:47:00,6.498469,3.362055,6.5,61.1,1,0,11,5,1,0.00409,0,normal,0
LG-1001,2025-01-11 11:47:30,6.499024,3.362214,7.7,61.0,1,0,11,5,1,0.00421,0,normal,0
LG-1001,2025-01-11 11:48:00,6.4995,3.362358,6.6,61.0,1,0,11,5,1,0.00439,0,normal,0
LG-1001,2025-01-11 11:48:30,6.500077,3.362566,8.2,61.0,1,0,11,5,1,0.00469,0,normal,0
LG-1001,2025-01-11 11:49:00,6.500966,3.362884,12.6,61.0,1,0,11,5,1,0.00527,0,normal,0
LG-1001,2025-01-11 11:49:30,6.50214,3.363305,16.7,60.9,1,0,11,5,1,0.00617,0,normal,0
LG-1001,2025-01-11 11:50:00,6.503003,3.363614,12.2,60.9,1,0,11,5,1,0.00689,0,normal,0
LG-1001,2025-01-11 11:50:30,6.50394,3.363948,13.3,60.9,1,0,11,5,1,0.00773,0,normal,0
LG-1001,2025-01-11 11:51:00,6.504543,3.364082,8.3,60.9,1,0,11,5,1,0.00823,0,normal,0
LG-1001,2025-01-11 11:51:30,6.505678,3.363949,15.3,60.8,1,0,11,5,1,0.00894,0,normal,0
LG-1001,2025-01-11 11:52:00,6.506639,3.363723,13.2,60.8,1,0,11,5,1,0.00955,0,normal,0
LG-1001,2025-01-11 11:52:30,6.507811,3.363444,16.1,60.7,1,0,11,5,1,0.01036,0,normal,0
LG-1001,2025-01-11 11:53:00,6.509066,3.3632,17.1,60.7,1,0,11,5,1,0.01061,0,normal,0
LG-1001,2025-01-11 11:53:30,6.509814,3.36321,10.0,60.7,1,0,11,5,1,0.01021,0,normal,0
LG-1001,2025-01-11 11:54:00,6.510326,3.363305,7.0,60.7,1,0,11,5,1,0.00987,0,normal,0
LG-1001,2025-01-11 11:54:30,6.510938,3.363495,8.6,60.6,1,0,11,5,1,0.00943,0,normal,0
LG-1001,2025-01-11 11:55:00,6.511728,3.363744,11.1,60.6,1,0,11,5,1,0.00888,0,normal,0
LG-1001,2025-01-11 11:55:30,6.512944,3.364132,17.0,60.6,1,0,11,5,1,0.00813,0,normal,0
LG-1001,2025-01-11 11:56:00,6.513681,3.364376,10.4,60.6,1,0,11,5,1,0.00774,0,normal,0
LG-1001,2025-01-11 11:56:30,6.514721,3.364794,15.0,60.5,1,0,11,5,1,0.00721,0,normal,0
LG-1001,2025-01-11 11:57:00,6.515593,3.365083,12.3,60.5,1,0,11,5,1,0.00694,0,normal,0
LG-1001,2025-01-11 11:57:30,6.516134,3.365342,8.0,60.5,1,0,11,5,1,0.00675,0,normal,0
LG-1001,2025-01-11 11:58:00,6.516448,3.365915,8.7,60.5,1,0,11,5,1,0.00625,0,normal,0
LG-1001,2025-01-11 11:58:30,6.516133,3.366852,13.1,60.4,1,0,11,5,1,0.00527,0,normal,0
LG-1001,2025-01-11 11:59:00,6.516323,3.367868,13.7,60.4,1,0,11,5,1,0.00434,0,normal,0
LG-1001,2025-01-11 11:59:30,6.516515,3.368609,10.2,60.4,1,0,11,5,1,0.00371,0,normal,0
LG-1001,2025-01-11 12:00:00,6.515921,3.368856,8.6,60.3,1,0,12,5,1,0.00328,0,normal,0
LG-1001,2025-01-11 12:00:30,6.514989,3.369365,14.2,60.3,1,0,12,5,1,0.00264,0,normal,0
LG-1001,2025-01-11 12:01:00,6.514439,3.369576,7.9,60.3,1,0,12,5,1,0.00249,0,normal,0
LG-1001,2025-01-11 12:01:30,6.513265,3.370049,16.9,60.3,1,0,12,5,1,0.00261,0,normal,0
LG-1001,2025-01-11 12:02:00,6.512696,3.370263,8.1,60.2,1,0,12,5,1,0.00289,0,normal,0
LG-1001,2025-01-11 12:02:30,6.512453,3.370437,4.0,60.2,1,0,12,5,1,0.00299,0,normal,0
LG-1001,2025-01-11 12:03:00,6.513308,3.37062,11.7,60.2,1,0,12,5,1,0.00218,0,normal,0
LG-1001,2025-01-11 12:03:30,6.514015,3.370863,10.0,60.2,1,0,12,5,1,0.0015,0,normal,0
LG-1001,2025-01-11 12:04:00,6.514118,3.371747,11.8,60.2,1,0,12,5,1,0.00092,0,normal,0
LG-1001,2025-01-11 12:04:30,6.514587,3.372263,9.3,60.1,1,0,12,5,1,0.00049,0,normal,0
LG-1001,2025-01-11 12:05:00,6.514741,3.372309,2.1,60.1,1,0,12,5,1,0.0004,0,normal,0
LG-1001,2025-01-11 12:05:30,6.514741,3.372309,0.0,60.1,0,1,12,5,1,0.0004,0,normal,0
LG-1001,2025-01-11 12:06:00,6.514741,3.372309,0.0,60.1,0,2,12,5,1,0.0004,0,normal,0
LG-1001,2025-01-11 12:06:30,6.514741,3.372309,0.0,60.1,0,3,12,5,1,0.0004,0,normal,0
LG-1001,2025-01-11 12:07:00,6.514741,3.372309,0.0,60.1,0,4,12,5,1,0.0004,0,normal,0
LG-1001,2025-01-11 12:07:30,6.514741,3.372309,0.0,60.1,0,5,12,5,1,0.0004,0,normal,0
LG-1001,2025-01-11 12:08:00,6.514741,3.372309,0.0,60.1,0,6,12,5,1,0.0004,0,normal,0
LG-1001,2025-01-11 12:08:30,6.514741,3.372309,0.0,60.1,0,7,12,5,1,0.0004,0,normal,0
LG-1002,2025-01-06 09:29:00,6.429558,3.421161,0.0,92.3,0,1,9,0,1,0.00157,0,normal,0
LG-1002,2025-01-06 09:29:30,6.429983,3.419617,21.3,92.3,1,0,9,0,1,0.00242,0,normal,0
LG-1002,2025-01-06 09:30:00,6.430433,3.417706,26.1,92.2,1,0,9,0,1,0.0041,0,normal,0
LG-1002,2025-01-06 09:30:30,6.430638,3.41538,31.0,92.1,1,0,9,0,1,0.00621,0,normal,0
LG-1002,2025-01-06 09:31:00,6.430632,3.413429,25.9,92.1,1,0,9,0,1,0.00802,0,normal,0
LG-1002,2025-01-06 09:31:30,6.430452,3.411982,19.4,92.0,1,0,9,0,1,0.00935,0,normal,0
LG-1002,2025-01-06 09:32:00,6.430012,3.410034,26.5,92.0,1,0,9,0,1,0.01115,0,normal,0
LG-1002,2025-01-06 09:32:30,6.430904,3.408897,19.2,91.9,1,0,9,0,1,0.01245,0,normal,0
LG-1002,2025-01-06 09:33:00,6.433424,3.408889,33.7,91.8,1,0,9,0,1,0.01327,0,normal,0
LG-1002,2025-01-06 09:33:30,6.434915,3.408717,20.0,91.8,1,0,9,0,1,0.0141,0,normal,0
LG-1002,2025-01-06 09:34:00,6.436444,3.408268,21.3,91.8,1,0,9,0,1,0.01528,0,normal,0
LG-1002,2025-01-06 09:34:30,6.438263,3.406973,29.8,91.7,1,0,9,0,1,0.01738,0,normal,0
LG-1002,2025-01-06 09:35:00,6.439253,3.405548,23.1,91.6,1,0,9,0,1,0.01895,0,normal,0
LG-1002,2025-01-06 09:35:30,6.440457,3.403786,28.4,91.6,1,0,9,0,1,0.01699,0,normal,0
LG-1002,2025-01-06 09:36:00,6.44139,3.402418,22.0,91.5,1,0,9,0,1,0.0155,0,normal,0
LG-1002,2025-01-06 09:36:30,6.441956,3.401323,16.4,91.5,1,0,9,0,1,0.0145,0,normal,0
LG-1002,2025-01-06 09:37:00,6.443361,3.399711,28.5,91.4,1,0,9,0,1,0.01256,0,normal,0
LG-1002,2025-01-06 09:37:30,6.443951,3.398796,14.5,91.4,1,0,9,0,1,0.01168,0,normal,0
LG-1002,2025-01-06 09:38:00,6.444604,3.397785,16.0,91.3,1,0,9,0,1,0.01076,0,normal,0
LG-1002,2025-01-06 09:38:30,6.445719,3.396192,25.9,91.3,1,0,9,0,1,0.00936,0,normal,0
LG-1002,2025-01-06 09:39:00,6.446947,3.394425,28.6,91.2,1,0,9,0,1,0.00807,0,normal,0
LG-1002,2025-01-06 09:39:30,6.448299,3.392434,32.0,91.1,1,0,9,0,1,0.00718,0,normal,0
LG-1002,2025-01-06 09:40:00,6.449012,3.391308,17.7,91.1,1,0,9,0,1,0.00703,0,normal,0
LG-1002,2025-01-06 09:40:30,6.449555,3.390405,14.0,91.1,1,0,9,0,1,0.00712,0,normal,0
LG-1002,2025-01-06 09:41:00,6.450819,3.388234,33.4,91.0,1,0,9,0,1,0.00795,0,normal,0
LG-1002,2025-01-06 09:41:30,6.45135,3.387238,15.0,90.9,1,0,9,0,1,0.00858,0,normal,0
LG-1002,2025-01-06 09:42:00,6.451938,3.386187,16.0,90.9,1,0,9,0,1,0.00933,0,normal,0
LG-1002,2025-01-06 09:42:30,6.452604,3.384995,18.2,90.9,1,0,9,0,1,0.01029,0,normal,0
LG-1002,2025-01-06 09:43:00,6.453425,3.383421,23.6,90.8,1,0,9,0,1,0.01169,0,normal,0
LG-1002,2025-01-06 09:43:30,6.455275,3.382078,30.5,90.7,1,0,9,0,1,0.01293,0,normal,0
LG-1002,2025-01-06 09:44:00,6.457368,3.382538,28.6,90.7,1,0,9,0,1,0.01268,0,normal,0
LG-1002,2025-01-06 09:44:30,6.459413,3.38278,27.5,90.6,1,0,9,0,1,0.01299,0,normal,0
LG-1002,2025-01-06 09:45:00,6.460548,3.38252,15.6,90.6,1,0,9,0,1,0.01366,0,normal,0
LG-1002,2025-01-06 09:45:30,6.461872,3.381882,19.6,90.5,1,0,9,0,1,0.01481,0,normal,0
LG-1002,2025-01-06 09:46:00,6.463296,3.380975,22.5,90.5,1,0,9,0,1,0.01629,0,normal,0
LG-1002,2025-01-06 09:46:30,6.464238,3.380375,14.9,90.4,1,0,9,0,1,0.0173,0,normal,0
LG-1002,2025-01-06 09:47:00,6.465364,3.379659,17.8,90.4,1,0,9,0,1,0.01851,0,normal,0
LG-1002,2025-01-06 09:47:30,6.466541,3.37891,18.6,90.4,1,0,9,0,1,0.0198,0,normal,0
LG-1002,2025-01-06 09:48:00,6.467506,3.378426,14.4,90.3,1,0,9,0,1,0.02076,0,normal,0
LG-1002,2025-01-06 09:48:30,6.469234,3.377881,24.2,90.3,1,0,9,0,1,0.02226,0,normal,0
LG-1002,2025-01-06 09:49:00,6.471214,3.377249,27.8,90.2,1,0,9,0,1,0.02404,0,normal,0
LG-1002,2025-01-06 09:49:30,6.472146,3.376933,13.1,90.2,1,0,9,0,1,0.02491,0,normal,0
LG-1002,2025-01-06 09:50:00,6.473749,3.376393,22.6,90.1,1,0,9,0,1,0.02641,0,normal,0
LG-1002,2025-01-06 09:50:30,6.475631,3.375242,29.4,90.1,1,0,9,0,1,0.02857,0,normal,0
LG-1002,2025-01-06 09:51:00,6.477052,3.373632,28.6,90.0,1,0,9,0,1,0.02695,0,normal,0
LG-1002,2025-01-06 09:51:30,6.478445,3.37184,30.2,89.9,1,0,9,0,1,0.02478,0,normal,0
LG-1002,2025-01-06 09:52:00,6.479438,3.370542,21.8,89.9,1,0,9,0,1,0.02324,0,normal,0
LG-1002,2025-01-06 09:52:30,6.480839,3.368745,30.3,89.8,1,0,9,0,1,0.0211,0,normal,0
LG-1002,2025-01-06 09:53:00,6.481692,3.367795,17.0,89.8,1,0,9,0,1,0.01989,0,normal,0
LG-1002,2025-01-06 09:53:30,6.482799,3.366805,19.8,89.7,1,0,9,0,1,0.01844,0,normal,0
LG-1002,2025-01-06 09:54:00,6.483732,3.366106,15.5,89.7,1,0,9,0,1,0.01729,0,normal,0
LG-1002,2025-01-06 09:54:30,6.485158,3.365239,22.3,89.6,1,0,9,0,1,0.01562,0,normal,0
LG-1002,2025-01-06 09:55:00,6.486569,3.364628,20.5,89.6,1,0,9,0,1,0.01409,0,normal,0
LG-1002,2025-01-06 09:55:30,6.487771,3.364194,17.1,89.5,1,0,9,0,1,0.01282,0,normal,0
LG-1002,2025-01-06 09:56:00,6.489805,3.363469,28.8,89.5,1,0,9,0,1,0.0107,0,normal,0
LG-1002,2025-01-06 09:56:30,6.491128,3.362997,18.7,89.4,1,0,9,0,1,0.00932,0,normal,0
LG-1002,2025-01-06 09:57:00,6.492378,3.362535,17.8,89.4,1,0,9,0,1,0.00803,0,normal,0
LG-1002,2025-01-06 09:57:30,6.4934,3.362158,14.5,89.3,1,0,9,0,1,0.00698,0,normal,0
LG-1002,2025-01-06 09:58:00,6.494958,3.361732,21.6,89.3,1,0,9,0,1,0.0055,0,normal,0
LG-1002,2025-01-06 09:58:30,6.49634,3.361672,18.5,89.2,1,0,9,0,1,0.00453,0,normal,0
LG-1002,2025-01-06 09:59:00,6.497821,3.361902,20.0,89.2,1,0,9,0,1,0.00408,0,normal,0
LG-1002,2025-01-06 09:59:30,6.49905,3.362222,16.9,89.2,1,0,9,0,1,0.00422,0,normal,0
LG-1002,2025-01-06 10:00:00,6.501108,3.362936,29.1,89.1,1,0,10,0,1,0.00537,0,normal,0
LG-1002,2025-01-06 10:00:30,6.501108,3.362936,0.0,89.1,1,1,10,0,1,0.00537,0,normal,0
LG-1002,2025-01-06 10:01:00,6.501108,3.362936,0.0,89.1,1,2,10,0,1,0.00537,0,normal,0
LG-1002,2025-01-06 10:01:30,6.501108,3.362936,0.0,89.1,1,3,10,0,1,0.00537,0,normal,0
LG-1002,2025-01-06 10:02:00,6.501108,3.362936,0.0,89.1,1,4,10,0,1,0.00537,0,normal,0
LG-1002,2025-01-06 10:02:30,6.503431,3.363767,32.9,89.0,1,0,10,0,1,0.00727,0,normal,0
LG-1002,2025-01-06 10:03:00,6.505104,3.364067,22.7,89.0,1,0,10,0,1,0.00861,0,normal,0
LG-1002,2025-01-06 10:03:30,6.507026,3.363628,26.3,88.9,1,0,10,0,1,0.0098,0,normal,0
LG-1002,2025-01-06 10:04:00,6.509339,3.363189,31.4,88.8,1,0,10,0,1,0.01047,0,normal,0
LG-1002,2025-01-06 10:04:30,6.511843,3.363776,34.3,88.8,1,0,10,0,1,0.00881,0,normal,0
LG-1002,2025-01-06 10:05:00,6.513669,3.364371,25.6,88.7,1,0,10,0,1,0.00774,0,normal,0
LG-1002,2025-01-06 10:05:30,6.513669,3.364371,1.3,88.7,1,214,10,0,1,0.00774,1,excessive_idle,0
LG-1002,2025-01-06 10:06:00,6.513669,3.364371,1.2,88.7,1,226,10,0,1,0.00774,1,excessive_idle,0
LG-1002,2025-01-06 10:06:30,6.513669,3.364371,0.7,88.7,1,227,10,0,1,0.00774,1,excessive_idle,0
LG-1002,2025-01-06 10:07:00,6.513669,3.364371,0.0,88.7,1,228,10,0,1,0.00774,1,excessive_idle,0
LG-1002,2025-01-06 10:07:30,6.513669,3.364371,0.7,88.7,1,229,10,0,1,0.00774,1,excessive_idle,0
LG-1002,2025-01-06 10:08:00,6.513669,3.364371,0.6,88.7,1,230,10,0,1,0.00774,1,excessive_idle,0
LG-1002,2025-01-06 10:08:30,6.513669,3.364371,0.9,88.7,1,231,10,0,1,0.00774,1,excessive_idle,0
LG-1002,2025-01-06 10:09:00,6.513669,3.364371,1.3,88.7,1,232,10,0,1,0.00774,1,excessive_idle,0
LG-1002,2025-01-06 10:09:30,6.513669,3.364371,0.2,88.7,1,233,10,0,1,0.00774,1,excessive_idle,0
LG-1002,2025-01-06 10:10:00,6.513669,3.364371,1.2,88.7,1,234,10,0,1,0.00774,1,excessive_idle,0
LG-1002,2025-01-06 10:10:30,6.513669,3.364371,1.3,88.7,1,235,10,0,1,0.00774,1,excessive_idle,0
LG-1002,2025-01-06 10:11:00,6.513669,3.364371,1.3,88.7,1,239,10,0,1,0.00774,1,excessive_idle,0
LG-1002,2025-01-06 10:11:30,6.513669,3.364371,1.3,88.7,1,240,10,0,1,0.00774,1,excessive_idle,0
LG-1002,2025-01-06 10:12:00,6.513669,3.364371,0.6,88.7,1,240,10,0,1,0.00774,1,excessive_idle,0
LG-1002,2025-01-06 10:12:30,6.513669,3.364371,0.4,88.7,1,240,10,0,1,0.00774,1,excessive_idle,0
LG-1002,2025-01-06 10:13:00,6.515987,3.365247,33.1,88.6,1,0,10,0,1,0.00682,0,normal,0
LG-1002,2025-01-06 10:13:30,6.517351,3.3656,18.8,88.6,1,0,10,0,1,0.00682,0,normal,0
LG-1002,2025-01-06 10:14:00,6.519151,3.365374,24.2,88.5,1,0,10,0,1,0.00782,0,normal,0
LG-1002,2025-01-06 10:14:30,6.520356,3.364725,18.3,88.5,1,0,10,0,1,0.00903,0,normal,0
LG-1002,2025-01-06 10:15:00,6.521362,3.364157,15.4,88.4,1,0,10,0,1,0.0101,0,normal,0
LG-1002,2025-01-06 10:15:30,6.522406,3.363566,16.0,88.4,1,0,10,0,1,0.01122,0,normal,0
LG-1002,2025-01-06 10:16:00,6.523211,3.363042,12.8,88.4,1,0,10,0,1,0.01215,0,normal,0
LG-1002,2025-01-06 10:16:30,6.52487,3.361184,33.2,88.3,1,0,10,0,1,0.01464,0,normal,0
LG-1002,2025-01-06 10:17:00,6.525811,3.359942,20.7,88.2,1,0,10,0,1,0.01619,0,normal,0
LG-1002,2025-01-06 10:17:30,6.526441,3.357778,29.9,88.2,1,0,10,0,1,0.01825,0,normal,0
LG-1002,2025-01-06 10:18:00,6.526749,3.355763,27.0,88.1,1,0,10,0,1,0.02004,0,normal,0
LG-1002,2025-01-06 10:18:30,6.527189,3.354671,15.7,88.1,1,0,10,0,1,0.02119,0,normal,0
LG-1002,2025-01-06 10:19:00,6.528126,3.354012,15.3,88.0,1,0,10,0,1,0.02227,0,normal,0
LG-1002,2025-01-06 10:19:30,6.53029,3.35335,30.2,88.0,1,0,10,0,1,0.02412,0,normal,0
LG-1002,2025-01-06 10:20:00,6.531558,3.352986,17.6,87.9,1,0,10,0,1,0.02521,0,normal,0
LG-1002,2025-01-06 10:20:30,6.533908,3.352349,32.5,87.8,1,0,10,0,1,0.02395,0,normal,0
LG-1002,2025-01-06 10:21:00,6.534981,3.352542,14.6,87.8,1,0,10,0,1,0.02311,0,normal,0
LG-1002,2025-01-06 10:21:30,6.536714,3.353594,27.0,87.8,1,0,10,0,1,0.0222,0,normal,0
LG-1002,2025-01-06 10:22:00,6.538628,3.354812,30.2,87.7,1,0,10,0,1,0.02142,0,normal,0
LG-1002,2025-01-06 10:22:30,6.539664,3.355544,16.9,87.6,1,0,10,0,1,0.02114,0,normal,0
LG-1002,2025-01-06 10:23:00,6.540748,3.35633,17.9,87.6,1,0,10,0,1,0.02093,0,normal,0
LG-1002,2025-01-06 10:23:30,6.543066,3.356978,32.1,87.5,1,0,10,0,1,0.01994,0,normal,0
LG-1002,2025-01-06 10:24:00,6.544298,3.35651,17.6,87.5,1,0,10,0,1,0.01884,0,normal,0
LG-1002,2025-01-06 10:24:30,6.545784,3.355906,21.4,87.4,1,0,10,0,1,0.01752,0,normal,0
LG-1002,2025-01-06 10:25:00,6.547278,3.355307,21.5,87.4,1,0,10,0,1,0.01626,0,normal,0
LG-1002,2025-01-06 10:25:30,6.548481,3.354817,17.3,87.3,1,0,10,0,1,0.01528,0,normal,0
LG-1002,2025-01-06 10:26:00,6.550514,3.353974,29.4,87.3,1,0,10,0,1,0.01373,0,normal,0
LG-1002,2025-01-06 10:26:30,6.552544,3.353139,29.3,87.2,1,0,10,0,1,0.01238,0,normal,0
LG-1002,2025-01-06 10:27:00,6.553944,3.35256,20.2,87.2,1,0,10,0,1,0.01161,0,normal,0
LG-1002,2025-01-06 10:27:30,6.55607,3.351673,30.7,87.1,1,0,10,0,1,0.01073,0,normal,0
LG-1002,2025-01-06 10:28:00,6.557208,3.351205,16.4,87.1,1,0,10,0,1,0.01044,0,normal,0
LG-1002,2025-01-06 10:28:30,6.558018,3.350887,11.6,87.0,1,0,10,0,1,0.01034,0,normal,0
LG-1002,2025-01-07 12:34:00,6.555219,3.341838,0.0,87.0,0,1,12,1,1,0.00087,0,normal,0
LG-1002,2025-01-07 12:34:30,6.556452,3.342332,17.7,87.0,1,0,12,1,1,0.00197,0,normal,0
LG-1002,2025-01-07 12:35:00,6.556424,3.34402,22.4,86.9,1,0,12,1,1,0.00334,0,normal,0
LG-1002,2025-01-07 12:35:30,6.556445,3.344789,10.2,86.9,1,0,12,1,1,0.00406,0,normal,0
LG-1002,2025-01-07 12:36:00,6.556468,3.345958,15.5,86.9,1,0,12,1,1,0.00517,0,normal,0
LG-1002,2025-01-07 12:36:30,6.556503,3.347586,21.6,86.8,1,0,12,1,1,0.00676,0,normal,0
LG-1002,2025-01-07 12:37:00,6.556493,3.348725,15.1,86.8,1,0,12,1,1,0.00787,0,normal,0
LG-1002,2025-01-07 12:37:30,6.556494,3.349624,11.9,86.8,1,0,12,1,1,0.00875,0,normal,0
LG-1002,2025-01-07 12:38:00,6.556514,3.350533,12.1,86.7,1,0,12,1,1,0.00965,0,normal,0
LG-1002,2025-01-07 12:38:30,6.556248,3.351512,13.5,86.7,1,0,12,1,1,0.01059,0,normal,0
LG-1002,2025-01-07 12:39:00,6.555069,3.352006,17.1,86.7,1,0,12,1,1,0.01101,0,normal,0
LG-1002,2025-01-07 12:39:30,6.553421,3.352675,23.7,86.6,1,0,12,1,1,0.01178,0,normal,0
LG-1002,2025-01-07 12:40:00,6.552042,3.353245,19.9,86.6,1,0,12,1,1,0.0126,0,normal,0
LG-1002,2025-01-07 12:40:30,6.550605,3.353838,20.8,86.5,1,0,12,1,1,0.01357,0,normal,0
LG-1002,2025-01-07 12:41:00,6.548807,3.354559,25.9,86.4,1,0,12,1,1,0.01491,0,normal,0
LG-1002,2025-01-07 12:41:30,6.547709,3.35502,15.9,86.4,1,0,12,1,1,0.0158,0,normal,0
LG-1002,2025-01-07 12:42:00,6.546613,3.355457,15.7,86.4,1,0,12,1,1,0.01671,0,normal,0
LG-1002,2025-01-07 12:42:30,6.544892,3.356158,24.8,86.3,1,0,12,1,1,0.01822,0,normal,0
LG-1002,2025-01-07 12:43:00,6.543991,3.356529,13.0,86.3,1,0,12,1,1,0.01904,0,normal,0
LG-1002,2025-01-07 12:43:30,6.542465,3.356988,21.3,86.2,1,0,12,1,1,0.02032,0,normal,0
LG-1002,2025-01-07 12:44:00,6.54098,3.356388,21.4,86.2,1,0,12,1,1,0.02082,0,normal,0
LG-1002,2025-01-07 12:44:30,6.540345,3.355933,10.4,86.2,1,0,12,1,1,0.02092,0,normal,0
LG-1002,2025-01-07 12:45:00,6.539315,3.355201,16.8,86.1,1,0,12,1,1,0.02116,0,normal,0
LG-1002,2025-01-07 12:45:30,6.538562,3.354681,12.2,86.1,1,0,12,1,1,0.02139,0,normal,0
LG-1002,2025-01-07 12:46:00,6.537807,3.3542,11.9,86.1,1,0,12,1,1,0.02168,0,normal,0
LG-1002,2025-01-07 12:46:30,6.536745,3.353524,16.8,86.0,1,0,12,1,1,0.02214,0,normal,0
LG-1002,2025-01-07 12:47:00,6.535873,3.352974,13.7,86.0,1,0,12,1,1,0.02257,0,normal,0
LG-1002,2025-01-07 12:47:30,6.534347,3.352287,22.3,85.9,1,0,12,1,1,0.02354,0,normal,0
LG-1002,2025-01-07 12:48:00,6.532555,3.35261,24.3,85.9,1,0,12,1,1,0.02527,0,normal,0
LG-1002,2025-01-07 12:48:30,6.530925,3.3531,22.7,85.8,1,0,12,1,1,0.02471,0,normal,0
LG-1002,2025-01-07 12:49:00,6.529963,3.353374,13.4,85.8,1,0,12,1,1,0.02389,0,normal,0
LG-1002,2025-01-07 12:49:30,6.528997,3.353675,13.5,85.8,1,0,12,1,1,0.02306,0,normal,0
LG-1002,2025-01-07 12:50:00,6.528058,3.353972,13.2,85.7,1,0,12,1,1,0.02226,0,normal,0
LG-1002,2025-01-07 12:50:30,6.527351,3.354394,11.0,85.7,1,0,12,1,1,0.02151,0,normal,0
LG-1002,2025-01-07 12:51:00,6.526624,3.356088,24.5,85.7,1,0,12,1,1,0.0197,0,normal,0
LG-1002,2025-01-07 12:51:30,6.526434,3.357251,15.6,85.6,1,0,12,1,1,0.01866,0,normal,0
LG-1002,2025-01-07 12:52:00,6.526322,3.358191,12.6,85.6,1,0,12,1,1,0.01786,0,normal,0
LG-1002,2025-01-07 12:52:30,6.525793,3.359834,22.9,85.5,1,0,12,1,1,0.01626,0,normal,0
LG-1002,2025-01-07 12:53:00,6.525085,3.360771,15.6,85.5,1,0,12,1,1,0.01509,0,normal,0
LG-1002,2025-01-07 12:53:30,6.524661,3.361326,9.3,85.5,1,0,12,1,1,0.0144,0,normal,0
LG-1002,2025-01-07 12:54:00,6.524134,3.362011,11.5,85.5,1,0,12,1,1,0.01354,0,normal,0
LG-1002,2025-01-07 12:54:30,6.524134,3.362011,0.0,85.5,1,1,12,1,1,0.01354,0,normal,0
LG-1002,2025-01-07 12:55:00,6.524134,3.362011,0.0,85.5,1,2,12,1,1,0.01354,0,normal,0
LG-1002,2025-01-07 12:55:30,6.524134,3.362011,0.0,85.5,1,3,12,1,1,0.01354,0,normal,0
LG-1002,2025-01-07 12:56:00,6.524134,3.362011,0.0,85.5,1,4,12,1,1,0.01354,0,normal,0
LG-1002,2025-01-07 12:56:30,6.524134,3.362011,0.0,85.5,1,5,12,1,1,0.01354,0,normal,0
LG-1002,2025-01-07 12:57:00,6.524134,3.362011,0.0,85.5,1,6,12,1,1,0.01354,0,normal,0
LG-1002,2025-01-07 12:57:30,6.524134,3.362011,0.0,85.5,1,7,12,1,1,0.01354,0,normal,0
LG-1002,2025-01-07 12:58:00,6.524134,3.362011,0.0,85.5,1,8,12,1,1,0.01354,0,normal,0
LG-1002,2025-01-07 12:58:30,6.524134,3.362011,0.0,85.5,1,9,12,1,1,0.01354,0,normal,0
LG-1002,2025-01-07 12:59:00,6.524134,3.362011,0.0,85.5,1,10,12,1,1,0.01354,0,normal,0
LG-1002,2025-01-07 12:59:30,6.524134,3.362011,0.0,85.5,1,11,12,1,1,0.01354,0,normal,0
LG-1002,2025-01-07 13:00:00,6.524134,3.362011,0.0,85.5,1,12,13,1,1,0.01354,0,normal,0
LG-1002,2025-01-07 13:00:30,6.524134,3.362011,0.0,85.5,1,13,13,1,1,0.01354,0,normal,0
LG-1002,2025-01-07 13:01:00,6.523084,3.363058,19.7,85.4,1,0,13,1,1,0.01205,0,normal,0
LG-1002,2025-01-07 13:01:30,6.521649,3.363923,22.3,85.4,1,0,13,1,1,0.01046,0,normal,0
LG-1002,2025-01-07 13:02:00,6.520834,3.364368,12.4,85.3,1,0,13,1,1,0.00961,0,normal,0
LG-1002,2025-01-07 13:02:30,6.519211,3.36525,24.6,85.3,1,0,13,1,1,0.00796,0,normal,0
LG-1002,2025-01-07 13:03:00,6.517457,3.365323,23.5,85.2,1,0,13,1,1,0.00711,0,normal,0
LG-1002,2025-01-07 13:03:30,6.515766,3.364842,23.5,85.2,1,0,13,1,1,0.0072,0,normal,0
LG-1002,2025-01-07 13:04:00,6.514861,3.364553,12.7,85.1,1,0,13,1,1,0.00745,0,normal,0
LG-1002,2025-01-07 13:04:30,6.514179,3.364329,9.6,85.1,1,0,13,1,1,0.00771,0,normal,0
LG-1002,2025-01-07 13:05:00,6.512464,3.363838,23.8,85.0,1,0,13,1,1,0.00855,0,normal,0
LG-1002,2025-01-07 13:05:30,6.51146,3.363522,14.1,85.0,1,0,13,1,1,0.00919,0,normal,0
LG-1002,2025-01-07 13:06:00,6.510058,3.363117,19.5,85.0,1,0,13,1,1,0.01017,0,normal,0
LG-1002,2025-01-07 13:06:30,6.508428,3.363209,21.8,84.9,1,0,13,1,1,0.01077,0,normal,0
LG-1002,2025-01-07 13:07:00,6.507625,3.363376,11.0,84.9,1,0,13,1,1,0.01016,0,normal,0
LG-1002,2025-01-07 13:07:30,6.506,3.363774,22.3,84.8,1,0,13,1,1,0.00907,0,normal,0
LG-1002,2025-01-07 13:08:00,6.504152,3.363926,24.8,84.8,1,0,13,1,1,0.00785,0,normal,0
LG-1002,2025-01-07 13:08:30,6.502645,3.363376,21.4,84.7,1,0,13,1,1,0.0065,0,normal,0
LG-1002,2025-01-07 13:09:00,6.501499,3.362931,16.4,84.7,1,0,13,1,1,0.00553,0,normal,0
LG-1002,2025-01-07 13:09:30,6.499805,3.362329,24.0,84.6,1,0,13,1,1,0.0044,0,normal,0
LG-1002,2025-01-07 13:10:00,6.498524,3.361929,17.9,84.6,1,0,13,1,1,0.00396,0,normal,0
LG-1002,2025-01-07 13:10:30,6.496931,3.361611,21.7,84.5,1,0,13,1,1,0.00416,0,normal,0
LG-1002,2025-01-07 13:11:00,6.495211,3.36157,23.0,84.5,1,0,13,1,1,0.00521,0,normal,0
LG-1002,2025-01-07 13:11:30,6.493628,3.361947,21.7,84.4,1,0,13,1,1,0.00667,0,normal,0
LG-1002,2025-01-07 13:12:00,6.492658,3.362291,13.7,84.4,1,0,13,1,1,0.00766,0,normal,0
LG-1002,2025-01-07 13:12:30,6.491903,3.362576,10.8,84.4,1,0,13,1,1,0.00844,0,normal,0
LG-1002,2025-01-07 13:13:00,6.490998,3.362907,12.9,84.4,1,0,13,1,1,0.00939,0,normal,0
LG-1002,2025-01-07 13:13:30,6.489764,3.363347,17.5,84.3,1,0,13,1,1,0.01067,0,normal,0
LG-1002,2025-01-07 13:14:00,6.488525,3.363782,17.5,84.3,1,0,13,1,1,0.01196,0,normal,0
LG-1002,2025-01-07 13:14:30,6.487198,3.364272,18.9,84.2,1,0,13,1,1,0.01336,0,normal,0
LG-1002,2025-01-07 13:15:00,6.486098,3.364665,15.6,84.2,1,0,13,1,1,0.01452,0,normal,0
LG-1002,2025-01-07 13:15:30,6.484519,3.365234,22.4,84.1,1,0,13,1,1,0.01619,0,normal,0
LG-1002,2025-01-07 13:16:00,6.482863,3.366048,24.6,84.1,1,0,13,1,1,0.01803,0,normal,0
LG-1002,2025-01-07 13:16:30,6.481915,3.366269,13.0,84.1,1,0,13,1,1,0.01898,0,normal,0
LG-1002,2025-01-07 13:17:00,6.480311,3.366197,21.4,84.0,1,0,13,1,1,0.02041,0,normal,0
LG-1002,2025-01-07 13:17:30,6.478873,3.365661,20.5,84.0,1,0,13,1,1,0.02154,0,normal,0
LG-1002,2025-01-07 13:18:00,6.477673,3.365073,17.8,83.9,1,0,13,1,1,0.02247,0,normal,0
LG-1002,2025-01-07 13:18:30,6.476865,3.364679,12.0,83.9,1,0,13,1,1,0.02312,0,normal,0
LG-1002,2025-01-07 13:19:00,6.475345,3.363936,22.6,83.8,1,0,13,1,1,0.02439,0,normal,0
LG-1002,2025-01-07 13:19:30,6.47362,3.363124,25.4,83.8,1,0,13,1,1,0.02496,0,normal,0
LG-1002,2025-01-07 13:20:00,6.472057,3.362877,21.1,83.7,1,0,13,1,1,0.02338,0,normal,0
LG-1002,2025-01-07 13:20:30,6.470223,3.363114,24.7,83.7,1,0,13,1,1,0.02162,0,normal,0
LG-1002,2025-01-07 13:21:00,6.468317,3.363465,25.9,83.6,1,0,13,1,1,0.01983,0,normal,0
LG-1002,2025-01-07 13:21:30,6.467222,3.363664,14.9,83.6,1,0,13,1,1,0.01881,0,normal,0
LG-1002,2025-01-07 13:22:00,6.465756,3.363907,19.8,83.5,1,0,13,1,1,0.01746,0,normal,0
LG-1002,2025-01-07 13:22:30,6.464493,3.364037,17.0,83.5,1,0,13,1,1,0.01629,0,normal,0
LG-1002,2025-01-07 13:23:00,6.462554,3.364123,25.9,83.4,1,0,13,1,1,0.01449,0,normal,0
LG-1002,2025-01-07 13:23:30,6.461779,3.364144,10.4,83.4,1,0,13,1,1,0.01378,0,normal,0
LG-1002,2025-01-07 13:24:00,6.460588,3.364177,15.9,83.4,1,0,13,1,1,0.01269,0,normal,0
LG-1002,2025-01-07 13:24:30,6.458796,3.364289,24.0,83.3,1,0,13,1,1,0.01113,0,normal,0
LG-1002,2025-01-07 13:25:00,6.4578,3.364523,13.7,83.3,1,0,13,1,1,0.01039,0,normal,0
LG-1002,2025-01-07 13:25:30,6.456237,3.365135,22.4,83.2,1,0,13,1,1,0.00949,0,normal,0
LG-1002,2025-01-07 13:26:00,6.455206,3.365652,15.4,83.2,1,0,13,1,1,0.0091,0,normal,0
LG-1002,2025-01-07 13:26:30,6.453445,3.366449,25.8,83.1,1,0,13,1,1,0.00867,0,normal,0
LG-1002,2025-01-07 13:27:00,6.451758,3.367093,24.1,83.1,1,0,13,1,1,0.00855,0,normal,0
LG-1002,2025-01-07 13:27:30,6.450775,3.367453,14.0,83.0,1,0,13,1,1,0.00864,0,normal,0
LG-1002,2025-01-07 13:28:00,6.449232,3.368008,21.9,83.0,1,0,13,1,1,0.00901,0,normal,0
LG-1002,2025-01-07 13:28:30,6.448692,3.367311,11.7,83.0,1,0,13,1,1,0.00832,0,normal,0
LG-1002,2025-01-07 13:29:00,6.447559,3.366625,17.7,82.9,1,0,13,1,1,0.00776,0,normal,0
LG-1002,2025-01-07 13:29:30,6.446469,3.365944,17.1,82.9,1,0,13,1,1,0.00739,0,normal,0
LG-1002,2025-01-07 13:30:00,6.4471,3.364326,23.1,82.8,1,0,13,1,1,0.00565,0,normal,0
LG-1002,2025-01-07 13:30:30,6.447357,3.363691,9.1,82.8,1,0,13,1,1,0.00497,0,normal,0
LG-1002,2025-01-07 13:31:00,6.447711,3.36282,12.5,82.8,1,0,13,1,1,0.00403,0,normal,0
LG-1002,2025-01-07 13:31:30,6.448303,3.361352,21.0,82.7,1,0,13,1,1,0.00245,0,normal,0
LG-1002,2025-01-07 13:32:00,6.448839,3.36007,18.5,82.7,1,0,13,1,1,0.00108,0,normal,0
LG-1002,2025-01-07 13:32:30,6.449238,3.359099,13.9,82.7,1,0,13,1,1,0.00026,0,normal,0
LG-1002,2025-01-07 13:33:00,6.449238,3.359099,0.0,82.7,0,1,13,1,1,0.00026,0,normal,0
LG-1002,2025-01-07 13:33:30,6.449238,3.359099,0.0,82.7,0,2,13,1,1,0.00026,0,normal,0
LG-1002,2025-01-08 15:43:00,6.461945,3.521707,0.0,82.7,0,1,15,2,1,0.00307,0,normal,0
LG-1002,2025-01-08 15:43:30,6.461082,3.521562,11.7,82.6,1,0,15,2,1,0.00394,0,normal,0
LG-1002,2025-01-08 15:44:00,6.46114,3.518648,38.7,82.5,1,0,15,2,1,0.00511,0,normal,0
LG-1002,2025-01-08 15:44:30,6.458732,3.518323,32.5,82.5,1,0,15,2,1,0.00727,0,normal,0
LG-1002,2025-01-08 15:45:00,6.455777,3.518237,39.5,82.4,1,0,15,2,1,0.00996,0,normal,0
LG-1002,2025-01-08 15:45:30,6.45425,3.518194,20.4,82.3,1,0,15,2,1,0.0114,0,normal,0
LG-1002,2025-01-08 15:46:00,6.453598,3.516541,23.6,82.3,1,0,15,2,1,0.01264,0,normal,0
LG-1002,2025-01-08 15:46:30,6.453358,3.513823,36.2,82.2,1,0,15,2,1,0.01423,0,normal,0
LG-1002,2025-01-08 15:47:00,6.453205,3.51224,21.1,82.1,1,0,15,2,1,0.01531,0,normal,0
LG-1002,2025-01-08 15:47:30,6.453063,3.510688,20.7,82.1,1,0,15,2,1,0.01645,0,normal,0
LG-1002,2025-01-08 15:48:00,6.452824,3.50962,14.5,82.0,1,0,15,2,1,0.01736,0,normal,0
LG-1002,2025-01-08 15:48:30,6.450926,3.508327,30.6,82.0,1,0,15,2,1,0.01962,0,normal,0
LG-1002,2025-01-08 15:49:00,6.448346,3.508316,34.5,81.9,1,0,15,2,1,0.02155,0,normal,0
LG-1002,2025-01-08 15:49:30,6.445925,3.508252,32.4,81.8,1,0,15,2,1,0.02351,0,normal,0
LG-1002,2025-01-08 15:50:00,6.44332,3.507777,35.4,81.7,1,0,15,2,1,0.02593,0,normal,0
LG-1002,2025-01-08 15:50:30,6.441148,3.507482,29.3,81.7,1,0,15,2,1,0.02792,0,normal,0
LG-1002,2025-01-08 15:51:00,6.439075,3.507509,27.7,81.6,1,0,15,2,1,0.0297,0,normal,0
LG-1002,2025-01-08 15:51:30,6.437052,3.507598,27.1,81.5,1,0,15,2,1,0.03144,0,normal,0
LG-1002,2025-01-08 15:52:00,6.436418,3.505361,30.9,81.5,1,0,15,2,1,0.03307,0,normal,0
LG-1002,2025-01-08 15:52:30,6.436204,3.50388,19.9,81.4,1,0,15,2,1,0.03402,0,normal,0
LG-1002,2025-01-08 15:53:00,6.435776,3.50095,39.3,81.3,1,0,15,2,1,0.03602,0,normal,0
LG-1002,2025-01-08 15:53:30,6.435776,3.50095,0.0,81.3,1,1,15,2,1,0.03602,0,normal,0
LG-1002,2025-01-08 15:54:00,6.435776,3.50095,0.0,81.3,1,2,15,2,1,0.03602,0,normal,0
LG-1002,2025-01-08 15:54:30,6.435776,3.50095,0.0,81.3,1,3,15,2,1,0.03602,0,normal,0
LG-1002,2025-01-08 15:55:00,6.435776,3.50095,0.0,81.3,1,4,15,2,1,0.03602,0,normal,0
LG-1002,2025-01-08 15:55:30,6.435776,3.50095,0.0,81.3,1,5,15,2,1,0.03602,0,normal,0
LG-1002,2025-01-08 15:56:00,6.435776,3.50095,0.0,81.3,1,6,15,2,1,0.03602,0,normal,0
LG-1002,2025-01-08 15:56:30,6.435776,3.50095,0.0,81.3,1,7,15,2,1,0.03602,0,normal,0
LG-1002,2025-01-08 15:57:00,6.435776,3.50095,0.0,81.3,1,8,15,2,1,0.03602,0,normal,0
LG-1002,2025-01-08 15:57:30,6.435776,3.50095,0.0,81.3,1,9,15,2,1,0.03602,0,normal,0
LG-1002,2025-01-08 15:58:00,6.435776,3.50095,0.0,81.3,1,10,15,2,1,0.03602,0,normal,0
LG-1002,2025-01-08 15:58:30,6.435776,3.50095,0.0,81.3,1,11,15,2,1,0.03602,0,normal,0
LG-1002,2025-01-08 15:59:00,6.435776,3.50095,0.0,81.3,1,12,15,2,1,0.03602,0,normal,0
LG-1002,2025-01-08 15:59:30,6.435363,3.498183,37.1,81.2,1,0,15,2,1,0.03802,0,normal,0
LG-1002,2025-01-08 16:00:00,6.435101,3.496389,24.1,81.2,1,0,16,2,1,0.03937,0,normal,0
LG-1002,2025-01-08 16:00:30,6.434775,3.494112,30.5,81.1,1,0,16,2,1,0.04113,0,normal,0
LG-1002,2025-01-08 16:01:00,6.434581,3.492758,18.2,81.1,1,0,16,2,1,0.04219,0,normal,0
LG-1002,2025-01-08 16:01:30,6.434135,3.489651,41.7,81.0,1,0,16,2,1,0.04471,0,normal,0
LG-1002,2025-01-08 16:02:00,6.43369,3.486692,39.7,80.9,1,0,16,2,1,0.04719,0,normal,0
LG-1002,2025-01-08 16:02:30,6.433249,3.483691,40.3,80.8,1,0,16,2,1,0.04976,0,normal,0
LG-1002,2025-01-08 16:03:00,6.433021,3.481932,23.6,80.7,1,0,16,2,1,0.05126,0,normal,0
LG-1002,2025-01-08 16:03:30,6.432795,3.480523,18.9,80.7,1,0,16,2,1,0.05251,0,normal,0
LG-1002,2025-01-08 16:04:00,6.432571,3.479021,20.2,80.6,1,0,16,2,1,0.05384,0,normal,0
LG-1002,2025-01-08 16:04:30,6.432379,3.477777,16.7,80.6,1,0,16,2,1,0.05495,0,normal,0
LG-1002,2025-01-08 16:05:00,6.432159,3.476473,17.6,80.6,1,0,16,2,1,0.05563,0,normal,0
LG-1002,2025-01-08 16:05:30,6.431993,3.475266,16.2,80.5,1,0,16,2,1,0.05441,0,normal,0
LG-1002,2025-01-08 16:06:00,6.431564,3.472117,42.2,80.4,1,0,16,2,1,0.05124,0,normal,0
LG-1002,2025-01-08 16:06:30,6.431392,3.470905,16.3,80.4,1,0,16,2,1,0.05002,0,normal,0
LG-1002,2025-01-08 16:07:00,6.43124,3.469564,17.9,80.3,1,0,16,2,1,0.04867,0,normal,0
LG-1002,2025-01-08 16:07:30,6.430797,3.466772,37.5,80.3,1,0,16,2,1,0.04586,0,normal,0
LG-1002,2025-01-08 16:08:00,6.430454,3.464493,30.6,80.2,1,0,16,2,1,0.04356,0,normal,0
LG-1002,2025-01-08 16:08:30,6.430239,3.461798,35.9,80.1,1,0,16,2,1,0.04086,0,normal,0
LG-1002,2025-01-08 16:09:00,6.43139,3.459731,31.4,80.0,1,0,16,2,1,0.03888,0,normal,0
LG-1002,2025-01-08 16:09:30,6.43139,3.459731,1.3,78.3,1,28,16,2,1,0.03888,1,fuel_theft,0
LG-1002,2025-01-08 16:10:00,6.43139,3.459731,0.8,76.5,1,51,16,2,1,0.03888,1,fuel_theft,0
LG-1002,2025-01-08 16:10:30,6.43139,3.459731,0.5,75.1,1,54,16,2,1,0.03888,1,fuel_theft,0
LG-1002,2025-01-08 16:11:00,6.43139,3.459731,0.3,73.2,1,75,16,2,1,0.03888,1,fuel_theft,0
LG-1002,2025-01-08 16:11:30,6.43139,3.459731,0.2,72.0,1,76,16,2,1,0.03888,1,fuel_theft,0
LG-1002,2025-01-08 16:12:00,6.43139,3.459731,1.3,70.8,1,86,16,2,1,0.03888,1,fuel_theft,0
LG-1002,2025-01-08 16:12:30,6.43139,3.459731,1.3,69.9,1,87,16,2,1,0.03888,1,fuel_theft,0
LG-1002,2025-01-08 16:13:00,6.43139,3.459731,1.1,68.6,1,88,16,2,1,0.03888,1,fuel_theft,0
LG-1002,2025-01-08 16:13:30,6.43139,3.459731,1.0,66.6,1,89,16,2,1,0.03888,1,fuel_theft,0
LG-1002,2025-01-08 16:14:00,6.43139,3.459731,0.4,65.0,1,90,16,2,1,0.03888,1,fuel_theft,0
LG-1002,2025-01-08 16:14:30,6.43139,3.459731,0.8,63.3,1,91,16,2,1,0.03888,1,fuel_theft,0
LG-1002,2025-01-08 16:15:00,6.43139,3.459731,0.9,61.6,1,92,16,2,1,0.03888,1,fuel_theft,0
LG-1002,2025-01-08 16:15:30,6.43139,3.459731,1.0,59.9,1,93,16,2,1,0.03888,1,fuel_theft,0
LG-1002,2025-01-08 16:16:00,6.43139,3.459731,1.0,59.0,1,94,16,2,1,0.03888,1,fuel_theft,0
LG-1002,2025-01-08 16:16:30,6.43139,3.459731,0.6,58.0,1,95,16,2,1,0.03888,1,fuel_theft,0
LG-1002,2025-01-08 16:17:00,6.43139,3.459731,0.3,56.6,1,96,16,2,1,0.03888,1,fuel_theft,0
LG-1002,2025-01-08 16:17:30,6.43139,3.459731,0.4,54.7,1,97,16,2,1,0.03888,1,fuel_theft,0
LG-1002,2025-01-08 16:18:00,6.43139,3.459731,0.8,52.8,1,98,16,2,1,0.03888,1,fuel_theft,0
LG-1002,2025-01-08 16:18:30,6.433008,3.458344,28.4,52.7,1,0,16,2,1,0.03768,0,normal,0
LG-1002,2025-01-08 16:19:00,6.43476,3.456723,31.8,52.7,1,0,16,2,1,0.03636,0,normal,0
LG-1002,2025-01-08 16:19:30,6.436847,3.454507,40.5,52.6,1,0,16,2,1,0.03466,0,normal,0
LG-1002,2025-01-08 16:20:00,6.437935,3.452752,27.5,52.5,1,0,16,2,1,0.03327,0,normal,0
LG-1002,2025-01-08 16:20:30,6.437203,3.450723,28.6,52.4,1,0,16,2,1,0.03112,0,normal,0
LG-1002,2025-01-08 16:21:00,6.43634,3.448545,31.1,52.4,1,0,16,2,1,0.02878,0,normal,0
LG-1002,2025-01-08 16:21:30,6.435677,3.44599,35.1,52.3,1,0,16,2,1,0.02614,0,normal,0
LG-1002,2025-01-08 16:22:00,6.435432,3.444799,16.1,52.2,1,0,16,2,1,0.02493,0,normal,0
LG-1002,2025-01-08 16:22:30,6.435736,3.442681,28.4,52.2,1,0,16,2,1,0.02302,0,normal,0
LG-1002,2025-01-08 16:23:00,6.436773,3.440863,27.8,52.1,1,0,16,2,1,0.02171,0,normal,0
LG-1002,2025-01-08 16:23:30,6.438403,3.438309,40.3,52.0,1,0,16,2,1,0.02019,0,normal,0
LG-1002,2025-01-08 16:24:00,6.43946,3.436475,28.1,51.9,1,0,16,2,1,0.01926,0,normal,0
LG-1002,2025-01-08 16:24:30,6.44059,3.434768,27.2,51.9,1,0,16,2,1,0.01866,0,normal,0
LG-1002,2025-01-08 16:25:00,6.439979,3.431757,40.8,51.8,1,0,16,2,1,0.0161,0,normal,0
LG-1002,2025-01-08 16:25:30,6.439607,3.429768,26.9,51.7,1,0,16,2,1,0.01455,0,normal,0
LG-1002,2025-01-08 16:26:00,6.439491,3.42832,19.3,51.7,1,0,16,2,1,0.01362,0,normal,0
LG-1002,2025-01-08 16:26:30,6.43932,3.426801,20.3,51.6,1,0,16,2,1,0.01272,0,normal,0
LG-1002,2025-01-08 16:27:00,6.439019,3.425568,16.9,51.6,1,0,16,2,1,0.01193,0,normal,0
LG-1002,2025-01-08 16:27:30,6.438643,3.42457,14.2,51.6,1,0,16,2,1,0.01123,0,normal,0
LG-1002,2025-01-08 16:28:00,6.437834,3.422754,26.4,51.5,1,0,16,2,1,0.00999,0,normal,0
LG-1002,2025-01-08 16:28:30,6.436959,3.420197,35.9,51.4,1,0,16,2,1,0.009,0,normal,0
LG-1002,2025-01-08 16:29:00,6.436415,3.417623,34.9,51.3,1,0,16,2,1,0.00907,0,normal,0
LG-1002,2025-01-08 16:29:30,6.436294,3.416495,15.1,51.3,1,0,16,2,1,0.00944,0,normal,0
LG-1002,2025-01-08 16:30:00,6.436571,3.414237,30.2,51.2,1,0,16,2,1,0.01092,0,normal,0
LG-1002,2025-01-08 16:30:30,6.437045,3.412928,18.5,51.2,1,0,16,2,1,0.01212,0,normal,0
LG-1002,2025-01-08 16:31:00,6.43819,3.410117,40.3,51.1,1,0,16,2,1,0.01491,0,normal,0
LG-1002,2025-01-08 16:31:30,6.437822,3.408755,18.7,51.0,1,0,16,2,1,0.0157,0,normal,0
LG-1002,2025-01-08 16:32:00,6.438409,3.406889,26.0,51.0,1,0,16,2,1,0.01753,0,normal,0
LG-1002,2025-01-08 16:32:30,6.439348,3.405407,23.3,50.9,1,0,16,2,1,0.0188,0,normal,0
LG-1002,2025-01-08 16:33:00,6.440726,3.403399,32.4,50.9,1,0,16,2,1,0.01656,0,normal,0
LG-1002,2025-01-08 16:33:30,6.441753,3.40175,25.8,50.8,1,0,16,2,1,0.01487,0,normal,0
LG-1002,2025-01-08 16:34:00,6.443401,3.399659,35.4,50.7,1,0,16,2,1,0.0125,0,normal,0
LG-1002,2025-01-08 16:34:30,6.444231,3.39834,20.7,50.7,1,0,16,2,1,0.01128,0,normal,0
LG-1002,2025-01-08 16:35:00,6.44594,3.395877,39.9,50.6,1,0,16,2,1,0.0091,0,normal,0
LG-1002,2025-01-08 16:35:30,6.447153,3.394122,28.4,50.5,1,0,16,2,1,0.0079,0,normal,0
LG-1002,2025-01-08 16:36:00,6.448655,3.391903,35.6,50.4,1,0,16,2,1,0.00706,0,normal,0
LG-1002,2025-01-08 16:36:30,6.450135,3.389433,38.3,50.3,1,0,16,2,1,0.00739,0,normal,0
LG-1002,2025-01-08 16:37:00,6.451686,3.386638,42.5,50.2,1,0,16,2,1,0.009,0,normal,0
LG-1002,2025-01-08 16:37:30,6.452439,3.38529,20.5,50.2,1,0,16,2,1,0.01004,0,normal,0
LG-1002,2025-01-08 16:38:00,6.453227,3.383809,22.3,50.1,1,0,16,2,1,0.01133,0,normal,0
LG-1002,2025-01-08 16:38:30,6.454155,3.382523,21.1,50.1,1,0,16,2,1,0.01251,0,normal,0
LG-1002,2025-01-08 16:39:00,6.45568,3.382044,21.3,50.0,1,0,16,2,1,0.01297,0,normal,0
LG-1002,2025-01-08 16:39:30,6.45788,3.382713,30.7,50.0,1,0,16,2,1,0.01262,0,normal,0
LG-1002,2025-01-08 16:40:00,6.461004,3.382379,42.0,49.9,1,0,16,2,1,0.01398,0,normal,0
LG-1002,2025-01-08 16:40:30,6.463708,3.380713,42.4,49.8,1,0,16,2,1,0.01673,0,normal,0
LG-1002,2025-01-08 16:41:00,6.465556,3.379536,29.2,49.7,1,0,16,2,1,0.01872,0,normal,0
LG-1002,2025-01-08 16:41:30,6.467678,3.378371,32.3,49.6,1,0,16,2,1,0.02091,0,normal,0
LG-1002,2025-01-08 16:42:00,6.470447,3.377507,38.7,49.5,1,0,16,2,1,0.02334,0,normal,0
LG-1002,2025-01-08 16:42:30,6.473347,3.376543,40.8,49.4,1,0,16,2,1,0.02602,0,normal,0
LG-1002,2025-01-09 10:16:00,6.448179,3.361638,0.0,49.4,0,1,10,3,1,0.00276,0,normal,0
LG-1002,2025-01-09 10:16:30,6.446572,3.365679,57.8,49.3,1,0,10,3,1,0.00711,0,normal,0
LG-1002,2025-01-09 10:17:00,6.448879,3.368329,46.8,49.2,1,0,10,3,1,0.00933,0,normal,0
LG-1002,2025-01-09 10:17:30,6.452649,3.366882,53.9,49.1,1,0,10,3,1,0.00869,0,normal,0
LG-1002,2025-01-09 10:18:00,6.456105,3.365304,50.7,49.0,1,0,10,3,1,0.0095,0,normal,0
LG-1002,2025-01-09 10:18:30,6.458205,3.364503,30.0,48.9,1,0,10,3,1,0.01072,0,normal,0
LG-1002,2025-01-09 10:19:00,6.460591,3.364291,32.0,48.8,1,0,10,3,1,0.01274,0,normal,0
LG-1002,2025-01-09 10:19:30,6.463656,3.364231,41.0,48.7,1,0,10,3,1,0.01556,0,normal,0
LG-1002,2025-01-09 10:20:00,6.466737,3.363889,41.4,48.6,1,0,10,3,1,0.0184,0,normal,0
LG-1002,2025-01-09 10:20:30,6.469631,3.363367,39.3,48.5,1,0,10,3,1,0.02109,0,normal,0
LG-1002,2025-01-09 10:21:00,6.472918,3.363073,44.1,48.4,1,0,10,3,1,0.02426,0,normal,0
LG-1002,2025-01-09 10:21:30,6.475361,3.364103,35.4,48.3,1,0,10,3,1,0.02441,0,normal,0
LG-1002,2025-01-09 10:22:00,6.478652,3.365697,48.8,48.2,1,0,10,3,1,0.02176,0,normal,0
LG-1002,2025-01-09 10:22:30,6.480962,3.366428,32.3,48.1,1,0,10,3,1,0.01991,0,normal,0
LG-1002,2025-01-09 10:23:00,6.483353,3.366109,32.2,48.1,1,0,10,3,1,0.01762,0,normal,0
LG-1002,2025-01-09 10:23:30,6.484988,3.365277,24.5,48.0,1,0,10,3,1,0.01579,0,normal,0
LG-1002,2025-01-09 10:24:00,6.486858,3.364524,26.9,48.0,1,0,10,3,1,0.01378,0,normal,0
LG-1002,2025-01-09 10:24:30,6.490578,3.363186,52.8,47.8,1,0,10,3,1,0.00989,0,normal,0
LG-1002,2025-01-09 10:25:00,6.49318,3.362237,37.0,47.7,1,0,10,3,1,0.0072,0,normal,0
LG-1002,2025-01-09 10:25:30,6.495234,3.361698,28.4,47.7,1,0,10,3,1,0.00528,0,normal,0
LG-1002,2025-01-09 10:26:00,6.498867,3.362168,48.9,47.6,1,0,10,3,1,0.00417,0,normal,0
LG-1002,2025-01-09 10:26:30,6.501782,3.363177,41.2,47.5,1,0,10,3,1,0.00588,0,normal,0
LG-1002,2025-01-09 10:27:00,6.503218,3.363691,20.4,47.4,1,0,10,3,1,0.00708,0,normal,0
LG-1002,2025-01-09 10:27:30,6.505536,3.363973,31.2,47.3,1,0,10,3,1,0.00885,0,normal,0
LG-1002,2025-01-09 10:28:00,6.507465,3.363521,26.5,47.3,1,0,10,3,1,0.01011,0,normal,0
LG-1002,2025-01-09 10:28:30,6.510784,3.363444,44.3,47.2,1,0,10,3,1,0.00954,0,normal,0
LG-1002,2025-01-09 10:29:00,6.512946,3.364133,30.3,47.1,1,0,10,3,1,0.00813,0,normal,0
LG-1002,2025-01-09 10:29:30,6.51452,3.36464,22.1,47.1,1,0,10,3,1,0.00738,0,normal,0
LG-1002,2025-01-09 10:30:00,6.516062,3.365149,21.7,47.0,1,0,10,3,1,0.00693,0,normal,0
LG-1002,2025-01-09 10:30:30,6.518787,3.366666,41.6,46.9,1,0,10,3,1,0.00654,0,normal,0
LG-1002,2025-01-09 10:31:00,6.520006,3.367558,20.1,46.9,1,0,10,3,1,0.00669,0,normal,0
LG-1002,2025-01-09 10:31:30,6.523946,3.36757,52.6,46.7,1,0,10,3,1,0.00998,0,normal,0
LG-1002,2025-01-09 10:32:00,6.525864,3.367562,25.6,46.7,1,0,10,3,1,0.01174,0,normal,0
LG-1002,2025-01-09 10:32:30,6.529101,3.367489,43.3,46.6,1,0,10,3,1,0.01481,0,normal,0
LG-1002,2025-01-09 10:33:00,6.531865,3.367417,36.9,46.5,1,0,10,3,1,0.01748,0,normal,0
LG-1002,2025-01-09 10:33:30,6.534625,3.367368,36.9,46.4,1,0,10,3,1,0.02016,0,normal,0
LG-1002,2025-01-09 10:34:00,6.536298,3.367339,22.4,46.4,1,0,10,3,1,0.0218,0,normal,0
LG-1002,2025-01-09 10:34:30,6.540111,3.367275,50.9,46.2,1,0,10,3,1,0.02555,0,normal,0
LG-1002,2025-01-09 10:35:00,6.544189,3.36723,54.5,46.1,1,0,10,3,1,0.02837,0,normal,0
LG-1002,2025-01-09 10:35:30,6.545685,3.367192,20.0,46.1,1,0,10,3,1,0.0278,0,normal,0
LG-1002,2025-01-09 10:36:00,6.547671,3.367139,26.5,46.0,1,0,10,3,1,0.02715,0,normal,0
LG-1002,2025-01-09 10:36:30,6.55178,3.367073,54.9,45.9,1,0,10,3,1,0.02627,0,normal,0
LG-1002,2025-01-09 10:37:00,6.55178,3.367073,0.0,45.9,1,1,10,3,1,0.02627,0,normal,0
LG-1002,2025-01-09 10:37:30,6.55178,3.367073,0.0,45.9,1,2,10,3,1,0.02627,0,normal,0
LG-1002,2025-01-09 10:38:00,6.55178,3.367073,0.0,45.9,1,3,10,3,1,0.02627,0,normal,0
LG-1002,2025-01-09 10:38:30,6.55178,3.367073,0.0,45.9,1,4,10,3,1,0.02627,0,normal,0
LG-1002,2025-01-09 10:39:00,6.55178,3.367073,0.0,45.9,1,5,10,3,1,0.02627,0,normal,0
LG-1002,2025-01-09 10:39:30,6.55178,3.367073,0.0,45.9,1,6,10,3,1,0.02627,0,normal,0
LG-1002,2025-01-09 10:40:00,6.55178,3.367073,0.0,45.9,1,7,10,3,1,0.02627,0,normal,0
LG-1002,2025-01-09 10:40:30,6.55178,3.367073,0.0,45.9,1,8,10,3,1,0.02627,0,normal,0
LG-1002,2025-01-09 10:41:00,6.55178,3.367073,0.0,45.9,1,9,10,3,1,0.02627,0,normal,0
LG-1002,2025-01-09 10:41:30,6.554852,3.367025,41.0,45.8,1,0,10,3,1,0.02603,0,normal,0
LG-1002,2025-01-09 10:42:00,6.556754,3.366986,25.4,45.7,1,0,10,3,1,0.02605,0,normal,0
LG-1002,2025-01-09 10:42:30,6.558811,3.366945,27.5,45.7,1,0,10,3,1,0.02622,0,normal,0
LG-1002,2025-01-09 10:43:00,6.562206,3.366859,45.4,45.5,1,0,10,3,1,0.02684,0,normal,0
LG-1002,2025-01-09 10:43:30,6.56579,3.366792,47.9,45.4,1,0,10,3,1,0.02796,0,normal,0
LG-1002,2025-01-09 10:44:00,6.568997,3.36702,42.9,45.3,1,0,10,3,1,0.02955,0,normal,0
LG-1002,2025-01-09 10:44:30,6.573002,3.368402,56.5,45.2,1,0,10,3,1,0.03279,0,normal,0
LG-1002,2025-01-09 10:45:00,6.575418,3.370018,38.8,45.1,1,0,10,3,1,0.03441,0,normal,0
LG-1002,2025-01-09 10:45:30,6.577336,3.371361,31.2,45.0,1,0,10,3,1,0.03396,1,route_deviation,0
LG-1002,2025-01-09 10:46:00,6.579646,3.373048,38.1,45.0,1,0,10,3,1,0.03368,1,route_deviation,0
LG-1002,2025-01-09 10:46:30,6.581685,3.374524,33.5,44.9,1,0,10,3,1,0.03362,1,route_deviation,0
LG-1002,2025-01-09 10:47:00,6.583412,3.375753,28.3,44.8,1,0,10,3,1,0.03371,1,route_deviation,0
LG-1002,2025-01-09 10:47:30,6.583412,3.375753,0.0,52.0,0,1,10,3,1,0.03371,1,route_deviation,1
LG-1002,2025-01-09 10:48:00,6.583412,3.375753,0.0,60.4,0,2,10,3,1,0.03371,1,route_deviation,1
LG-1002,2025-01-09 10:48:30,6.583412,3.375753,0.0,70.2,0,3,10,3,1,0.03371,1,route_deviation,1
LG-1002,2025-01-09 10:49:00,6.583412,3.375753,0.0,77.3,0,4,10,3,1,0.03371,1,route_deviation,1
LG-1002,2025-01-09 10:49:30,6.583412,3.375753,0.0,86.1,0,5,10,3,1,0.03371,1,route_deviation,1
LG-1002,2025-01-09 10:50:00,6.583412,3.375753,0.0,88.3,0,6,10,3,1,0.03371,1,route_deviation,1
LG-1002,2025-01-09 10:50:30,6.583412,3.375753,0.0,88.3,0,7,10,3,1,0.03371,1,route_deviation,1
LG-1002,2025-01-09 10:51:00,6.583412,3.375753,0.0,88.3,0,8,10,3,1,0.03371,1,route_deviation,1
LG-1002,2025-01-09 10:51:30,6.583412,3.375753,0.0,88.3,0,9,10,3,1,0.03371,1,route_deviation,1
LG-1002,2025-01-09 10:52:00,6.583412,3.375753,0.0,88.3,0,10,10,3,1,0.03371,1,route_deviation,1
LG-1002,2025-01-09 10:52:30,6.584837,3.376794,23.5,88.3,1,0,10,3,1,0.0339,1,route_deviation,0
LG-1002,2025-01-09 10:53:00,6.587136,3.378485,38.0,88.2,1,0,10,3,1,0.0344,1,route_deviation,0
LG-1002,2025-01-09 10:53:30,6.589732,3.380408,43.0,88.1,1,0,10,3,1,0.03526,1,route_deviation,0
LG-1002,2025-01-09 10:54:00,6.591502,3.381686,29.1,88.0,1,0,10,3,1,0.03596,1,route_deviation,0
LG-1002,2025-01-09 10:54:30,6.592789,3.382615,21.2,88.0,1,0,10,3,1,0.03655,1,route_deviation,0
LG-1002,2025-01-09 10:55:00,6.594507,3.383855,28.2,87.9,1,0,10,3,1,0.03742,1,route_deviation,0
LG-1002,2025-01-09 10:55:30,6.596773,3.385492,37.3,87.8,1,0,10,3,1,0.03872,1,route_deviation,0
LG-1002,2025-01-09 10:56:00,6.598842,3.387187,35.6,87.7,1,0,10,3,1,0.04024,1,route_deviation,0
LG-1002,2025-01-09 10:56:30,6.60045,3.388343,26.4,87.7,1,0,10,3,1,0.04135,1,route_deviation,0
LG-1002,2025-01-09 10:57:00,6.603586,3.390622,51.7,87.6,1,0,10,3,1,0.0437,1,route_deviation,0
LG-1002,2025-01-09 10:57:30,6.606972,3.393063,55.6,87.4,1,0,10,3,1,0.04645,1,route_deviation,0
LG-1002,2025-01-09 10:58:00,6.60814,3.39466,26.3,87.4,1,0,10,3,1,0.04819,1,route_deviation,0
LG-1002,2025-01-09 10:58:30,6.606754,3.398421,53.2,87.2,1,0,10,3,1,0.05174,1,route_deviation,0
LG-1002,2025-01-09 10:59:00,6.605902,3.399675,20.2,87.2,1,0,10,3,1,0.0529,1,route_deviation,0
LG-1002,2025-01-09 10:59:30,6.603739,3.403234,55.4,87.1,1,0,10,3,1,0.0563,1,route_deviation,0
LG-1002,2025-01-09 11:00:00,6.605398,3.406692,51.0,86.9,1,0,11,3,1,0.05985,1,route_deviation,0
LG-1002,2025-01-09 11:00:30,6.606535,3.407668,20.0,86.9,1,0,11,3,1,0.06092,1,route_deviation,0
LG-1002,2025-01-09 11:01:00,6.60936,3.410051,49.2,86.8,1,0,11,3,1,0.0636,1,route_deviation,0
LG-1002,2025-01-09 11:01:30,6.611627,3.413635,56.4,86.7,1,0,11,3,1,0.06748,1,route_deviation,0
LG-1002,2025-01-09 11:02:00,6.611976,3.4177,54.1,86.5,1,0,11,3,1,0.07155,1,route_deviation,0
LG-1002,2025-01-09 11:02:30,6.60999,3.421515,57.2,86.4,1,0,11,3,1,0.07506,1,route_deviation,0
LG-1002,2025-01-09 11:03:00,6.608741,3.424308,40.6,86.3,1,0,11,3,1,0.07769,1,route_deviation,0
LG-1002,2025-01-09 11:03:30,6.608803,3.425994,22.4,86.2,1,0,11,3,1,0.07938,1,route_deviation,0
LG-1002,2025-01-09 11:04:00,6.609344,3.429905,52.4,86.1,1,0,11,3,1,0.08332,1,route_deviation,0
LG-1002,2025-01-09 11:04:30,6.609218,3.433143,43.0,86.0,1,0,11,3,1,0.08653,1,route_deviation,0
LG-1002,2025-01-09 11:05:00,6.60885,3.436384,43.3,85.9,1,0,11,3,1,0.08973,1,route_deviation,0
LG-1002,2025-01-09 11:05:30,6.608999,3.439023,35.1,85.8,1,0,11,3,1,0.09237,1,route_deviation,0
LG-1002,2025-01-09 11:06:00,6.611239,3.441094,40.6,85.7,1,0,11,3,1,0.09465,1,route_deviation,0
LG-1002,2025-01-09 11:06:30,6.612841,3.442135,25.5,85.7,1,0,11,3,1,0.09587,1,route_deviation,0
LG-1002,2025-01-09 11:07:00,6.615224,3.44474,47.0,85.6,1,0,11,3,1,0.09877,1,route_deviation,0
LG-1002,2025-01-09 11:07:30,6.615916,3.446264,22.2,85.5,1,0,11,3,1,0.10038,1,route_deviation,0
LG-1002,2025-01-09 11:08:00,6.618595,3.448661,47.9,85.4,1,0,11,3,1,0.10317,1,route_deviation,0
LG-1002,2025-01-09 11:08:30,6.621112,3.45169,52.4,85.3,1,0,11,3,1,0.1066,1,route_deviation,0
LG-1002,2025-01-09 11:09:00,6.621014,3.454464,36.8,85.2,1,0,11,3,1,0.10931,1,route_deviation,0
LG-1002,2025-01-09 11:09:30,6.620336,3.457338,39.2,85.1,1,0,11,3,1,0.11202,1,route_deviation,0
LG-1002,2025-01-09 11:10:00,6.618932,3.459248,31.5,85.0,1,0,11,3,1,0.11367,1,route_deviation,0
LG-1002,2025-01-09 11:10:30,6.618972,3.463405,55.2,84.9,1,0,11,3,1,0.11778,1,route_deviation,0
LG-1002,2025-01-09 11:11:00,6.618647,3.466905,46.6,84.8,1,0,11,3,1,0.1212,1,route_deviation,0
LG-1002,2025-01-09 11:11:30,6.619112,3.469354,33.1,84.7,1,0,11,3,1,0.12369,1,route_deviation,0
LG-1002,2025-01-09 11:12:00,6.619634,3.471244,26.0,84.7,1,0,11,3,1,0.12563,1,route_deviation,0
LG-1002,2025-01-09 11:12:30,6.619443,3.47334,27.9,84.6,1,0,11,3,1,0.12768,1,route_deviation,0
LG-1002,2025-01-09 11:13:00,6.619342,3.476159,37.4,84.5,1,0,11,3,1,0.13046,1,route_deviation,0
LG-1002,2025-01-09 11:13:30,6.620525,3.480189,55.8,84.4,1,0,11,3,1,0.13461,1,route_deviation,0
LG-1002,2025-01-09 11:14:00,6.623189,3.482556,47.5,84.3,1,0,11,3,1,0.13736,1,route_deviation,0
LG-1002,2025-01-09 11:14:30,6.624876,3.483794,27.9,84.2,1,0,11,3,1,0.13886,1,route_deviation,0
LG-1002,2025-01-09 11:15:00,6.625229,3.487559,50.2,84.1,1,0,11,3,1,0.14263,1,route_deviation,0
LG-1002,2025-01-09 11:15:30,6.6249,3.490106,34.1,84.0,1,0,11,3,1,0.14509,1,route_deviation,0
LG-1002,2025-01-10 15:45:00,6.448607,3.36064,0.0,84.0,0,1,15,4,1,0.00169,0,normal,0
LG-1002,2025-01-10 15:45:30,6.447611,3.363066,34.8,83.9,1,0,15,4,1,0.0043,0,normal,0
LG-1002,2025-01-10 15:46:00,6.446406,3.366104,43.4,83.8,1,0,15,4,1,0.00756,0,normal,0
LG-1002,2025-01-10 15:46:30,6.447641,3.366659,18.1,83.8,1,0,15,4,1,0.00778,0,normal,0
LG-1002,2025-01-10 15:47:00,6.448709,3.36725,16.3,83.7,1,0,15,4,1,0.00826,0,normal,0
LG-1002,2025-01-10 15:47:30,6.450118,3.367834,20.4,83.7,1,0,15,4,1,0.0089,0,normal,0
LG-1002,2025-01-10 15:48:00,6.451846,3.367184,24.6,83.6,1,0,15,4,1,0.00867,0,normal,0
LG-1002,2025-01-10 15:48:30,6.453018,3.366735,16.8,83.6,1,0,15,4,1,0.00872,0,normal,0
LG-1002,2025-01-10 15:49:00,6.454977,3.365863,28.6,83.5,1,0,15,4,1,0.0091,0,normal,0
LG-1002,2025-01-10 15:49:30,6.45748,3.364715,36.7,83.4,1,0,15,4,1,0.01023,0,normal,0
LG-1002,2025-01-10 15:50:00,6.45916,3.364339,23.0,83.4,1,0,15,4,1,0.01148,0,normal,0
LG-1002,2025-01-10 15:50:30,6.460993,3.364285,24.5,83.3,1,0,15,4,1,0.01311,0,normal,0
LG-1002,2025-01-10 15:51:00,6.46395,3.36422,39.5,83.2,1,0,15,4,1,0.01584,0,normal,0
LG-1002,2025-01-10 15:51:30,6.466179,3.364027,29.9,83.2,1,0,15,4,1,0.0179,0,normal,0
LG-1002,2025-01-10 15:52:00,6.468318,3.365801,37.0,83.1,1,0,15,4,1,0.02048,0,normal,0
LG-1002,2025-01-10 15:52:30,6.468764,3.36782,27.5,83.0,1,0,15,4,1,0.02164,0,normal,0
LG-1002,2025-01-10 15:53:00,6.46915,3.37099,42.4,82.9,1,0,15,4,1,0.02345,0,normal,0
LG-1002,2025-01-10 15:53:30,6.469567,3.373484,33.6,82.8,1,0,15,4,1,0.02516,0,normal,0
LG-1002,2025-01-10 15:54:00,6.46967,3.374828,17.9,82.8,1,0,15,4,1,0.02494,0,normal,0
LG-1002,2025-01-10 15:54:30,6.468922,3.377714,39.6,82.7,1,0,15,4,1,0.0222,0,normal,0
LG-1002,2025-01-10 15:55:00,6.466933,3.378564,28.9,82.6,1,0,15,4,1,0.02031,0,normal,0
LG-1002,2025-01-10 15:55:30,6.465726,3.37929,18.8,82.6,1,0,15,4,1,0.01902,0,normal,0
LG-1002,2025-01-10 15:56:00,6.464519,3.380066,19.1,82.6,1,0,15,4,1,0.01771,0,normal,0
LG-1002,2025-01-10 15:56:30,6.462323,3.381476,34.8,82.5,1,0,15,4,1,0.01538,0,normal,0
LG-1002,2025-01-10 15:57:00,6.461303,3.382113,16.0,82.4,1,0,15,4,1,0.01435,0,normal,0
LG-1002,2025-01-10 15:57:30,6.459655,3.382624,23.0,82.4,1,0,15,4,1,0.01322,0,normal,0
LG-1002,2025-01-10 15:58:00,6.458261,3.382687,18.6,82.3,1,0,15,4,1,0.01274,0,normal,0
LG-1002,2025-01-10 15:58:30,6.456295,3.382054,27.6,82.3,1,0,15,4,1,0.01301,0,normal,0
LG-1002,2025-01-10 15:59:00,6.454356,3.382296,26.1,82.2,1,0,15,4,1,0.01272,0,normal,0
LG-1002,2025-01-10 15:59:30,6.452879,3.383951,29.5,82.1,1,0,15,4,1,0.01125,0,normal,0
LG-1002,2025-01-10 16:00:00,6.452116,3.385484,22.8,82.1,1,0,16,4,1,0.00994,0,normal,0
LG-1002,2025-01-10 16:00:30,6.451561,3.386513,15.5,82.1,1,0,16,4,1,0.00916,0,normal,0
LG-1002,2025-01-10 16:01:00,6.450381,3.38866,32.6,82.0,1,0,16,4,1,0.00784,0,normal,0
LG-1002,2025-01-10 16:01:30,6.449398,3.390309,25.5,81.9,1,0,16,4,1,0.00731,0,normal,0
LG-1002,2025-01-10 16:02:00,6.449398,3.390309,0.0,81.9,1,1,16,4,1,0.00731,0,normal,0
LG-1002,2025-01-10 16:02:30,6.449398,3.390309,0.0,81.9,1,2,16,4,1,0.00731,0,normal,0
LG-1002,2025-01-10 16:03:00,6.449398,3.390309,0.0,81.9,1,3,16,4,1,0.00731,0,normal,0
LG-1002,2025-01-10 16:03:30,6.449398,3.390309,0.0,81.9,1,4,16,4,1,0.00731,0,normal,0
LG-1002,2025-01-10 16:04:00,6.449398,3.390309,0.0,81.9,1,5,16,4,1,0.00731,0,normal,0
LG-1002,2025-01-10 16:04:30,6.449398,3.390309,0.0,81.9,1,6,16,4,1,0.00731,0,normal,0
LG-1002,2025-01-10 16:05:00,6.449398,3.390309,0.0,81.9,1,7,16,4,1,0.00731,0,normal,0
LG-1002,2025-01-10 16:05:30,6.449398,3.390309,0.0,81.9,1,8,16,4,1,0.00731,0,normal,0
LG-1002,2025-01-10 16:06:00,6.449398,3.390309,0.0,81.9,1,9,16,4,1,0.00731,0,normal,0
LG-1002,2025-01-10 16:06:30,6.448044,3.392447,33.6,81.8,1,0,16,4,1,0.00741,0,normal,0
LG-1002,2025-01-10 16:07:00,6.447287,3.393549,17.8,81.8,1,0,16,4,1,0.00785,0,normal,0
LG-1002,2025-01-10 16:07:30,6.446645,3.394478,15.0,81.8,1,0,16,4,1,0.00837,0,normal,0
LG-1002,2025-01-10 16:08:00,6.445718,3.395837,21.9,81.7,1,0,16,4,1,0.00932,0,normal,0
LG-1002,2025-01-10 16:08:30,6.444533,3.397574,28.0,81.7,1,0,16,4,1,0.01078,0,normal,0
LG-1002,2025-01-10 16:09:00,6.443364,3.399152,26.1,81.6,1,0,16,4,1,0.01235,0,normal,0
LG-1002,2025-01-10 16:09:30,6.441542,3.401358,38.1,81.5,1,0,16,4,1,0.01488,0,normal,0
LG-1002,2025-01-10 16:10:00,6.440686,3.403079,25.6,81.4,1,0,16,4,1,0.01644,0,normal,0
LG-1002,2025-01-10 16:10:30,6.439491,3.405002,30.1,81.4,1,0,16,4,1,0.01846,0,normal,0
LG-1002,2025-01-10 16:11:00,6.438069,3.406931,31.9,81.3,1,0,16,4,1,0.0173,0,normal,0
LG-1002,2025-01-10 16:11:30,6.437204,3.407642,14.9,81.3,1,0,16,4,1,0.01622,0,normal,0
LG-1002,2025-01-10 16:12:00,6.43801,3.409437,26.1,81.2,1,0,16,4,1,0.01529,0,normal,0
LG-1002,2025-01-10 16:12:30,6.437848,3.411245,24.1,81.1,1,0,16,4,1,0.01386,0,normal,0
LG-1002,2025-01-10 16:13:00,6.436907,3.413038,26.9,81.1,1,0,16,4,1,0.01195,0,normal,0
LG-1002,2025-01-10 16:13:30,6.436468,3.414279,17.5,81.0,1,0,16,4,1,0.01081,0,normal,0
LG-1002,2025-01-10 16:14:00,6.436249,3.417076,37.2,81.0,1,0,16,4,1,0.00913,0,normal,0
LG-1002,2025-01-10 16:14:30,6.436878,3.420182,42.1,80.9,1,0,16,4,1,0.00892,0,normal,0
LG-1002,2025-01-10 16:15:00,6.437169,3.421291,15.2,80.8,1,0,16,4,1,0.00917,0,normal,0
LG-1002,2025-01-10 16:15:30,6.43806,3.42354,32.1,80.7,1,0,16,4,1,0.01038,0,normal,0
LG-1002,2025-01-10 16:16:00,6.439044,3.426133,36.8,80.7,1,0,16,4,1,0.01218,0,normal,0
LG-1002,2025-01-10 16:16:30,6.439325,3.427831,22.8,80.6,1,0,16,4,1,0.01323,0,normal,0
LG-1002,2025-01-10 16:17:00,6.439566,3.430649,37.5,80.5,1,0,16,4,1,0.01506,0,normal,0
LG-1002,2025-01-10 16:17:30,6.440265,3.433035,33.0,80.4,1,0,16,4,1,0.01718,0,normal,0
LG-1002,2025-01-10 16:18:00,6.439754,3.435925,39.0,80.4,1,0,16,4,1,0.019,0,normal,0
LG-1002,2025-01-10 16:18:30,6.43803,3.438674,43.1,80.3,1,0,16,4,1,0.02032,0,normal,0
LG-1002,2025-01-10 16:19:00,6.437399,3.439684,15.8,80.2,1,0,16,4,1,0.02091,0,normal,0
LG-1002,2025-01-10 16:19:30,6.43626,3.441419,27.6,80.2,1,0,16,4,1,0.02203,0,normal,0
LG-1002,2025-01-10 16:20:00,6.435313,3.443505,30.4,80.1,1,0,16,4,1,0.02366,0,normal,0
LG-1002,2025-01-10 16:20:30,6.435261,3.444919,18.8,80.0,1,0,16,4,1,0.025,0,normal,0
LG-1002,2025-01-10 16:21:00,6.435696,3.446705,24.4,80.0,1,0,16,4,1,0.02683,0,normal,0
LG-1002,2025-01-10 16:21:30,6.436583,3.449846,43.4,79.9,1,0,16,4,1,0.0301,0,normal,0
LG-1002,2025-01-10 16:22:00,6.437104,3.450854,15.1,79.8,1,0,16,4,1,0.03121,0,normal,0
LG-1002,2025-01-10 16:22:30,6.437787,3.452789,27.3,79.8,1,0,16,4,1,0.03326,0,normal,0
LG-1002,2025-01-10 16:23:00,6.435985,3.455037,38.3,79.7,1,0,16,4,1,0.03496,0,normal,0
LG-1002,2025-01-10 16:23:30,6.434828,3.456414,23.9,79.6,1,0,16,4,1,0.03607,0,normal,0
LG-1002,2025-01-10 16:24:00,6.433285,3.457913,28.7,79.6,1,0,16,4,1,0.03729,0,normal,0
LG-1002,2025-01-10 16:24:30,6.430878,3.460091,43.2,79.5,1,0,16,4,1,0.0392,0,normal,0
LG-1002,2025-01-10 16:25:00,6.430074,3.462043,28.0,79.4,1,0,16,4,1,0.0411,0,normal,0
LG-1002,2025-01-10 16:25:30,6.430162,3.463422,18.3,79.4,1,0,16,4,1,0.04248,0,normal,0
LG-1002,2025-01-10 16:26:00,6.430332,3.464623,16.1,79.3,1,0,16,4,1,0.04368,0,normal,0
LG-1002,2025-01-10 16:26:30,6.430722,3.467775,42.2,79.2,1,0,16,4,1,0.04685,0,normal,0
LG-1002,2025-01-10 16:27:00,6.430975,3.469438,22.3,79.2,1,0,16,4,1,0.04853,0,normal,0
LG-1002,2025-01-10 16:27:30,6.431322,3.471617,29.3,79.1,1,0,16,4,1,0.05073,0,normal,0
LG-1002,2025-01-10 16:28:00,6.431523,3.4729,17.2,79.1,1,0,16,4,1,0.05202,0,normal,0
LG-1002,2025-01-10 16:28:30,6.431834,3.474906,27.0,79.0,1,0,16,4,1,0.05404,0,normal,0
LG-1002,2025-01-10 16:29:00,6.432282,3.478017,41.7,78.9,1,0,16,4,1,0.05482,0,normal,0
LG-1002,2025-01-10 16:29:30,6.432597,3.480198,29.3,78.8,1,0,16,4,1,0.05289,0,normal,0
LG-1002,2025-01-10 16:30:00,6.433022,3.483402,42.9,78.7,1,0,16,4,1,0.05012,0,normal,0
LG-1002,2025-01-10 16:30:30,6.433281,3.48505,22.1,78.7,1,0,16,4,1,0.0487,0,normal,0
LG-1002,2025-01-10 16:31:00,6.433623,3.487231,29.3,78.6,1,0,16,4,1,0.04683,0,normal,0
LG-1002,2025-01-10 16:31:30,6.434017,3.490193,39.7,78.5,1,0,16,4,1,0.0444,0,normal,0
LG-1002,2025-01-10 16:32:00,6.434328,3.492252,27.7,78.5,1,0,16,4,1,0.04273,0,normal,0
LG-1002,2025-01-10 16:32:30,6.434593,3.493945,22.7,78.4,1,0,16,4,1,0.04137,0,normal,0
LG-1002,2025-01-10 16:33:00,6.435043,3.49689,39.6,78.3,1,0,16,4,1,0.03909,0,normal,0
LG-1002,2025-01-10 16:33:30,6.435327,3.498825,26.0,78.2,1,0,16,4,1,0.03765,0,normal,0
LG-1002,2025-01-10 16:34:00,6.435656,3.501067,30.1,78.2,1,0,16,4,1,0.03605,0,normal,0
LG-1002,2025-01-10 16:34:30,6.436118,3.504279,43.1,78.1,1,0,16,4,1,0.03389,0,normal,0
LG-1002,2025-01-10 16:35:00,6.436337,3.505772,20.0,78.0,1,0,16,4,1,0.03294,0,normal,0
LG-1002,2025-01-10 16:35:30,6.436594,3.507514,23.4,78.0,1,0,16,4,1,0.03189,0,normal,0
LG-1002,2025-01-10 16:36:00,6.43733,3.507652,10.0,78.0,1,0,16,4,1,0.03117,0,normal,0
LG-1002,2025-01-10 16:36:30,6.439288,3.507555,26.2,77.9,1,0,16,4,1,0.02949,0,normal,0
LG-1002,2025-01-10 16:37:00,6.440816,3.50748,20.4,77.8,1,0,16,4,1,0.02821,0,normal,0
LG-1002,2025-01-10 16:37:30,6.44338,3.50779,34.5,77.8,1,0,16,4,1,0.02587,0,normal,0
LG-1002,2025-01-10 16:38:00,6.444841,3.508118,20.0,77.7,1,0,16,4,1,0.02448,0,normal,0
LG-1002,2025-01-10 16:38:30,6.447412,3.508293,34.4,77.6,1,0,16,4,1,0.0223,0,normal,0
LG-1002,2025-01-10 16:39:00,6.449086,3.50838,22.4,77.6,1,0,16,4,1,0.02095,0,normal,0
LG-1002,2025-01-10 16:39:30,6.450966,3.508397,25.1,77.5,1,0,16,4,1,0.01955,0,normal,0
LG-1002,2025-01-10 16:40:00,6.452697,3.508611,23.3,77.5,1,0,16,4,1,0.01818,0,normal,0
LG-1002,2025-01-10 16:40:30,6.453111,3.511215,35.0,77.4,1,0,16,4,1,0.01605,0,normal,0
LG-1002,2025-01-10 16:41:00,6.453311,3.513329,28.2,77.3,1,0,16,4,1,0.01455,0,normal,0
LG-1002,2025-01-10 16:41:30,6.453484,3.515215,25.1,77.3,1,0,16,4,1,0.01337,0,normal,0
LG-1002,2025-01-10 16:42:00,6.453693,3.518159,39.2,77.2,1,0,16,4,1,0.01194,0,normal,0
LG-1002,2025-01-10 16:42:30,6.456047,3.518246,31.5,77.1,1,0,16,4,1,0.00971,0,normal,0
LG-1002,2025-01-10 16:43:00,6.457615,3.518288,21.0,77.1,1,0,16,4,1,0.00827,0,normal,0
LG-1002,2025-01-10 16:43:30,6.460691,3.51837,41.1,77.0,1,0,16,4,1,0.00563,0,normal,0
LG-1002,2025-01-10 16:44:00,6.461117,3.519802,19.8,76.9,1,0,16,4,1,0.00446,0,normal,0
LG-1002,2025-01-10 16:44:30,6.461093,3.520986,15.7,76.9,1,0,16,4,1,0.00404,0,normal,0
LG-1002,2025-01-11 12:30:00,6.555865,3.342113,0.0,76.9,0,1,12,5,1,0.00141,0,normal,0
LG-1002,2025-01-11 12:30:30,6.556478,3.342507,9.7,76.9,1,0,12,5,1,0.00211,0,normal,0
LG-1002,2025-01-11 12:31:00,6.55643,3.344213,22.6,76.8,1,0,12,5,1,0.00352,0,normal,0
LG-1002,2025-01-11 12:31:30,6.55647,3.346089,24.9,76.7,1,0,12,5,1,0.0053,0,normal,0
LG-1002,2025-01-11 12:32:00,6.556502,3.347534,19.2,76.7,1,0,12,5,1,0.0067,0,normal,0
LG-1002,2025-01-11 12:32:30,6.556493,3.349115,21.0,76.6,1,0,12,5,1,0.00825,0,normal,0
LG-1002,2025-01-11 12:33:00,6.556499,3.350699,21.0,76.6,1,0,12,5,1,0.00981,0,normal,0
LG-1002,2025-01-11 12:33:30,6.555385,3.351855,21.4,76.5,1,0,12,5,1,0.01086,0,normal,0
LG-1002,2025-01-11 12:34:00,6.554374,3.352283,14.7,76.5,1,0,12,5,1,0.0113,0,normal,0
LG-1002,2025-01-11 12:34:30,6.553574,3.352613,11.6,76.5,1,0,12,5,1,0.0117,0,normal,0
LG-1002,2025-01-11 12:35:00,6.552343,3.353121,17.8,76.4,1,0,12,5,1,0.01241,0,normal,0
LG-1002,2025-01-11 12:35:30,6.551096,3.353636,18.0,76.4,1,0,12,5,1,0.01323,0,normal,0
LG-1002,2025-01-11 12:36:00,6.550276,3.353971,11.8,76.4,1,0,12,5,1,0.0138,0,normal,0
LG-1002,2025-01-11 12:36:30,6.548926,3.354511,19.4,76.3,1,0,12,5,1,0.01481,0,normal,0
LG-1002,2025-01-11 12:37:00,6.548304,3.354764,9.0,76.3,1,0,12,5,1,0.01531,0,normal,0
LG-1002,2025-01-11 12:37:30,6.546579,3.355471,24.9,76.3,1,0,12,5,1,0.01674,0,normal,0
LG-1002,2025-01-11 12:38:00,6.545657,3.355854,13.3,76.2,1,0,12,5,1,0.01755,0,normal,0
LG-1002,2025-01-11 12:38:30,6.545002,3.356114,9.4,76.2,1,0,12,5,1,0.01812,0,normal,0
LG-1002,2025-01-11 12:39:00,6.544267,3.356415,10.6,76.2,1,0,12,5,1,0.01878,0,normal,0
LG-1002,2025-01-11 12:39:30,6.543375,3.356788,12.9,76.1,1,0,12,5,1,0.01961,0,normal,0
LG-1002,2025-01-11 12:40:00,6.542392,3.356991,13.4,76.1,1,0,12,5,1,0.02036,0,normal,0
LG-1002,2025-01-11 12:40:30,6.54172,3.356842,9.2,76.1,1,0,12,5,1,0.02067,0,normal,0
LG-1002,2025-01-11 12:41:00,6.540859,3.356301,13.6,76.1,1,0,12,5,1,0.02083,0,normal,0
LG-1002,2025-01-11 12:41:30,6.540122,3.355777,12.1,76.0,1,0,12,5,1,0.02097,0,normal,0
LG-1002,2025-01-11 12:42:00,6.539192,3.355106,15.3,76.0,1,0,12,5,1,0.02119,0,normal,0
LG-1002,2025-01-11 12:42:30,6.538228,3.354467,15.4,76.0,1,0,12,5,1,0.02151,0,normal,0
LG-1002,2025-01-11 12:43:00,6.537304,3.353879,14.6,75.9,1,0,12,5,1,0.02189,0,normal,0
LG-1002,2025-01-11 12:43:30,6.536391,3.353299,14.4,75.9,1,0,12,5,1,0.02231,0,normal,0
LG-1002,2025-01-11 12:44:00,6.535739,3.352888,10.3,75.9,1,0,12,5,1,0.02263,0,normal,0
LG-1002,2025-01-11 12:44:30,6.535154,3.352531,9.1,75.8,1,0,12,5,1,0.02295,0,normal,0
LG-1002,2025-01-11 12:45:00,6.534279,3.352277,12.2,75.8,1,0,12,5,1,0.02359,0,normal,0
LG-1002,2025-01-11 12:45:30,6.532677,3.352573,21.8,75.8,1,0,12,5,1,0.02514,0,normal,0
LG-1002,2025-01-11 12:46:00,6.530812,3.353134,26.0,75.7,1,0,12,5,1,0.02462,0,normal,0
LG-1002,2025-01-11 12:46:30,6.529024,3.353666,24.9,75.6,1,0,12,5,1,0.02308,0,normal,0
LG-1002,2025-01-11 12:47:00,6.527784,3.35409,17.5,75.6,1,0,12,5,1,0.022,0,normal,0
LG-1002,2025-01-11 12:47:30,6.52688,3.355052,17.6,75.6,1,0,12,5,1,0.0207,0,normal,0
LG-1002,2025-01-11 12:48:00,6.526625,3.356083,14.1,75.5,1,0,12,5,1,0.01971,0,normal,0
LG-1002,2025-01-11 12:48:30,6.526374,3.357727,22.1,75.5,1,0,12,5,1,0.01825,0,normal,0
LG-1002,2025-01-11 12:49:00,6.526099,3.35935,21.8,75.4,1,0,12,5,1,0.01683,0,normal,0
LG-1002,2025-01-11 12:49:30,6.525081,3.360777,23.3,75.4,1,0,12,5,1,0.01509,0,normal,0
LG-1002,2025-01-11 12:50:00,6.523964,3.362217,24.2,75.3,1,0,12,5,1,0.01327,0,normal,0
LG-1002,2025-01-11 12:50:30,6.523084,3.363057,16.2,75.3,1,0,12,5,1,0.01206,0,normal,0
LG-1002,2025-01-11 12:51:00,6.521668,3.363912,22.1,75.2,1,0,12,5,1,0.01048,0,normal,0
LG-1002,2025-01-11 12:51:30,6.520179,3.364745,22.8,75.2,1,0,12,5,1,0.00891,0,normal,0
LG-1002,2025-01-11 12:52:00,6.519249,3.365237,14.0,75.1,1,0,12,5,1,0.00799,0,normal,0
LG-1002,2025-01-11 12:52:30,6.517395,3.365312,24.8,75.1,1,0,12,5,1,0.0071,0,normal,0
LG-1002,2025-01-11 12:53:00,6.51664,3.365136,10.4,75.1,1,0,12,5,1,0.00706,0,normal,0
LG-1002,2025-01-11 12:53:30,6.514786,3.364529,26.0,75.0,1,0,12,5,1,0.00747,0,normal,0
LG-1002,2025-01-11 12:54:00,6.513193,3.364076,22.1,75.0,1,0,12,5,1,0.00813,0,normal,0
LG-1002,2025-01-11 12:54:30,6.512456,3.363836,10.3,74.9,1,0,12,5,1,0.00855,0,normal,0
LG-1002,2025-01-11 12:55:00,6.511017,3.363379,20.2,74.9,1,0,12,5,1,0.0095,0,normal,0
LG-1002,2025-01-11 12:55:30,6.51035,3.363175,9.3,74.9,1,0,12,5,1,0.00998,0,normal,0
LG-1002,2025-01-11 12:56:00,6.508706,3.363148,22.0,74.8,1,0,12,5,1,0.01086,0,normal,0
LG-1002,2025-01-11 12:56:30,6.508706,3.363148,0.0,74.8,1,1,12,5,1,0.01086,0,normal,0
LG-1002,2025-01-11 12:57:00,6.508706,3.363148,0.0,74.8,1,2,12,5,1,0.01086,0,normal,0
LG-1002,2025-01-11 12:57:30,6.508706,3.363148,0.0,74.8,1,3,12,5,1,0.01086,0,normal,0
LG-1002,2025-01-11 12:58:00,6.508706,3.363148,0.0,74.8,1,4,12,5,1,0.01086,0,normal,0
LG-1002,2025-01-11 12:58:30,6.508706,3.363148,0.0,74.8,1,5,12,5,1,0.01086,0,normal,0
LG-1002,2025-01-11 12:59:00,6.507047,3.363503,22.7,74.8,1,0,12,5,1,0.00975,0,normal,0
LG-1002,2025-01-11 12:59:30,6.505652,3.363859,19.2,74.7,1,0,12,5,1,0.00886,0,normal,0
LG-1002,2025-01-11 13:00:00,6.50391,3.363854,23.3,74.7,1,0,13,5,1,0.00764,0,normal,0
LG-1002,2025-01-11 13:00:30,6.503178,3.363584,10.4,74.6,1,0,13,5,1,0.00697,0,normal,0
LG-1002,2025-01-11 13:01:00,6.502233,3.363216,13.5,74.6,1,0,13,5,1,0.00614,0,normal,0
LG-1002,2025-01-11 13:01:30,6.50112,3.362785,15.9,74.6,1,0,13,5,1,0.00523,0,normal,0
LG-1002,2025-01-11 13:02:00,6.500451,3.362552,9.5,74.5,1,0,13,5,1,0.00478,0,normal,0
LG-1002,2025-01-11 13:02:30,6.499278,3.362153,16.5,74.5,1,0,13,5,1,0.00416,0,normal,0
LG-1002,2025-01-11 13:03:00,6.498317,3.361879,13.3,74.5,1,0,13,5,1,0.00394,0,normal,0
LG-1002,2025-01-11 13:03:30,6.497175,3.361646,15.6,74.4,1,0,13,5,1,0.00408,0,normal,0
LG-1002,2025-01-11 13:04:00,6.495973,3.361532,16.1,74.4,1,0,13,5,1,0.00465,0,normal,0
LG-1002,2025-01-11 13:04:30,6.494192,3.361763,24.0,74.3,1,0,13,5,1,0.00611,0,normal,0
LG-1002,2025-01-11 13:05:00,6.493239,3.362085,13.4,74.3,1,0,13,5,1,0.00706,0,normal,0
LG-1002,2025-01-11 13:05:30,6.491532,3.362716,24.3,74.3,1,0,13,5,1,0.00883,0,normal,0
LG-1002,2025-01-11 13:06:00,6.490393,3.363123,16.1,74.2,1,0,13,5,1,0.01002,0,normal,0
LG-1002,2025-01-11 13:06:30,6.489373,3.363483,14.4,74.2,1,0,13,5,1,0.01108,0,normal,0
LG-1002,2025-01-11 13:07:00,6.488142,3.363928,17.5,74.1,1,0,13,5,1,0.01237,0,normal,0
LG-1002,2025-01-11 13:07:30,6.487015,3.364338,16.0,74.1,1,0,13,5,1,0.01356,0,normal,0
LG-1002,2025-01-11 13:08:00,6.486083,3.364669,13.2,74.1,1,0,13,5,1,0.01454,0,normal,0
LG-1002,2025-01-11 13:08:30,6.484844,3.365089,17.5,74.0,1,0,13,5,1,0.01583,0,normal,0
LG-1002,2025-01-11 13:09:00,6.484077,3.365457,11.4,74.0,1,0,13,5,1,0.01668,0,normal,0
LG-1002,2025-01-11 13:09:30,6.483083,3.365957,14.8,74.0,1,0,13,5,1,0.01779,0,normal,0
LG-1002,2025-01-11 13:10:00,6.481738,3.366294,18.5,73.9,1,0,13,5,1,0.01915,0,normal,0
LG-1002,2025-01-11 13:10:30,6.480549,3.366249,15.9,73.9,1,0,13,5,1,0.02021,0,normal,0
LG-1002,2025-01-11 13:11:00,6.478921,3.365684,23.0,73.8,1,0,13,5,1,0.0215,0,normal,0
LG-1002,2025-01-11 13:11:30,6.478033,3.365249,13.2,73.8,1,0,13,5,1,0.02218,0,normal,0
LG-1002,2025-01-11 13:12:00,6.476308,3.364407,25.6,73.7,1,0,13,5,1,0.02358,0,normal,0
LG-1002,2025-01-11 13:12:30,6.4748,3.363671,22.4,73.7,1,0,13,5,1,0.02486,0,normal,0
LG-1002,2025-01-11 13:13:00,6.473027,3.362962,25.5,73.6,1,0,13,5,1,0.02435,0,normal,0
LG-1002,2025-01-11 13:13:30,6.471292,3.362929,23.2,73.6,1,0,13,5,1,0.02264,0,normal,0
LG-1002,2025-01-11 13:14:00,6.470466,3.363074,11.2,73.6,1,0,13,5,1,0.02185,0,normal,0
LG-1002,2025-01-11 13:14:30,6.469146,3.363304,17.9,73.5,1,0,13,5,1,0.0206,0,normal,0
LG-1002,2025-01-11 13:15:00,6.468287,3.363471,11.7,73.5,1,0,13,5,1,0.0198,0,normal,0
LG-1002,2025-01-11 13:15:30,6.46659,3.363761,23.0,73.4,1,0,13,5,1,0.01822,0,normal,0
LG-1002,2025-01-11 13:16:00,6.465194,3.363991,18.9,73.4,1,0,13,5,1,0.01695,0,normal,0
LG-1002,2025-01-11 13:16:30,6.464199,3.364044,13.3,73.4,1,0,13,5,1,0.01601,0,normal,0
LG-1002,2025-01-11 13:17:00,6.462335,3.364129,24.9,73.3,1,0,13,5,1,0.01429,0,normal,0
LG-1002,2025-01-11 13:17:30,6.461531,3.364151,10.7,73.3,1,0,13,5,1,0.01355,0,normal,0
LG-1002,2025-01-11 13:18:00,6.460142,3.364189,18.6,73.2,1,0,13,5,1,0.01229,0,normal,0
LG-1002,2025-01-11 13:18:30,6.458556,3.364331,21.3,73.2,1,0,13,5,1,0.01094,0,normal,0
LG-1002,2025-01-11 13:19:00,6.457849,3.364509,9.7,73.2,1,0,13,5,1,0.01042,0,normal,0
LG-1002,2025-01-11 13:19:30,6.456506,3.365006,19.1,73.1,1,0,13,5,1,0.00961,0,normal,0
LG-1002,2025-01-11 13:20:00,6.454966,3.365769,22.9,73.1,1,0,13,5,1,0.00902,0,normal,0
LG-1002,2025-01-11 13:20:30,6.454293,3.36608,9.9,73.0,1,0,13,5,1,0.00884,0,normal,0
LG-1002,2025-01-11 13:21:00,6.453081,3.366608,17.6,73.0,1,0,13,5,1,0.00863,0,normal,0
LG-1002,2025-01-11 13:21:30,6.452152,3.366953,13.2,73.0,1,0,13,5,1,0.00855,0,normal,0
LG-1002,2025-01-11 13:22:00,6.450725,3.367472,20.3,72.9,1,0,13,5,1,0.00865,0,normal,0
LG-1002,2025-01-11 13:22:30,6.449969,3.367757,10.8,72.9,1,0,13,5,1,0.00881,0,normal,0
LG-1002,2025-01-11 13:23:00,6.448688,3.367324,18.0,72.8,1,0,13,5,1,0.00833,0,normal,0
LG-1002,2025-01-11 13:23:30,6.447219,3.366496,22.5,72.8,1,0,13,5,1,0.0077,0,normal,0
LG-1002,2025-01-11 13:24:00,6.446381,3.366178,12.0,72.8,1,0,13,5,1,0.00764,0,normal,0
LG-1002,2025-01-11 13:24:30,6.446767,3.365178,14.2,72.7,1,0,13,5,1,0.00657,0,normal,0
LG-1002,2025-01-11 13:25:00,6.447288,3.363857,18.9,72.7,1,0,13,5,1,0.00515,0,normal,0
LG-1002,2025-01-11 13:25:30,6.447885,3.362382,21.1,72.6,1,0,13,5,1,0.00356,0,normal,0
LG-1002,2025-01-11 13:26:00,6.448351,3.361243,16.4,72.6,1,0,13,5,1,0.00233,0,normal,0
LG-1002,2025-01-11 13:26:30,6.448683,3.360453,11.4,72.6,1,0,13,5,1,0.00149,0,normal,0
LG-1002,2025-01-11 13:27:00,6.448981,3.359722,10.5,72.6,1,0,13,5,1,0.00072,0,normal,0
LG-1002,2025-01-11 13:27:30,6.449238,3.359099,9.0,72.5,1,0,13,5,1,0.00026,0,normal,0
LG-1002,2025-01-11 13:28:00,6.449238,3.359099,0.0,72.5,0,1,13,5,1,0.00026,0,normal,0
LG-1002,2025-01-11 13:28:30,6.449238,3.359099,0.0,72.5,0,2,13,5,1,0.00026,0,normal,0
LG-1002,2025-01-11 13:29:00,6.449238,3.359099,0.0,72.5,0,3,13,5,1,0.00026,0,normal,0
LG-1002,2025-01-11 13:29:30,6.449238,3.359099,0.0,72.5,0,4,13,5,1,0.00026,0,normal,0
LG-1003,2025-01-06 16:26:00,6.555427,3.34195,0.0,88.1,0,1,16,0,1,0.00104,0,normal,0
LG-1003,2025-01-06 16:26:30,6.55644,3.34357,25.4,88.1,1,0,16,0,1,0.00295,0,normal,0
LG-1003,2025-01-06 16:27:00,6.556446,3.344837,16.8,88.0,1,0,16,0,1,0.0041,0,normal,0
LG-1003,2025-01-06 16:27:30,6.556487,3.346866,26.9,88.0,1,0,16,0,1,0.00605,0,normal,0
LG-1003,2025-01-06 16:28:00,6.556504,3.347821,12.7,87.9,1,0,16,0,1,0.00698,0,normal,0
LG-1003,2025-01-06 16:28:30,6.556493,3.348727,12.0,87.9,1,0,16,0,1,0.00787,0,normal,0
LG-1003,2025-01-06 16:29:00,6.556503,3.350669,25.8,87.9,1,0,16,0,1,0.00978,0,normal,0
LG-1003,2025-01-06 16:29:30,6.555914,3.351647,15.2,87.8,1,0,16,0,1,0.01069,0,normal,0
LG-1003,2025-01-06 16:30:00,6.554116,3.352389,25.9,87.8,1,0,16,0,1,0.01142,0,normal,0
LG-1003,2025-01-06 16:30:30,6.553192,3.35277,13.3,87.7,1,0,16,0,1,0.01191,0,normal,0
LG-1003,2025-01-06 16:31:00,6.550936,3.353702,32.6,87.6,1,0,16,0,1,0.01334,0,normal,0
LG-1003,2025-01-06 16:31:30,6.548986,3.354487,28.1,87.6,1,0,16,0,1,0.01477,0,normal,0
LG-1003,2025-01-06 16:32:00,6.546842,3.355364,30.9,87.5,1,0,16,0,1,0.01652,0,normal,0
LG-1003,2025-01-06 16:32:30,6.545851,3.355773,14.3,87.5,1,0,16,0,1,0.01738,0,normal,0
LG-1003,2025-01-06 16:33:00,6.544573,3.356294,18.4,87.4,1,0,16,0,1,0.01851,0,normal,0
LG-1003,2025-01-06 16:33:30,6.543219,3.356845,19.5,87.4,1,0,16,0,1,0.01974,0,normal,0
LG-1003,2025-01-06 16:34:00,6.541539,3.356745,22.5,87.3,1,0,16,0,1,0.02071,0,normal,0
LG-1003,2025-01-06 16:34:30,6.540429,3.355994,17.9,87.3,1,0,16,0,1,0.02091,0,normal,0
LG-1003,2025-01-06 16:35:00,6.53965,3.355461,12.6,87.3,1,0,16,0,1,0.02109,0,normal,0
LG-1003,2025-01-06 16:35:30,6.538459,3.354614,19.5,87.2,1,0,16,0,1,0.02142,0,normal,0
LG-1003,2025-01-06 16:36:00,6.537387,3.353932,16.9,87.2,1,0,16,0,1,0.02185,0,normal,0
LG-1003,2025-01-06 16:36:30,6.536127,3.353134,19.9,87.1,1,0,16,0,1,0.02244,0,normal,0
LG-1003,2025-01-06 16:37:00,6.53513,3.352516,15.6,87.1,1,0,16,0,1,0.02297,0,normal,0
LG-1003,2025-01-06 16:37:30,6.533886,3.352283,16.9,87.1,1,0,16,0,1,0.02394,0,normal,0
LG-1003,2025-01-06 16:38:00,6.532055,3.352761,25.3,87.0,1,0,16,0,1,0.02571,0,normal,0
LG-1003,2025-01-06 16:38:30,6.530623,3.353191,20.0,87.0,1,0,16,0,1,0.02445,0,normal,0
LG-1003,2025-01-06 16:39:00,6.529257,3.353592,19.0,86.9,1,0,16,0,1,0.02328,0,normal,0
LG-1003,2025-01-06 16:39:30,6.527626,3.354183,23.2,86.9,1,0,16,0,1,0.02184,0,normal,0
LG-1003,2025-01-06 16:40:00,6.526641,3.355998,27.5,86.8,1,0,16,0,1,0.01979,0,normal,0
LG-1003,2025-01-06 16:40:30,6.526405,3.357458,19.6,86.7,1,0,16,0,1,0.01848,0,normal,0
LG-1003,2025-01-06 16:41:00,6.526137,3.359266,24.3,86.7,1,0,16,0,1,0.01692,0,normal,0
LG-1003,2025-01-06 16:41:30,6.524703,3.36127,32.8,86.6,1,0,16,0,1,0.01447,0,normal,0
LG-1003,2025-01-06 16:42:00,6.523616,3.362601,22.9,86.6,1,0,16,0,1,0.01275,0,normal,0
LG-1003,2025-01-06 16:42:30,6.521653,3.36392,31.5,86.5,1,0,16,0,1,0.01047,0,normal,0
LG-1003,2025-01-06 16:43:00,6.519764,3.365003,29.0,86.4,1,0,16,0,1,0.00847,0,normal,0
LG-1003,2025-01-06 16:43:30,6.518884,3.365312,12.4,86.4,1,0,16,0,1,0.00773,0,normal,0
LG-1003,2025-01-06 16:44:00,6.517326,3.365297,20.8,86.3,1,0,16,0,1,0.0071,0,normal,0
LG-1003,2025-01-06 16:44:30,6.515398,3.364714,26.9,86.3,1,0,16,0,1,0.0073,0,normal,0
LG-1003,2025-01-06 16:45:00,6.515398,3.364714,0.0,86.3,1,1,16,0,1,0.0073,0,normal,0
LG-1003,2025-01-06 16:45:30,6.515398,3.364714,0.0,86.3,1,2,16,0,1,0.0073,0,normal,0
LG-1003,2025-01-06 16:46:00,6.515398,3.364714,0.0,86.3,1,3,16,0,1,0.0073,0,normal,0
LG-1003,2025-01-06 16:46:30,6.515398,3.364714,0.0,86.3,1,4,16,0,1,0.0073,0,normal,0
LG-1003,2025-01-06 16:47:00,6.515398,3.364714,0.0,86.3,1,5,16,0,1,0.0073,0,normal,0
LG-1003,2025-01-06 16:47:30,6.515398,3.364714,0.0,86.3,1,6,16,0,1,0.0073,0,normal,0
LG-1003,2025-01-06 16:48:00,6.515398,3.364714,0.0,86.3,1,7,16,0,1,0.0073,0,normal,0
LG-1003,2025-01-06 16:48:30,6.512998,3.364013,33.4,86.2,1,0,16,0,1,0.00823,0,normal,0
LG-1003,2025-01-06 16:49:00,6.511461,3.363523,21.5,86.1,1,0,16,0,1,0.00919,0,normal,0
LG-1003,2025-01-06 16:49:30,6.510511,3.363217,13.3,86.1,1,0,16,0,1,0.00986,0,normal,0
LG-1003,2025-01-06 16:50:00,6.508744,3.363141,23.6,86.1,1,0,16,0,1,0.01085,0,normal,0
LG-1003,2025-01-06 16:50:30,6.507711,3.363358,14.1,86.0,1,0,16,0,1,0.01023,0,normal,0
LG-1003,2025-01-06 16:51:00,6.505665,3.363856,28.1,86.0,1,0,16,0,1,0.00887,0,normal,0
LG-1003,2025-01-06 16:51:30,6.505665,3.363856,0.8,86.0,1,152,16,0,1,0.00887,1,excessive_idle,0
LG-1003,2025-01-06 16:52:00,6.505665,3.363856,1.1,86.0,1,215,16,0,1,0.00887,1,excessive_idle,0
LG-1003,2025-01-06 16:52:30,6.505665,3.363856,0.9,86.0,1,220,16,0,1,0.00887,1,excessive_idle,0
LG-1003,2025-01-06 16:53:00,6.505665,3.363856,0.9,86.0,1,221,16,0,1,0.00887,1,excessive_idle,0
LG-1003,2025-01-06 16:53:30,6.505665,3.363856,1.3,86.0,1,222,16,0,1,0.00887,1,excessive_idle,0
LG-1003,2025-01-06 16:54:00,6.505665,3.363856,1.3,86.0,1,223,16,0,1,0.00887,1,excessive_idle,0
LG-1003,2025-01-06 16:54:30,6.505665,3.363856,0.8,86.0,1,224,16,0,1,0.00887,1,excessive_idle,0
LG-1003,2025-01-06 16:55:00,6.505665,3.363856,0.3,86.0,1,225,16,0,1,0.00887,1,excessive_idle,0
LG-1003,2025-01-06 16:55:30,6.505665,3.363856,1.0,86.0,1,226,16,0,1,0.00887,1,excessive_idle,0
LG-1003,2025-01-06 16:56:00,6.505665,3.363856,0.6,86.0,1,227,16,0,1,0.00887,1,excessive_idle,0
LG-1003,2025-01-06 16:56:30,6.505665,3.363856,0.5,86.0,1,228,16,0,1,0.00887,1,excessive_idle,0
LG-1003,2025-01-06 16:57:00,6.505665,3.363856,1.1,86.0,1,229,16,0,1,0.00887,1,excessive_idle,0
LG-1003,2025-01-06 16:57:30,6.505665,3.363856,0.1,86.0,1,230,16,0,1,0.00887,1,excessive_idle,0
LG-1003,2025-01-06 16:58:00,6.505665,3.363856,1.3,86.0,1,231,16,0,1,0.00887,1,excessive_idle,0
LG-1003,2025-01-06 16:58:30,6.505665,3.363856,0.3,86.0,1,232,16,0,1,0.00887,1,excessive_idle,0
LG-1003,2025-01-06 16:59:00,6.505665,3.363856,0.4,86.0,1,233,16,0,1,0.00887,1,excessive_idle,0
LG-1003,2025-01-06 16:59:30,6.503675,3.363772,26.6,85.9,1,0,16,0,1,0.00743,0,normal,0
LG-1003,2025-01-06 17:00:00,6.501931,3.363099,25.0,85.8,1,0,17,0,1,0.00588,0,normal,0
LG-1003,2025-01-06 17:00:30,6.500657,3.362624,18.1,85.8,1,0,17,0,1,0.00491,0,normal,0
LG-1003,2025-01-06 17:01:00,6.499385,3.362187,18.0,85.8,1,0,17,0,1,0.0042,0,normal,0
LG-1003,2025-01-06 17:01:30,6.498515,3.361926,12.1,85.7,1,0,17,0,1,0.00396,0,normal,0
LG-1003,2025-01-06 17:02:00,6.496481,3.361565,27.6,85.7,1,0,17,0,1,0.00437,0,normal,0
LG-1003,2025-01-06 17:02:30,6.495568,3.361537,12.2,85.6,1,0,17,0,1,0.00493,0,normal,0
LG-1003,2025-01-06 17:03:00,6.494725,3.361641,11.3,85.6,1,0,17,0,1,0.00562,0,normal,0
LG-1003,2025-01-06 17:03:30,6.492751,3.362257,27.6,85.5,1,0,17,0,1,0.00756,0,normal,0
LG-1003,2025-01-06 17:04:00,6.490462,3.363097,32.6,85.5,1,0,17,0,1,0.00994,0,normal,0
LG-1003,2025-01-06 17:04:30,6.488468,3.363804,28.2,85.4,1,0,17,0,1,0.01203,0,normal,0
LG-1003,2025-01-06 17:05:00,6.486932,3.364368,21.8,85.4,1,0,17,0,1,0.01364,0,normal,0
LG-1003,2025-01-06 17:05:30,6.48538,3.364956,22.2,85.3,1,0,17,0,1,0.01529,0,normal,0
LG-1003,2025-01-06 17:06:00,6.483957,3.365631,21.0,85.3,1,0,17,0,1,0.01687,0,normal,0
LG-1003,2025-01-06 17:06:30,6.482817,3.366418,18.5,85.2,1,0,17,0,1,0.01824,0,normal,0
LG-1003,2025-01-06 17:07:00,6.481601,3.367631,22.9,85.2,1,0,17,0,1,0.01989,0,normal,0
LG-1003,2025-01-06 17:07:30,6.480631,3.368862,20.9,85.1,1,0,17,0,1,0.02134,0,normal,0
LG-1003,2025-01-06 17:08:00,6.4795,3.370325,24.6,85.1,1,0,17,0,1,0.02307,0,normal,0
LG-1003,2025-01-06 17:08:30,6.478053,3.372182,31.3,85.0,1,0,17,0,1,0.0253,0,normal,0
LG-1003,2025-01-06 17:09:00,6.476506,3.374167,33.5,84.9,1,0,17,0,1,0.0277,0,normal,0
LG-1003,2025-01-06 17:09:30,6.475861,3.374896,13.0,84.9,1,0,17,0,1,0.02865,0,normal,0
LG-1003,2025-01-06 17:10:00,6.474687,3.375806,19.8,84.8,1,0,17,0,1,0.0275,0,normal,0
LG-1003,2025-01-06 17:10:30,6.473665,3.376323,15.3,84.8,1,0,17,0,1,0.0264,0,normal,0
LG-1003,2025-01-06 17:11:00,6.472308,3.376786,19.1,84.7,1,0,17,0,1,0.02513,0,normal,0
LG-1003,2025-01-06 17:11:30,6.471045,3.377189,17.7,84.7,1,0,17,0,1,0.02397,0,normal,0
LG-1003,2025-01-06 17:12:00,6.469962,3.377532,15.2,84.7,1,0,17,0,1,0.023,0,normal,0
LG-1003,2025-01-06 17:12:30,6.467935,3.378178,28.4,84.6,1,0,17,0,1,0.02122,0,normal,0
LG-1003,2025-01-06 17:13:00,6.466405,3.378854,22.3,84.5,1,0,17,0,1,0.01977,0,normal,0
LG-1003,2025-01-06 17:13:30,6.464395,3.380146,31.9,84.5,1,0,17,0,1,0.01758,0,normal,0
LG-1003,2025-01-06 17:14:00,6.46364,3.38063,12.0,84.4,1,0,17,0,1,0.01677,0,normal,0
LG-1003,2025-01-06 17:14:30,6.462837,3.381146,12.7,84.4,1,0,17,0,1,0.01592,0,normal,0
LG-1003,2025-01-06 17:15:00,6.461556,3.381964,20.3,84.4,1,0,17,0,1,0.01459,0,normal,0
LG-1003,2025-01-06 17:15:30,6.460664,3.382354,13.0,84.3,1,0,17,0,1,0.01386,0,normal,0
LG-1003,2025-01-06 17:16:00,6.459422,3.382677,17.1,84.3,1,0,17,0,1,0.01309,0,normal,0
LG-1003,2025-01-06 17:16:30,6.456988,3.382295,32.9,84.2,1,0,17,0,1,0.01286,0,normal,0
LG-1003,2025-01-06 17:17:00,6.455846,3.381964,15.9,84.2,1,0,17,0,1,0.01306,0,normal,0
LG-1003,2025-01-06 17:17:30,6.454694,3.382135,15.6,84.1,1,0,17,0,1,0.01287,0,normal,0
LG-1003,2025-01-06 17:18:00,6.453319,3.383269,23.7,84.1,1,0,17,0,1,0.01185,0,normal,0
LG-1003,2025-01-06 17:18:30,6.45249,3.384725,22.3,84.0,1,0,17,0,1,0.01058,0,normal,0
LG-1003,2025-01-06 17:19:00,6.451654,3.38634,24.2,84.0,1,0,17,0,1,0.00928,0,normal,0
LG-1003,2025-01-06 17:19:30,6.450953,3.387639,19.6,83.9,1,0,17,0,1,0.0084,0,normal,0
LG-1003,2025-01-06 17:20:00,6.449843,3.389577,29.7,83.9,1,0,17,0,1,0.00748,0,normal,0
LG-1003,2025-01-06 17:20:30,6.449284,3.390495,14.3,83.8,1,0,17,0,1,0.00728,0,normal,0
LG-1003,2025-01-06 17:21:00,6.448458,3.391822,20.8,83.8,1,0,17,0,1,0.00727,0,normal,0
LG-1003,2025-01-06 17:21:30,6.447335,3.39348,26.6,83.7,1,0,17,0,1,0.00781,0,normal,0
LG-1003,2025-01-06 17:22:00,6.446028,3.395378,30.6,83.7,1,0,17,0,1,0.00898,0,normal,0
LG-1003,2025-01-06 17:22:30,6.445208,3.39659,19.5,83.6,1,0,17,0,1,0.00992,0,normal,0
LG-1003,2025-01-06 17:23:00,6.444179,3.398064,23.9,83.6,1,0,17,0,1,0.01125,0,normal,0
LG-1003,2025-01-06 17:23:30,6.443618,3.398841,12.7,83.5,1,0,17,0,1,0.01201,0,normal,0
LG-1003,2025-01-06 17:24:00,6.442902,3.399712,15.0,83.5,1,0,17,0,1,0.01298,0,normal,0
LG-1003,2025-01-06 17:24:30,6.442217,3.400382,12.8,83.5,1,0,17,0,1,0.01387,0,normal,0
LG-1003,2025-01-06 17:25:00,6.441222,3.402169,27.2,83.4,1,0,17,0,1,0.01553,0,normal,0
LG-1003,2025-01-06 17:25:30,6.440547,3.40331,17.6,83.4,1,0,17,0,1,0.01667,0,normal,0
LG-1003,2025-01-07 07:45:00,6.454613,3.395203,0.0,83.4,0,1,7,1,1,0.00044,0,normal,0
LG-1003,2025-01-07 07:45:30,6.454158,3.395261,6.1,83.3,1,0,7,1,1,0.00088,0,normal,0
LG-1003,2025-01-07 07:46:00,6.45372,3.395339,6.0,83.3,1,0,7,1,1,0.00132,0,normal,0
LG-1003,2025-01-07 07:46:30,6.452546,3.395404,15.7,83.3,1,0,7,1,1,0.00249,0,normal,0
LG-1003,2025-01-07 07:47:00,6.452459,3.394909,6.7,83.3,1,0,7,1,1,0.00254,0,normal,0
LG-1003,2025-01-07 07:47:30,6.452652,3.394004,12.3,83.2,1,0,7,1,1,0.00255,0,normal,0
LG-1003,2025-01-07 07:48:00,6.452801,3.393204,10.8,83.2,1,0,7,1,1,0.00284,0,normal,0
LG-1003,2025-01-07 07:48:30,6.453093,3.392099,15.2,83.2,1,0,7,1,1,0.00347,0,normal,0
LG-1003,2025-01-07 07:49:00,6.453488,3.391324,11.6,83.2,1,0,7,1,1,0.00398,0,normal,0
LG-1003,2025-01-07 07:49:30,6.453905,3.390549,11.7,83.1,1,0,7,1,1,0.00458,0,normal,0
LG-1003,2025-01-07 07:50:00,6.454118,3.389304,16.8,83.1,1,0,7,1,1,0.00576,0,normal,0
LG-1003,2025-01-07 07:50:30,6.454081,3.388748,7.4,83.1,1,0,7,1,1,0.00632,0,normal,0
LG-1003,2025-01-07 07:51:00,6.454482,3.387652,15.5,83.0,1,0,7,1,1,0.00737,0,normal,0
LG-1003,2025-01-07 07:51:30,6.454711,3.387222,6.5,83.0,1,0,7,1,1,0.00778,0,normal,0
LG-1003,2025-01-07 07:52:00,6.455054,3.386433,11.4,83.0,1,0,7,1,1,0.00857,0,normal,0
LG-1003,2025-01-07 07:52:30,6.455341,3.385242,16.3,83.0,1,0,7,1,1,0.00976,0,normal,0
LG-1003,2025-01-07 07:53:00,6.455544,3.384234,13.7,82.9,1,0,7,1,1,0.01078,0,normal,0
LG-1003,2025-01-07 07:53:30,6.45596,3.383276,13.9,82.9,1,0,7,1,1,0.01176,0,normal,0
LG-1003,2025-01-07 07:54:00,6.456195,3.382645,9.0,82.9,1,0,7,1,1,0.01241,0,normal,0
LG-1003,2025-01-07 07:54:30,6.456716,3.382399,7.7,82.9,1,0,7,1,1,0.01272,0,normal,0
LG-1003,2025-01-07 07:55:00,6.456716,3.382399,0.0,82.9,1,1,7,1,1,0.01272,0,normal,0
LG-1003,2025-01-07 07:55:30,6.456716,3.382399,0.0,82.9,1,2,7,1,1,0.01272,0,normal,0
LG-1003,2025-01-07 07:56:00,6.456716,3.382399,0.0,82.9,1,3,7,1,1,0.01272,0,normal,0
LG-1003,2025-01-07 07:56:30,6.456716,3.382399,0.0,82.9,1,4,7,1,1,0.01272,0,normal,0
LG-1003,2025-01-07 07:57:00,6.457438,3.382653,10.2,82.8,1,0,7,1,1,0.01259,0,normal,0
LG-1003,2025-01-07 07:57:30,6.458312,3.382868,12.0,82.8,1,0,7,1,1,0.01258,0,normal,0
LG-1003,2025-01-07 07:58:00,6.459155,3.382809,11.3,82.8,1,0,7,1,1,0.01288,0,normal,0
LG-1003,2025-01-07 07:58:30,6.459872,3.382679,9.7,82.8,1,0,7,1,1,0.01325,0,normal,0
LG-1003,2025-01-07 07:59:00,6.460564,3.382515,9.5,82.7,1,0,7,1,1,0.01367,0,normal,0
LG-1003,2025-01-07 07:59:30,6.461188,3.382294,8.8,82.7,1,0,7,1,1,0.01413,0,normal,0
LG-1003,2025-01-07 08:00:00,6.461842,3.381901,10.2,82.7,1,0,8,1,1,0.01478,0,normal,0
LG-1003,2025-01-07 08:00:30,6.462327,3.381593,7.7,82.7,1,0,8,1,1,0.01528,0,normal,0
LG-1003,2025-01-07 08:01:00,6.463349,3.380942,16.2,82.6,1,0,8,1,1,0.01635,0,normal,0
LG-1003,2025-01-07 08:01:30,6.46417,3.380419,13.0,82.6,1,0,8,1,1,0.01722,0,normal,0
LG-1003,2025-01-07 08:02:00,6.464642,3.380118,7.5,82.6,1,0,8,1,1,0.01773,0,normal,0
LG-1003,2025-01-07 08:02:30,6.465532,3.379552,14.1,82.6,1,0,8,1,1,0.0187,0,normal,0
LG-1003,2025-01-07 08:03:00,6.466536,3.378913,15.9,82.5,1,0,8,1,1,0.0198,0,normal,0
LG-1003,2025-01-07 08:03:30,6.467107,3.378599,8.7,82.5,1,0,8,1,1,0.02038,0,normal,0
LG-1003,2025-01-07 08:04:00,6.467638,3.378384,7.7,82.5,1,0,8,1,1,0.02088,0,normal,0
LG-1003,2025-01-07 08:04:30,6.468065,3.378247,6.0,82.5,1,0,8,1,1,0.02125,0,normal,0
LG-1003,2025-01-07 08:05:00,6.468526,3.378099,6.5,82.4,1,0,8,1,1,0.02165,0,normal,0
LG-1003,2025-01-07 08:05:30,6.469591,3.377771,14.9,82.4,1,0,8,1,1,0.02258,0,normal,0
LG-1003,2025-01-07 08:06:00,6.470845,3.377381,17.5,82.4,1,0,8,1,1,0.0237,0,normal,0
LG-1003,2025-01-07 08:06:30,6.471299,3.377218,6.4,82.4,1,0,8,1,1,0.02412,0,normal,0
LG-1003,2025-01-07 08:07:00,6.472345,3.376871,14.7,82.3,1,0,8,1,1,0.02509,0,normal,0
LG-1003,2025-01-07 08:07:30,6.472825,3.376714,6.7,82.3,1,0,8,1,1,0.02554,0,normal,0
LG-1003,2025-01-07 08:08:00,6.473735,3.376399,12.9,82.3,1,0,8,1,1,0.0264,0,normal,0
LG-1003,2025-01-07 08:08:30,6.474714,3.375878,14.8,82.2,1,0,8,1,1,0.02746,0,normal,0
LG-1003,2025-01-07 08:09:00,6.475354,3.375471,10.1,82.2,1,0,8,1,1,0.02821,0,normal,0
LG-1003,2025-01-07 08:09:30,6.475702,3.375183,6.0,82.2,1,0,8,1,1,0.02866,0,normal,0
LG-1003,2025-01-07 08:10:00,6.476377,3.374492,12.9,82.2,1,0,8,1,1,0.028,0,normal,0
LG-1003,2025-01-07 08:10:30,6.477189,3.373455,17.5,82.1,1,0,8,1,1,0.02673,0,normal,0
LG-1003,2025-01-07 08:11:00,6.477599,3.372926,8.9,82.1,1,0,8,1,1,0.02609,0,normal,0
LG-1003,2025-01-07 08:11:30,6.477973,3.372445,8.1,82.1,1,0,8,1,1,0.02551,0,normal,0
LG-1003,2025-01-07 08:12:00,6.478312,3.372011,7.3,82.1,1,0,8,1,1,0.02499,0,normal,0
LG-1003,2025-01-07 08:12:30,6.478898,3.371287,12.4,82.0,1,0,8,1,1,0.0241,0,normal,0
LG-1003,2025-01-07 08:13:00,6.479468,3.370504,12.9,82.0,1,0,8,1,1,0.02319,0,normal,0
LG-1003,2025-01-07 08:13:30,6.480169,3.369603,15.2,82.0,1,0,8,1,1,0.02212,0,normal,0
LG-1003,2025-01-07 08:14:00,6.48085,3.368731,14.7,81.9,1,0,8,1,1,0.02108,0,normal,0
LG-1003,2025-01-07 08:14:30,6.481671,3.367815,16.4,81.9,1,0,8,1,1,0.01992,0,normal,0
LG-1003,2025-01-07 08:15:00,6.48252,3.367035,15.4,81.9,1,0,8,1,1,0.01879,0,normal,0
LG-1003,2025-01-07 08:15:30,6.483031,3.366618,8.8,81.9,1,0,8,1,1,0.01815,0,normal,0
LG-1003,2025-01-07 08:16:00,6.483787,3.366073,12.4,81.8,1,0,8,1,1,0.01722,0,normal,0
LG-1003,2025-01-07 08:16:30,6.484378,3.365691,9.4,81.8,1,0,8,1,1,0.01652,0,normal,0
LG-1003,2025-01-07 08:17:00,6.485012,3.365323,9.8,81.8,1,0,8,1,1,0.01579,0,normal,0
LG-1003,2025-01-07 08:17:30,6.486156,3.36479,16.8,81.7,1,0,8,1,1,0.01453,0,normal,0
LG-1003,2025-01-07 08:18:00,6.487134,3.364424,13.9,81.7,1,0,8,1,1,0.01349,0,normal,0
LG-1003,2025-01-07 08:18:30,6.488359,3.363981,17.4,81.7,1,0,8,1,1,0.01221,0,normal,0
LG-1003,2025-01-07 08:19:00,6.489122,3.36371,10.8,81.6,1,0,8,1,1,0.01141,0,normal,0
LG-1003,2025-01-07 08:19:30,6.489985,3.363401,12.2,81.6,1,0,8,1,1,0.01051,0,normal,0
LG-1003,2025-01-07 08:20:00,6.490806,3.363108,11.6,81.6,1,0,8,1,1,0.00966,0,normal,0
LG-1003,2025-01-07 08:20:30,6.491313,3.362934,7.2,81.6,1,0,8,1,1,0.00913,0,normal,0
LG-1003,2025-01-07 08:21:00,6.491313,3.362934,0.4,80.0,1,33,8,1,1,0.00913,1,fuel_theft,0
LG-1003,2025-01-07 08:21:30,6.491313,3.362934,1.4,79.1,1,34,8,1,1,0.00913,1,fuel_theft,0
LG-1003,2025-01-07 08:22:00,6.491313,3.362934,0.3,77.2,1,79,8,1,1,0.00913,1,fuel_theft,0
LG-1003,2025-01-07 08:22:30,6.491313,3.362934,1.4,75.4,1,80,8,1,1,0.00913,1,fuel_theft,0
LG-1003,2025-01-07 08:23:00,6.491313,3.362934,0.1,73.6,1,81,8,1,1,0.00913,1,fuel_theft,0
LG-1003,2025-01-07 08:23:30,6.491313,3.362934,1.1,71.6,1,82,8,1,1,0.00913,1,fuel_theft,0
LG-1003,2025-01-07 08:24:00,6.491313,3.362934,1.1,70.0,1,83,8,1,1,0.00913,1,fuel_theft,0
LG-1003,2025-01-07 08:24:30,6.491313,3.362934,1.0,67.9,1,84,8,1,1,0.00913,1,fuel_theft,0
LG-1003,2025-01-07 08:25:00,6.491313,3.362934,0.9,66.2,1,85,8,1,1,0.00913,1,fuel_theft,0
LG-1003,2025-01-07 08:25:30,6.491313,3.362934,1.1,64.0,1,86,8,1,1,0.00913,1,fuel_theft,0
LG-1003,2025-01-07 08:26:00,6.491313,3.362934,0.2,62.9,1,87,8,1,1,0.00913,1,fuel_theft,0
LG-1003,2025-01-07 08:26:30,6.491313,3.362934,0.7,61.3,1,88,8,1,1,0.00913,1,fuel_theft,0
LG-1003,2025-01-07 08:27:00,6.491313,3.362934,0.1,59.9,1,89,8,1,1,0.00913,1,fuel_theft,0
LG-1003,2025-01-07 08:27:30,6.491313,3.362934,0.9,58.2,1,90,8,1,1,0.00913,1,fuel_theft,0
LG-1003,2025-01-07 08:28:00,6.491313,3.362934,1.1,56.5,1,91,8,1,1,0.00913,1,fuel_theft,0
LG-1003,2025-01-07 08:28:30,6.491313,3.362934,0.9,54.9,1,92,8,1,1,0.00913,1,fuel_theft,0
LG-1003,2025-01-07 08:29:00,6.491313,3.362934,0.9,54.0,1,93,8,1,1,0.00913,1,fuel_theft,0
LG-1003,2025-01-07 08:29:30,6.491313,3.362934,0.8,52.0,1,94,8,1,1,0.00913,1,fuel_theft,0
LG-1003,2025-01-07 08:30:00,6.492288,3.362569,13.9,51.9,1,0,8,1,1,0.00812,0,normal,0
LG-1003,2025-01-07 08:30:30,6.492775,3.362383,7.0,51.9,1,0,8,1,1,0.00761,0,normal,0
LG-1003,2025-01-07 08:31:00,6.493683,3.362056,12.9,51.9,1,0,8,1,1,0.00669,0,normal,0
LG-1003,2025-01-07 08:31:30,6.494292,3.361869,8.5,51.9,1,0,8,1,1,0.00609,0,normal,0
LG-1003,2025-01-07 08:32:00,6.495365,3.361686,14.5,51.8,1,0,8,1,1,0.00518,0,normal,0
LG-1003,2025-01-07 08:32:30,6.496534,3.361696,15.6,51.8,1,0,8,1,1,0.00444,0,normal,0
LG-1003,2025-01-07 08:33:00,6.497489,3.361841,12.9,51.8,1,0,8,1,1,0.00413,0,normal,0
LG-1003,2025-01-07 08:33:30,6.498431,3.362045,12.9,51.7,1,0,8,1,1,0.00409,0,normal,0
LG-1003,2025-01-07 08:34:00,6.499143,3.362248,9.9,51.7,1,0,8,1,1,0.00425,0,normal,0
LG-1003,2025-01-07 08:34:30,6.499935,3.362514,11.2,51.7,1,0,8,1,1,0.00461,0,normal,0
LG-1003,2025-01-07 08:35:00,6.501069,3.362921,16.1,51.7,1,0,8,1,1,0.00534,0,normal,0
LG-1003,2025-01-07 08:35:30,6.502086,3.363286,14.4,51.6,1,0,8,1,1,0.00612,0,normal,0
LG-1003,2025-01-07 08:36:00,6.502934,3.363589,12.0,51.6,1,0,8,1,1,0.00684,0,normal,0
LG-1003,2025-01-07 08:36:30,6.503656,3.363848,10.2,51.6,1,0,8,1,1,0.00747,0,normal,0
LG-1003,2025-01-07 08:37:00,6.504117,3.364002,6.5,51.6,1,0,8,1,1,0.00789,0,normal,0
LG-1003,2025-01-07 08:37:30,6.504677,3.364086,7.6,51.5,1,0,8,1,1,0.00832,0,normal,0
LG-1003,2025-01-07 08:38:00,6.505284,3.364032,8.1,51.5,1,0,8,1,1,0.00871,0,normal,0
LG-1003,2025-01-07 08:38:30,6.506037,3.363868,10.3,51.5,1,0,8,1,1,0.00916,0,normal,0
LG-1003,2025-01-07 08:39:00,6.507277,3.363567,17.0,51.5,1,0,8,1,1,0.00997,0,normal,0
LG-1003,2025-01-07 08:39:30,6.508142,3.363369,11.9,51.4,1,0,8,1,1,0.0106,0,normal,0
LG-1003,2025-01-07 08:40:00,6.508777,3.363236,8.7,51.4,1,0,8,1,1,0.01075,0,normal,0
LG-1003,2025-01-07 08:40:30,6.50931,3.363189,7.1,51.4,1,0,8,1,1,0.01049,0,normal,0
LG-1003,2025-01-07 08:41:00,6.510047,3.363242,9.9,51.4,1,0,8,1,1,0.01006,0,normal,0
LG-1003,2025-01-07 08:41:30,6.511161,3.363568,15.5,51.3,1,0,8,1,1,0.00926,0,normal,0
LG-1003,2025-01-07 08:42:00,6.511908,3.363794,10.4,51.3,1,0,8,1,1,0.00877,0,normal,0
LG-1003,2025-01-07 08:42:30,6.512976,3.364143,15.0,51.3,1,0,8,1,1,0.00811,0,normal,0
LG-1003,2025-01-07 08:43:00,6.514051,3.364549,15.3,51.2,1,0,8,1,1,0.00751,0,normal,0
LG-1003,2025-01-07 08:43:30,6.514555,3.364739,7.2,51.2,1,0,8,1,1,0.00727,0,normal,0
LG-1003,2025-01-07 08:44:00,6.515484,3.365047,13.1,51.2,1,0,8,1,1,0.00697,0,normal,0
LG-1003,2025-01-07 08:44:30,6.516475,3.365775,16.4,51.1,1,0,8,1,1,0.0064,0,normal,0
LG-1003,2025-01-08 11:18:00,6.44838,3.361175,0.0,51.1,0,1,11,2,1,0.00226,0,normal,0
LG-1003,2025-01-08 11:18:30,6.447509,3.363317,30.7,51.1,1,0,11,2,1,0.00457,0,normal,0
LG-1003,2025-01-08 11:19:00,6.446927,3.364769,20.8,51.0,1,0,11,2,1,0.00613,0,normal,0
LG-1003,2025-01-08 11:19:30,6.447675,3.366674,27.2,51.0,1,0,11,2,1,0.00779,0,normal,0
LG-1003,2025-01-08 11:20:00,6.448734,3.368155,24.2,50.9,1,0,11,2,1,0.00916,0,normal,0
LG-1003,2025-01-08 11:20:30,6.449688,3.368018,12.9,50.9,1,0,11,2,1,0.00904,0,normal,0
LG-1003,2025-01-08 11:21:00,6.452114,3.367084,34.7,50.8,1,0,11,2,1,0.00866,0,normal,0
LG-1003,2025-01-08 11:21:30,6.455043,3.36583,42.5,50.7,1,0,11,2,1,0.00912,0,normal,0
LG-1003,2025-01-08 11:22:00,6.457709,3.364643,38.9,50.6,1,0,11,2,1,0.01038,0,normal,0
LG-1003,2025-01-08 11:22:30,6.459381,3.364317,22.8,50.6,1,0,11,2,1,0.01166,0,normal,0
LG-1003,2025-01-08 11:23:00,6.460597,3.364291,16.2,50.5,1,0,11,2,1,0.01275,0,normal,0
LG-1003,2025-01-08 11:23:30,6.463762,3.364227,42.3,50.4,1,0,11,2,1,0.01566,0,normal,0
LG-1003,2025-01-08 11:24:00,6.46689,3.364143,41.8,50.3,1,0,11,2,1,0.01861,0,normal,0
LG-1003,2025-01-08 11:24:30,6.468338,3.365842,29.7,50.3,1,0,11,2,1,0.02051,0,normal,0
LG-1003,2025-01-08 11:25:00,6.468816,3.368294,33.2,50.2,1,0,11,2,1,0.02189,0,normal,0
LG-1003,2025-01-08 11:25:30,6.469064,3.370395,28.1,50.1,1,0,11,2,1,0.02307,0,normal,0
LG-1003,2025-01-08 11:26:00,6.469373,3.372393,26.8,50.0,1,0,11,2,1,0.02438,0,normal,0
LG-1003,2025-01-08 11:26:30,6.46961,3.373734,18.1,50.0,1,0,11,2,1,0.02533,0,normal,0
LG-1003,2025-01-08 11:27:00,6.469676,3.375038,17.3,50.0,1,0,11,2,1,0.02478,0,normal,0
LG-1003,2025-01-08 11:27:30,6.469422,3.376624,21.3,49.9,1,0,11,2,1,0.02336,0,normal,0
LG-1003,2025-01-08 11:28:00,6.467356,3.378384,36.2,49.8,1,0,11,2,1,0.02071,0,normal,0
LG-1003,2025-01-08 11:28:30,6.466106,3.379047,18.9,49.8,1,0,11,2,1,0.01944,0,normal,0
LG-1003,2025-01-08 11:29:00,6.464762,3.37991,21.3,49.7,1,0,11,2,1,0.01797,0,normal,0
LG-1003,2025-01-08 11:29:30,6.464762,3.37991,0.0,49.7,1,1,11,2,1,0.01797,0,normal,0
LG-1003,2025-01-08 11:30:00,6.464762,3.37991,0.0,49.7,1,2,11,2,1,0.01797,0,normal,0
LG-1003,2025-01-08 11:30:30,6.464762,3.37991,0.0,49.7,1,3,11,2,1,0.01797,0,normal,0
LG-1003,2025-01-08 11:31:00,6.464762,3.37991,0.0,49.7,1,4,11,2,1,0.01797,0,normal,0
LG-1003,2025-01-08 11:31:30,6.464762,3.37991,0.0,49.7,1,5,11,2,1,0.01797,0,normal,0
LG-1003,2025-01-08 11:32:00,6.464762,3.37991,0.0,49.7,1,6,11,2,1,0.01797,0,normal,0
LG-1003,2025-01-08 11:32:30,6.464762,3.37991,0.0,49.7,1,7,11,2,1,0.01797,0,normal,0
LG-1003,2025-01-08 11:33:00,6.464762,3.37991,0.0,49.7,1,8,11,2,1,0.01797,0,normal,0
LG-1003,2025-01-08 11:33:30,6.464762,3.37991,0.0,49.7,1,9,11,2,1,0.01797,0,normal,0
LG-1003,2025-01-08 11:34:00,6.464762,3.37991,0.0,49.7,1,10,11,2,1,0.01797,0,normal,0
LG-1003,2025-01-08 11:34:30,6.464762,3.37991,0.0,49.7,1,11,11,2,1,0.01797,0,normal,0
LG-1003,2025-01-08 11:35:00,6.464762,3.37991,0.0,49.7,1,12,11,2,1,0.01797,0,normal,0
LG-1003,2025-01-08 11:35:30,6.464762,3.37991,0.0,49.7,1,13,11,2,1,0.01797,0,normal,0
LG-1003,2025-01-08 11:36:00,6.462822,3.381156,30.7,49.7,1,0,11,2,1,0.0159,0,normal,0
LG-1003,2025-01-08 11:36:30,6.461496,3.381999,21.0,49.6,1,0,11,2,1,0.01453,0,normal,0
LG-1003,2025-01-08 11:37:00,6.460134,3.382499,19.4,49.6,1,0,11,2,1,0.01351,0,normal,0
LG-1003,2025-01-08 11:37:30,6.457835,3.382598,30.7,49.5,1,0,11,2,1,0.01272,0,normal,0
LG-1003,2025-01-08 11:38:00,6.456029,3.38199,25.4,49.4,1,0,11,2,1,0.01305,0,normal,0
LG-1003,2025-01-08 11:38:30,6.453769,3.382745,31.8,49.4,1,0,11,2,1,0.01232,0,normal,0
LG-1003,2025-01-08 11:39:00,6.452171,3.385383,41.0,49.3,1,0,11,2,1,0.01002,0,normal,0
LG-1003,2025-01-08 11:39:30,6.451491,3.386642,19.0,49.2,1,0,11,2,1,0.00906,0,normal,0
LG-1003,2025-01-08 11:40:00,6.449974,3.389352,41.3,49.1,1,0,11,2,1,0.00756,0,normal,0
LG-1003,2025-01-08 11:40:30,6.448357,3.391976,41.0,49.0,1,0,11,2,1,0.0073,0,normal,0
LG-1003,2025-01-08 11:41:00,6.446708,3.394387,38.9,48.9,1,0,11,2,1,0.00831,0,normal,0
LG-1003,2025-01-08 11:41:30,6.445308,3.396442,33.1,48.9,1,0,11,2,1,0.0098,0,normal,0
LG-1003,2025-01-08 11:42:00,6.443895,3.398458,32.7,48.8,1,0,11,2,1,0.01163,0,normal,0
LG-1003,2025-01-08 11:42:30,6.442256,3.400342,33.2,48.7,1,0,11,2,1,0.01382,0,normal,0
LG-1003,2025-01-08 11:43:00,6.440977,3.402597,34.5,48.6,1,0,11,2,1,0.01595,0,normal,0
LG-1003,2025-01-08 11:43:30,6.44039,3.403569,15.1,48.6,1,0,11,2,1,0.01694,0,normal,0
LG-1003,2025-01-08 11:44:00,6.438588,3.406206,42.5,48.5,1,0,11,2,1,0.01819,0,normal,0
LG-1003,2025-01-08 11:44:30,6.437025,3.407887,30.5,48.4,1,0,11,2,1,0.01592,0,normal,0
LG-1003,2025-01-08 11:45:00,6.438092,3.410362,35.8,48.3,1,0,11,2,1,0.01466,0,normal,0
LG-1003,2025-01-08 11:45:30,6.437377,3.412132,25.4,48.3,1,0,11,2,1,0.01291,0,normal,0
LG-1003,2025-01-08 11:46:00,6.436862,3.413133,15.0,48.2,1,0,11,2,1,0.01185,0,normal,0
LG-1003,2025-01-08 11:46:30,6.436277,3.415266,29.4,48.2,1,0,11,2,1,0.01007,0,normal,0
LG-1003,2025-01-08 11:47:00,6.436302,3.417472,29.3,48.1,1,0,11,2,1,0.00902,0,normal,0
LG-1003,2025-01-08 11:47:30,6.436727,3.419487,27.3,48.0,1,0,11,2,1,0.00886,0,normal,0
LG-1003,2025-01-08 11:48:00,6.437164,3.421278,24.5,48.0,1,0,11,2,1,0.00917,0,normal,0
LG-1003,2025-01-08 11:48:30,6.437747,3.422819,21.9,47.9,1,0,11,2,1,0.00992,0,normal,0
LG-1003,2025-01-08 11:49:00,6.438646,3.424891,30.0,47.9,1,0,11,2,1,0.01133,0,normal,0
LG-1003,2025-01-08 11:49:30,6.43919,3.426734,25.5,47.8,1,0,11,2,1,0.01257,0,normal,0
LG-1003,2025-01-08 11:50:00,6.439462,3.429951,42.9,47.7,1,0,11,2,1,0.01454,0,normal,0
LG-1003,2025-01-08 11:50:30,6.439745,3.431401,19.6,47.7,1,0,11,2,1,0.01569,0,normal,0
LG-1003,2025-01-08 11:51:00,6.440292,3.433117,23.9,47.6,1,0,11,2,1,0.01726,0,normal,0
LG-1003,2025-01-08 11:51:30,6.44044,3.434821,22.7,47.6,1,0,11,2,1,0.01859,0,normal,0
LG-1003,2025-01-08 11:52:00,6.439135,3.436689,30.3,47.5,1,0,11,2,1,0.01924,0,normal,0
LG-1003,2025-01-08 11:52:30,6.438066,3.438607,29.2,47.4,1,0,11,2,1,0.02028,0,normal,0
LG-1003,2025-01-08 11:53:00,6.43669,3.440708,33.4,47.3,1,0,11,2,1,0.02154,0,normal,0
LG-1003,2025-01-08 11:53:30,6.435302,3.443558,42.1,47.2,1,0,11,2,1,0.02371,0,normal,0
LG-1003,2025-01-08 11:54:00,6.435342,3.445269,22.7,47.2,1,0,11,2,1,0.02536,0,normal,0
LG-1003,2025-01-08 11:54:30,6.435974,3.447813,34.8,47.1,1,0,11,2,1,0.02797,0,normal,0
LG-1003,2025-01-08 11:55:00,6.436254,3.448933,15.3,47.1,1,0,11,2,1,0.02913,0,normal,0
LG-1003,2025-01-08 11:55:30,6.4369,3.450474,22.2,47.0,1,0,11,2,1,0.03079,0,normal,0
LG-1003,2025-01-08 11:56:00,6.437789,3.452383,28.0,47.0,1,0,11,2,1,0.03287,0,normal,0
LG-1003,2025-01-08 11:56:30,6.437541,3.453501,15.2,46.9,1,0,11,2,1,0.03387,0,normal,0
LG-1003,2025-01-08 11:57:00,6.435785,3.455212,32.6,46.8,1,0,11,2,1,0.03509,0,normal,0
LG-1003,2025-01-08 11:57:30,6.43411,3.457172,34.3,46.8,1,0,11,2,1,0.03668,0,normal,0
LG-1003,2025-01-08 11:58:00,6.432054,3.458984,36.5,46.7,1,0,11,2,1,0.0382,0,normal,0
LG-1003,2025-01-08 11:58:30,6.430527,3.460597,29.6,46.6,1,0,11,2,1,0.03968,0,normal,0
LG-1003,2025-01-08 11:59:00,6.430093,3.46294,31.6,46.5,1,0,11,2,1,0.04199,0,normal,0
LG-1003,2025-01-08 11:59:30,6.43037,3.46489,26.1,46.5,1,0,11,2,1,0.04395,0,normal,0
LG-1003,2025-01-08 12:00:00,6.430537,3.466068,15.8,46.4,1,0,12,2,1,0.04514,0,normal,0
LG-1003,2025-01-08 12:00:30,6.430672,3.46738,17.5,46.4,1,0,12,2,1,0.04646,0,normal,0
LG-1003,2025-01-08 12:01:00,6.431053,3.469888,33.7,46.3,1,0,12,2,1,0.04898,0,normal,0
LG-1003,2025-01-08 12:01:30,6.43156,3.473136,43.6,46.2,1,0,12,2,1,0.05226,0,normal,0
LG-1003,2025-01-08 12:02:00,6.431735,3.474256,15.1,46.2,1,0,12,2,1,0.05339,0,normal,0
LG-1003,2025-01-08 12:02:30,6.432072,3.476556,30.9,46.1,1,0,12,2,1,0.05571,0,normal,0
LG-1003,2025-01-08 12:03:00,6.432464,3.479277,36.5,46.0,1,0,12,2,1,0.0537,0,normal,0
LG-1003,2025-01-08 12:03:30,6.432848,3.482168,38.7,45.9,1,0,12,2,1,0.05119,0,normal,0
LG-1003,2025-01-08 12:04:00,6.433185,3.48444,30.5,45.9,1,0,12,2,1,0.04922,0,normal,0
LG-1003,2025-01-08 12:04:30,6.433567,3.486871,32.7,45.8,1,0,12,2,1,0.04714,0,normal,0
LG-1003,2025-01-08 12:05:00,6.433939,3.489475,34.9,45.7,1,0,12,2,1,0.04497,0,normal,0
LG-1003,2025-01-08 12:05:30,6.434356,3.492431,39.6,45.6,1,0,12,2,1,0.04258,0,normal,0
LG-1003,2025-01-08 12:06:00,6.434568,3.493782,18.2,45.6,1,0,12,2,1,0.0415,0,normal,0
LG-1003,2025-01-08 12:06:30,6.435042,3.496881,41.6,45.5,1,0,12,2,1,0.0391,0,normal,0
LG-1003,2025-01-08 12:07:00,6.435209,3.498025,15.3,45.4,1,0,12,2,1,0.03824,0,normal,0
LG-1003,2025-01-08 12:07:30,6.435636,3.500931,39.0,45.3,1,0,12,2,1,0.03614,0,normal,0
LG-1003,2025-01-08 12:08:00,6.43582,3.502185,16.8,45.3,1,0,12,2,1,0.03527,0,normal,0
LG-1003,2025-01-08 12:08:30,6.436033,3.503697,20.3,45.3,1,0,12,2,1,0.03427,0,normal,0
LG-1003,2025-01-08 12:09:00,6.436193,3.504792,14.7,45.2,1,0,12,2,1,0.03355,0,normal,0
LG-1003,2025-01-08 12:09:30,6.436496,3.506848,27.6,45.2,1,0,12,2,1,0.03228,0,normal,0
LG-1003,2025-01-08 12:10:00,6.437323,3.507653,15.4,45.1,1,0,12,2,1,0.03117,0,normal,0
LG-1003,2025-01-08 12:10:30,6.438785,3.507579,19.6,45.1,1,0,12,2,1,0.02992,0,normal,0
LG-1003,2025-01-08 12:11:00,6.440864,3.507481,27.8,45.0,1,0,12,2,1,0.02817,0,normal,0
LG-1003,2025-01-08 12:11:30,6.442833,3.507663,26.4,44.9,1,0,12,2,1,0.0264,0,normal,0
LG-1003,2025-01-08 12:12:00,6.445558,3.508234,37.2,44.9,1,0,12,2,1,0.02382,0,normal,0
LG-1003,2025-01-08 12:12:30,6.448616,3.508347,40.9,44.8,1,0,12,2,1,0.02133,0,normal,0
LG-1003,2025-01-08 12:13:00,6.451148,3.508398,33.8,44.7,1,0,12,2,1,0.01941,0,normal,0
LG-1003,2025-01-08 12:13:30,6.452491,3.508499,18.0,44.6,1,0,12,2,1,0.01841,0,normal,0
LG-1003,2025-01-08 12:14:00,6.452999,3.509982,20.8,44.6,1,0,12,2,1,0.01698,0,normal,0
LG-1003,2025-01-08 12:14:30,6.453286,3.513075,41.2,44.5,1,0,12,2,1,0.01473,0,normal,0
LG-1003,2025-01-08 12:15:00,6.453411,3.514363,17.2,44.5,1,0,12,2,1,0.01388,0,normal,0
LG-1003,2025-01-08 12:15:30,6.453583,3.516349,26.5,44.4,1,0,12,2,1,0.01274,0,normal,0
LG-1003,2025-01-08 12:16:00,6.455027,3.518214,31.4,44.3,1,0,12,2,1,0.01067,0,normal,0
LG-1003,2025-01-08 12:16:30,6.458214,3.518307,42.6,44.2,1,0,12,2,1,0.00773,0,normal,0
LG-1003,2025-01-08 12:17:00,6.460216,3.51836,26.8,44.2,1,0,12,2,1,0.00601,0,normal,0
LG-1003,2025-01-08 12:17:30,6.461112,3.520041,25.3,44.1,1,0,12,2,1,0.00435,0,normal,0
LG-1003,2025-01-09 12:31:00,6.429414,3.421323,0.0,44.1,0,1,12,3,1,0.00145,0,normal,0
LG-1003,2025-01-09 12:31:30,6.42982,3.420222,15.6,44.1,1,0,12,3,1,0.00198,0,normal,0
LG-1003,2025-01-09 12:32:00,6.430301,3.418269,26.7,44.0,1,0,12,3,1,0.00357,0,normal,0
LG-1003,2025-01-09 12:32:30,6.430573,3.416827,19.5,44.0,1,0,12,3,1,0.0049,0,normal,0
LG-1003,2025-01-09 12:33:00,6.430636,3.414437,31.7,43.9,1,0,12,3,1,0.00707,0,normal,0
LG-1003,2025-01-09 12:33:30,6.430495,3.412172,30.1,43.8,1,0,12,3,1,0.00917,0,normal,0
LG-1003,2025-01-09 12:34:00,6.430051,3.41052,22.7,43.8,1,0,12,3,1,0.01068,0,normal,0
LG-1003,2025-01-09 12:34:30,6.430591,3.408898,22.7,43.7,1,0,12,3,1,0.01238,0,normal,0
LG-1003,2025-01-09 12:35:00,6.431921,3.408886,17.8,43.7,1,0,12,3,1,0.01273,0,normal,0
LG-1003,2025-01-09 12:35:30,6.433636,3.408874,22.9,43.6,1,0,12,3,1,0.01337,0,normal,0
LG-1003,2025-01-09 12:36:00,6.43483,3.408734,16.1,43.6,1,0,12,3,1,0.01404,0,normal,0
LG-1003,2025-01-09 12:36:30,6.437044,3.407982,31.2,43.5,1,0,12,3,1,0.01585,0,normal,0
LG-1003,2025-01-09 12:37:00,6.438656,3.406412,30.0,43.4,1,0,12,3,1,0.01806,0,normal,0
LG-1003,2025-01-09 12:37:30,6.440021,3.404416,32.2,43.4,1,0,12,3,1,0.01769,0,normal,0
LG-1003,2025-01-09 12:38:00,6.441366,3.402456,31.6,43.3,1,0,12,3,1,0.01554,0,normal,0
LG-1003,2025-01-09 12:38:30,6.442746,3.400379,33.2,43.2,1,0,12,3,1,0.01338,0,normal,0
LG-1003,2025-01-09 12:39:00,6.443556,3.399423,16.7,43.2,1,0,12,3,1,0.01227,0,normal,0
LG-1003,2025-01-09 12:39:30,6.444905,3.397356,32.8,43.1,1,0,12,3,1,0.01037,0,normal,0
LG-1003,2025-01-09 12:40:00,6.445965,3.395842,24.6,43.0,1,0,12,3,1,0.00907,0,normal,0
LG-1003,2025-01-09 12:40:30,6.446873,3.394535,21.2,43.0,1,0,12,3,1,0.00814,0,normal,0
LG-1003,2025-01-09 12:41:00,6.4479,3.393021,24.3,42.9,1,0,12,3,1,0.00737,0,normal,0
LG-1003,2025-01-09 12:41:30,6.448709,3.391813,19.3,42.9,1,0,12,3,1,0.00705,0,normal,0
LG-1003,2025-01-09 12:42:00,6.44941,3.390647,18.1,42.8,1,0,12,3,1,0.00709,0,normal,0
LG-1003,2025-01-09 12:42:30,6.450066,3.389549,17.0,42.8,1,0,12,3,1,0.00735,0,normal,0
LG-1003,2025-01-09 12:43:00,6.450571,3.38868,13.4,42.8,1,0,12,3,1,0.00772,0,normal,0
LG-1003,2025-01-09 12:43:30,6.451389,3.387168,22.9,42.7,1,0,12,3,1,0.00862,0,normal,0
LG-1003,2025-01-09 12:44:00,6.452558,3.385078,31.8,42.6,1,0,12,3,1,0.01022,0,normal,0
LG-1003,2025-01-09 12:44:30,6.453463,3.383352,25.9,42.6,1,0,12,3,1,0.01175,0,normal,0
LG-1003,2025-01-09 12:45:00,6.454747,3.382206,22.9,42.5,1,0,12,3,1,0.0128,0,normal,0
LG-1003,2025-01-09 12:45:30,6.45632,3.382149,21.0,42.5,1,0,12,3,1,0.01292,0,normal,0
LG-1003,2025-01-09 12:46:00,6.457885,3.382714,22.2,42.4,1,0,12,3,1,0.01262,0,normal,0
LG-1003,2025-01-09 12:46:30,6.4591,3.382813,16.3,42.4,1,0,12,3,1,0.01286,0,normal,0
LG-1003,2025-01-09 12:47:00,6.461298,3.38224,30.3,42.3,1,0,12,3,1,0.01423,0,normal,0
LG-1003,2025-01-09 12:47:30,6.462318,3.381598,16.1,42.3,1,0,12,3,1,0.01527,0,normal,0
LG-1003,2025-01-09 12:48:00,6.464088,3.380471,28.0,42.2,1,0,12,3,1,0.01714,0,normal,0
LG-1003,2025-01-09 12:48:30,6.465922,3.379303,29.0,42.2,1,0,12,3,1,0.01912,0,normal,0
LG-1003,2025-01-09 12:49:00,6.467543,3.378414,24.7,42.1,1,0,12,3,1,0.02079,0,normal,0
LG-1003,2025-01-09 12:49:30,6.469787,3.37771,31.4,42.0,1,0,12,3,1,0.02275,0,normal,0
LG-1003,2025-01-09 12:50:00,6.471087,3.377294,18.2,42.0,1,0,12,3,1,0.02392,0,normal,0
LG-1003,2025-01-09 12:50:30,6.473349,3.376542,31.8,41.9,1,0,12,3,1,0.02603,0,normal,0
LG-1003,2025-01-09 12:51:00,6.475221,3.375559,28.2,41.8,1,0,12,3,1,0.02805,0,normal,0
LG-1003,2025-01-09 12:51:30,6.476788,3.373973,29.7,41.8,1,0,12,3,1,0.02736,0,normal,0
LG-1003,2025-01-09 12:52:00,6.478019,3.372385,26.7,41.7,1,0,12,3,1,0.02544,0,normal,0
LG-1003,2025-01-09 12:52:30,6.479436,3.370546,30.9,41.6,1,0,12,3,1,0.02324,0,normal,0
LG-1003,2025-01-09 12:53:00,6.481024,3.368518,34.3,41.6,1,0,12,3,1,0.02083,0,normal,0
LG-1003,2025-01-09 12:53:30,6.482131,3.36738,21.1,41.5,1,0,12,3,1,0.0193,0,normal,0
LG-1003,2025-01-09 12:54:00,6.483915,3.365987,30.2,41.4,1,0,12,3,1,0.01707,0,normal,0
LG-1003,2025-01-09 12:54:30,6.485786,3.364942,28.6,41.4,1,0,12,3,1,0.01493,0,normal,0
LG-1003,2025-01-09 12:55:00,6.487322,3.364356,21.9,41.3,1,0,12,3,1,0.0133,0,normal,0
LG-1003,2025-01-09 12:55:30,6.487322,3.364356,0.0,52.0,0,1,12,3,1,0.0133,0,normal,1
LG-1003,2025-01-09 12:56:00,6.487322,3.364356,0.0,60.6,0,2,12,3,1,0.0133,0,normal,1
LG-1003,2025-01-09 12:56:30,6.487322,3.364356,0.0,69.9,0,3,12,3,1,0.0133,0,normal,1
LG-1003,2025-01-09 12:57:00,6.487322,3.364356,0.0,77.3,0,4,12,3,1,0.0133,0,normal,1
LG-1003,2025-01-09 12:57:30,6.487322,3.364356,0.0,85.2,0,5,12,3,1,0.0133,0,normal,1
LG-1003,2025-01-09 12:58:00,6.487322,3.364356,0.0,86.6,0,6,12,3,1,0.0133,0,normal,1
LG-1003,2025-01-09 12:58:30,6.488777,3.363831,20.6,86.5,1,0,12,3,1,0.01177,0,normal,0
LG-1003,2025-01-09 12:59:00,6.490229,3.363311,20.6,86.5,1,0,12,3,1,0.01025,0,normal,0
LG-1003,2025-01-09 12:59:30,6.491445,3.362889,17.2,86.4,1,0,12,3,1,0.009,0,normal,0
LG-1003,2025-01-09 13:00:00,6.493046,3.362286,22.8,86.4,1,0,13,3,1,0.00734,0,normal,0
LG-1003,2025-01-09 13:00:30,6.495214,3.3617,30.0,86.3,1,0,13,3,1,0.00529,0,normal,0
LG-1003,2025-01-09 13:01:00,6.497605,3.361858,32.0,86.3,1,0,13,3,1,0.0041,0,normal,0
LG-1003,2025-01-09 13:01:30,6.498563,3.36208,13.1,86.2,1,0,13,3,1,0.0041,0,normal,0
LG-1003,2025-01-09 13:02:00,6.498563,3.36208,0.0,86.2,1,1,13,3,1,0.0041,0,normal,0
LG-1003,2025-01-09 13:02:30,6.498563,3.36208,0.0,86.2,1,2,13,3,1,0.0041,0,normal,0
LG-1003,2025-01-09 13:03:00,6.498563,3.36208,0.0,86.2,1,3,13,3,1,0.0041,0,normal,0
LG-1003,2025-01-09 13:03:30,6.498563,3.36208,0.0,86.2,1,4,13,3,1,0.0041,0,normal,0
LG-1003,2025-01-09 13:04:00,6.498563,3.36208,0.0,86.2,1,5,13,3,1,0.0041,0,normal,0
LG-1003,2025-01-09 13:04:30,6.498563,3.36208,0.0,86.2,1,6,13,3,1,0.0041,0,normal,0
LG-1003,2025-01-09 13:05:00,6.498563,3.36208,0.0,86.2,1,7,13,3,1,0.0041,0,normal,0
LG-1003,2025-01-09 13:05:30,6.498563,3.36208,0.0,86.2,1,8,13,3,1,0.0041,0,normal,0
LG-1003,2025-01-09 13:06:00,6.498563,3.36208,0.0,86.2,1,9,13,3,1,0.0041,0,normal,0
LG-1003,2025-01-09 13:06:30,6.498563,3.36208,0.0,86.2,1,10,13,3,1,0.0041,0,normal,0
LG-1003,2025-01-09 13:07:00,6.498563,3.36208,0.0,86.2,1,11,13,3,1,0.0041,0,normal,0
LG-1003,2025-01-09 13:07:30,6.500325,3.362655,24.7,86.2,1,0,13,3,1,0.00484,0,normal,0
LG-1003,2025-01-09 13:08:00,6.501896,3.363218,22.3,86.1,1,0,13,3,1,0.00597,0,normal,0
LG-1003,2025-01-09 13:08:30,6.503707,3.363866,25.7,86.1,1,0,13,3,1,0.00752,0,normal,0
LG-1003,2025-01-09 13:09:00,6.505305,3.364027,21.5,86.0,1,0,13,3,1,0.00872,0,normal,0
LG-1003,2025-01-09 13:09:30,6.506816,3.36368,20.7,86.0,1,0,13,3,1,0.00966,0,normal,0
LG-1003,2025-01-09 13:10:00,6.508449,3.363301,22.4,85.9,1,0,13,3,1,0.01083,0,normal,0
LG-1003,2025-01-09 13:10:30,6.510297,3.363297,24.7,85.8,1,0,13,3,1,0.00989,0,normal,0
LG-1003,2025-01-09 13:11:00,6.511947,3.363807,23.1,85.8,1,0,13,3,1,0.00874,0,normal,0
LG-1003,2025-01-09 13:11:30,6.513542,3.364327,22.4,85.7,1,0,13,3,1,0.00781,0,normal,0
LG-1003,2025-01-09 13:12:00,6.515674,3.36511,30.3,85.7,1,0,13,3,1,0.00692,0,normal,0
LG-1003,2025-01-09 13:12:30,6.517685,3.365506,27.4,85.6,1,0,13,3,1,0.00703,0,normal,0
LG-1003,2025-01-09 13:13:00,6.519129,3.365381,19.4,85.6,1,0,13,3,1,0.0078,0,normal,0
LG-1003,2025-01-09 13:13:30,6.521093,3.364309,29.9,85.5,1,0,13,3,1,0.00981,0,normal,0
LG-1003,2025-01-09 13:14:00,6.523105,3.363127,31.1,85.4,1,0,13,3,1,0.01202,0,normal,0
LG-1003,2025-01-09 13:14:30,6.523935,3.362367,15.0,85.4,1,0,13,3,1,0.01314,0,normal,0
LG-1003,2025-01-09 13:15:00,6.525086,3.360897,24.8,85.3,1,0,13,3,1,0.015,0,normal,0
LG-1003,2025-01-09 13:15:30,6.5259,3.359814,18.0,85.3,1,0,13,3,1,0.01635,0,normal,0
LG-1003,2025-01-09 13:16:00,6.52644,3.357785,27.9,85.2,1,0,13,3,1,0.01825,0,normal,0
LG-1003,2025-01-09 13:16:30,6.526612,3.356522,16.9,85.2,1,0,13,3,1,0.01935,0,normal,0
LG-1003,2025-01-09 13:17:00,6.527224,3.354627,26.5,85.1,1,0,13,3,1,0.02124,0,normal,0
LG-1003,2025-01-09 13:17:30,6.528312,3.353958,17.0,85.1,1,0,13,3,1,0.02242,0,normal,0
LG-1003,2025-01-09 13:18:00,6.529978,3.353442,23.3,85.0,1,0,13,3,1,0.02385,0,normal,0
LG-1003,2025-01-09 13:18:30,6.53238,3.35275,33.4,84.9,1,0,13,3,1,0.02549,0,normal,0
LG-1003,2025-01-09 13:19:00,6.533845,3.352353,20.3,84.9,1,0,13,3,1,0.02401,0,normal,0
LG-1003,2025-01-09 13:19:30,6.536018,3.353151,30.9,84.8,1,0,13,3,1,0.02254,0,normal,0
LG-1003,2025-01-09 13:20:00,6.538184,3.354526,34.2,84.7,1,0,13,3,1,0.02158,0,normal,0
LG-1003,2025-01-09 13:20:30,6.54013,3.355882,31.6,84.7,1,0,13,3,1,0.02104,0,normal,0
LG-1003,2025-01-09 13:21:00,6.541065,3.356548,15.3,84.6,1,0,13,3,1,0.02088,0,normal,0
LG-1003,2025-01-09 13:21:30,6.543194,3.356935,28.9,84.6,1,0,13,3,1,0.01983,0,normal,0
LG-1003,2025-01-09 13:22:00,6.544049,3.356601,12.3,84.5,1,0,13,3,1,0.01906,0,normal,0
LG-1003,2025-01-09 13:22:30,6.54548,3.356032,20.6,84.5,1,0,13,3,1,0.01779,0,normal,0
LG-1003,2025-01-09 13:23:00,6.547674,3.355149,31.6,84.4,1,0,13,3,1,0.01593,0,normal,0
LG-1003,2025-01-09 13:23:30,6.54957,3.354366,27.4,84.4,1,0,13,3,1,0.01443,0,normal,0
LG-1003,2025-01-09 13:24:00,6.551216,3.353685,23.8,84.3,1,0,13,3,1,0.01324,0,normal,0
LG-1003,2025-01-09 13:24:30,6.552633,3.353102,20.4,84.2,1,0,13,3,1,0.01233,0,normal,0
LG-1003,2025-01-09 13:25:00,6.554724,3.352233,30.2,84.2,1,0,13,3,1,0.01124,0,normal,0
LG-1003,2025-01-09 13:25:30,6.556653,3.351436,27.9,84.1,1,0,13,3,1,0.01057,0,normal,0
LG-1003,2025-01-09 13:26:00,6.558206,3.350822,22.3,84.1,1,0,13,3,1,0.01033,0,normal,0
LG-1003,2025-01-09 13:26:30,6.557063,3.351187,16.0,84.0,1,0,13,3,1,0.01039,0,normal,0
LG-1003,2025-01-09 13:27:00,6.556515,3.350567,11.0,84.0,1,0,13,3,1,0.00969,0,normal,0
LG-1003,2025-01-09 13:27:30,6.556494,3.34941,15.3,84.0,1,0,13,3,1,0.00854,0,normal,0
LG-1003,2025-01-09 13:28:00,6.5565,3.347439,26.2,83.9,1,0,13,3,1,0.00661,0,normal,0
LG-1003,2025-01-09 13:28:30,6.556448,3.344899,33.7,83.8,1,0,13,3,1,0.00416,0,normal,0
LG-1003,2025-01-09 13:29:00,6.556439,3.343611,17.1,83.8,1,0,13,3,1,0.00298,0,normal,0
LG-1003,2025-01-09 13:29:30,6.55646,3.342335,16.9,83.7,1,0,13,3,1,0.00198,0,normal,0
LG-1003,2025-01-09 13:30:00,6.555426,3.341949,14.7,83.7,1,0,13,3,1,0.00104,0,normal,0
LG-1003,2025-01-09 13:30:30,6.555185,3.341045,12.4,83.7,1,0,13,3,1,0.00019,0,normal,0
LG-1003,2025-01-10 09:25:00,6.461113,3.519981,0.0,83.7,0,1,9,4,1,0.00438,0,normal,0
LG-1003,2025-01-10 09:25:30,6.457106,3.518272,58.1,83.5,1,0,9,4,1,0.00873,0,normal,0
LG-1003,2025-01-10 09:26:00,6.45341,3.514351,71.8,83.4,1,0,9,4,1,0.01389,0,normal,0
LG-1003,2025-01-10 09:26:30,6.452846,3.509673,62.5,83.2,1,0,9,4,1,0.01731,0,normal,0
LG-1003,2025-01-10 09:27:00,6.449043,3.508287,54.0,83.1,1,0,9,4,1,0.02104,0,normal,0
LG-1003,2025-01-10 09:27:30,6.44534,3.508213,49.5,83.0,1,0,9,4,1,0.02401,0,normal,0
LG-1003,2025-01-10 09:28:00,6.438539,3.507533,91.3,82.8,1,0,9,4,1,0.03016,0,normal,0
LG-1003,2025-01-10 09:28:30,6.435959,3.502186,78.9,82.6,1,0,9,4,1,0.03516,0,normal,0
LG-1003,2025-01-10 09:29:00,6.435439,3.498691,46.9,82.5,1,0,9,4,1,0.03765,0,normal,0
LG-1003,2025-01-10 09:29:30,6.434728,3.493784,65.8,82.3,1,0,9,4,1,0.04138,0,normal,0
LG-1003,2025-01-10 09:30:00,6.433612,3.486137,102.6,82.1,1,0,9,4,1,0.04766,0,normal,0
LG-1003,2025-01-10 09:30:30,6.433202,3.483377,37.0,82.0,1,0,9,4,1,0.05003,0,normal,0
LG-1003,2025-01-10 09:31:00,6.432567,3.478992,58.8,81.9,1,0,9,4,1,0.05387,0,normal,0
LG-1003,2025-01-10 09:31:30,6.431718,3.473199,77.7,81.7,1,0,9,4,1,0.05233,0,normal,0
LG-1003,2025-01-10 09:32:00,6.431137,3.468608,61.4,81.5,1,0,9,4,1,0.04771,0,normal,0
LG-1003,2025-01-10 09:32:30,6.430438,3.464383,56.9,81.4,1,0,9,4,1,0.04345,0,normal,0
LG-1003,2025-01-10 09:33:00,6.431623,3.459529,66.3,81.3,1,0,9,4,1,0.0387,0,normal,0
LG-1003,2025-01-10 09:33:30,6.434461,3.457031,50.4,81.1,1,0,9,4,1,0.03661,0,normal,0
LG-1003,2025-01-10 09:34:00,6.437939,3.452629,74.7,81.0,1,0,9,4,1,0.03315,0,normal,0
LG-1003,2025-01-10 09:34:30,6.435769,3.446343,88.3,80.8,1,0,9,4,1,0.02651,0,normal,0
LG-1003,2025-01-10 09:35:00,6.43684,3.440761,75.5,80.6,1,0,9,4,1,0.02165,0,normal,0
LG-1003,2025-01-10 09:35:30,6.438582,3.437972,43.7,80.5,1,0,9,4,1,0.02,0,normal,0
LG-1003,2025-01-10 09:36:00,6.439839,3.431238,91.0,80.3,1,0,9,4,1,0.01565,0,normal,0
LG-1003,2025-01-10 09:36:30,6.439421,3.427519,49.7,80.1,1,0,9,4,1,0.01315,0,normal,0
LG-1003,2025-01-10 09:37:00,6.437142,3.420913,92.8,79.9,1,0,9,4,1,0.00914,0,normal,0
LG-1003,2025-01-10 09:37:30,6.43629,3.416225,63.3,79.8,1,0,9,4,1,0.00957,0,normal,0
LG-1003,2025-01-10 09:38:00,6.438103,3.409486,92.7,79.6,1,0,9,4,1,0.01532,0,normal,0
LG-1003,2025-01-10 09:38:30,6.438821,3.406286,43.5,79.5,1,0,9,4,1,0.01826,0,normal,0
LG-1003,2025-01-10 09:39:00,6.440921,3.403117,50.6,79.3,1,0,9,4,1,0.01625,0,normal,0
LG-1003,2025-01-10 09:39:30,6.442062,3.400711,35.4,79.3,1,0,9,4,1,0.01414,0,normal,0
LG-1003,2025-01-10 09:40:00,6.441617,3.40349,37.4,79.2,1,0,9,4,1,0.01585,0,normal,0
LG-1003,2025-01-10 09:40:30,6.444269,3.406437,52.8,79.1,1,0,9,4,1,0.01568,0,normal,0
LG-1003,2025-01-10 09:41:00,6.450785,3.408184,90.1,78.8,1,0,9,4,1,0.01384,0,normal,0
LG-1003,2025-01-10 09:41:30,6.457554,3.406787,92.3,78.6,1,0,9,4,1,0.01206,0,normal,0
LG-1003,2025-01-10 09:42:00,6.458478,3.40376,42.0,78.5,1,0,9,4,1,0.00942,0,normal,0
LG-1003,2025-01-10 09:42:30,6.461007,3.396692,99.7,78.3,1,0,9,4,1,0.00624,0,normal,0
LG-1003,2025-01-10 09:43:00,6.466357,3.391983,94.9,78.1,1,0,9,4,1,0.01175,0,normal,0
LG-1003,2025-01-10 09:43:30,6.473721,3.390376,100.7,77.8,1,0,9,4,1,0.01928,0,normal,0
LG-1003,2025-01-10 09:44:00,6.480182,3.391766,88.3,77.6,1,0,9,4,1,0.02539,0,normal,0
LG-1003,2025-01-10 09:44:30,6.485886,3.394909,86.9,77.4,1,0,9,4,1,0.03089,0,normal,0
LG-1003,2025-01-10 09:45:00,6.49079,3.397791,75.9,77.3,1,0,9,4,1,0.03537,0,normal,0
LG-1003,2025-01-10 09:45:30,6.496625,3.400389,85.2,77.1,1,0,9,4,1,0.03382,0,normal,0
LG-1003,2025-01-10 09:46:00,6.504025,3.403084,105.1,76.8,1,0,9,4,1,0.03296,0,normal,0
LG-1003,2025-01-10 09:46:30,6.507157,3.404224,44.5,76.7,1,0,9,4,1,0.03316,0,normal,0
LG-1003,2025-01-10 09:47:00,6.511558,3.405265,60.4,76.6,1,0,9,4,1,0.03344,0,normal,0
LG-1003,2025-01-10 09:47:30,6.51472,3.405562,42.4,76.5,1,0,9,4,1,0.03356,0,normal,0
LG-1003,2025-01-10 09:48:00,6.522662,3.404696,106.7,76.2,1,0,9,4,1,0.03358,0,normal,0
LG-1003,2025-01-10 09:48:30,6.527668,3.403131,70.0,76.1,1,0,9,4,1,0.03361,0,normal,0
LG-1003,2025-01-10 09:49:00,6.533882,3.401145,87.1,75.9,1,0,9,4,1,0.03473,0,normal,0
LG-1003,2025-01-10 09:49:30,6.541177,3.399743,99.2,75.6,1,0,9,4,1,0.03814,1,route_deviation,0
LG-1003,2025-01-10 09:50:00,6.541177,3.399743,0.0,75.6,1,1,9,4,1,0.03814,1,route_deviation,0
LG-1003,2025-01-10 09:50:30,6.541177,3.399743,0.0,75.6,1,2,9,4,1,0.03814,1,route_deviation,0
LG-1003,2025-01-10 09:51:00,6.541177,3.399743,0.0,75.6,1,3,9,4,1,0.03814,1,route_deviation,0
LG-1003,2025-01-10 09:51:30,6.541177,3.399743,0.0,75.6,1,4,9,4,1,0.03814,1,route_deviation,0
LG-1003,2025-01-10 09:52:00,6.541177,3.399743,0.0,75.6,1,5,9,4,1,0.03814,1,route_deviation,0
LG-1003,2025-01-10 09:52:30,6.541177,3.399743,0.0,75.6,1,6,9,4,1,0.03814,1,route_deviation,0
LG-1003,2025-01-10 09:53:00,6.541177,3.399743,0.0,75.6,1,7,9,4,1,0.03814,1,route_deviation,0
LG-1003,2025-01-10 09:53:30,6.541177,3.399743,0.0,75.6,1,8,9,4,1,0.03814,1,route_deviation,0
LG-1003,2025-01-10 09:54:00,6.541177,3.399743,0.0,75.6,1,9,9,4,1,0.03814,1,route_deviation,0
LG-1003,2025-01-10 09:54:30,6.549025,3.397174,110.0,75.4,1,0,9,4,1,0.04233,1,route_deviation,0
LG-1003,2025-01-10 09:55:00,6.552686,3.39697,49.0,75.3,1,0,9,4,1,0.04521,1,route_deviation,0
LG-1003,2025-01-10 09:55:30,6.559741,3.395644,95.9,75.0,1,0,9,4,1,0.0506,1,route_deviation,0
LG-1003,2025-01-10 09:56:00,6.567339,3.396546,102.2,74.8,1,0,9,4,1,0.0569,1,route_deviation,0
LG-1003,2025-01-10 09:56:30,6.570326,3.397143,40.7,74.7,1,0,9,4,1,0.0582,1,route_deviation,0
LG-1003,2025-01-10 09:57:00,6.577089,3.396685,90.5,74.5,1,0,9,4,1,0.05514,1,route_deviation,0
LG-1003,2025-01-10 09:57:30,6.580784,3.393725,63.1,74.3,1,0,9,4,1,0.05091,1,route_deviation,0
LG-1003,2025-01-10 09:58:00,6.585582,3.389529,84.9,74.1,1,0,9,4,1,0.04524,1,route_deviation,0
LG-1003,2025-01-10 09:58:30,6.589905,3.385928,75.0,74.0,1,0,9,4,1,0.04048,1,route_deviation,0
LG-1003,2025-01-10 09:59:00,6.59323,3.383335,56.2,73.8,1,0,9,4,1,0.03716,1,route_deviation,0
LG-1003,2025-01-10 09:59:30,6.596029,3.381192,47.0,73.7,1,0,9,4,1,0.03455,1,route_deviation,0
LG-1003,2025-01-10 10:00:00,6.598738,3.379101,45.6,73.6,1,0,10,4,1,0.03218,1,route_deviation,0
LG-1003,2025-01-10 10:00:30,6.6014,3.377071,44.6,73.5,1,0,10,4,1,0.03007,1,route_deviation,0
LG-1003,2025-01-10 10:01:00,6.606362,3.373166,84.1,73.3,1,0,10,4,1,0.02671,1,route_deviation,0
LG-1003,2025-01-10 10:01:30,6.610091,3.370263,63.0,73.2,1,0,10,4,1,0.02498,1,route_deviation,0
LG-1003,2025-01-10 10:02:00,6.613218,3.367807,53.0,73.0,1,0,10,4,1,0.02413,1,route_deviation,0
LG-1003,2025-01-10 10:02:30,6.619105,3.364856,87.8,72.8,1,0,10,4,1,0.02543,1,route_deviation,0
LG-1003,2025-01-10 10:03:00,6.62561,3.364053,87.5,72.6,1,0,10,4,1,0.02994,1,route_deviation,0
LG-1003,2025-01-10 10:03:30,6.631253,3.365126,76.7,72.5,1,0,10,4,1,0.03527,1,route_deviation,0
LG-1003,2025-01-10 10:04:00,6.637991,3.369269,105.5,72.2,1,0,10,4,1,0.04318,1,route_deviation,0
LG-1003,2025-01-10 10:04:30,6.641052,3.373093,65.2,72.1,1,0,10,4,1,0.0478,1,route_deviation,0
LG-1003,2025-01-10 10:05:00,6.644524,3.37964,98.5,71.8,1,0,10,4,1,0.0544,1,route_deviation,0
LG-1003,2025-01-10 10:05:30,6.645994,3.382473,42.4,71.7,1,0,10,4,1,0.0573,1,route_deviation,0
LG-1003,2025-01-10 10:06:00,6.649165,3.38858,91.4,71.5,1,0,10,4,1,0.06363,1,route_deviation,0
LG-1003,2025-01-10 10:06:30,6.653581,3.39554,109.6,71.3,1,0,10,4,1,0.07156,1,route_deviation,0
LG-1003,2025-01-10 10:07:00,6.658932,3.400732,99.3,71.0,1,0,10,4,1,0.07901,1,route_deviation,0
LG-1003,2025-01-10 10:07:30,6.66402,3.403879,79.8,70.8,1,0,10,4,1,0.08489,1,route_deviation,0
LG-1003,2025-01-10 10:08:00,6.669788,3.406289,83.4,70.6,1,0,10,4,1,0.09081,1,route_deviation,0
LG-1003,2025-01-10 10:08:30,6.674191,3.408031,63.2,70.5,1,0,10,4,1,0.0953,1,route_deviation,0
LG-1003,2025-01-10 10:09:00,6.680268,3.410466,87.4,70.3,1,0,10,4,1,0.10154,1,route_deviation,0
LG-1003,2025-01-10 10:09:30,6.686806,3.413104,94.1,70.1,1,0,10,4,1,0.10832,1,route_deviation,0
LG-1003,2025-01-10 10:10:00,6.694789,3.415349,110.0,69.8,1,0,10,4,1,0.11605,1,route_deviation,0
LG-1003,2025-01-10 10:10:30,6.700279,3.41569,73.5,69.6,1,0,10,4,1,0.12073,1,route_deviation,0
LG-1003,2025-01-10 10:11:00,6.703386,3.41547,41.6,69.6,1,0,10,4,1,0.12317,1,route_deviation,0
LG-1003,2025-01-10 10:11:30,6.709445,3.414941,81.2,69.4,1,0,10,4,1,0.12797,1,route_deviation,0
LG-1003,2025-01-10 10:12:00,6.712868,3.414643,45.9,69.3,1,0,10,4,1,0.13073,1,route_deviation,0
LG-1003,2025-01-10 10:12:30,6.716986,3.414295,55.2,69.1,1,0,10,4,1,0.1341,1,route_deviation,0
LG-1003,2025-01-10 10:13:00,6.721581,3.414306,61.4,69.0,1,0,10,4,1,0.13809,1,route_deviation,0
LG-1003,2025-01-10 10:13:30,6.728287,3.415532,91.0,68.8,1,0,10,4,1,0.14456,1,route_deviation,0
LG-1003,2025-01-10 10:14:00,6.731847,3.416841,50.6,68.7,1,0,10,4,1,0.14832,1,route_deviation,0
LG-1003,2025-01-10 10:14:30,6.73514,3.418512,49.3,68.5,1,0,10,4,1,0.15201,1,route_deviation,0
LG-1003,2025-01-10 10:15:00,6.73782,3.419909,40.3,68.4,1,0,10,4,1,0.15503,1,route_deviation,0
LG-1003,2025-01-10 10:15:30,6.745072,3.422184,101.5,68.2,1,0,10,4,1,0.16251,1,route_deviation,0
LG-1003,2025-01-10 10:16:00,6.75166,3.422783,88.4,68.0,1,0,10,4,1,0.16865,1,route_deviation,0
LG-1003,2025-01-10 10:16:30,6.754654,3.422899,40.0,67.9,1,0,10,4,1,0.17138,1,route_deviation,0
LG-1003,2025-01-10 10:17:00,6.757584,3.423013,39.2,67.8,1,0,10,4,1,0.17406,1,route_deviation,0
LG-1003,2025-01-10 10:17:30,6.763455,3.423241,78.5,67.6,1,0,10,4,1,0.17946,1,route_deviation,0
LG-1003,2025-01-10 10:18:00,6.767794,3.423417,58.0,67.5,1,0,10,4,1,0.18347,1,route_deviation,0
LG-1003,2025-01-10 10:18:30,6.773875,3.423676,81.3,67.3,1,0,10,4,1,0.18912,1,route_deviation,0
LG-1003,2025-01-10 10:19:00,6.779058,3.423879,69.3,67.1,1,0,10,4,1,0.19395,1,route_deviation,0
LG-1003,2025-01-10 10:19:30,6.786881,3.424848,105.3,66.9,1,0,10,4,1,0.20152,1,route_deviation,0
LG-1003,2025-01-10 10:20:00,6.791033,3.426207,58.3,66.8,1,0,10,4,1,0.20588,1,route_deviation,0
LG-1003,2025-01-10 10:20:30,6.796806,3.429263,87.1,66.6,1,0,10,4,1,0.21238,1,route_deviation,0
LG-1003,2025-01-10 10:21:00,6.799271,3.431096,40.9,66.5,1,0,10,4,1,0.21537,1,route_deviation,0
LG-1003,2025-01-10 10:21:30,6.80479,3.436967,107.2,66.2,1,0,10,4,1,0.22277,1,route_deviation,0
LG-1003,2025-01-10 10:22:00,6.809078,3.44397,109.1,66.0,1,0,10,4,1,0.22956,1,route_deviation,0
LG-1003,2025-01-10 10:22:30,6.811169,3.446584,44.5,65.9,1,0,10,4,1,0.23257,1,route_deviation,0
LG-1003,2025-01-10 10:23:00,6.808158,3.442157,71.2,65.7,1,0,10,4,1,0.22797,1,route_deviation,0
LG-1003,2025-01-10 10:23:30,6.80764,3.439008,42.3,65.6,1,0,10,4,1,0.2262,1,route_deviation,0
LG-1003,2025-01-10 10:24:00,6.808536,3.438372,14.6,65.6,1,0,10,4,1,0.22676,1,route_deviation,0
LG-1003,2025-01-10 10:24:30,6.808536,3.438372,0.0,65.6,0,1,10,4,1,0.22676,1,route_deviation,0
LG-1003,2025-01-11 08:20:00,6.454019,3.395311,0.0,65.6,0,1,8,5,1,0.00103,0,normal,0
LG-1003,2025-01-11 08:20:30,6.452993,3.39547,13.9,65.5,1,0,8,5,1,0.00206,0,normal,0
LG-1003,2025-01-11 08:21:00,6.452443,3.394999,9.6,65.5,1,0,8,5,1,0.00256,0,normal,0
LG-1003,2025-01-11 08:21:30,6.452651,3.394006,13.5,65.5,1,0,8,5,1,0.00255,0,normal,0
LG-1003,2025-01-11 08:22:00,6.452781,3.393342,9.0,65.5,1,0,8,5,1,0.00277,0,normal,0
LG-1003,2025-01-11 08:22:30,6.452942,3.39259,10.2,65.4,1,0,8,5,1,0.00317,0,normal,0
LG-1003,2025-01-11 08:23:00,6.453084,3.39213,6.4,65.4,1,0,8,5,1,0.00345,0,normal,0
LG-1003,2025-01-11 08:23:30,6.453611,3.391128,15.0,65.4,1,0,8,5,1,0.00411,0,normal,0
LG-1003,2025-01-11 08:24:00,6.453961,3.390387,10.9,65.4,1,0,8,5,1,0.00473,0,normal,0
LG-1003,2025-01-11 08:24:30,6.453994,3.389594,10.5,65.3,1,0,8,5,1,0.0055,0,normal,0
LG-1003,2025-01-11 08:25:00,6.454125,3.388975,8.4,65.3,1,0,8,5,1,0.00609,0,normal,0
LG-1003,2025-01-11 08:25:30,6.454184,3.38837,8.1,65.3,1,0,8,5,1,0.00668,0,normal,0
LG-1003,2025-01-11 08:26:00,6.45457,3.387494,12.7,65.3,1,0,8,5,1,0.00752,0,normal,0
LG-1003,2025-01-11 08:26:30,6.454861,3.386916,8.6,65.2,1,0,8,5,1,0.00808,0,normal,0
LG-1003,2025-01-11 08:27:00,6.455048,3.386457,6.6,65.2,1,0,8,5,1,0.00854,0,normal,0
LG-1003,2025-01-11 08:27:30,6.455311,3.385368,14.9,65.2,1,0,8,5,1,0.00964,0,normal,0
LG-1003,2025-01-11 08:28:00,6.455461,3.384609,10.3,65.2,1,0,8,5,1,0.0104,0,normal,0
LG-1003,2025-01-11 08:28:30,6.45568,3.383866,10.3,65.1,1,0,8,5,1,0.01116,0,normal,0
LG-1003,2025-01-11 08:29:00,6.456023,3.38312,10.9,65.1,1,0,8,5,1,0.01192,0,normal,0
LG-1003,2025-01-11 08:29:30,6.45657,3.382347,12.6,65.1,1,0,8,5,1,0.01275,0,normal,0
LG-1003,2025-01-11 08:30:00,6.457254,3.382588,9.7,65.1,1,0,8,5,1,0.01261,0,normal,0
LG-1003,2025-01-11 08:30:30,6.458325,3.38287,14.8,65.0,1,0,8,5,1,0.01258,0,normal,0
LG-1003,2025-01-11 08:31:00,6.459585,3.382748,16.9,65.0,1,0,8,5,1,0.01308,0,normal,0
LG-1003,2025-01-11 08:31:30,6.460582,3.38251,13.7,65.0,1,0,8,5,1,0.01368,0,normal,0
LG-1003,2025-01-11 08:32:00,6.461346,3.382212,10.9,64.9,1,0,8,5,1,0.01428,0,normal,0
LG-1003,2025-01-11 08:32:30,6.462278,3.381624,14.7,64.9,1,0,8,5,1,0.01523,0,normal,0
LG-1003,2025-01-11 08:33:00,6.462992,3.381169,11.3,64.9,1,0,8,5,1,0.01597,0,normal,0
LG-1003,2025-01-11 08:33:30,6.463673,3.380735,10.8,64.8,1,0,8,5,1,0.01669,0,normal,0
LG-1003,2025-01-11 08:34:00,6.464437,3.380249,12.1,64.8,1,0,8,5,1,0.01751,0,normal,0
LG-1003,2025-01-11 08:34:30,6.465046,3.379861,9.6,64.8,1,0,8,5,1,0.01817,0,normal,0
LG-1003,2025-01-11 08:35:00,6.465496,3.379574,7.1,64.8,1,0,8,5,1,0.01866,0,normal,0
LG-1003,2025-01-11 08:35:30,6.466178,3.37914,10.8,64.8,1,0,8,5,1,0.0194,0,normal,0
LG-1003,2025-01-11 08:36:00,6.466643,3.378845,7.3,64.7,1,0,8,5,1,0.01991,0,normal,0
LG-1003,2025-01-11 08:36:30,6.467358,3.378478,10.7,64.7,1,0,8,5,1,0.02063,0,normal,0
LG-1003,2025-01-11 08:37:00,6.468245,3.378189,12.5,64.7,1,0,8,5,1,0.0214,0,normal,0
LG-1003,2025-01-11 08:37:30,6.469452,3.377813,16.9,64.6,1,0,8,5,1,0.02246,0,normal,0
LG-1003,2025-01-11 08:38:00,6.469905,3.377674,6.3,64.6,1,0,8,5,1,0.02285,0,normal,0
LG-1003,2025-01-11 08:38:30,6.47085,3.377379,13.2,64.6,1,0,8,5,1,0.0237,0,normal,0
LG-1003,2025-01-11 08:39:00,6.471647,3.377094,11.3,64.6,1,0,8,5,1,0.02445,0,normal,0
LG-1003,2025-01-11 08:39:30,6.472084,3.376953,6.1,64.6,1,0,8,5,1,0.02485,0,normal,0
LG-1003,2025-01-11 08:40:00,6.472714,3.37675,8.8,64.5,1,0,8,5,1,0.02543,0,normal,0
LG-1003,2025-01-11 08:40:30,6.473233,3.37658,7.3,64.5,1,0,8,5,1,0.02592,0,normal,0
LG-1003,2025-01-11 08:41:00,6.473825,3.376359,8.4,64.5,1,0,8,5,1,0.02649,0,normal,0
LG-1003,2025-01-11 08:41:30,6.47443,3.37604,9.1,64.5,1,0,8,5,1,0.02715,0,normal,0
LG-1003,2025-01-11 08:42:00,6.475113,3.37563,10.6,64.5,1,0,8,5,1,0.02792,0,normal,0
LG-1003,2025-01-11 08:42:30,6.475825,3.375069,12.1,64.4,1,0,8,5,1,0.02878,0,normal,0
LG-1003,2025-01-11 08:43:00,6.476141,3.37476,5.9,64.4,1,0,8,5,1,0.02834,0,normal,0
LG-1003,2025-01-11 08:43:30,6.47652,3.374315,7.8,64.4,1,0,8,5,1,0.02778,0,normal,0
LG-1003,2025-01-11 08:44:00,6.476843,3.373901,7.0,64.4,1,0,8,5,1,0.02727,0,normal,0
LG-1003,2025-01-11 08:44:30,6.477411,3.373169,12.3,64.3,1,0,8,5,1,0.02639,0,normal,0
LG-1003,2025-01-11 08:45:00,6.47786,3.37259,9.7,64.3,1,0,8,5,1,0.02569,0,normal,0
LG-1003,2025-01-11 08:45:30,6.478429,3.37186,12.3,64.3,1,0,8,5,1,0.0248,0,normal,0
LG-1003,2025-01-11 08:46:00,6.478838,3.371371,8.5,64.3,1,0,8,5,1,0.02419,0,normal,0
LG-1003,2025-01-11 08:46:30,6.479107,3.370994,6.2,64.3,1,0,8,5,1,0.02376,0,normal,0
LG-1003,2025-01-11 08:47:00,6.479875,3.369979,16.9,64.2,1,0,8,5,1,0.02257,0,normal,0
LG-1003,2025-01-11 08:47:30,6.480206,3.369556,7.1,64.2,1,0,8,5,1,0.02206,0,normal,0
LG-1003,2025-01-11 08:48:00,6.480547,3.369119,7.4,64.2,1,0,8,5,1,0.02154,0,normal,0
LG-1003,2025-01-11 08:48:30,6.480898,3.368669,7.6,64.2,1,0,8,5,1,0.02101,0,normal,0
LG-1003,2025-01-11 08:49:00,6.481784,3.367707,17.4,64.1,1,0,8,5,1,0.01976,0,normal,0
LG-1003,2025-01-11 08:49:30,6.482512,3.367041,13.1,64.1,1,0,8,5,1,0.0188,0,normal,0
LG-1003,2025-01-11 08:50:00,6.483275,3.366424,13.1,64.1,1,0,8,5,1,0.01784,0,normal,0
LG-1003,2025-01-11 08:50:30,6.484367,3.365698,17.5,64.0,1,0,8,5,1,0.01653,0,normal,0
LG-1003,2025-01-11 08:51:00,6.484816,3.365435,6.9,64.0,1,0,8,5,1,0.01601,0,normal,0
LG-1003,2025-01-11 08:51:30,6.485982,3.364862,17.3,64.0,1,0,8,5,1,0.01472,0,normal,0
LG-1003,2025-01-11 08:52:00,6.48656,3.364632,8.3,64.0,1,0,8,5,1,0.0141,0,normal,0
LG-1003,2025-01-11 08:52:30,6.487493,3.364294,13.2,63.9,1,0,8,5,1,0.01312,0,normal,0
LG-1003,2025-01-11 08:53:00,6.488257,3.364018,10.8,63.9,1,0,8,5,1,0.01231,0,normal,0
LG-1003,2025-01-11 08:53:30,6.488992,3.363755,10.4,63.9,1,0,8,5,1,0.01154,0,normal,0
LG-1003,2025-01-11 08:54:00,6.490182,3.363327,16.9,63.8,1,0,8,5,1,0.0103,0,normal,0
LG-1003,2025-01-11 08:54:30,6.490722,3.363136,7.7,63.8,1,0,8,5,1,0.00974,0,normal,0
LG-1003,2025-01-11 08:55:00,6.491968,3.362692,17.6,63.8,1,0,8,5,1,0.00845,0,normal,0
LG-1003,2025-01-11 08:55:30,6.491968,3.362692,0.0,63.8,1,1,8,5,1,0.00845,0,normal,0
LG-1003,2025-01-11 08:56:00,6.491968,3.362692,0.0,63.8,1,2,8,5,1,0.00845,0,normal,0
LG-1003,2025-01-11 08:56:30,6.491968,3.362692,0.0,63.8,1,3,8,5,1,0.00845,0,normal,0
LG-1003,2025-01-11 08:57:00,6.491968,3.362692,0.0,63.8,1,4,8,5,1,0.00845,0,normal,0
LG-1003,2025-01-11 08:57:30,6.491968,3.362692,0.0,63.8,1,5,8,5,1,0.00845,0,normal,0
LG-1003,2025-01-11 08:58:00,6.491968,3.362692,0.0,63.8,1,6,8,5,1,0.00845,0,normal,0
LG-1003,2025-01-11 08:58:30,6.491968,3.362692,0.0,63.8,1,7,8,5,1,0.00845,0,normal,0
LG-1003,2025-01-11 08:59:00,6.491968,3.362692,0.0,63.8,1,8,8,5,1,0.00845,0,normal,0
LG-1003,2025-01-11 08:59:30,6.492693,3.362414,10.4,63.8,1,0,8,5,1,0.0077,0,normal,0
LG-1003,2025-01-11 09:00:00,6.493647,3.362069,13.5,63.7,1,0,9,5,1,0.00672,0,normal,0
LG-1003,2025-01-11 09:00:30,6.494899,3.36174,17.3,63.7,1,0,9,5,1,0.00555,0,normal,0
LG-1003,2025-01-11 09:01:00,6.495388,3.361684,6.6,63.7,1,0,9,5,1,0.00516,0,normal,0
LG-1003,2025-01-11 09:01:30,6.49664,3.361712,16.7,63.6,1,0,9,5,1,0.0044,0,normal,0
LG-1003,2025-01-11 09:02:00,6.497573,3.361853,12.6,63.6,1,0,9,5,1,0.00411,0,normal,0
LG-1003,2025-01-11 09:02:30,6.498609,3.362093,14.2,63.6,1,0,9,5,1,0.00411,0,normal,0
LG-1003,2025-01-11 09:03:00,6.499159,3.362253,7.7,63.5,1,0,9,5,1,0.00426,0,normal,0
LG-1003,2025-01-11 09:03:30,6.500023,3.362546,12.2,63.5,1,0,9,5,1,0.00466,0,normal,0
LG-1003,2025-01-11 09:04:00,6.500999,3.362896,13.8,63.5,1,0,9,5,1,0.00529,0,normal,0
LG-1003,2025-01-11 09:04:30,6.501794,3.363181,11.3,63.5,1,0,9,5,1,0.00589,0,normal,0
LG-1003,2025-01-11 09:05:00,6.502339,3.363376,7.7,63.4,1,0,9,5,1,0.00633,0,normal,0
LG-1003,2025-01-11 09:05:30,6.502958,3.363598,8.8,63.4,1,0,9,5,1,0.00686,0,normal,0
LG-1003,2025-01-11 09:06:00,6.504087,3.363993,16.0,63.4,1,0,9,5,1,0.00786,0,normal,0
LG-1003,2025-01-11 09:06:30,6.504549,3.364083,6.3,63.4,1,0,9,5,1,0.00823,0,normal,0
LG-1003,2025-01-11 09:07:00,6.505604,3.363961,14.2,63.3,1,0,9,5,1,0.0089,0,normal,0
LG-1003,2025-01-11 09:07:30,6.506894,3.363661,17.7,63.3,1,0,9,5,1,0.00971,0,normal,0
LG-1003,2025-01-11 09:08:00,6.507329,3.363554,6.0,63.3,1,0,9,5,1,0.01001,0,normal,0
LG-1003,2025-01-11 09:08:30,6.507898,3.363424,7.8,63.3,1,0,9,5,1,0.01042,0,normal,0
LG-1003,2025-01-11 09:09:00,6.508914,3.363216,13.8,63.2,1,0,9,5,1,0.01069,0,normal,0
LG-1003,2025-01-11 09:09:30,6.509407,3.36319,6.6,63.2,1,0,9,5,1,0.01044,0,normal,0
LG-1003,2025-01-11 09:10:00,6.510358,3.363314,12.8,63.2,1,0,9,5,1,0.00985,0,normal,0
LG-1003,2025-01-11 09:10:30,6.511354,3.363632,14.0,63.1,1,0,9,5,1,0.00913,0,normal,0
LG-1003,2025-01-11 09:11:00,6.512273,3.363913,12.8,63.1,1,0,9,5,1,0.00853,0,normal,0
LG-1003,2025-01-11 09:11:30,6.512999,3.36415,10.2,63.1,1,0,9,5,1,0.0081,0,normal,0
LG-1003,2025-01-11 09:12:00,6.513988,3.36452,14.1,63.1,1,0,9,5,1,0.00755,0,normal,0
LG-1003,2025-01-11 09:12:30,6.514895,3.364852,12.9,63.0,1,0,9,5,1,0.00715,0,normal,0
LG-1003,2025-01-11 09:13:00,6.515488,3.365049,8.3,63.0,1,0,9,5,1,0.00697,0,normal,0
LG-1003,2025-01-11 09:13:30,6.516311,3.36548,12.4,63.0,1,0,9,5,1,0.00665,0,normal,0
LG-1003,2025-01-11 09:14:00,6.516129,3.366558,14.5,63.0,1,0,9,5,1,0.00556,0,normal,0
LG-1003,2025-01-11 09:14:30,6.516248,3.367576,13.6,62.9,1,0,9,5,1,0.0046,0,normal,0
LG-1003,2025-01-11 09:15:00,6.516512,3.368382,11.3,62.9,1,0,9,5,1,0.00392,0,normal,0
LG-1003,2025-01-11 09:15:30,6.516096,3.368787,7.7,62.9,1,0,9,5,1,0.00339,0,normal,0
LG-1003,2025-01-11 09:16:00,6.515616,3.368981,6.9,62.9,1,0,9,5,1,0.00308,0,normal,0
LG-1003,2025-01-11 09:16:30,6.515073,3.369326,8.6,62.8,1,0,9,5,1,0.00268,0,normal,0
LG-1003,2025-01-11 09:17:00,6.514659,3.369505,6.0,62.8,1,0,9,5,1,0.00252,0,normal,0
LG-1003,2025-01-11 09:17:30,6.513435,3.369972,17.5,62.8,1,0,9,5,1,0.00256,0,normal,0
LG-1003,2025-01-11 09:18:00,6.512842,3.370208,8.5,62.8,1,0,9,5,1,0.0028,0,normal,0
LG-1003,2025-01-11 09:18:30,6.512898,3.370573,4.9,62.8,1,0,9,5,1,0.00254,0,normal,0
LG-1003,2025-01-11 09:19:00,6.513485,3.370633,7.9,62.7,1,0,9,5,1,0.00204,0,normal,0
LG-1003,2025-01-11 09:19:30,6.514014,3.370833,7.5,62.7,1,0,9,5,1,0.00153,0,normal,0
LG-1004,2025-01-06 07:50:00,6.448384,3.361167,0.0,72.4,0,1,7,0,1,0.00225,0,normal,0
LG-1004,2025-01-06 07:50:30,6.447691,3.362869,24.4,72.4,1,0,7,0,1,0.00408,0,normal,0
LG-1004,2025-01-06 07:51:00,6.447146,3.364206,19.2,72.3,1,0,7,0,1,0.00553,0,normal,0
LG-1004,2025-01-06 07:51:30,6.446738,3.365254,14.9,72.3,1,0,7,0,1,0.00665,0,normal,0
LG-1004,2025-01-06 07:52:00,6.446989,3.366409,15.7,72.3,1,0,7,0,1,0.00768,0,normal,0
LG-1004,2025-01-06 07:52:30,6.44884,3.368296,35.2,72.2,1,0,7,0,1,0.0093,0,normal,0
LG-1004,2025-01-06 07:53:00,6.451416,3.367345,36.7,72.1,1,0,7,0,1,0.00869,0,normal,0
LG-1004,2025-01-06 07:53:30,6.454407,3.366127,43.1,72.0,1,0,7,0,1,0.00895,0,normal,0
LG-1004,2025-01-06 07:54:00,6.455596,3.365552,17.6,72.0,1,0,7,0,1,0.0093,0,normal,0
LG-1004,2025-01-06 07:54:30,6.457802,3.364615,32.0,71.9,1,0,7,0,1,0.01044,0,normal,0
LG-1004,2025-01-06 07:55:00,6.459435,3.364315,22.2,71.8,1,0,7,0,1,0.01171,0,normal,0
LG-1004,2025-01-06 07:55:30,6.461727,3.364274,30.6,71.8,1,0,7,0,1,0.01378,0,normal,0
LG-1004,2025-01-06 07:56:00,6.463529,3.364236,24.1,71.7,1,0,7,0,1,0.01544,0,normal,0
LG-1004,2025-01-06 07:56:30,6.465247,3.364131,23.0,71.7,1,0,7,0,1,0.01704,0,normal,0
LG-1004,2025-01-06 07:57:00,6.467437,3.364558,29.8,71.6,1,0,7,0,1,0.01926,0,normal,0
LG-1004,2025-01-06 07:57:30,6.468305,3.365774,19.9,71.5,1,0,7,0,1,0.02046,0,normal,0
LG-1004,2025-01-06 07:58:00,6.468766,3.367839,28.1,71.5,1,0,7,0,1,0.02165,0,normal,0
LG-1004,2025-01-06 07:58:30,6.469059,3.370352,33.6,71.4,1,0,7,0,1,0.02305,0,normal,0
LG-1004,2025-01-06 07:59:00,6.46926,3.371718,18.3,71.4,1,0,7,0,1,0.02392,0,normal,0
LG-1004,2025-01-06 07:59:30,6.46967,3.374825,41.6,71.3,1,0,7,0,1,0.02494,0,normal,0
LG-1004,2025-01-06 08:00:00,6.469328,3.376999,29.2,71.2,1,0,8,0,1,0.02301,0,normal,0
LG-1004,2025-01-06 08:00:30,6.467032,3.378515,36.7,71.1,1,0,8,0,1,0.02041,0,normal,0
LG-1004,2025-01-06 08:01:00,6.464872,3.379839,33.8,71.0,1,0,8,0,1,0.01809,0,normal,0
LG-1004,2025-01-06 08:01:30,6.462634,3.381276,35.5,70.9,1,0,8,0,1,0.0157,0,normal,0
LG-1004,2025-01-06 08:02:00,6.460264,3.382469,35.4,70.9,1,0,8,0,1,0.01359,0,normal,0
LG-1004,2025-01-06 08:02:30,6.457314,3.382416,39.4,70.8,1,0,8,0,1,0.0128,0,normal,0
LG-1004,2025-01-06 08:03:00,6.454948,3.38205,32.0,70.7,1,0,8,0,1,0.01295,0,normal,0
LG-1004,2025-01-06 08:03:30,6.453541,3.382979,22.5,70.6,1,0,8,0,1,0.01211,0,normal,0
LG-1004,2025-01-06 08:04:00,6.452804,3.384068,17.5,70.6,1,0,8,0,1,0.01115,0,normal,0
LG-1004,2025-01-06 08:04:30,6.451709,3.386238,32.3,70.5,1,0,8,0,1,0.00936,0,normal,0
LG-1004,2025-01-06 08:05:00,6.451118,3.387334,16.5,70.5,1,0,8,0,1,0.00859,0,normal,0
LG-1004,2025-01-06 08:05:30,6.451118,3.387334,0.0,70.5,1,1,8,0,1,0.00859,0,normal,0
LG-1004,2025-01-06 08:06:00,6.451118,3.387334,0.0,70.5,1,2,8,0,1,0.00859,0,normal,0
LG-1004,2025-01-06 08:06:30,6.451118,3.387334,0.0,70.5,1,3,8,0,1,0.00859,0,normal,0
LG-1004,2025-01-06 08:07:00,6.451118,3.387334,0.0,70.5,1,4,8,0,1,0.00859,0,normal,0
LG-1004,2025-01-06 08:07:30,6.451118,3.387334,0.0,70.5,1,5,8,0,1,0.00859,0,normal,0
LG-1004,2025-01-06 08:08:00,6.450324,3.388756,21.7,70.4,1,0,8,0,1,0.0078,0,normal,0
LG-1004,2025-01-06 08:08:30,6.4497,3.389819,16.4,70.4,1,0,8,0,1,0.00741,0,normal,0
LG-1004,2025-01-06 08:09:00,6.448485,3.391778,30.7,70.3,1,0,8,0,1,0.00727,0,normal,0
LG-1004,2025-01-06 08:09:30,6.447677,3.392984,19.3,70.3,1,0,8,0,1,0.0076,0,normal,0
LG-1004,2025-01-06 08:10:00,6.44629,3.394992,32.5,70.2,1,0,8,0,1,0.00871,0,normal,0
LG-1004,2025-01-06 08:10:30,6.4447,3.397341,37.7,70.1,1,0,8,0,1,0.01056,0,normal,0
LG-1004,2025-01-06 08:11:00,6.442951,3.399659,38.6,70.0,1,0,8,0,1,0.01292,0,normal,0
LG-1004,2025-01-06 08:11:30,6.441746,3.400961,23.6,70.0,1,0,8,0,1,0.01453,0,normal,0
LG-1004,2025-01-06 08:12:00,6.440722,3.403019,30.5,69.9,1,0,8,0,1,0.01638,0,normal,0
LG-1004,2025-01-06 08:12:30,6.43949,3.405004,31.1,69.8,1,0,8,0,1,0.01846,0,normal,0
LG-1004,2025-01-06 08:13:00,6.438228,3.406721,28.4,69.8,1,0,8,0,1,0.01756,0,normal,0
LG-1004,2025-01-06 08:13:30,6.43753,3.40845,24.8,69.7,1,0,8,0,1,0.01576,0,normal,0
LG-1004,2025-01-06 08:14:00,6.438089,3.409887,20.5,69.7,1,0,8,0,1,0.01501,0,normal,0
LG-1004,2025-01-06 08:14:30,6.436984,3.412884,42.4,69.6,1,0,8,0,1,0.01211,0,normal,0
LG-1004,2025-01-06 08:15:00,6.436511,3.414107,17.4,69.5,1,0,8,0,1,0.01095,0,normal,0
LG-1004,2025-01-06 08:15:30,6.436241,3.417001,38.6,69.4,1,0,8,0,1,0.00916,0,normal,0
LG-1004,2025-01-06 08:16:00,6.4367,3.41936,31.9,69.4,1,0,8,0,1,0.00885,0,normal,0
LG-1004,2025-01-06 08:16:30,6.437068,3.420954,21.7,69.3,1,0,8,0,1,0.00907,0,normal,0
LG-1004,2025-01-06 08:17:00,6.438047,3.423509,36.3,69.2,1,0,8,0,1,0.01036,0,normal,0
LG-1004,2025-01-06 08:17:30,6.438561,3.424686,17.1,69.2,1,0,8,0,1,0.01119,0,normal,0
LG-1004,2025-01-06 08:18:00,6.439287,3.427381,37.1,69.1,1,0,8,0,1,0.01297,0,normal,0
LG-1004,2025-01-06 08:18:30,6.439444,3.429772,31.8,69.0,1,0,8,0,1,0.01442,0,normal,0
LG-1004,2025-01-06 08:19:00,6.43967,3.431093,17.8,69.0,1,0,8,0,1,0.01543,0,normal,0
LG-1004,2025-01-06 08:19:30,6.440022,3.432316,16.9,68.9,1,0,8,0,1,0.01651,0,normal,0
LG-1004,2025-01-06 08:20:00,6.440386,3.434971,35.6,68.9,1,0,8,0,1,0.01867,0,normal,0
LG-1004,2025-01-06 08:20:30,6.439375,3.436381,23.1,68.8,1,0,8,0,1,0.01913,0,normal,0
LG-1004,2025-01-06 08:21:00,6.437839,3.439015,40.5,68.7,1,0,8,0,1,0.02053,0,normal,0
LG-1004,2025-01-06 08:21:30,6.436312,3.441328,36.9,68.6,1,0,8,0,1,0.02196,0,normal,0
LG-1004,2025-01-06 08:22:00,6.435278,3.443729,34.7,68.5,1,0,8,0,1,0.02387,0,normal,0
LG-1004,2025-01-06 08:22:30,6.435378,3.445424,22.5,68.5,1,0,8,0,1,0.02551,0,normal,0
LG-1004,2025-01-06 08:23:00,6.436021,3.448002,35.3,68.4,1,0,8,0,1,0.02817,0,normal,0
LG-1004,2025-01-06 08:23:30,6.437158,3.450956,42.1,68.3,1,0,8,0,1,0.03132,0,normal,0
LG-1004,2025-01-06 08:24:00,6.437737,3.452118,17.3,68.3,1,0,8,0,1,0.03261,0,normal,0
LG-1004,2025-01-06 08:24:30,6.437304,3.453795,23.0,68.2,1,0,8,0,1,0.03409,0,normal,0
LG-1004,2025-01-06 08:25:00,6.436132,3.454904,21.5,68.2,1,0,8,0,1,0.03487,0,normal,0
LG-1004,2025-01-06 08:25:30,6.434859,3.456381,25.9,68.1,1,0,8,0,1,0.03604,0,normal,0
LG-1004,2025-01-06 08:26:00,6.432884,3.458262,36.3,68.0,1,0,8,0,1,0.03758,0,normal,0
LG-1004,2025-01-06 08:26:30,6.431274,3.459673,28.5,67.9,1,0,8,0,1,0.03881,0,normal,0
LG-1004,2025-01-06 08:27:00,6.430125,3.461681,30.8,67.9,1,0,8,0,1,0.04074,0,normal,0
LG-1004,2025-01-06 08:27:30,6.430167,3.463459,23.6,67.8,1,0,8,0,1,0.04251,0,normal,0
LG-1004,2025-01-06 08:28:00,6.430365,3.464854,18.7,67.8,1,0,8,0,1,0.04392,0,normal,0
LG-1004,2025-01-06 08:28:30,6.43059,3.466525,22.4,67.7,1,0,8,0,1,0.0456,0,normal,0
LG-1004,2025-01-06 08:29:00,6.430986,3.469485,39.6,67.6,1,0,8,0,1,0.04858,0,normal,0
LG-1004,2025-01-06 08:29:30,6.431363,3.471878,32.2,67.6,1,0,8,0,1,0.05099,0,normal,0
LG-1004,2025-01-06 08:30:00,6.431661,3.473785,25.6,67.5,1,0,8,0,1,0.05291,0,normal,0
LG-1004,2025-01-06 08:30:30,6.432076,3.476589,37.6,67.4,1,0,8,0,1,0.05574,0,normal,0
LG-1004,2025-01-06 08:31:00,6.432254,3.477817,16.5,67.4,1,0,8,0,1,0.055,0,normal,0
LG-1004,2025-01-06 08:31:30,6.43249,3.479457,22.0,67.3,1,0,8,0,1,0.05354,0,normal,0
LG-1004,2025-01-06 08:32:00,6.432704,3.481047,21.3,67.3,1,0,8,0,1,0.05216,0,normal,0
LG-1004,2025-01-06 08:32:30,6.43316,3.484279,43.3,67.2,1,0,8,0,1,0.04936,0,normal,0
LG-1004,2025-01-06 08:33:00,6.433571,3.486898,35.2,67.1,1,0,8,0,1,0.04712,0,normal,0
LG-1004,2025-01-06 08:33:30,6.43392,3.489329,32.6,67.0,1,0,8,0,1,0.04509,0,normal,0
LG-1004,2025-01-06 08:34:00,6.434043,3.490432,14.7,67.0,1,0,8,0,1,0.04421,0,normal,0
LG-1004,2025-01-06 08:34:30,6.434275,3.491918,20.0,66.9,1,0,8,0,1,0.043,0,normal,0
LG-1004,2025-01-06 08:35:00,6.434662,3.494383,33.1,66.9,1,0,8,0,1,0.04103,0,normal,0
LG-1004,2025-01-06 08:35:30,6.434956,3.496295,25.7,66.8,1,0,8,0,1,0.03954,0,normal,0
LG-1004,2025-01-06 08:36:00,6.43541,3.499392,41.6,66.7,1,0,8,0,1,0.03724,0,normal,0
LG-1004,2025-01-06 08:36:30,6.435813,3.502142,36.9,66.6,1,0,8,0,1,0.0353,0,normal,0
LG-1004,2025-01-06 08:37:00,6.436107,3.504204,27.6,66.5,1,0,8,0,1,0.03393,0,normal,0
LG-1004,2025-01-06 08:37:30,6.436507,3.506921,36.5,66.5,1,0,8,0,1,0.03224,0,normal,0
LG-1004,2025-01-06 08:38:00,6.438804,3.507578,31.9,66.4,1,0,8,0,1,0.0299,0,normal,0
LG-1004,2025-01-06 08:38:30,6.440905,3.507481,28.1,66.3,1,0,8,0,1,0.02813,0,normal,0
LG-1004,2025-01-06 08:39:00,6.443386,3.507792,33.4,66.2,1,0,8,0,1,0.02587,0,normal,0
LG-1004,2025-01-06 08:39:30,6.446457,3.508264,41.5,66.1,1,0,8,0,1,0.02308,0,normal,0
LG-1004,2025-01-06 08:40:00,6.448102,3.508309,22.0,66.1,1,0,8,0,1,0.02175,0,normal,0
LG-1004,2025-01-06 08:40:30,6.451146,3.508398,40.7,66.0,1,0,8,0,1,0.01941,0,normal,0
LG-1004,2025-01-06 08:41:00,6.45244,3.508467,17.3,66.0,1,0,8,0,1,0.01846,0,normal,0
LG-1004,2025-01-06 08:41:30,6.453064,3.510694,30.7,65.9,1,0,8,0,1,0.01644,0,normal,0
LG-1004,2025-01-06 08:42:00,6.453327,3.513502,37.4,65.8,1,0,8,0,1,0.01444,0,normal,0
LG-1004,2025-01-06 08:42:30,6.453548,3.515941,32.5,65.7,1,0,8,0,1,0.01296,0,normal,0
LG-1004,2025-01-06 08:43:00,6.453714,3.518123,29.0,65.7,1,0,8,0,1,0.01193,0,normal,0
LG-1004,2025-01-06 08:43:30,6.456091,3.518248,31.8,65.6,1,0,8,0,1,0.00967,0,normal,0
LG-1004,2025-01-06 08:44:00,6.457523,3.518285,19.1,65.5,1,0,8,0,1,0.00835,0,normal,0
LG-1004,2025-01-06 08:44:30,6.459095,3.518334,21.0,65.5,1,0,8,0,1,0.00695,0,normal,0
LG-1004,2025-01-06 08:45:00,6.460787,3.518373,22.6,65.4,1,0,8,0,1,0.00556,0,normal,0
LG-1004,2025-01-06 08:45:30,6.461104,3.520458,28.0,65.4,1,0,8,0,1,0.00419,0,normal,0
LG-1004,2025-01-06 08:46:00,6.46154,3.522062,22.1,65.3,1,0,8,0,1,0.00346,0,normal,0
LG-1004,2025-01-06 08:46:30,6.462763,3.522257,16.5,65.3,1,0,8,0,1,0.00225,0,normal,0
LG-1004,2025-01-06 08:47:00,6.464158,3.523193,22.4,65.2,1,0,8,0,1,0.00146,0,normal,0
LG-1004,2025-01-06 08:47:30,6.464158,3.523193,0.0,65.2,0,1,8,0,1,0.00146,0,normal,0
LG-1004,2025-01-06 08:48:00,6.464158,3.523193,0.0,65.2,0,2,8,0,1,0.00146,0,normal,0
LG-1004,2025-01-06 08:48:30,6.464158,3.523193,0.0,65.2,0,3,8,0,1,0.00146,0,normal,0
LG-1004,2025-01-06 08:49:00,6.464158,3.523193,0.0,65.2,0,4,8,0,1,0.00146,0,normal,0
LG-1004,2025-01-06 08:49:30,6.464158,3.523193,0.0,65.2,0,5,8,0,1,0.00146,0,normal,0
LG-1004,2025-01-07 11:27:00,6.599435,3.345885,0.0,65.2,0,1,11,1,1,0.00192,0,normal,0
LG-1004,2025-01-07 11:27:30,6.596569,3.345944,38.3,65.1,1,0,11,1,1,0.00456,0,normal,0
LG-1004,2025-01-07 11:28:00,6.593686,3.345806,38.6,65.0,1,0,11,1,1,0.00741,0,normal,0
LG-1004,2025-01-07 11:28:30,6.593951,3.344288,20.5,65.0,1,0,11,1,1,0.00755,0,normal,0
LG-1004,2025-01-07 11:29:00,6.592386,3.342612,30.5,64.9,1,0,11,1,1,0.00967,0,normal,0
LG-1004,2025-01-07 11:29:30,6.59147,3.340472,30.9,64.9,1,0,11,1,1,0.01155,0,normal,0
LG-1004,2025-01-07 11:30:00,6.590868,3.338968,21.5,64.8,1,0,11,1,1,0.01293,0,normal,0
LG-1004,2025-01-07 11:30:30,6.590298,3.337553,20.3,64.8,1,0,11,1,1,0.01428,0,normal,0
LG-1004,2025-01-07 11:31:00,6.590387,3.336408,15.2,64.7,1,0,11,1,1,0.01499,0,normal,0
LG-1004,2025-01-07 11:31:30,6.590218,3.33773,17.7,64.7,1,0,11,1,1,0.01422,0,normal,0
LG-1004,2025-01-07 11:32:00,6.587686,3.338672,36.1,64.6,1,0,11,1,1,0.0157,0,normal,0
LG-1004,2025-01-07 11:32:30,6.585219,3.339675,35.5,64.5,1,0,11,1,1,0.0174,0,normal,0
LG-1004,2025-01-07 11:33:00,6.583636,3.340357,23.0,64.5,1,0,11,1,1,0.01859,0,normal,0
LG-1004,2025-01-07 11:33:30,6.582262,3.340929,19.9,64.4,1,0,11,1,1,0.0197,0,normal,0
LG-1004,2025-01-07 11:34:00,6.580388,3.341667,26.9,64.4,1,0,11,1,1,0.02129,0,normal,0
LG-1004,2025-01-07 11:34:30,6.578334,3.342487,29.5,64.3,1,0,11,1,1,0.02311,0,normal,0
LG-1004,2025-01-07 11:35:00,6.575555,3.343611,40.0,64.2,1,0,11,1,1,0.02072,0,normal,0
LG-1004,2025-01-07 11:35:30,6.572869,3.344714,38.7,64.1,1,0,11,1,1,0.01825,0,normal,0
LG-1004,2025-01-07 11:36:00,6.570097,3.345834,39.9,64.0,1,0,11,1,1,0.01585,0,normal,0
LG-1004,2025-01-07 11:36:30,6.567458,3.346915,38.1,63.9,1,0,11,1,1,0.01379,0,normal,0
LG-1004,2025-01-07 11:37:00,6.567458,3.346915,0.0,63.9,1,1,11,1,1,0.01379,0,normal,0
LG-1004,2025-01-07 11:37:30,6.567458,3.346915,0.0,63.9,1,2,11,1,1,0.01379,0,normal,0
LG-1004,2025-01-07 11:38:00,6.567458,3.346915,0.0,63.9,1,3,11,1,1,0.01379,0,normal,0
LG-1004,2025-01-07 11:38:30,6.567458,3.346915,0.0,63.9,1,4,11,1,1,0.01379,0,normal,0
LG-1004,2025-01-07 11:39:00,6.567458,3.346915,0.0,63.9,1,5,11,1,1,0.01379,0,normal,0
LG-1004,2025-01-07 11:39:30,6.567458,3.346915,0.0,63.9,1,6,11,1,1,0.01379,0,normal,0
LG-1004,2025-01-07 11:40:00,6.567458,3.346915,0.0,63.9,1,7,11,1,1,0.01379,0,normal,0
LG-1004,2025-01-07 11:40:30,6.567458,3.346915,0.0,63.9,1,8,11,1,1,0.01379,0,normal,0
LG-1004,2025-01-07 11:41:00,6.567458,3.346915,0.0,63.9,1,9,11,1,1,0.01379,0,normal,0
LG-1004,2025-01-07 11:41:30,6.56458,3.34805,41.3,63.8,1,0,11,1,1,0.01189,0,normal,0
LG-1004,2025-01-07 11:42:00,6.562699,3.348841,27.2,63.8,1,0,11,1,1,0.01099,0,normal,0
LG-1004,2025-01-07 11:42:30,6.561629,3.34928,15.4,63.7,1,0,11,1,1,0.01061,0,normal,0
LG-1004,2025-01-07 11:43:00,6.560481,3.349729,16.5,63.7,1,0,11,1,1,0.01031,0,normal,0
LG-1004,2025-01-07 11:43:30,6.558749,3.35046,25.1,63.6,1,0,11,1,1,0.01018,0,normal,0
LG-1004,2025-01-07 11:44:00,6.557278,3.351091,21.4,63.6,1,0,11,1,1,0.01034,0,normal,0
LG-1004,2025-01-07 11:44:30,6.555967,3.351626,18.9,63.5,1,0,11,1,1,0.01067,0,normal,0
LG-1004,2025-01-07 11:45:00,6.55313,3.352796,41.0,63.4,1,0,11,1,1,0.01194,0,normal,0
LG-1004,2025-01-07 11:45:30,6.551773,3.353357,19.6,63.4,1,0,11,1,1,0.01277,0,normal,0
LG-1004,2025-01-07 11:46:00,6.548915,3.354515,41.1,63.3,1,0,11,1,1,0.01482,0,normal,0
LG-1004,2025-01-07 11:46:30,6.54645,3.355523,35.5,63.2,1,0,11,1,1,0.01685,0,normal,0
LG-1004,2025-01-07 11:47:00,6.544219,3.356434,32.2,63.1,1,0,11,1,1,0.01883,0,normal,0
LG-1004,2025-01-07 11:47:30,6.541847,3.356894,32.3,63.1,1,0,11,1,1,0.02063,0,normal,0
LG-1004,2025-01-07 11:48:00,6.540371,3.355952,23.3,63.0,1,0,11,1,1,0.02092,0,normal,0
LG-1004,2025-01-07 11:48:30,6.538385,3.354567,32.3,62.9,1,0,11,1,1,0.02145,0,normal,0
LG-1004,2025-01-07 11:49:00,6.537161,3.353789,19.3,62.9,1,0,11,1,1,0.02195,0,normal,0
LG-1004,2025-01-07 11:49:30,6.534525,3.352313,40.3,62.8,1,0,11,1,1,0.02339,0,normal,0
LG-1004,2025-01-07 11:50:00,6.532865,3.352517,22.3,62.7,1,0,11,1,1,0.02495,0,normal,0
LG-1004,2025-01-07 11:50:30,6.531337,3.352976,21.3,62.7,1,0,11,1,1,0.02508,0,normal,0
LG-1004,2025-01-07 11:51:00,6.528886,3.35371,34.2,62.6,1,0,11,1,1,0.02296,0,normal,0
LG-1004,2025-01-07 11:51:30,6.526907,3.354986,31.4,62.5,1,0,11,1,1,0.02077,0,normal,0
LG-1004,2025-01-07 11:52:00,6.526472,3.356944,26.6,62.5,1,0,11,1,1,0.01893,0,normal,0
LG-1004,2025-01-07 11:52:30,6.526119,3.359305,31.7,62.4,1,0,11,1,1,0.01688,0,normal,0
LG-1004,2025-01-07 11:53:00,6.525328,3.360448,18.5,62.4,1,0,11,1,1,0.0155,0,normal,0
LG-1004,2025-01-07 11:53:30,6.523806,3.362404,33.0,62.3,1,0,11,1,1,0.01302,0,normal,0
LG-1004,2025-01-07 11:54:00,6.522532,3.363402,21.6,62.2,1,0,11,1,1,0.01143,0,normal,0
LG-1004,2025-01-07 11:54:30,6.521116,3.364216,21.8,62.2,1,0,11,1,1,0.0099,0,normal,0
LG-1004,2025-01-07 11:55:00,6.519906,3.364916,18.7,62.1,1,0,11,1,1,0.00862,0,normal,0
LG-1004,2025-01-07 11:55:30,6.518234,3.365348,23.1,62.1,1,0,11,1,1,0.0074,0,normal,0
LG-1004,2025-01-07 11:56:00,6.516509,3.365092,23.3,62.0,1,0,11,1,1,0.00707,0,normal,0
LG-1004,2025-01-07 11:56:30,6.514595,3.364461,26.9,62.0,1,0,11,1,1,0.00755,0,normal,0
LG-1004,2025-01-07 11:57:00,6.513191,3.364076,19.4,61.9,1,0,11,1,1,0.00813,0,normal,0
LG-1004,2025-01-07 11:57:30,6.511797,3.363627,19.5,61.9,1,0,11,1,1,0.00896,0,normal,0
LG-1004,2025-01-07 11:58:00,6.509675,3.363069,29.3,61.8,1,0,11,1,1,0.0104,0,normal,0
LG-1004,2025-01-07 11:58:30,6.508361,3.363223,17.7,61.8,1,0,11,1,1,0.01072,0,normal,0
LG-1004,2025-01-07 11:59:00,6.505916,3.363796,33.5,61.7,1,0,11,1,1,0.00902,0,normal,0
LG-1004,2025-01-07 11:59:30,6.502968,3.363502,39.6,61.6,1,0,11,1,1,0.00678,0,normal,0
LG-1004,2025-01-07 12:00:00,6.501142,3.362793,26.1,61.5,1,0,12,1,1,0.00525,0,normal,0
LG-1004,2025-01-07 12:00:30,6.498328,3.361881,39.5,61.4,1,0,12,1,1,0.00394,0,normal,0
LG-1004,2025-01-07 12:01:00,6.497089,3.361632,16.9,61.4,1,0,12,1,1,0.0041,0,normal,0
LG-1004,2025-01-07 12:01:30,6.495947,3.361532,15.3,61.4,1,0,12,1,1,0.00467,0,normal,0
LG-1004,2025-01-07 12:02:00,6.493429,3.362018,34.2,61.3,1,0,12,1,1,0.00687,0,normal,0
LG-1004,2025-01-07 12:02:30,6.490927,3.362932,35.6,61.2,1,0,12,1,1,0.00946,0,normal,0
LG-1004,2025-01-07 12:03:00,6.488255,3.363886,37.9,61.1,1,0,12,1,1,0.01225,0,normal,0
LG-1004,2025-01-07 12:03:30,6.48715,3.364289,15.7,61.1,1,0,12,1,1,0.01342,0,normal,0
LG-1004,2025-01-07 12:04:00,6.484639,3.365275,36.0,61.0,1,0,12,1,1,0.0161,0,normal,0
LG-1004,2025-01-07 12:04:30,6.483055,3.366226,24.6,60.9,1,0,12,1,1,0.01794,0,normal,0
LG-1004,2025-01-07 12:05:00,6.481821,3.367386,22.6,60.9,1,0,12,1,1,0.01958,0,normal,0
LG-1004,2025-01-07 12:05:30,6.48092,3.368485,18.9,60.8,1,0,12,1,1,0.0209,0,normal,0
LG-1004,2025-01-07 12:06:00,6.478987,3.370986,42.1,60.7,1,0,12,1,1,0.02386,0,normal,0
LG-1004,2025-01-07 12:06:30,6.478252,3.371923,15.8,60.7,1,0,12,1,1,0.02499,0,normal,0
LG-1004,2025-01-07 12:07:00,6.476531,3.374136,37.3,60.6,1,0,12,1,1,0.02766,0,normal,0
LG-1004,2025-01-07 12:07:30,6.47477,3.375758,31.9,60.5,1,0,12,1,1,0.02759,0,normal,0
LG-1004,2025-01-07 12:08:00,6.472372,3.376765,34.7,60.5,1,0,12,1,1,0.02519,0,normal,0
LG-1004,2025-01-07 12:08:30,6.469933,3.377541,34.2,60.4,1,0,12,1,1,0.02297,0,normal,0
LG-1004,2025-01-07 12:09:00,6.467209,3.378443,38.3,60.3,1,0,12,1,1,0.02057,0,normal,0
LG-1004,2025-01-07 12:09:30,6.465951,3.379146,19.2,60.2,1,0,12,1,1,0.01927,0,normal,0
LG-1004,2025-01-07 12:10:00,6.465061,3.379718,14.1,60.2,1,0,12,1,1,0.0183,0,normal,0
LG-1004,2025-01-07 12:10:30,6.463108,3.380972,30.9,60.1,1,0,12,1,1,0.0162,0,normal,0
LG-1004,2025-01-07 12:11:00,6.461589,3.381944,24.1,60.1,1,0,12,1,1,0.01462,0,normal,0
LG-1004,2025-01-07 12:11:30,6.460375,3.382441,17.5,60.0,1,0,12,1,1,0.01366,0,normal,0
LG-1004,2025-01-07 12:12:00,6.458958,3.38273,19.3,60.0,1,0,12,1,1,0.01289,0,normal,0
LG-1004,2025-01-07 12:12:30,6.457248,3.382391,23.3,59.9,1,0,12,1,1,0.01281,0,normal,0
LG-1004,2025-01-07 12:13:00,6.456108,3.382005,16.1,59.9,1,0,12,1,1,0.01304,0,normal,0
LG-1004,2025-01-07 12:13:30,6.454945,3.382051,15.6,59.9,1,0,12,1,1,0.01295,0,normal,0
LG-1004,2025-01-07 12:14:00,6.452818,3.384038,38.8,59.8,1,0,12,1,1,0.01118,0,normal,0
LG-1004,2025-01-07 12:14:30,6.452065,3.385579,22.8,59.7,1,0,12,1,1,0.00987,0,normal,0
LG-1004,2025-01-07 12:15:00,6.450577,3.388335,41.6,59.6,1,0,12,1,1,0.008,0,normal,0
LG-1004,2025-01-07 12:15:30,6.448981,3.390985,41.1,59.5,1,0,12,1,1,0.00724,0,normal,0
LG-1004,2025-01-07 12:16:00,6.448254,3.392131,18.1,59.5,1,0,12,1,1,0.00733,0,normal,0
LG-1004,2025-01-07 12:16:30,6.446804,3.394249,34.1,59.4,1,0,12,1,1,0.00823,0,normal,0
LG-1004,2025-01-07 12:17:00,6.445492,3.396169,30.9,59.3,1,0,12,1,1,0.00958,0,normal,0
LG-1004,2025-01-07 12:17:30,6.444056,3.398234,33.5,59.3,1,0,12,1,1,0.01141,0,normal,0
LG-1004,2025-01-07 12:18:00,6.443294,3.399235,16.7,59.2,1,0,12,1,1,0.01245,0,normal,0
LG-1004,2025-01-07 12:18:30,6.442301,3.400295,19.3,59.2,1,0,12,1,1,0.01376,0,normal,0
LG-1004,2025-01-07 12:19:00,6.441581,3.401268,16.1,59.1,1,0,12,1,1,0.01481,0,normal,0
LG-1004,2025-01-07 12:19:30,6.440528,3.403341,30.9,59.1,1,0,12,1,1,0.0167,0,normal,0
LG-1004,2025-01-07 12:20:00,6.438819,3.405974,41.8,59.0,1,0,12,1,1,0.01852,0,normal,0
LG-1004,2025-01-07 12:20:30,6.437188,3.407797,32.6,58.9,1,0,12,1,1,0.01609,0,normal,0
LG-1004,2025-01-07 12:21:00,6.434785,3.408637,34.0,58.8,1,0,12,1,1,0.0141,0,normal,0
LG-1004,2025-01-07 12:21:30,6.43166,3.408806,41.8,58.7,1,0,12,1,1,0.01273,0,normal,0
LG-1004,2025-01-07 12:22:00,6.42992,3.409544,25.2,58.7,1,0,12,1,1,0.01162,0,normal,0
LG-1004,2025-01-07 12:22:30,6.429995,3.41068,15.1,58.6,1,0,12,1,1,0.01051,0,normal,0
LG-1004,2025-01-07 12:23:00,6.430549,3.4135,38.2,58.5,1,0,12,1,1,0.00792,0,normal,0
LG-1004,2025-01-07 12:23:30,6.430559,3.415327,24.2,58.5,1,0,12,1,1,0.00622,0,normal,0
LG-1004,2025-01-07 12:24:00,6.430528,3.416392,14.1,58.4,1,0,12,1,1,0.00526,0,normal,0
LG-1004,2025-01-07 12:24:30,6.430146,3.41848,28.2,58.4,1,0,12,1,1,0.00331,0,normal,0
LG-1004,2025-01-07 12:25:00,6.429328,3.421323,39.3,58.3,1,0,12,1,1,0.00137,0,normal,0
LG-1004,2025-01-07 12:25:30,6.427812,3.421237,20.3,58.2,1,0,12,1,1,0.0003,0,normal,0
LG-1004,2025-01-07 12:26:00,6.427811,3.421001,3.1,58.2,1,0,12,1,1,0.00019,0,normal,0
LG-1004,2025-01-07 12:26:30,6.427811,3.421001,0.0,58.2,0,1,12,1,1,0.00019,0,normal,0
LG-1004,2025-01-08 07:14:00,6.453986,3.39531,0.0,58.2,0,1,7,2,1,0.00106,0,normal,0
LG-1004,2025-01-08 07:14:30,6.453432,3.395423,7.5,58.2,1,0,7,2,1,0.00162,0,normal,0
LG-1004,2025-01-08 07:15:00,6.452744,3.395433,9.2,58.2,1,0,7,2,1,0.0023,0,normal,0
LG-1004,2025-01-08 07:15:30,6.452418,3.395141,5.8,58.2,1,0,7,2,1,0.00259,0,normal,0
LG-1004,2025-01-08 07:16:00,6.452499,3.394682,6.2,58.2,1,0,7,2,1,0.00252,0,normal,0
LG-1004,2025-01-08 07:16:30,6.452722,3.393782,12.3,58.1,1,0,7,2,1,0.00258,0,normal,0
LG-1004,2025-01-08 07:17:00,6.4529,3.392739,14.1,58.1,1,0,7,2,1,0.00309,0,normal,0
LG-1004,2025-01-08 07:17:30,6.453223,3.39178,13.4,58.1,1,0,7,2,1,0.00368,0,normal,0
LG-1004,2025-01-08 07:18:00,6.453625,3.391106,10.4,58.1,1,0,7,2,1,0.00413,0,normal,0
LG-1004,2025-01-08 07:18:30,6.45399,3.390257,12.3,58.0,1,0,7,2,1,0.00485,0,normal,0
LG-1004,2025-01-08 07:19:00,6.453928,3.389751,6.8,58.0,1,0,7,2,1,0.00536,0,normal,0
LG-1004,2025-01-08 07:19:30,6.454154,3.389219,7.7,58.0,1,0,7,2,1,0.00584,0,normal,0
LG-1004,2025-01-08 07:20:00,6.454306,3.388003,16.3,58.0,1,0,7,2,1,0.00703,0,normal,0
LG-1004,2025-01-08 07:20:30,6.454816,3.387013,14.8,57.9,1,0,7,2,1,0.00799,0,normal,0
LG-1004,2025-01-08 07:21:00,6.455201,3.385823,16.6,57.9,1,0,7,2,1,0.00918,0,normal,0
LG-1004,2025-01-08 07:21:30,6.455462,3.3846,16.6,57.8,1,0,7,2,1,0.01041,0,normal,0
LG-1004,2025-01-08 07:22:00,6.455778,3.383639,13.4,57.8,1,0,7,2,1,0.01139,0,normal,0
LG-1004,2025-01-08 07:22:30,6.456252,3.382473,16.7,57.8,1,0,7,2,1,0.01259,0,normal,0
LG-1004,2025-01-08 07:23:00,6.456885,3.382458,8.5,57.8,1,0,7,2,1,0.01268,0,normal,0
LG-1004,2025-01-08 07:23:30,6.457304,3.382606,5.9,57.7,1,0,7,2,1,0.01261,0,normal,0
LG-1004,2025-01-08 07:24:00,6.457777,3.38276,6.6,57.7,1,0,7,2,1,0.01255,0,normal,0
LG-1004,2025-01-08 07:24:30,6.458303,3.382867,7.2,57.7,1,0,7,2,1,0.01257,0,normal,0
LG-1004,2025-01-08 07:25:00,6.458825,3.382843,7.0,57.7,1,0,7,2,1,0.01274,0,normal,0
LG-1004,2025-01-08 07:25:30,6.45957,3.382751,10.0,57.7,1,0,7,2,1,0.01307,0,normal,0
LG-1004,2025-01-08 07:26:00,6.460602,3.382504,14.2,57.6,1,0,7,2,1,0.01369,0,normal,0
LG-1004,2025-01-08 07:26:30,6.461633,3.382035,15.1,57.6,1,0,7,2,1,0.01456,0,normal,0
LG-1004,2025-01-08 07:27:00,6.462445,3.381517,12.8,57.6,1,0,7,2,1,0.0154,0,normal,0
LG-1004,2025-01-08 07:27:30,6.462927,3.381211,7.6,57.5,1,0,7,2,1,0.01591,0,normal,0
LG-1004,2025-01-08 07:28:00,6.463856,3.380619,14.7,57.5,1,0,7,2,1,0.01689,0,normal,0
LG-1004,2025-01-08 07:28:30,6.464493,3.380213,10.1,57.5,1,0,7,2,1,0.01757,0,normal,0
LG-1004,2025-01-08 07:29:00,6.464875,3.37997,6.0,57.5,1,0,7,2,1,0.01798,0,normal,0
LG-1004,2025-01-08 07:29:30,6.465457,3.379599,9.2,57.5,1,0,7,2,1,0.01862,0,normal,0
LG-1004,2025-01-08 07:30:00,6.466076,3.379205,9.8,57.4,1,0,7,2,1,0.01929,0,normal,0
LG-1004,2025-01-08 07:30:30,6.466653,3.378839,9.1,57.4,1,0,7,2,1,0.01992,0,normal,0
LG-1004,2025-01-08 07:31:00,6.467705,3.378362,15.4,57.4,1,0,7,2,1,0.02093,0,normal,0
LG-1004,2025-01-08 07:31:30,6.468766,3.378025,14.9,57.3,1,0,7,2,1,0.02186,0,normal,0
LG-1004,2025-01-08 07:32:00,6.469775,3.377714,14.1,57.3,1,0,7,2,1,0.02274,0,normal,0
LG-1004,2025-01-08 07:32:30,6.470314,3.377548,7.5,57.3,1,0,7,2,1,0.02322,0,normal,0
LG-1004,2025-01-08 07:33:00,6.471409,3.377179,15.4,57.3,1,0,7,2,1,0.02422,0,normal,0
LG-1004,2025-01-08 07:33:30,6.472397,3.376855,13.9,57.2,1,0,7,2,1,0.02514,0,normal,0
LG-1004,2025-01-08 07:34:00,6.47298,3.376663,8.2,57.2,1,0,7,2,1,0.02568,0,normal,0
LG-1004,2025-01-08 07:34:30,6.473929,3.376312,13.5,57.2,1,0,7,2,1,0.0266,0,normal,0
LG-1004,2025-01-08 07:35:00,6.47469,3.375892,11.6,57.1,1,0,7,2,1,0.02744,0,normal,0
LG-1004,2025-01-08 07:35:30,6.475388,3.375445,11.1,57.1,1,0,7,2,1,0.02825,0,normal,0
LG-1004,2025-01-08 07:36:00,6.475799,3.375093,7.2,57.1,1,0,7,2,1,0.02879,0,normal,0
LG-1004,2025-01-08 07:36:30,6.476417,3.374442,12.0,57.1,1,0,7,2,1,0.02793,0,normal,0
LG-1004,2025-01-08 07:37:00,6.476746,3.374026,7.1,57.1,1,0,7,2,1,0.02742,0,normal,0
LG-1004,2025-01-08 07:37:30,6.477105,3.373563,7.8,57.0,1,0,7,2,1,0.02686,0,normal,0
LG-1004,2025-01-08 07:38:00,6.477448,3.373121,7.4,57.0,1,0,7,2,1,0.02633,0,normal,0
LG-1004,2025-01-08 07:38:30,6.478236,3.372107,17.1,57.0,1,0,7,2,1,0.0251,0,normal,0
LG-1004,2025-01-08 07:39:00,6.478671,3.371568,9.2,57.0,1,0,7,2,1,0.02444,0,normal,0
LG-1004,2025-01-08 07:39:30,6.479127,3.370966,10.0,56.9,1,0,7,2,1,0.02373,0,normal,0
LG-1004,2025-01-08 07:40:00,6.479561,3.370384,9.7,56.9,1,0,7,2,1,0.02305,0,normal,0
LG-1004,2025-01-08 07:40:30,6.48032,3.36941,16.4,56.9,1,0,7,2,1,0.02189,0,normal,0
LG-1004,2025-01-08 07:41:00,6.480898,3.36867,12.5,56.8,1,0,7,2,1,0.02101,0,normal,0
LG-1004,2025-01-08 07:41:30,6.481744,3.367746,16.7,56.8,1,0,7,2,1,0.01982,0,normal,0
LG-1004,2025-01-08 07:42:00,6.482259,3.367263,9.4,56.8,1,0,7,2,1,0.01913,0,normal,0
LG-1004,2025-01-08 07:42:30,6.482672,3.36691,7.2,56.8,1,0,7,2,1,0.0186,0,normal,0
LG-1004,2025-01-08 07:43:00,6.483405,3.366333,12.4,56.7,1,0,7,2,1,0.01768,0,normal,0
LG-1004,2025-01-08 07:43:30,6.484023,3.365915,10.0,56.7,1,0,7,2,1,0.01694,0,normal,0
LG-1004,2025-01-08 07:44:00,6.485009,3.365324,15.3,56.7,1,0,7,2,1,0.01579,0,normal,0
LG-1004,2025-01-08 07:44:30,6.486111,3.364809,16.2,56.6,1,0,7,2,1,0.01458,0,normal,0
LG-1004,2025-01-08 07:45:00,6.486914,3.364504,11.5,56.6,1,0,7,2,1,0.01373,0,normal,0
LG-1004,2025-01-08 07:45:30,6.488136,3.364062,17.3,56.6,1,0,7,2,1,0.01244,0,normal,0
LG-1004,2025-01-08 07:46:00,6.489011,3.363749,12.4,56.5,1,0,7,2,1,0.01152,0,normal,0
LG-1004,2025-01-08 07:46:30,6.489654,3.363522,9.1,56.5,1,0,7,2,1,0.01086,0,normal,0
LG-1004,2025-01-08 07:47:00,6.490474,3.363223,11.7,56.5,1,0,7,2,1,0.01,0,normal,0
LG-1004,2025-01-08 07:47:30,6.490923,3.363068,6.3,56.5,1,0,7,2,1,0.00954,0,normal,0
LG-1004,2025-01-08 07:48:00,6.492006,3.362678,15.4,56.4,1,0,7,2,1,0.00841,0,normal,0
LG-1004,2025-01-08 07:48:30,6.492502,3.362487,7.1,56.4,1,0,7,2,1,0.0079,0,normal,0
LG-1004,2025-01-08 07:49:00,6.493172,3.36224,9.5,56.4,1,0,7,2,1,0.00721,0,normal,0
LG-1004,2025-01-08 07:49:30,6.494062,3.361934,12.6,56.4,1,0,7,2,1,0.00631,0,normal,0
LG-1004,2025-01-08 07:50:00,6.494524,3.361808,6.4,56.4,1,0,7,2,1,0.00588,0,normal,0
LG-1004,2025-01-08 07:50:30,6.495029,3.361722,6.8,56.3,1,0,7,2,1,0.00544,0,normal,0
LG-1004,2025-01-08 07:51:00,6.496082,3.361659,14.1,56.3,1,0,7,2,1,0.00468,0,normal,0
LG-1004,2025-01-08 07:51:30,6.496585,3.361703,6.7,56.3,1,0,7,2,1,0.00442,0,normal,0
LG-1004,2025-01-08 07:52:00,6.497438,3.361833,11.5,56.3,1,0,7,2,1,0.00414,0,normal,0
LG-1004,2025-01-08 07:52:30,6.498165,3.361974,9.9,56.2,1,0,7,2,1,0.00406,0,normal,0
LG-1004,2025-01-08 07:53:00,6.498785,3.362145,8.6,56.2,1,0,7,2,1,0.00415,0,normal,0
LG-1004,2025-01-08 07:53:30,6.498785,3.362145,0.0,56.2,1,1,7,2,1,0.00415,0,normal,0
LG-1004,2025-01-08 07:54:00,6.498785,3.362145,0.0,56.2,1,2,7,2,1,0.00415,0,normal,0
LG-1004,2025-01-08 07:54:30,6.498785,3.362145,0.0,56.2,1,3,7,2,1,0.00415,0,normal,0
LG-1004,2025-01-08 07:55:00,6.498785,3.362145,0.0,56.2,1,4,7,2,1,0.00415,0,normal,0
LG-1004,2025-01-08 07:55:30,6.499369,3.362313,8.1,56.2,1,0,7,2,1,0.00433,0,normal,0
LG-1004,2025-01-08 07:56:00,6.50042,3.362689,14.9,56.2,1,0,7,2,1,0.0049,0,normal,0
LG-1004,2025-01-08 07:56:30,6.501627,3.363122,17.1,56.1,1,0,7,2,1,0.00576,0,normal,0
LG-1004,2025-01-08 07:57:00,6.502159,3.363312,7.5,56.1,1,0,7,2,1,0.00618,0,normal,0
LG-1004,2025-01-08 07:57:30,6.503373,3.363746,17.2,56.1,1,0,7,2,1,0.00722,0,normal,0
LG-1004,2025-01-08 07:58:00,6.504293,3.364043,12.9,56.0,1,0,7,2,1,0.00803,0,normal,0
LG-1004,2025-01-08 07:58:30,6.505293,3.36403,13.4,56.0,1,0,7,2,1,0.00872,0,normal,0
LG-1004,2025-01-08 07:59:00,6.506334,3.363795,14.3,56.0,1,0,7,2,1,0.00935,0,normal,0
LG-1004,2025-01-08 07:59:30,6.507368,3.363545,14.2,56.0,1,0,7,2,1,0.01004,0,normal,0
LG-1004,2025-01-08 08:00:00,6.508505,3.363288,15.6,55.9,1,0,8,2,1,0.01087,0,normal,0
LG-1004,2025-01-08 08:00:30,6.509366,3.36319,11.6,55.9,1,0,8,2,1,0.01046,0,normal,0
LG-1004,2025-01-08 08:01:00,6.510271,3.36329,12.2,55.9,1,0,8,2,1,0.00991,0,normal,0
LG-1004,2025-01-08 08:01:30,6.510966,3.363504,9.7,55.8,1,0,8,2,1,0.00941,0,normal,0
LG-1004,2025-01-08 08:02:00,6.511474,3.363671,7.1,55.8,1,0,8,2,1,0.00904,0,normal,0
LG-1004,2025-01-08 08:02:30,6.512457,3.363973,13.7,55.8,1,0,8,2,1,0.00842,0,normal,0
LG-1004,2025-01-08 08:03:00,6.512905,3.36412,6.3,55.8,1,0,8,2,1,0.00815,0,normal,0
LG-1004,2025-01-08 08:03:30,6.513556,3.364332,9.1,55.8,1,0,8,2,1,0.0078,0,normal,0
LG-1004,2025-01-08 08:04:00,6.514036,3.364542,7.0,55.7,1,0,8,2,1,0.00752,0,normal,0
LG-1004,2025-01-08 08:04:30,6.514607,3.364756,8.1,55.7,1,0,8,2,1,0.00725,0,normal,0
LG-1004,2025-01-08 08:05:00,6.515561,3.365073,13.4,55.7,1,0,8,2,1,0.00695,0,normal,0
LG-1004,2025-01-08 08:05:30,6.516401,3.365581,13.1,55.7,1,0,8,2,1,0.00657,0,normal,0
LG-1004,2025-01-08 08:06:00,6.516225,3.366305,9.9,55.6,1,0,8,2,1,0.00583,0,normal,0
LG-1004,2025-01-08 08:06:30,6.516123,3.366805,6.8,55.6,1,0,8,2,1,0.00531,0,normal,0
LG-1004,2025-01-08 08:07:00,6.516257,3.367618,10.9,55.6,1,0,8,2,1,0.00456,0,normal,0
LG-1004,2025-01-08 08:07:30,6.516494,3.368322,9.9,55.6,1,0,8,2,1,0.00397,0,normal,0
LG-1004,2025-01-08 08:08:00,6.515827,3.368895,11.7,55.5,1,0,8,2,1,0.00321,0,normal,0
LG-1004,2025-01-08 08:08:30,6.515011,3.369355,12.5,55.5,1,0,8,2,1,0.00265,0,normal,0
LG-1004,2025-01-08 08:09:00,6.514196,3.36967,11.7,55.5,1,0,8,2,1,0.00246,0,normal,0
LG-1004,2025-01-08 08:09:30,6.513389,3.369994,11.6,55.5,1,0,8,2,1,0.00257,0,normal,0
LG-1004,2025-01-08 08:10:00,6.512466,3.370445,13.7,55.4,1,0,8,2,1,0.00297,0,normal,0
LG-1004,2025-01-08 08:10:30,6.51355,3.370637,14.7,55.4,1,0,8,2,1,0.00199,0,normal,0
LG-1004,2025-01-08 08:11:00,6.514022,3.371087,8.7,55.4,1,0,8,2,1,0.00134,0,normal,0
LG-1004,2025-01-08 08:11:30,6.514142,3.371943,11.5,55.3,1,0,8,2,1,0.00086,0,normal,0
LG-1004,2025-01-08 08:12:00,6.514429,3.372217,5.3,55.3,1,0,8,2,1,0.00061,0,normal,0
LG-1004,2025-01-08 08:12:30,6.514741,3.372309,4.3,55.3,1,0,8,2,1,0.0004,0,normal,0
LG-1004,2025-01-08 08:13:00,6.514741,3.372309,0.0,55.3,0,1,8,2,1,0.0004,0,normal,0
LG-1004,2025-01-08 08:13:30,6.514741,3.372309,0.0,55.3,0,2,8,2,1,0.0004,0,normal,0
LG-1004,2025-01-09 16:16:00,6.429389,3.421323,0.0,55.3,0,1,16,3,1,0.00143,0,normal,0
LG-1004,2025-01-09 16:16:30,6.429739,3.420514,11.7,55.3,1,0,16,3,1,0.00181,0,normal,0
LG-1004,2025-01-09 16:17:00,6.430337,3.418115,32.8,55.2,1,0,16,3,1,0.00371,0,normal,0
LG-1004,2025-01-09 16:17:30,6.430631,3.415661,32.8,55.1,1,0,16,3,1,0.00595,0,normal,0
LG-1004,2025-01-09 16:18:00,6.430631,3.413856,24.0,55.1,1,0,16,3,1,0.00761,0,normal,0
LG-1004,2025-01-09 16:18:30,6.430442,3.411947,25.5,55.0,1,0,16,3,1,0.00938,0,normal,0
LG-1004,2025-01-09 16:19:00,6.43007,3.410633,18.1,55.0,1,0,16,3,1,0.01057,0,normal,0
LG-1004,2025-01-09 16:19:30,6.43001,3.409664,12.9,55.0,1,0,16,3,1,0.01151,0,normal,0
LG-1004,2025-01-09 16:20:00,6.431388,3.408892,21.1,54.9,1,0,16,3,1,0.01257,0,normal,0
LG-1004,2025-01-09 16:20:30,6.432426,3.408889,13.9,54.9,1,0,16,3,1,0.01289,0,normal,0
LG-1004,2025-01-09 16:21:00,6.433436,3.408888,13.5,54.8,1,0,16,3,1,0.01328,0,normal,0
LG-1004,2025-01-09 16:21:30,6.434826,3.408735,18.7,54.8,1,0,16,3,1,0.01404,0,normal,0
LG-1004,2025-01-09 16:22:00,6.435686,3.408532,11.8,54.8,1,0,16,3,1,0.01465,0,normal,0
LG-1004,2025-01-09 16:22:30,6.437167,3.407909,21.4,54.7,1,0,16,3,1,0.01598,0,normal,0
LG-1004,2025-01-09 16:23:00,6.438624,3.406458,27.4,54.7,1,0,16,3,1,0.01801,0,normal,0
LG-1004,2025-01-09 16:23:30,6.439891,3.404604,29.9,54.6,1,0,16,3,1,0.0179,0,normal,0
LG-1004,2025-01-09 16:24:00,6.440976,3.403038,25.3,54.5,1,0,16,3,1,0.01616,0,normal,0
LG-1004,2025-01-09 16:24:30,6.44213,3.401026,30.8,54.5,1,0,16,3,1,0.01421,0,normal,0
LG-1004,2025-01-09 16:25:00,6.443209,3.399896,20.8,54.4,1,0,16,3,1,0.01277,0,normal,0
LG-1004,2025-01-09 16:25:30,6.444485,3.397955,30.9,54.3,1,0,16,3,1,0.01092,0,normal,0
LG-1004,2025-01-09 16:26:00,6.445481,3.396532,23.1,54.3,1,0,16,3,1,0.00964,0,normal,0
LG-1004,2025-01-09 16:26:30,6.446197,3.39551,16.6,54.2,1,0,16,3,1,0.00882,0,normal,0
LG-1004,2025-01-09 16:27:00,6.447605,3.393455,33.1,54.2,1,0,16,3,1,0.00755,0,normal,0
LG-1004,2025-01-09 16:27:30,6.448356,3.392349,17.8,54.1,1,0,16,3,1,0.00715,0,normal,0
LG-1004,2025-01-09 16:28:00,6.448846,3.391585,12.1,54.1,1,0,16,3,1,0.00704,0,normal,0
LG-1004,2025-01-09 16:28:30,6.449506,3.390486,17.0,54.1,1,0,16,3,1,0.00711,0,normal,0
LG-1004,2025-01-09 16:29:00,6.450272,3.389202,19.9,54.0,1,0,16,3,1,0.00748,0,normal,0
LG-1004,2025-01-09 16:29:30,6.450987,3.387919,19.5,54.0,1,0,16,3,1,0.00814,0,normal,0
LG-1004,2025-01-09 16:30:00,6.451836,3.386368,23.5,53.9,1,0,16,3,1,0.00919,0,normal,0
LG-1004,2025-01-09 16:30:30,6.453001,3.384285,31.7,53.8,1,0,16,3,1,0.0109,0,normal,0
LG-1004,2025-01-09 16:31:00,6.453639,3.383079,18.1,53.8,1,0,16,3,1,0.012,0,normal,0
LG-1004,2025-01-09 16:31:30,6.455058,3.382115,22.9,53.7,1,0,16,3,1,0.01289,0,normal,0
LG-1004,2025-01-09 16:32:00,6.455058,3.382115,0.5,53.7,1,93,16,3,1,0.01289,1,excessive_idle,0
LG-1004,2025-01-09 16:32:30,6.455058,3.382115,1.2,53.7,1,146,16,3,1,0.01289,1,excessive_idle,0
LG-1004,2025-01-09 16:33:00,6.455058,3.382115,0.2,53.7,1,147,16,3,1,0.01289,1,excessive_idle,0
LG-1004,2025-01-09 16:33:30,6.455058,3.382115,0.8,53.7,1,157,16,3,1,0.01289,1,excessive_idle,0
LG-1004,2025-01-09 16:34:00,6.455058,3.382115,1.2,53.7,1,190,16,3,1,0.01289,1,excessive_idle,0
LG-1004,2025-01-09 16:34:30,6.455058,3.382115,0.9,53.7,1,222,16,3,1,0.01289,1,excessive_idle,0
LG-1004,2025-01-09 16:35:00,6.455058,3.382115,0.6,53.7,1,223,16,3,1,0.01289,1,excessive_idle,0
LG-1004,2025-01-09 16:35:30,6.455058,3.382115,0.0,53.7,1,224,16,3,1,0.01289,1,excessive_idle,0
LG-1004,2025-01-09 16:36:00,6.455058,3.382115,0.1,53.7,1,225,16,3,1,0.01289,1,excessive_idle,0
LG-1004,2025-01-09 16:36:30,6.455058,3.382115,0.5,53.7,1,226,16,3,1,0.01289,1,excessive_idle,0
LG-1004,2025-01-09 16:37:00,6.456509,3.382216,19.4,53.7,1,0,16,3,1,0.01287,0,normal,0
LG-1004,2025-01-09 16:37:30,6.458245,3.382779,24.4,53.6,1,0,16,3,1,0.01264,0,normal,0
LG-1004,2025-01-09 16:38:00,6.45992,3.382667,22.4,53.6,1,0,16,3,1,0.01328,0,normal,0
LG-1004,2025-01-09 16:38:30,6.461794,3.381932,26.9,53.5,1,0,16,3,1,0.01473,0,normal,0
LG-1004,2025-01-09 16:39:00,6.463492,3.380851,26.8,53.5,1,0,16,3,1,0.0165,0,normal,0
LG-1004,2025-01-09 16:39:30,6.464683,3.380092,18.8,53.4,1,0,16,3,1,0.01778,0,normal,0
LG-1004,2025-01-09 16:40:00,6.465914,3.379308,19.5,53.4,1,0,16,3,1,0.01911,0,normal,0
LG-1004,2025-01-09 16:40:30,6.467552,3.378412,24.9,53.3,1,0,16,3,1,0.0208,0,normal,0
LG-1004,2025-01-09 16:41:00,6.469356,3.377843,25.3,53.3,1,0,16,3,1,0.02237,0,normal,0
LG-1004,2025-01-09 16:41:30,6.470699,3.377429,18.8,53.2,1,0,16,3,1,0.02356,0,normal,0
LG-1004,2025-01-09 16:42:00,6.472053,3.376962,19.1,53.2,1,0,16,3,1,0.02482,0,normal,0
LG-1004,2025-01-09 16:42:30,6.473995,3.37628,27.5,53.1,1,0,16,3,1,0.02667,0,normal,0
LG-1004,2025-01-09 16:43:00,6.47566,3.375218,26.3,53.0,1,0,16,3,1,0.0286,0,normal,0
LG-1004,2025-01-09 16:43:30,6.476423,3.374434,14.6,53.0,1,0,16,3,1,0.02792,0,normal,0
LG-1004,2025-01-09 16:44:00,6.477422,3.373154,21.6,53.0,1,0,16,3,1,0.02637,0,normal,0
LG-1004,2025-01-09 16:44:30,6.478911,3.371269,32.0,52.9,1,0,16,3,1,0.02408,0,normal,0
LG-1004,2025-01-09 16:45:00,6.479455,3.370521,12.3,52.8,1,0,16,3,1,0.02321,0,normal,0
LG-1004,2025-01-09 16:45:30,6.480893,3.368677,31.1,52.8,1,0,16,3,1,0.02102,0,normal,0
LG-1004,2025-01-09 16:46:00,6.481658,3.367827,15.2,52.7,1,0,16,3,1,0.01993,0,normal,0
LG-1004,2025-01-09 16:46:30,6.482959,3.366676,23.1,52.7,1,0,16,3,1,0.01824,0,normal,0
LG-1004,2025-01-09 16:47:00,6.484263,3.36576,21.2,52.6,1,0,16,3,1,0.01666,0,normal,0
LG-1004,2025-01-09 16:47:30,6.484263,3.36576,0.0,52.6,1,1,16,3,1,0.01666,0,normal,0
LG-1004,2025-01-09 16:48:00,6.484263,3.36576,0.0,52.6,1,2,16,3,1,0.01666,0,normal,0
LG-1004,2025-01-09 16:48:30,6.484263,3.36576,0.0,52.6,1,3,16,3,1,0.01666,0,normal,0
LG-1004,2025-01-09 16:49:00,6.484263,3.36576,0.0,52.6,1,4,16,3,1,0.01666,0,normal,0
LG-1004,2025-01-09 16:49:30,6.484263,3.36576,0.0,52.6,1,5,16,3,1,0.01666,0,normal,0
LG-1004,2025-01-09 16:50:00,6.484263,3.36576,0.0,52.6,1,6,16,3,1,0.01666,0,normal,0
LG-1004,2025-01-09 16:50:30,6.484263,3.36576,0.0,52.6,1,7,16,3,1,0.01666,0,normal,0
LG-1004,2025-01-09 16:51:00,6.485023,3.365316,11.7,52.6,1,0,16,3,1,0.01578,0,normal,0
LG-1004,2025-01-09 16:51:30,6.487272,3.364374,32.5,52.5,1,0,16,3,1,0.01335,0,normal,0
LG-1004,2025-01-09 16:52:00,6.488822,3.363816,22.0,52.5,1,0,16,3,1,0.01172,0,normal,0
LG-1004,2025-01-09 16:52:30,6.491187,3.362977,33.5,52.4,1,0,16,3,1,0.00926,0,normal,0
LG-1004,2025-01-09 16:53:00,6.492459,3.362504,18.1,52.4,1,0,16,3,1,0.00794,0,normal,0
LG-1004,2025-01-09 16:53:30,6.494697,3.361774,31.4,52.3,1,0,16,3,1,0.00572,0,normal,0
LG-1004,2025-01-09 16:54:00,6.497135,3.361786,32.6,52.2,1,0,16,3,1,0.00422,0,normal,0
LG-1004,2025-01-09 16:54:30,6.498913,3.362182,24.3,52.2,1,0,16,3,1,0.00418,0,normal,0
LG-1004,2025-01-09 16:55:00,6.500064,3.362561,16.2,52.1,1,0,16,3,1,0.00468,0,normal,0
LG-1004,2025-01-09 16:55:30,6.501989,3.363251,27.3,52.1,1,0,16,3,1,0.00604,0,normal,0
LG-1004,2025-01-09 16:56:00,6.503693,3.363861,24.2,52.0,1,0,16,3,1,0.00751,0,normal,0
LG-1004,2025-01-09 16:56:30,6.506129,3.363845,32.5,51.9,1,0,16,3,1,0.00922,0,normal,0
LG-1004,2025-01-09 16:57:00,6.507705,3.363468,21.6,51.9,1,0,16,3,1,0.01028,0,normal,0
LG-1004,2025-01-09 16:57:30,6.509003,3.363204,17.7,51.8,1,0,16,3,1,0.01065,0,normal,0
LG-1004,2025-01-09 16:58:00,6.5101,3.363252,14.7,51.8,1,0,16,3,1,0.01003,0,normal,0
LG-1004,2025-01-09 16:58:30,6.512079,3.36385,27.6,51.7,1,0,16,3,1,0.00866,0,normal,0
LG-1004,2025-01-09 16:59:00,6.514469,3.36471,33.9,51.7,1,0,16,3,1,0.00731,0,normal,0
LG-1004,2025-01-09 16:59:30,6.515334,3.364998,12.2,51.6,1,0,16,3,1,0.00701,0,normal,0
LG-1004,2025-01-09 17:00:00,6.517333,3.365605,27.9,51.6,1,0,17,3,1,0.00681,0,normal,0
LG-1004,2025-01-09 17:00:30,6.519718,3.365126,32.5,51.5,1,0,17,3,1,0.00834,0,normal,0
LG-1004,2025-01-09 17:01:00,6.520563,3.364608,13.2,51.5,1,0,17,3,1,0.00925,0,normal,0
LG-1004,2025-01-09 17:01:30,6.52148,3.364091,14.0,51.4,1,0,17,3,1,0.01022,0,normal,0
LG-1004,2025-01-09 17:02:00,6.523234,3.363024,27.4,51.4,1,0,17,3,1,0.01218,0,normal,0
LG-1004,2025-01-09 17:02:30,6.524567,3.36157,26.3,51.3,1,0,17,3,1,0.01415,0,normal,0
LG-1004,2025-01-09 17:03:00,6.525165,3.360791,13.1,51.3,1,0,17,3,1,0.01513,0,normal,0
LG-1004,2025-01-09 17:03:30,6.526323,3.358837,30.2,51.2,1,0,17,3,1,0.01736,0,normal,0
LG-1004,2025-01-09 17:04:00,6.52653,3.357084,23.4,51.1,1,0,17,3,1,0.01885,0,normal,0
LG-1004,2025-01-09 17:04:30,6.527123,3.354752,31.9,51.1,1,0,17,3,1,0.02108,0,normal,0
LG-1004,2025-01-09 17:05:00,6.529184,3.353688,30.9,51.0,1,0,17,3,1,0.02316,0,normal,0
LG-1004,2025-01-09 17:05:30,6.531355,3.353044,30.2,50.9,1,0,17,3,1,0.02504,0,normal,0
LG-1004,2025-01-09 17:06:00,6.533037,3.35255,23.4,50.9,1,0,17,3,1,0.02481,0,normal,0
LG-1004,2025-01-09 17:06:30,6.534307,3.352353,17.2,50.8,1,0,17,3,1,0.0236,0,normal,0
LG-1004,2025-01-09 17:07:00,6.53587,3.353057,22.9,50.8,1,0,17,3,1,0.02261,0,normal,0
LG-1004,2025-01-09 17:07:30,6.536745,3.353614,13.8,50.7,1,0,17,3,1,0.02219,0,normal,0
LG-1004,2025-01-09 17:08:00,6.538432,3.354687,26.7,50.7,1,0,17,3,1,0.02149,0,normal,0
LG-1004,2025-01-09 17:08:30,6.539334,3.355305,14.6,50.6,1,0,17,3,1,0.02121,0,normal,0
LG-1004,2025-01-09 17:09:00,6.540747,3.356329,23.3,50.6,1,0,17,3,1,0.02093,0,normal,0
LG-1004,2025-01-09 17:09:30,6.541543,3.356858,12.7,50.6,1,0,17,3,1,0.0208,0,normal,0
LG-1004,2025-01-09 17:10:00,6.54288,3.35703,18.0,50.5,1,0,17,3,1,0.0201,0,normal,0
LG-1004,2025-01-09 17:10:30,6.544065,3.356595,16.8,50.5,1,0,17,3,1,0.01905,0,normal,0
LG-1004,2025-01-09 17:11:00,6.545858,3.355876,25.8,50.4,1,0,17,3,1,0.01746,0,normal,0
LG-1004,2025-01-09 17:11:30,6.547918,3.355049,29.6,50.4,1,0,17,3,1,0.01573,0,normal,0
LG-1004,2025-01-09 17:12:00,6.548807,3.354682,12.8,50.3,1,0,17,3,1,0.01502,0,normal,0
LG-1004,2025-01-09 17:12:30,6.55096,3.353791,31.1,50.2,1,0,17,3,1,0.01341,0,normal,0
LG-1004,2025-01-09 17:13:00,6.553131,3.352897,31.3,50.2,1,0,17,3,1,0.01204,0,normal,0
LG-1004,2025-01-09 17:13:30,6.554472,3.352338,19.4,50.1,1,0,17,3,1,0.01135,0,normal,0
LG-1004,2025-01-09 17:14:00,6.55632,3.351574,26.7,50.1,1,0,17,3,1,0.01066,0,normal,0
LG-1004,2025-01-09 17:14:30,6.557759,3.350978,20.8,50.0,1,0,17,3,1,0.01035,0,normal,0
LG-1004,2025-01-09 17:15:00,6.558662,3.350502,13.6,50.0,1,0,17,3,1,0.01018,0,normal,0
LG-1004,2025-01-09 17:15:30,6.557038,3.351198,23.6,49.9,1,0,17,3,1,0.0104,0,normal,0
LG-1004,2025-01-10 13:16:00,6.448043,3.36197,0.0,49.9,0,1,13,4,1,0.00312,0,normal,0
LG-1004,2025-01-10 13:16:30,6.446897,3.364846,41.1,49.8,1,0,13,4,1,0.00621,0,normal,0
LG-1004,2025-01-10 13:17:00,6.448657,3.367518,42.5,49.7,1,0,13,4,1,0.00852,0,normal,0
LG-1004,2025-01-10 13:17:30,6.450009,3.367878,18.7,49.7,1,0,13,4,1,0.00894,0,normal,0
LG-1004,2025-01-10 13:18:00,6.451586,3.367282,22.5,49.6,1,0,13,4,1,0.00868,0,normal,0
LG-1004,2025-01-10 13:18:30,6.454461,3.366102,41.5,49.5,1,0,13,4,1,0.00896,0,normal,0
LG-1004,2025-01-10 13:19:00,6.456651,3.365058,32.4,49.5,1,0,13,4,1,0.00976,0,normal,0
LG-1004,2025-01-10 13:19:30,6.458945,3.364363,32.0,49.4,1,0,13,4,1,0.0113,0,normal,0
LG-1004,2025-01-10 13:20:00,6.460427,3.364294,19.8,49.3,1,0,13,4,1,0.01259,0,normal,0
LG-1004,2025-01-10 13:20:30,6.463635,3.364232,42.9,49.2,1,0,13,4,1,0.01554,0,normal,0
LG-1004,2025-01-10 13:21:00,6.46586,3.364039,29.8,49.2,1,0,13,4,1,0.0176,0,normal,0
LG-1004,2025-01-10 13:21:30,6.467852,3.363747,26.9,49.1,1,0,13,4,1,0.01944,0,normal,0
LG-1004,2025-01-10 13:22:00,6.469398,3.363413,21.1,49.1,1,0,13,4,1,0.02087,0,normal,0
LG-1004,2025-01-10 13:22:30,6.47189,3.362997,33.7,49.0,1,0,13,4,1,0.02324,0,normal,0
LG-1004,2025-01-10 13:23:00,6.475669,3.364253,53.2,48.9,1,0,13,4,1,0.02415,0,normal,0
LG-1004,2025-01-10 13:23:30,6.477874,3.36532,32.7,48.8,1,0,13,4,1,0.02236,0,normal,0
LG-1004,2025-01-10 13:24:00,6.481108,3.366438,45.7,48.7,1,0,13,4,1,0.01978,0,normal,0
LG-1004,2025-01-10 13:24:30,6.484593,3.365477,48.3,48.6,1,0,13,4,1,0.01623,0,normal,0
LG-1004,2025-01-10 13:25:00,6.486825,3.364536,32.3,48.5,1,0,13,4,1,0.01382,0,normal,0
LG-1004,2025-01-10 13:25:30,6.490466,3.363226,51.6,48.4,1,0,13,4,1,0.01001,0,normal,0
LG-1004,2025-01-10 13:26:00,6.493745,3.362034,46.6,48.3,1,0,13,4,1,0.00663,0,normal,0
LG-1004,2025-01-10 13:26:30,6.496798,3.361735,41.0,48.2,1,0,13,4,1,0.00434,0,normal,0
LG-1004,2025-01-10 13:27:00,6.49824,3.361994,19.6,48.1,1,0,13,4,1,0.00407,0,normal,0
LG-1004,2025-01-10 13:27:30,6.49974,3.362444,20.9,48.1,1,0,13,4,1,0.00451,0,normal,0
LG-1004,2025-01-10 13:28:00,6.503849,3.363917,58.3,47.9,1,0,13,4,1,0.00765,0,normal,0
LG-1004,2025-01-10 13:28:30,6.507515,3.36351,49.3,47.8,1,0,13,4,1,0.01014,0,normal,0
LG-1004,2025-01-10 13:29:00,6.511618,3.363713,54.9,47.7,1,0,13,4,1,0.00895,0,normal,0
LG-1004,2025-01-10 13:29:30,6.515524,3.364974,54.8,47.6,1,0,13,4,1,0.00705,0,normal,0
LG-1004,2025-01-10 13:30:00,6.516971,3.36545,20.3,47.5,1,0,13,4,1,0.00684,0,normal,0
LG-1004,2025-01-10 13:30:30,6.52005,3.36757,49.8,47.4,1,0,13,4,1,0.00672,0,normal,0
LG-1004,2025-01-10 13:31:00,6.522827,3.367574,37.1,47.3,1,0,13,4,1,0.00899,0,normal,0
LG-1004,2025-01-10 13:31:30,6.526601,3.367557,50.4,47.2,1,0,13,4,1,0.01242,0,normal,0
LG-1004,2025-01-10 13:32:00,6.528083,3.367499,19.8,47.2,1,0,13,4,1,0.01384,0,normal,0
LG-1004,2025-01-10 13:32:30,6.530389,3.367452,30.8,47.1,1,0,13,4,1,0.01605,0,normal,0
LG-1004,2025-01-10 13:33:00,6.534051,3.367377,48.9,47.0,1,0,13,4,1,0.0196,0,normal,0
LG-1004,2025-01-10 13:33:30,6.537836,3.367306,50.6,46.8,1,0,13,4,1,0.02331,0,normal,0
LG-1004,2025-01-10 13:34:00,6.541114,3.367276,43.8,46.7,1,0,13,4,1,0.02654,0,normal,0
LG-1004,2025-01-10 13:34:30,6.543459,3.367244,31.3,46.7,1,0,13,4,1,0.02867,0,normal,0
LG-1004,2025-01-10 13:35:00,6.545831,3.367188,31.7,46.6,1,0,13,4,1,0.02775,0,normal,0
LG-1004,2025-01-10 13:35:30,6.550124,3.367095,57.4,46.5,1,0,13,4,1,0.02655,0,normal,0
LG-1004,2025-01-10 13:36:00,6.552873,3.367059,36.7,46.4,1,0,13,4,1,0.02615,0,normal,0
LG-1004,2025-01-10 13:36:30,6.555645,3.367009,37.0,46.3,1,0,13,4,1,0.02602,0,normal,0
LG-1004,2025-01-10 13:37:00,6.558725,3.366948,41.2,46.2,1,0,13,4,1,0.02621,0,normal,0
LG-1004,2025-01-10 13:37:30,6.561386,3.366858,35.6,46.1,1,0,13,4,1,0.02664,0,normal,0
LG-1004,2025-01-10 13:38:00,6.564467,3.366804,41.2,46.0,1,0,13,4,1,0.02749,0,normal,0
LG-1004,2025-01-10 13:38:30,6.567196,3.366829,36.5,45.9,1,0,13,4,1,0.02856,0,normal,0
LG-1004,2025-01-10 13:39:00,6.571002,3.367533,51.7,45.8,1,0,13,4,1,0.03098,0,normal,0
LG-1004,2025-01-10 13:39:30,6.574638,3.369445,54.8,45.7,1,0,13,4,1,0.03457,0,normal,0
LG-1004,2025-01-10 13:40:00,6.578047,3.371882,55.9,45.6,1,0,13,4,1,0.03385,1,route_deviation,0
LG-1004,2025-01-10 13:40:30,6.580565,3.373717,41.5,45.5,1,0,13,4,1,0.03364,1,route_deviation,0
LG-1004,2025-01-10 13:41:00,6.582805,3.375326,36.8,45.4,1,0,13,4,1,0.03367,1,route_deviation,0
LG-1004,2025-01-10 13:41:30,6.58566,3.377399,47.0,45.3,1,0,13,4,1,0.03405,1,route_deviation,0
LG-1004,2025-01-10 13:42:00,6.588807,3.379733,52.2,45.1,1,0,13,4,1,0.03493,1,route_deviation,0
LG-1004,2025-01-10 13:42:30,6.591326,3.381559,41.5,45.0,1,0,13,4,1,0.03589,1,route_deviation,0
LG-1004,2025-01-10 13:43:00,6.594174,3.383615,46.8,44.9,1,0,13,4,1,0.03725,1,route_deviation,0
LG-1004,2025-01-10 13:43:30,6.597133,3.385766,48.8,44.8,1,0,13,4,1,0.03896,1,route_deviation,0
LG-1004,2025-01-10 13:44:00,6.599829,3.387906,45.9,44.7,1,0,13,4,1,0.04092,1,route_deviation,0
LG-1004,2025-01-10 13:44:30,6.602789,3.390037,48.6,44.6,1,0,13,4,1,0.04307,1,route_deviation,0
LG-1004,2025-01-10 13:45:00,6.604467,3.391257,27.6,44.5,1,0,13,4,1,0.04439,1,route_deviation,0
LG-1004,2025-01-10 13:45:30,6.606835,3.39297,39.0,44.4,1,0,13,4,1,0.04634,1,route_deviation,0
LG-1004,2025-01-10 13:46:00,6.608245,3.39562,39.9,44.4,1,0,13,4,1,0.04916,1,route_deviation,0
LG-1004,2025-01-10 13:46:30,6.607735,3.396977,19.3,44.3,1,0,13,4,1,0.05043,1,route_deviation,0
LG-1004,2025-01-10 13:47:00,6.605501,3.400258,52.8,44.2,1,0,13,4,1,0.05345,1,route_deviation,0
LG-1004,2025-01-10 13:47:30,6.60383,3.403039,43.1,44.1,1,0,13,4,1,0.05611,1,route_deviation,0
LG-1004,2025-01-10 13:48:00,6.603616,3.404805,23.6,44.0,1,0,13,4,1,0.05786,1,route_deviation,0
LG-1004,2025-01-10 13:48:30,6.603616,3.404805,0.0,54.3,0,1,13,4,1,0.05786,1,route_deviation,1
LG-1004,2025-01-10 13:49:00,6.603616,3.404805,0.0,64.2,0,2,13,4,1,0.05786,1,route_deviation,1
LG-1004,2025-01-10 13:49:30,6.603616,3.404805,0.0,74.2,0,3,13,4,1,0.05786,1,route_deviation,1
LG-1004,2025-01-10 13:50:00,6.603616,3.404805,0.0,82.8,0,4,13,4,1,0.05786,1,route_deviation,1
LG-1004,2025-01-10 13:50:30,6.603616,3.404805,0.0,93.2,0,5,13,4,1,0.05786,1,route_deviation,1
LG-1004,2025-01-10 13:51:00,6.603616,3.404805,0.0,94.0,0,6,13,4,1,0.05786,1,route_deviation,1
LG-1004,2025-01-10 13:51:30,6.603616,3.404805,0.0,94.0,0,7,13,4,1,0.05786,1,route_deviation,1
LG-1004,2025-01-10 13:52:00,6.603616,3.404805,0.0,94.0,0,8,13,4,1,0.05786,1,route_deviation,1
LG-1004,2025-01-10 13:52:30,6.603616,3.404805,0.0,94.0,0,9,13,4,1,0.05786,1,route_deviation,1
LG-1004,2025-01-10 13:53:00,6.603616,3.404805,0.0,94.0,0,10,13,4,1,0.05786,1,route_deviation,1
LG-1004,2025-01-10 13:53:30,6.603616,3.404805,0.0,94.0,1,11,13,4,1,0.05786,1,route_deviation,0
LG-1004,2025-01-10 13:54:00,6.603616,3.404805,0.0,94.0,1,12,13,4,1,0.05786,1,route_deviation,0
LG-1004,2025-01-10 13:54:30,6.603616,3.404805,0.0,94.0,1,13,13,4,1,0.05786,1,route_deviation,0
LG-1004,2025-01-10 13:55:00,6.603616,3.404805,0.0,94.0,1,14,13,4,1,0.05786,1,route_deviation,0
LG-1004,2025-01-10 13:55:30,6.603616,3.404805,0.0,94.0,1,15,13,4,1,0.05786,1,route_deviation,0
LG-1004,2025-01-10 13:56:00,6.603616,3.404805,0.0,94.0,1,16,13,4,1,0.05786,1,route_deviation,0
LG-1004,2025-01-10 13:56:30,6.603616,3.404805,0.0,94.0,1,17,13,4,1,0.05786,1,route_deviation,0
LG-1004,2025-01-10 13:57:00,6.603616,3.404805,0.0,94.0,1,18,13,4,1,0.05786,1,route_deviation,0
LG-1004,2025-01-10 13:57:30,6.603616,3.404805,0.0,94.0,1,19,13,4,1,0.05786,1,route_deviation,0
LG-1004,2025-01-10 13:58:00,6.605782,3.407013,41.2,93.9,1,0,13,4,1,0.0602,1,route_deviation,0
LG-1004,2025-01-10 13:58:30,6.607987,3.408921,38.8,93.9,1,0,13,4,1,0.06231,1,route_deviation,0
LG-1004,2025-01-10 13:59:00,6.61063,3.411662,50.7,93.7,1,0,13,4,1,0.06538,1,route_deviation,0
LG-1004,2025-01-10 13:59:30,6.611766,3.414835,44.8,93.6,1,0,13,4,1,0.06868,1,route_deviation,0
LG-1004,2025-01-10 14:00:00,6.612093,3.417085,30.2,93.6,1,0,14,4,1,0.07096,1,route_deviation,0
LG-1004,2025-01-10 14:00:30,6.610303,3.420932,56.4,93.4,1,0,14,4,1,0.07451,1,route_deviation,0
LG-1004,2025-01-10 14:01:00,6.608772,3.424109,46.9,93.3,1,0,14,4,1,0.0775,1,route_deviation,0
LG-1004,2025-01-10 14:01:30,6.609186,3.428424,57.5,93.2,1,0,14,4,1,0.08183,1,route_deviation,0
LG-1004,2025-01-10 14:02:00,6.609262,3.432702,56.8,93.1,1,0,14,4,1,0.0861,1,route_deviation,0
LG-1004,2025-01-10 14:02:30,6.608791,3.436827,55.1,92.9,1,0,14,4,1,0.09016,1,route_deviation,0
LG-1004,2025-01-10 14:03:00,6.609799,3.440203,46.8,92.8,1,0,14,4,1,0.09362,1,route_deviation,0
LG-1004,2025-01-10 14:03:30,6.612544,3.44192,43.2,92.7,1,0,14,4,1,0.09562,1,route_deviation,0
LG-1004,2025-01-10 14:04:00,6.614115,3.443105,26.2,92.7,1,0,14,4,1,0.097,1,route_deviation,0
LG-1004,2025-01-10 14:04:30,6.615582,3.445701,39.6,92.6,1,0,14,4,1,0.09977,1,route_deviation,0
LG-1004,2025-01-10 14:05:00,6.618184,3.448292,48.9,92.4,1,0,14,4,1,0.10274,1,route_deviation,0
LG-1004,2025-01-10 14:05:30,6.620216,3.450477,39.7,92.4,1,0,14,4,1,0.10525,1,route_deviation,0
LG-1004,2025-01-10 14:06:00,6.621101,3.454119,49.8,92.2,1,0,14,4,1,0.10899,1,route_deviation,0
LG-1004,2025-01-10 14:06:30,6.620683,3.455854,23.7,92.2,1,0,14,4,1,0.11062,1,route_deviation,0
LG-1004,2025-01-10 14:07:00,6.61975,3.458207,33.6,92.1,1,0,14,4,1,0.11278,1,route_deviation,0
LG-1004,2025-01-10 14:07:30,6.61847,3.460785,38.2,92.0,1,0,14,4,1,0.11512,1,route_deviation,0
LG-1004,2025-01-10 14:08:00,6.618987,3.46345,36.0,91.9,1,0,14,4,1,0.11783,1,route_deviation,0
LG-1004,2025-01-10 14:08:30,6.61912,3.46519,23.2,91.9,1,0,14,4,1,0.11957,1,route_deviation,0
LG-1004,2025-01-10 14:09:00,6.618635,3.467036,25.3,91.8,1,0,14,4,1,0.12132,1,route_deviation,0
LG-1004,2025-01-10 14:09:30,6.619591,3.470775,51.2,91.7,1,0,14,4,1,0.12516,1,route_deviation,0
LG-1004,2025-01-10 14:10:00,6.619425,3.473643,38.1,91.6,1,0,14,4,1,0.12798,1,route_deviation,0
LG-1004,2025-01-10 14:10:30,6.619366,3.475248,21.3,91.6,1,0,14,4,1,0.12956,1,route_deviation,0
LG-1004,2025-01-10 14:11:00,6.619398,3.476756,20.0,91.5,1,0,14,4,1,0.13105,1,route_deviation,0
LG-1004,2025-01-10 14:11:30,6.620207,3.479484,37.8,91.4,1,0,14,4,1,0.13387,1,route_deviation,0
LG-1004,2025-01-10 14:12:00,6.621212,3.481131,25.6,91.4,1,0,14,4,1,0.13564,1,route_deviation,0
LG-1004,2025-01-10 14:12:30,6.624077,3.483183,47.0,91.3,1,0,14,4,1,0.13812,1,route_deviation,0
LG-1004,2025-01-10 14:13:00,6.625424,3.486379,46.1,91.1,1,0,14,4,1,0.1415,1,route_deviation,0
LG-1004,2025-01-10 14:13:30,6.625084,3.488484,28.3,91.1,1,0,14,4,1,0.14352,1,route_deviation,0
LG-1004,2025-01-10 14:14:00,6.624662,3.491651,42.4,91.0,1,0,14,4,1,0.14657,1,route_deviation,0
LG-1004,2025-01-10 14:14:30,6.624326,3.493537,25.4,90.9,1,0,14,4,1,0.14838,1,route_deviation,0
LG-1004,2025-01-10 14:15:00,6.623711,3.495795,31.1,90.8,1,0,14,4,1,0.15052,1,route_deviation,0
LG-1004,2025-01-10 14:15:30,6.622097,3.499524,54.0,90.7,1,0,14,4,1,0.15398,1,route_deviation,0
LG-1004,2025-01-11 12:39:00,6.453471,3.395412,0.0,90.7,0,1,12,5,1,0.00158,0,normal,0
LG-1004,2025-01-11 12:39:30,6.452702,3.393877,22.8,90.7,1,0,12,5,1,0.00256,0,normal,0
LG-1004,2025-01-11 12:40:00,6.452881,3.392807,14.4,90.6,1,0,12,5,1,0.00305,0,normal,0
LG-1004,2025-01-11 12:40:30,6.453871,3.390649,31.6,90.6,1,0,12,5,1,0.0045,0,normal,0
LG-1004,2025-01-11 12:41:00,6.45419,3.38835,30.8,90.5,1,0,12,5,1,0.0067,0,normal,0
LG-1004,2025-01-11 12:41:30,6.454979,3.386667,24.7,90.4,1,0,12,5,1,0.00833,0,normal,0
LG-1004,2025-01-11 12:42:00,6.455345,3.385222,19.8,90.4,1,0,12,5,1,0.00978,0,normal,0
LG-1004,2025-01-11 12:42:30,6.455853,3.383505,23.8,90.3,1,0,12,5,1,0.01153,0,normal,0
LG-1004,2025-01-11 12:43:00,6.456398,3.382287,17.7,90.3,1,0,12,5,1,0.01279,0,normal,0
LG-1004,2025-01-11 12:43:30,6.458603,3.382878,30.5,90.2,1,0,12,5,1,0.01265,0,normal,0
LG-1004,2025-01-11 12:44:00,6.460338,3.382575,23.5,90.2,1,0,12,5,1,0.01352,0,normal,0
LG-1004,2025-01-11 12:44:30,6.462568,3.381439,33.4,90.1,1,0,12,5,1,0.01553,0,normal,0
LG-1004,2025-01-11 12:45:00,6.464243,3.380373,26.5,90.0,1,0,12,5,1,0.0173,0,normal,0
LG-1004,2025-01-11 12:45:30,6.465755,3.379409,23.9,90.0,1,0,12,5,1,0.01894,0,normal,0
LG-1004,2025-01-11 12:46:00,6.467629,3.378387,28.5,89.9,1,0,12,5,1,0.02087,0,normal,0
LG-1004,2025-01-11 12:46:30,6.469322,3.377854,23.7,89.8,1,0,12,5,1,0.02234,0,normal,0
LG-1004,2025-01-11 12:47:00,6.471682,3.377081,33.1,89.8,1,0,12,5,1,0.02448,0,normal,0
LG-1004,2025-01-11 12:47:30,6.472834,3.376711,16.2,89.7,1,0,12,5,1,0.02554,0,normal,0
LG-1004,2025-01-11 12:48:00,6.475173,3.375591,34.6,89.7,1,0,12,5,1,0.02799,0,normal,0
LG-1004,2025-01-11 12:48:30,6.476801,3.373955,30.7,89.6,1,0,12,5,1,0.02734,0,normal,0
LG-1004,2025-01-11 12:49:00,6.478277,3.372055,32.0,89.5,1,0,12,5,1,0.02504,0,normal,0
LG-1004,2025-01-11 12:49:30,6.479334,3.370677,23.1,89.5,1,0,12,5,1,0.0234,0,normal,0
LG-1004,2025-01-11 12:50:00,6.480787,3.368811,31.5,89.4,1,0,12,5,1,0.02118,0,normal,0
LG-1004,2025-01-11 12:50:30,6.481739,3.36775,19.0,89.3,1,0,12,5,1,0.01982,0,normal,0
LG-1004,2025-01-11 12:51:00,6.48344,3.366309,29.7,89.3,1,0,12,5,1,0.01764,0,normal,0
LG-1004,2025-01-11 12:51:30,6.484386,3.365687,15.1,89.2,1,0,12,5,1,0.01651,0,normal,0
LG-1004,2025-01-11 12:52:00,6.485636,3.365003,19.0,89.2,1,0,12,5,1,0.01509,0,normal,0
LG-1004,2025-01-11 12:52:30,6.487196,3.364401,22.3,89.1,1,0,12,5,1,0.01343,0,normal,0
LG-1004,2025-01-11 12:53:00,6.488564,3.363907,19.4,89.1,1,0,12,5,1,0.01199,0,normal,0
LG-1004,2025-01-11 12:53:30,6.490041,3.363379,20.9,89.0,1,0,12,5,1,0.01045,0,normal,0
LG-1004,2025-01-11 12:54:00,6.492237,3.362589,31.2,89.0,1,0,12,5,1,0.00817,0,normal,0
LG-1004,2025-01-11 12:54:30,6.493492,3.362125,17.9,88.9,1,0,12,5,1,0.00688,0,normal,0
LG-1004,2025-01-11 12:55:00,6.495636,3.361668,29.3,88.9,1,0,12,5,1,0.00498,0,normal,0
LG-1004,2025-01-11 12:55:30,6.496647,3.361713,13.5,88.8,1,0,12,5,1,0.0044,0,normal,0
LG-1004,2025-01-11 12:56:00,6.498837,3.36216,29.9,88.8,1,0,12,5,1,0.00416,0,normal,0
LG-1004,2025-01-11 12:56:30,6.500999,3.362896,30.5,88.7,1,0,12,5,1,0.00529,0,normal,0
LG-1004,2025-01-11 12:57:00,6.5025,3.363434,21.3,88.6,1,0,12,5,1,0.00646,0,normal,0
LG-1004,2025-01-11 12:57:30,6.504556,3.364084,28.8,88.6,1,0,12,5,1,0.00824,0,normal,0
LG-1004,2025-01-11 12:58:00,6.507008,3.363633,33.3,88.5,1,0,12,5,1,0.00979,0,normal,0
LG-1004,2025-01-11 12:58:30,6.509261,3.363188,30.7,88.4,1,0,12,5,1,0.01052,0,normal,0
LG-1004,2025-01-11 12:59:00,6.510803,3.36345,20.9,88.4,1,0,12,5,1,0.00952,0,normal,0
LG-1004,2025-01-11 12:59:30,6.512462,3.363975,23.2,88.3,1,0,12,5,1,0.00842,0,normal,0
LG-1004,2025-01-11 13:00:00,6.514585,3.364749,30.2,88.2,1,0,13,5,1,0.00726,0,normal,0
LG-1004,2025-01-11 13:00:30,6.514585,3.364749,0.4,86.3,1,55,13,5,1,0.00726,1,fuel_theft,0
LG-1004,2025-01-11 13:01:00,6.514585,3.364749,0.5,84.4,1,56,13,5,1,0.00726,1,fuel_theft,0
LG-1004,2025-01-11 13:01:30,6.514585,3.364749,0.1,82.2,1,57,13,5,1,0.00726,1,fuel_theft,0
LG-1004,2025-01-11 13:02:00,6.514585,3.364749,1.3,80.2,1,58,13,5,1,0.00726,1,fuel_theft,0
LG-1004,2025-01-11 13:02:30,6.514585,3.364749,0.7,79.0,1,86,13,5,1,0.00726,1,fuel_theft,0
LG-1004,2025-01-11 13:03:00,6.514585,3.364749,0.2,77.5,1,89,13,5,1,0.00726,1,fuel_theft,0
LG-1004,2025-01-11 13:03:30,6.514585,3.364749,1.4,76.6,1,90,13,5,1,0.00726,1,fuel_theft,0
LG-1004,2025-01-11 13:04:00,6.514585,3.364749,0.2,75.5,1,91,13,5,1,0.00726,1,fuel_theft,0
LG-1004,2025-01-11 13:04:30,6.514585,3.364749,0.3,73.8,1,92,13,5,1,0.00726,1,fuel_theft,0
LG-1004,2025-01-11 13:05:00,6.514585,3.364749,0.5,72.1,1,93,13,5,1,0.00726,1,fuel_theft,0
LG-1004,2025-01-11 13:05:30,6.514585,3.364749,0.9,70.4,1,94,13,5,1,0.00726,1,fuel_theft,0
LG-1004,2025-01-11 13:06:00,6.514585,3.364749,0.5,69.3,1,95,13,5,1,0.00726,1,fuel_theft,0
LG-1004,2025-01-11 13:06:30,6.514585,3.364749,1.4,67.7,1,96,13,5,1,0.00726,1,fuel_theft,0
LG-1004,2025-01-11 13:07:00,6.514585,3.364749,0.4,66.2,1,97,13,5,1,0.00726,1,fuel_theft,0
LG-1004,2025-01-11 13:07:30,6.514585,3.364749,1.0,64.6,1,98,13,5,1,0.00726,1,fuel_theft,0
LG-1004,2025-01-11 13:08:00,6.516858,3.365613,32.5,64.6,1,0,13,5,1,0.00665,0,normal,0
LG-1004,2025-01-11 13:08:30,6.518907,3.365423,27.5,64.5,1,0,13,5,1,0.00765,0,normal,0
LG-1004,2025-01-11 13:09:00,6.520702,3.36453,26.8,64.4,1,0,13,5,1,0.0094,0,normal,0
LG-1004,2025-01-11 13:09:30,6.521765,3.36393,16.3,64.4,1,0,13,5,1,0.01053,0,normal,0
LG-1004,2025-01-11 13:10:00,6.522698,3.363402,14.3,64.4,1,0,13,5,1,0.01154,0,normal,0
LG-1004,2025-01-11 13:10:30,6.524538,3.361606,34.2,64.3,1,0,13,5,1,0.01411,0,normal,0
LG-1004,2025-01-11 13:11:00,6.525717,3.360062,25.8,64.2,1,0,13,5,1,0.01604,0,normal,0
LG-1004,2025-01-11 13:11:30,6.52635,3.358608,21.1,64.2,1,0,13,5,1,0.01756,0,normal,0
LG-1004,2025-01-11 13:12:00,6.526583,3.356696,25.6,64.1,1,0,13,5,1,0.01919,0,normal,0
LG-1004,2025-01-11 13:12:30,6.526757,3.355718,13.2,64.1,1,0,13,5,1,0.02008,0,normal,0
LG-1004,2025-01-11 13:13:00,6.52815,3.354004,29.4,64.0,1,0,13,5,1,0.02229,0,normal,0
LG-1004,2025-01-11 13:13:30,6.529361,3.353635,16.9,64.0,1,0,13,5,1,0.02331,0,normal,0
LG-1004,2025-01-11 13:14:00,6.531573,3.352982,30.8,63.9,1,0,13,5,1,0.02523,0,normal,0
LG-1004,2025-01-11 13:14:30,6.533327,3.352462,24.4,63.8,1,0,13,5,1,0.02452,0,normal,0
LG-1004,2025-01-11 13:15:00,6.534677,3.352429,18.0,63.8,1,0,13,5,1,0.02332,0,normal,0
LG-1004,2025-01-11 13:15:30,6.534677,3.352429,0.0,63.8,1,1,13,5,1,0.02332,0,normal,0
LG-1004,2025-01-11 13:16:00,6.534677,3.352429,0.0,63.8,1,2,13,5,1,0.02332,0,normal,0
LG-1004,2025-01-11 13:16:30,6.534677,3.352429,0.0,63.8,1,3,13,5,1,0.02332,0,normal,0
LG-1004,2025-01-11 13:17:00,6.534677,3.352429,0.0,63.8,1,4,13,5,1,0.02332,0,normal,0
LG-1004,2025-01-11 13:17:30,6.534677,3.352429,0.0,63.8,1,5,13,5,1,0.02332,0,normal,0
LG-1004,2025-01-11 13:18:00,6.534677,3.352429,0.0,63.8,1,6,13,5,1,0.02332,0,normal,0
LG-1004,2025-01-11 13:18:30,6.534677,3.352429,0.0,63.8,1,7,13,5,1,0.02332,0,normal,0
LG-1004,2025-01-11 13:19:00,6.534677,3.352429,0.0,63.8,1,8,13,5,1,0.02332,0,normal,0
LG-1004,2025-01-11 13:19:30,6.535525,3.352821,12.5,63.8,1,0,13,5,1,0.02278,0,normal,0
LG-1004,2025-01-11 13:20:00,6.537481,3.354081,31.0,63.7,1,0,13,5,1,0.02186,0,normal,0
LG-1004,2025-01-11 13:20:30,6.53849,3.354723,15.9,63.7,1,0,13,5,1,0.02147,0,normal,0
LG-1004,2025-01-11 13:21:00,6.539293,3.355276,13.0,63.6,1,0,13,5,1,0.02123,0,normal,0
LG-1004,2025-01-11 13:21:30,6.541098,3.356571,29.6,63.6,1,0,13,5,1,0.02087,0,normal,0
LG-1004,2025-01-11 13:22:00,6.54248,3.357086,19.7,63.5,1,0,13,5,1,0.02038,0,normal,0
LG-1004,2025-01-11 13:22:30,6.543975,3.356631,20.9,63.5,1,0,13,5,1,0.01913,0,normal,0
LG-1004,2025-01-11 13:23:00,6.545202,3.356146,17.6,63.4,1,0,13,5,1,0.01804,0,normal,0
LG-1004,2025-01-11 13:23:30,6.547431,3.355247,32.1,63.4,1,0,13,5,1,0.01613,0,normal,0
LG-1004,2025-01-11 13:24:00,6.548736,3.354711,18.8,63.3,1,0,13,5,1,0.01507,0,normal,0
LG-1004,2025-01-11 13:24:30,6.549896,3.354231,16.8,63.3,1,0,13,5,1,0.01418,0,normal,0
LG-1004,2025-01-11 13:25:00,6.551219,3.353684,19.1,63.2,1,0,13,5,1,0.01324,0,normal,0
LG-1004,2025-01-11 13:25:30,6.552368,3.353211,16.6,63.2,1,0,13,5,1,0.01249,0,normal,0
LG-1004,2025-01-11 13:26:00,6.553705,3.35266,19.3,63.1,1,0,13,5,1,0.01173,0,normal,0
LG-1004,2025-01-11 13:26:30,6.554656,3.352261,13.8,63.1,1,0,13,5,1,0.01127,0,normal,0
LG-1004,2025-01-11 13:27:00,6.55573,3.351811,15.5,63.1,1,0,13,5,1,0.01084,0,normal,0
LG-1004,2025-01-11 13:27:30,6.55723,3.351196,21.6,63.0,1,0,13,5,1,0.01044,0,normal,0
LG-1004,2025-01-11 13:28:00,6.55951,3.350332,32.5,63.0,1,0,13,5,1,0.01036,0,normal,0
LG-1004,2025-01-11 13:28:30,6.560425,3.349966,13.1,62.9,1,0,13,5,1,0.01048,0,normal,0
LG-1004,2025-01-11 13:29:00,6.561596,3.349505,16.8,62.9,1,0,13,5,1,0.01076,0,normal,0
LG-1004,2025-01-11 13:29:30,6.563891,3.348538,33.2,62.8,1,0,13,5,1,0.01166,0,normal,0
LG-1004,2025-01-11 13:30:00,6.56617,3.347618,32.8,62.7,1,0,13,5,1,0.01298,0,normal,0
LG-1004,2025-01-11 13:30:30,6.568107,3.346847,27.8,62.7,1,0,13,5,1,0.01435,0,normal,0
LG-1004,2025-01-11 13:31:00,6.569319,3.346354,17.5,62.6,1,0,13,5,1,0.01529,0,normal,0
LG-1004,2025-01-11 13:31:30,6.570824,3.345735,21.7,62.6,1,0,13,5,1,0.01652,0,normal,0
LG-1004,2025-01-11 13:32:00,6.571987,3.345259,16.8,62.5,1,0,13,5,1,0.01751,0,normal,0
LG-1004,2025-01-11 13:32:30,6.573022,3.344852,14.8,62.5,1,0,13,5,1,0.01843,0,normal,0
LG-1004,2025-01-11 13:33:00,6.574459,3.344257,20.8,62.5,1,0,13,5,1,0.01973,0,normal,0
LG-1004,2025-01-11 13:33:30,6.576223,3.343543,25.4,62.4,1,0,13,5,1,0.02137,0,normal,0
LG-1004,2025-01-11 13:34:00,6.57763,3.342968,20.3,62.3,1,0,13,5,1,0.02272,0,normal,0
LG-1004,2025-01-11 13:34:30,6.579451,3.342231,26.2,62.3,1,0,13,5,1,0.02207,0,normal,0
LG-1004,2025-01-11 13:35:00,6.580745,3.341677,18.8,62.2,1,0,13,5,1,0.02094,0,normal,0
LG-1004,2025-01-11 13:35:30,6.582143,3.341145,20.0,62.2,1,0,13,5,1,0.01974,0,normal,0
LG-1004,2025-01-11 13:36:00,6.584256,3.340283,30.5,62.1,1,0,13,5,1,0.01804,0,normal,0
LG-1004,2025-01-11 13:36:30,6.586514,3.339366,32.5,62.0,1,0,13,5,1,0.01637,0,normal,0
LG-1004,2025-01-11 13:37:00,6.587859,3.338816,19.4,62.0,1,0,13,5,1,0.01548,0,normal,0
LG-1004,2025-01-11 13:37:30,6.589626,3.338134,25.3,61.9,1,0,13,5,1,0.01442,0,normal,0
LG-1004,2025-01-11 13:38:00,6.5909,3.337615,18.4,61.9,1,0,13,5,1,0.01379,0,normal,0
LG-1004,2025-01-11 13:38:30,6.591806,3.337245,13.1,61.9,1,0,13,5,1,0.0134,0,normal,0
LG-1005,2025-01-06 11:19:00,6.499235,3.358296,0.0,95.4,0,1,11,0,1,0.00038,0,normal,0
LG-1005,2025-01-06 11:19:30,6.499507,3.362475,55.6,95.2,1,0,11,0,1,0.0045,0,normal,0
LG-1005,2025-01-06 11:20:00,6.504178,3.36402,65.7,95.1,1,0,11,0,1,0.00794,0,normal,0
LG-1005,2025-01-06 11:20:30,6.50713,3.363603,39.8,95.0,1,0,11,0,1,0.00987,0,normal,0
LG-1005,2025-01-06 11:21:00,6.513089,3.36418,80.0,94.8,1,0,11,0,1,0.00805,0,normal,0
LG-1005,2025-01-06 11:21:30,6.516236,3.365206,44.2,94.7,1,0,11,0,1,0.00691,0,normal,0
LG-1005,2025-01-06 11:22:00,6.521313,3.367612,75.0,94.5,1,0,11,0,1,0.00769,0,normal,0
LG-1005,2025-01-06 11:22:30,6.528306,3.367497,93.4,94.3,1,0,11,0,1,0.01405,0,normal,0
LG-1005,2025-01-06 11:23:00,6.533465,3.367385,68.9,94.1,1,0,11,0,1,0.01903,0,normal,0
LG-1005,2025-01-06 11:23:30,6.537932,3.367304,59.7,94.0,1,0,11,0,1,0.02341,0,normal,0
LG-1005,2025-01-06 11:24:00,6.540991,3.367276,40.9,93.9,1,0,11,0,1,0.02642,0,normal,0
LG-1005,2025-01-06 11:24:30,6.543923,3.367235,39.2,93.8,1,0,11,0,1,0.02848,0,normal,0
LG-1005,2025-01-06 11:25:00,6.549119,3.367112,69.4,93.7,1,0,11,0,1,0.02677,0,normal,0
LG-1005,2025-01-06 11:25:30,6.556849,3.366985,103.3,93.4,1,0,11,0,1,0.02605,0,normal,0
LG-1005,2025-01-06 11:26:00,6.561005,3.366859,55.5,93.3,1,0,11,0,1,0.02655,0,normal,0
LG-1005,2025-01-06 11:26:30,6.567007,3.366821,80.2,93.1,1,0,11,0,1,0.02848,0,normal,0
LG-1005,2025-01-06 11:27:00,6.57332,3.368576,87.5,92.9,1,0,11,0,1,0.03311,0,normal,0
LG-1005,2025-01-06 11:27:30,6.575893,3.370361,41.8,92.8,1,0,11,0,1,0.03429,0,normal,0
LG-1005,2025-01-06 11:28:00,6.578865,3.372478,48.6,92.7,1,0,11,0,1,0.03375,0,normal,0
LG-1005,2025-01-06 11:28:30,6.582632,3.375196,61.9,92.5,1,0,11,0,1,0.03365,0,normal,0
LG-1005,2025-01-06 11:29:00,6.58791,3.379056,87.1,92.3,1,0,11,0,1,0.03463,0,normal,0
LG-1005,2025-01-06 11:29:30,6.592049,3.382257,69.7,92.2,1,0,11,0,1,0.03638,0,normal,0
LG-1005,2025-01-06 11:30:00,6.594755,3.382293,36.2,92.1,1,0,11,0,1,0.03584,0,normal,0
LG-1005,2025-01-06 11:30:30,6.600749,3.377564,101.7,91.9,1,0,11,0,1,0.03056,0,normal,0
LG-1005,2025-01-06 11:31:00,6.606285,3.373227,93.7,91.6,1,0,11,0,1,0.02675,0,normal,0
LG-1005,2025-01-06 11:31:30,6.612855,3.36809,110.0,91.4,1,0,11,0,1,0.02419,0,normal,0
LG-1005,2025-01-06 11:32:00,6.619042,3.364876,93.0,91.2,1,0,11,0,1,0.0254,0,normal,0
LG-1005,2025-01-06 11:32:30,6.626513,3.36411,100.3,90.9,1,0,11,0,1,0.03072,0,normal,0
LG-1005,2025-01-06 11:33:00,6.633604,3.366188,98.7,90.7,1,0,11,0,1,0.03783,0,normal,0
LG-1005,2025-01-06 11:33:30,6.639045,3.370328,91.1,90.5,1,0,11,0,1,0.04463,0,normal,0
LG-1005,2025-01-06 11:34:00,6.642942,3.376454,96.5,90.3,1,0,11,0,1,0.05125,0,normal,0
LG-1005,2025-01-06 11:34:30,6.642942,3.376454,0.0,90.3,1,1,11,0,1,0.05125,0,normal,0
LG-1005,2025-01-06 11:35:00,6.642942,3.376454,0.0,90.3,1,2,11,0,1,0.05125,0,normal,0
LG-1005,2025-01-06 11:35:30,6.642942,3.376454,0.0,90.3,1,3,11,0,1,0.05125,0,normal,0
LG-1005,2025-01-06 11:36:00,6.642942,3.376454,0.0,90.3,1,4,11,0,1,0.05125,0,normal,0
LG-1005,2025-01-06 11:36:30,6.642942,3.376454,0.0,90.3,1,5,11,0,1,0.05125,0,normal,0
LG-1005,2025-01-06 11:37:00,6.642942,3.376454,0.0,90.3,1,6,11,0,1,0.05125,0,normal,0
LG-1005,2025-01-06 11:37:30,6.642942,3.376454,0.0,90.3,1,7,11,0,1,0.05125,0,normal,0
LG-1005,2025-01-06 11:38:00,6.642942,3.376454,0.0,90.3,1,8,11,0,1,0.05125,0,normal,0
LG-1005,2025-01-06 11:38:30,6.642942,3.376454,0.0,90.3,1,9,11,0,1,0.05125,0,normal,0
LG-1005,2025-01-06 11:39:00,6.642942,3.376454,0.0,90.3,1,10,11,0,1,0.05125,0,normal,0
LG-1005,2025-01-06 11:39:30,6.642942,3.376454,0.0,90.3,1,11,11,0,1,0.05125,0,normal,0
LG-1005,2025-01-06 11:40:00,6.646579,3.383599,106.5,90.0,1,0,11,0,1,0.05845,0,normal,0
LG-1005,2025-01-06 11:40:30,6.64909,3.388436,72.4,89.8,1,0,11,0,1,0.06348,0,normal,0
LG-1005,2025-01-06 11:41:00,6.652329,3.393902,84.5,89.6,1,0,11,0,1,0.06953,0,normal,0
LG-1005,2025-01-06 11:41:30,6.656022,3.398198,75.4,89.5,1,0,11,0,1,0.07516,0,normal,0
LG-1005,2025-01-06 11:42:00,6.661996,3.40278,100.3,89.2,1,0,11,0,1,0.08266,0,normal,0
LG-1005,2025-01-06 11:42:30,6.666672,3.405052,69.4,89.1,1,0,11,0,1,0.08765,0,normal,0
LG-1005,2025-01-06 11:43:00,6.673528,3.407769,98.4,88.8,1,0,11,0,1,0.09462,0,normal,0
LG-1005,2025-01-06 11:43:30,6.68027,3.410467,96.9,88.6,1,0,11,0,1,0.10155,0,normal,0
LG-1005,2025-01-06 11:44:00,6.687847,3.413522,109.0,88.4,1,0,11,0,1,0.1094,0,normal,0
LG-1005,2025-01-06 11:44:30,6.691839,3.41477,55.8,88.2,1,0,11,0,1,0.11333,0,normal,0
LG-1005,2025-01-06 11:45:00,6.698525,3.415682,90.1,88.0,1,0,11,0,1,0.11928,0,normal,0
LG-1005,2025-01-06 11:45:30,6.705532,3.415281,93.8,87.8,1,0,11,0,1,0.12486,0,normal,0
LG-1005,2025-01-06 11:46:00,6.713529,3.41459,107.2,87.6,1,0,11,0,1,0.13127,0,normal,0
LG-1005,2025-01-06 11:46:30,6.721375,3.414287,104.9,87.3,1,0,11,0,1,0.1379,0,normal,0
LG-1005,2025-01-06 11:47:00,6.72729,3.415242,80.0,87.1,1,0,11,0,1,0.14355,1,route_deviation,0
LG-1005,2025-01-06 11:47:30,6.732931,3.417345,80.4,86.9,1,0,11,0,1,0.14951,1,route_deviation,0
LG-1005,2025-01-06 11:48:00,6.736222,3.419098,49.7,86.8,1,0,11,0,1,0.15324,1,route_deviation,0
LG-1005,2025-01-06 11:48:30,6.743926,3.421943,109.6,86.6,1,0,11,0,1,0.16138,1,route_deviation,0
LG-1005,2025-01-06 11:49:00,6.748089,3.422606,56.3,86.4,1,0,11,0,1,0.16538,1,route_deviation,0
LG-1005,2025-01-06 11:49:30,6.754926,3.42291,91.4,86.2,1,0,11,0,1,0.17163,1,route_deviation,0
LG-1005,2025-01-06 11:50:00,6.762162,3.423192,96.7,86.0,1,0,11,0,1,0.17827,1,route_deviation,0
LG-1005,2025-01-06 11:50:30,6.767418,3.423405,70.3,85.8,1,0,11,0,1,0.18312,1,route_deviation,0
LG-1005,2025-01-06 11:51:00,6.771389,3.423565,53.1,85.7,1,0,11,0,1,0.1868,1,route_deviation,0
LG-1005,2025-01-06 11:51:30,6.775236,3.423734,51.4,85.6,1,0,11,0,1,0.19038,1,route_deviation,0
LG-1005,2025-01-06 11:52:00,6.782805,3.424127,101.2,85.3,1,0,11,0,1,0.19749,1,route_deviation,0
LG-1005,2025-01-06 11:52:30,6.788331,3.425251,75.3,85.2,1,0,11,0,1,0.20302,1,route_deviation,0
LG-1005,2025-01-06 11:53:00,6.791434,3.426365,44.0,85.1,1,0,11,0,1,0.20631,1,route_deviation,0
LG-1005,2025-01-06 11:53:30,6.797383,3.429638,90.6,84.9,1,0,11,0,1,0.21306,1,route_deviation,0
LG-1005,2025-01-06 11:54:00,6.800633,3.432282,55.8,84.7,1,0,11,0,1,0.21709,1,route_deviation,0
LG-1005,2025-01-06 11:54:30,6.805589,3.438139,102.1,84.5,1,0,11,0,1,0.22397,1,route_deviation,0
LG-1005,2025-01-06 11:55:00,6.807859,3.44205,60.1,84.3,1,0,11,0,1,0.22765,1,route_deviation,0
LG-1005,2025-01-06 11:55:30,6.810007,3.44532,52.0,84.2,1,0,11,0,1,0.23098,1,route_deviation,0
LG-1005,2025-01-06 11:56:00,6.811989,3.447918,43.5,84.1,1,0,11,0,1,0.23388,1,route_deviation,0
LG-1005,2025-01-06 11:56:30,6.81583,3.45206,75.2,84.0,1,0,11,0,1,0.23914,1,route_deviation,0
LG-1005,2025-01-06 11:57:00,6.81983,3.455551,70.7,83.8,1,0,11,0,1,0.24427,1,route_deviation,0
LG-1005,2025-01-06 11:57:30,6.824587,3.460658,92.9,83.6,1,0,11,0,1,0.25082,1,route_deviation,0
LG-1005,2025-01-06 11:58:00,6.827419,3.465235,71.5,83.4,1,0,11,0,1,0.25543,1,route_deviation,0
LG-1005,2025-01-06 11:58:30,6.82922,3.469586,62.5,83.3,1,0,11,0,1,0.25906,1,route_deviation,0
LG-1005,2025-01-06 11:59:00,6.83029,3.473702,56.4,83.1,1,0,11,0,1,0.26197,1,route_deviation,0
LG-1005,2025-01-06 11:59:30,6.830802,3.478019,57.7,83.0,1,0,11,0,1,0.26453,1,route_deviation,0
LG-1005,2025-01-06 12:00:00,6.83233,3.485825,105.5,82.7,1,0,12,0,1,0.26979,1,route_deviation,0
LG-1005,2025-01-06 12:00:30,6.833682,3.489287,49.3,82.6,1,0,12,0,1,0.27274,1,route_deviation,0
LG-1005,2025-01-06 12:01:00,6.838132,3.496282,110.0,82.4,1,0,12,0,1,0.28021,1,route_deviation,0
LG-1005,2025-01-06 12:01:30,6.841319,3.499625,61.5,82.2,1,0,12,0,1,0.28469,1,route_deviation,0
LG-1005,2025-01-06 12:02:00,6.843475,3.502106,43.7,82.1,1,0,12,0,1,0.28784,1,route_deviation,0
LG-1005,2025-01-06 12:02:30,6.845834,3.505558,55.6,82.0,1,0,12,0,1,0.29169,1,route_deviation,0
LG-1005,2025-01-06 12:03:00,6.847255,3.508336,41.4,81.9,1,0,12,0,1,0.2944,1,route_deviation,0
LG-1005,2025-01-06 12:03:30,6.849513,3.515167,95.5,81.7,1,0,12,0,1,0.30006,1,route_deviation,0
LG-1005,2025-01-06 12:04:00,6.850191,3.520782,75.0,81.5,1,0,12,0,1,0.3038,1,route_deviation,0
LG-1005,2025-01-06 12:04:30,6.850906,3.5254,62.0,81.4,1,0,12,0,1,0.30705,1,route_deviation,0
LG-1005,2025-01-06 12:05:00,6.852834,3.531591,86.1,81.2,1,0,12,0,1,0.31224,1,route_deviation,0
LG-1005,2025-01-06 12:05:30,6.855698,3.537215,83.8,81.0,1,0,12,0,1,0.31789,1,route_deviation,0
LG-1005,2025-01-06 12:06:00,6.860516,3.543651,106.9,80.7,1,0,12,0,1,0.32561,1,route_deviation,0
LG-1005,2025-01-06 12:06:30,6.864857,3.550545,108.3,80.5,1,0,12,0,1,0.33324,1,route_deviation,0
LG-1005,2025-01-06 12:07:00,6.867214,3.556699,87.5,80.3,1,0,12,0,1,0.33889,1,route_deviation,0
LG-1005,2025-01-06 12:07:30,6.869086,3.563813,97.6,80.0,1,0,12,0,1,0.34479,1,route_deviation,0
LG-1005,2025-01-06 12:08:00,6.872614,3.570084,95.6,79.8,1,0,12,0,1,0.35148,1,route_deviation,0
LG-1005,2025-01-06 12:08:30,6.876484,3.574031,73.6,79.6,1,0,12,0,1,0.35698,1,route_deviation,0
LG-1005,2025-01-06 12:09:00,6.880937,3.578668,85.6,79.4,1,0,12,0,1,0.36337,1,route_deviation,0
LG-1005,2025-01-06 12:09:30,6.88091,3.581779,41.3,79.3,1,0,12,0,1,0.36534,1,route_deviation,0
LG-1005,2025-01-06 12:10:00,6.877157,3.587723,93.4,79.1,1,0,12,0,1,0.36635,1,route_deviation,0
LG-1005,2025-01-06 12:10:30,6.872844,3.594661,108.6,78.9,1,0,12,0,1,0.36774,1,route_deviation,0
LG-1005,2025-01-06 12:11:00,6.871087,3.597418,43.4,78.8,1,0,12,0,1,0.36832,1,route_deviation,0
LG-1005,2025-01-06 12:11:30,6.867636,3.604006,98.8,78.5,1,0,12,0,1,0.37033,1,route_deviation,0
LG-1005,2025-01-06 12:12:00,6.866983,3.611947,105.7,78.3,1,0,12,0,1,0.37542,1,route_deviation,0
LG-1005,2025-01-06 12:12:30,6.867014,3.616005,53.8,78.2,1,0,12,0,1,0.37832,1,route_deviation,0
LG-1005,2025-01-06 12:13:00,6.864756,3.621044,73.3,78.0,1,0,12,0,1,0.38035,1,route_deviation,0
LG-1005,2025-01-06 12:13:30,6.858384,3.625607,104.4,77.7,1,0,12,0,1,0.3793,1,route_deviation,0
LG-1005,2025-01-06 12:14:00,6.853938,3.630761,90.6,77.5,1,0,12,0,1,0.38013,1,route_deviation,0
LG-1005,2025-01-06 12:14:30,6.852373,3.633891,46.5,77.4,1,0,12,0,1,0.38144,1,route_deviation,0
LG-1005,2025-01-06 12:15:00,6.850792,3.638338,62.6,77.3,1,0,12,0,1,0.38376,1,route_deviation,0
LG-1005,2025-01-06 12:15:30,6.849607,3.644873,88.1,77.1,1,0,12,0,1,0.38799,1,route_deviation,0
LG-1005,2025-01-06 12:16:00,6.848663,3.647333,35.0,77.0,1,0,12,0,1,0.38928,1,route_deviation,0
LG-1005,2025-01-06 12:16:30,6.848663,3.647333,0.0,77.0,0,1,12,0,1,0.38928,1,route_deviation,0
LG-1005,2025-01-06 12:17:00,6.848663,3.647333,0.0,77.0,0,2,12,0,1,0.38928,1,route_deviation,0
LG-1005,2025-01-06 12:17:30,6.848663,3.647333,0.0,77.0,0,3,12,0,1,0.38928,1,route_deviation,0
LG-1005,2025-01-06 12:18:00,6.848663,3.647333,0.0,77.0,0,4,12,0,1,0.38928,1,route_deviation,0
LG-1005,2025-01-06 12:18:30,6.848663,3.647333,0.0,77.0,0,5,12,0,1,0.38928,1,route_deviation,0
LG-1005,2025-01-07 12:47:00,6.60068,3.346129,0.0,77.0,0,1,12,1,1,0.00093,0,normal,0
LG-1005,2025-01-07 12:47:30,6.599676,3.345722,14.5,77.0,1,0,12,1,1,0.00184,0,normal,0
LG-1005,2025-01-07 12:48:00,6.598416,3.345919,17.0,76.9,1,0,12,1,1,0.0028,0,normal,0
LG-1005,2025-01-07 12:48:30,6.597206,3.345938,16.2,76.9,1,0,12,1,1,0.00394,0,normal,0
LG-1005,2025-01-07 12:49:00,6.596328,3.345999,11.8,76.9,1,0,12,1,1,0.00478,0,normal,0
LG-1005,2025-01-07 12:49:30,6.595156,3.345997,15.7,76.8,1,0,12,1,1,0.00593,0,normal,0
LG-1005,2025-01-07 12:50:00,6.593571,3.345409,22.6,76.8,1,0,12,1,1,0.0076,0,normal,0
LG-1005,2025-01-07 12:50:30,6.593567,3.343579,24.3,76.7,1,0,12,1,1,0.00818,0,normal,0
LG-1005,2025-01-07 12:51:00,6.591907,3.341706,33.3,76.6,1,0,12,1,1,0.01052,0,normal,0
LG-1005,2025-01-07 12:51:30,6.591097,3.339539,30.7,76.6,1,0,12,1,1,0.0124,0,normal,0
LG-1005,2025-01-07 12:52:00,6.590387,3.337772,25.3,76.5,1,0,12,1,1,0.01406,0,normal,0
LG-1005,2025-01-07 12:52:30,6.590135,3.33669,14.7,76.5,1,0,12,1,1,0.01498,0,normal,0
LG-1005,2025-01-07 12:53:00,6.591063,3.337307,14.9,76.4,1,0,12,1,1,0.01388,0,normal,0
LG-1005,2025-01-07 12:53:30,6.590168,3.337752,13.3,76.4,1,0,12,1,1,0.01424,0,normal,0
LG-1005,2025-01-07 12:54:00,6.588607,3.338311,22.1,76.3,1,0,12,1,1,0.01514,0,normal,0
LG-1005,2025-01-07 12:54:30,6.587137,3.338908,21.2,76.3,1,0,12,1,1,0.01605,0,normal,0
LG-1005,2025-01-07 12:55:00,6.585597,3.339515,22.1,76.2,1,0,12,1,1,0.01713,0,normal,0
LG-1005,2025-01-07 12:55:30,6.584319,3.340063,18.6,76.2,1,0,12,1,1,0.01807,0,normal,0
LG-1005,2025-01-07 12:56:00,6.582372,3.340885,28.2,76.1,1,0,12,1,1,0.01961,0,normal,0
LG-1005,2025-01-07 12:56:30,6.580146,3.341761,31.9,76.1,1,0,12,1,1,0.0215,0,normal,0
LG-1005,2025-01-07 12:57:00,6.578046,3.342605,30.2,76.0,1,0,12,1,1,0.0231,0,normal,0
LG-1005,2025-01-07 12:57:30,6.576176,3.343347,26.9,75.9,1,0,12,1,1,0.02131,0,normal,0
LG-1005,2025-01-07 12:58:00,6.574473,3.344077,24.7,75.9,1,0,12,1,1,0.01971,0,normal,0
LG-1005,2025-01-07 12:58:30,6.573592,3.344424,12.6,75.8,1,0,12,1,1,0.0189,0,normal,0
LG-1005,2025-01-07 12:59:00,6.571563,3.34522,29.1,75.8,1,0,12,1,1,0.01709,0,normal,0
LG-1005,2025-01-07 12:59:30,6.569843,3.345938,24.9,75.7,1,0,12,1,1,0.01564,0,normal,0
LG-1005,2025-01-07 13:00:00,6.568576,3.346472,18.3,75.7,1,0,13,1,1,0.01464,0,normal,0
LG-1005,2025-01-07 13:00:30,6.567202,3.347015,19.7,75.6,1,0,13,1,1,0.0136,0,normal,0
LG-1005,2025-01-07 13:01:00,6.564819,3.347952,34.2,75.6,1,0,13,1,1,0.01203,0,normal,0
LG-1005,2025-01-07 13:01:30,6.562969,3.348728,26.8,75.5,1,0,13,1,1,0.0111,0,normal,0
LG-1005,2025-01-07 13:02:00,6.562969,3.348728,0.7,73.8,1,75,13,1,1,0.0111,1,fuel_theft,0
LG-1005,2025-01-07 13:02:30,6.562969,3.348728,0.7,72.6,1,76,13,1,1,0.0111,1,fuel_theft,0
LG-1005,2025-01-07 13:03:00,6.562969,3.348728,0.7,70.9,1,89,13,1,1,0.0111,1,fuel_theft,0
LG-1005,2025-01-07 13:03:30,6.562969,3.348728,1.2,69.7,1,90,13,1,1,0.0111,1,fuel_theft,0
LG-1005,2025-01-07 13:04:00,6.562969,3.348728,1.0,68.0,1,91,13,1,1,0.0111,1,fuel_theft,0
LG-1005,2025-01-07 13:04:30,6.562969,3.348728,0.9,65.8,1,92,13,1,1,0.0111,1,fuel_theft,0
LG-1005,2025-01-07 13:05:00,6.562969,3.348728,0.8,64.0,1,93,13,1,1,0.0111,1,fuel_theft,0
LG-1005,2025-01-07 13:05:30,6.562969,3.348728,0.4,62.8,1,94,13,1,1,0.0111,1,fuel_theft,0
LG-1005,2025-01-07 13:06:00,6.562969,3.348728,0.6,61.6,1,95,13,1,1,0.0111,1,fuel_theft,0
LG-1005,2025-01-07 13:06:30,6.562969,3.348728,0.6,60.0,1,96,13,1,1,0.0111,1,fuel_theft,0
LG-1005,2025-01-07 13:07:00,6.562969,3.348728,0.3,58.0,1,97,13,1,1,0.0111,1,fuel_theft,0
LG-1005,2025-01-07 13:07:30,6.560972,3.349527,28.7,58.0,1,0,13,1,1,0.01041,0,normal,0
LG-1005,2025-01-07 13:08:00,6.560015,3.349927,13.8,57.9,1,0,13,1,1,0.01024,0,normal,0
LG-1005,2025-01-07 13:08:30,6.55842,3.350599,23.1,57.9,1,0,13,1,1,0.01019,0,normal,0
LG-1005,2025-01-07 13:09:00,6.557553,3.350967,12.6,57.8,1,0,13,1,1,0.01029,0,normal,0
LG-1005,2025-01-07 13:09:30,6.555613,3.351766,28.0,57.8,1,0,13,1,1,0.01078,0,normal,0
LG-1005,2025-01-07 13:10:00,6.554225,3.352344,20.1,57.7,1,0,13,1,1,0.01137,0,normal,0
LG-1005,2025-01-07 13:10:30,6.551835,3.353331,34.5,57.7,1,0,13,1,1,0.01273,0,normal,0
LG-1005,2025-01-07 13:11:00,6.550475,3.35389,19.6,57.6,1,0,13,1,1,0.01366,0,normal,0
LG-1005,2025-01-07 13:11:30,6.550475,3.35389,0.0,57.6,1,1,13,1,1,0.01366,0,normal,0
LG-1005,2025-01-07 13:12:00,6.550475,3.35389,0.0,57.6,1,2,13,1,1,0.01366,0,normal,0
LG-1005,2025-01-07 13:12:30,6.550475,3.35389,0.0,57.6,1,3,13,1,1,0.01366,0,normal,0
LG-1005,2025-01-07 13:13:00,6.550475,3.35389,0.0,57.6,1,4,13,1,1,0.01366,0,normal,0
LG-1005,2025-01-07 13:13:30,6.550475,3.35389,0.0,57.6,1,5,13,1,1,0.01366,0,normal,0
LG-1005,2025-01-07 13:14:00,6.550475,3.35389,0.0,57.6,1,6,13,1,1,0.01366,0,normal,0
LG-1005,2025-01-07 13:14:30,6.550475,3.35389,0.0,57.6,1,7,13,1,1,0.01366,0,normal,0
LG-1005,2025-01-07 13:15:00,6.550475,3.35389,0.0,57.6,1,8,13,1,1,0.01366,0,normal,0
LG-1005,2025-01-07 13:15:30,6.550475,3.35389,0.0,57.6,1,9,13,1,1,0.01366,0,normal,0
LG-1005,2025-01-07 13:16:00,6.550475,3.35389,0.0,57.6,1,10,13,1,1,0.01366,0,normal,0
LG-1005,2025-01-07 13:16:30,6.550475,3.35389,0.0,57.6,1,11,13,1,1,0.01366,0,normal,0
LG-1005,2025-01-07 13:17:00,6.548714,3.354596,25.3,57.6,1,0,13,1,1,0.01498,0,normal,0
LG-1005,2025-01-07 13:17:30,6.547464,3.355109,18.0,57.5,1,0,13,1,1,0.016,0,normal,0
LG-1005,2025-01-07 13:18:00,6.545617,3.355871,26.7,57.4,1,0,13,1,1,0.01758,0,normal,0
LG-1005,2025-01-07 13:18:30,6.544018,3.356518,23.0,57.4,1,0,13,1,1,0.01901,0,normal,0
LG-1005,2025-01-07 13:19:00,6.542547,3.356984,20.6,57.3,1,0,13,1,1,0.02026,0,normal,0
LG-1005,2025-01-07 13:19:30,6.541367,3.356646,16.4,57.3,1,0,13,1,1,0.02075,0,normal,0
LG-1005,2025-01-07 13:20:00,6.540471,3.356023,14.5,57.3,1,0,13,1,1,0.0209,0,normal,0
LG-1005,2025-01-07 13:20:30,6.53956,3.355397,14.7,57.2,1,0,13,1,1,0.02111,0,normal,0
LG-1005,2025-01-07 13:21:00,6.537343,3.353904,35.6,57.2,1,0,13,1,1,0.02187,0,normal,0
LG-1005,2025-01-07 13:21:30,6.535968,3.353034,21.7,57.1,1,0,13,1,1,0.02252,0,normal,0
LG-1005,2025-01-07 13:22:00,6.535207,3.352562,11.9,57.1,1,0,13,1,1,0.02292,0,normal,0
LG-1005,2025-01-07 13:22:30,6.532704,3.352565,33.4,57.0,1,0,13,1,1,0.02512,0,normal,0
LG-1005,2025-01-07 13:23:00,6.531816,3.352833,12.4,57.0,1,0,13,1,1,0.0255,0,normal,0
LG-1005,2025-01-07 13:23:30,6.530244,3.353296,21.9,56.9,1,0,13,1,1,0.02413,0,normal,0
LG-1005,2025-01-07 13:24:00,6.528168,3.353934,29.0,56.9,1,0,13,1,1,0.02236,0,normal,0
LG-1005,2025-01-07 13:24:30,6.526689,3.355787,31.5,56.8,1,0,13,1,1,0.01999,0,normal,0
LG-1005,2025-01-07 13:25:00,6.526355,3.357923,28.7,56.7,1,0,13,1,1,0.01809,0,normal,0
LG-1005,2025-01-07 13:25:30,6.525967,3.359578,22.6,56.7,1,0,13,1,1,0.01657,0,normal,0
LG-1005,2025-01-07 13:26:00,6.524388,3.361681,35.0,56.6,1,0,13,1,1,0.01395,0,normal,0
LG-1005,2025-01-07 13:26:30,6.523785,3.36243,12.8,56.5,1,0,13,1,1,0.01299,0,normal,0
LG-1005,2025-01-07 13:27:00,6.52162,3.36394,35.2,56.5,1,0,13,1,1,0.01043,0,normal,0
LG-1005,2025-01-07 13:27:30,6.519526,3.365126,32.1,56.4,1,0,13,1,1,0.00823,0,normal,0
LG-1005,2025-01-07 13:28:00,6.517022,3.365222,33.5,56.3,1,0,13,1,1,0.00707,0,normal,0
LG-1005,2025-01-07 13:28:30,6.515736,3.364832,17.9,56.3,1,0,13,1,1,0.00721,0,normal,0
LG-1005,2025-01-07 13:29:00,6.514646,3.364479,15.3,56.2,1,0,13,1,1,0.00753,0,normal,0
LG-1005,2025-01-07 13:29:30,6.512656,3.363901,27.7,56.2,1,0,13,1,1,0.00843,0,normal,0
LG-1005,2025-01-07 13:30:00,6.51093,3.363348,24.2,56.1,1,0,13,1,1,0.00956,0,normal,0
LG-1005,2025-01-07 13:30:30,6.50914,3.363079,24.2,56.1,1,0,13,1,1,0.01067,0,normal,0
LG-1005,2025-01-07 13:31:00,6.506653,3.363595,33.9,56.0,1,0,13,1,1,0.00948,0,normal,0
LG-1005,2025-01-07 13:31:30,6.504703,3.364002,26.6,55.9,1,0,13,1,1,0.00828,0,normal,0
LG-1005,2025-01-07 13:32:00,6.503311,3.363635,19.2,55.9,1,0,13,1,1,0.0071,0,normal,0
LG-1005,2025-01-07 13:32:30,6.501815,3.363053,21.4,55.8,1,0,13,1,1,0.00578,0,normal,0
LG-1005,2025-01-07 13:33:00,6.500756,3.362658,15.1,55.8,1,0,13,1,1,0.00498,0,normal,0
LG-1005,2025-01-07 13:33:30,6.499589,3.362255,16.5,55.7,1,0,13,1,1,0.0043,0,normal,0
LG-1005,2025-01-07 13:34:00,6.498491,3.36192,15.3,55.7,1,0,13,1,1,0.00395,0,normal,0
LG-1005,2025-01-07 13:34:30,6.496188,3.361545,31.2,55.6,1,0,13,1,1,0.00453,0,normal,0
LG-1005,2025-01-07 13:35:00,6.494065,3.361799,28.6,55.6,1,0,13,1,1,0.00623,0,normal,0
LG-1005,2025-01-07 13:35:30,6.492333,3.362414,24.5,55.5,1,0,13,1,1,0.008,0,normal,0
LG-1005,2025-01-07 13:36:00,6.490869,3.362953,20.8,55.5,1,0,13,1,1,0.00952,0,normal,0
LG-1005,2025-01-07 13:36:30,6.488903,3.363648,27.8,55.4,1,0,13,1,1,0.01157,0,normal,0
LG-1005,2025-01-07 13:37:00,6.486703,3.364452,31.3,55.3,1,0,13,1,1,0.01389,0,normal,0
LG-1005,2025-01-07 13:37:30,6.484422,3.36538,32.9,55.3,1,0,13,1,1,0.01634,0,normal,0
LG-1005,2025-01-07 13:38:00,6.482854,3.366387,24.8,55.2,1,0,13,1,1,0.01819,0,normal,0
LG-1005,2025-01-07 13:38:30,6.481231,3.368085,31.3,55.1,1,0,13,1,1,0.02043,0,normal,0
LG-1005,2025-01-07 13:39:00,6.48013,3.369515,24.0,55.1,1,0,13,1,1,0.02211,0,normal,0
LG-1005,2025-01-07 13:39:30,6.479064,3.370888,23.1,55.0,1,0,13,1,1,0.02374,0,normal,0
LG-1005,2025-01-07 13:40:00,6.477566,3.372809,32.4,54.9,1,0,13,1,1,0.02605,0,normal,0
LG-1005,2025-01-07 13:40:30,6.476593,3.374056,21.0,54.9,1,0,13,1,1,0.02757,0,normal,0
LG-1005,2025-01-07 13:41:00,6.475503,3.37522,21.2,54.8,1,0,13,1,1,0.02849,0,normal,0
LG-1005,2025-01-07 13:41:30,6.474311,3.376012,19.1,54.8,1,0,13,1,1,0.02708,0,normal,0
LG-1005,2025-01-07 13:42:00,6.472626,3.376685,24.2,54.7,1,0,13,1,1,0.02542,0,normal,0
LG-1005,2025-01-07 13:42:30,6.470851,3.377252,24.9,54.7,1,0,13,1,1,0.0238,0,normal,0
LG-1005,2025-01-07 13:43:00,6.468874,3.377867,27.6,54.6,1,0,13,1,1,0.02205,0,normal,0
LG-1005,2025-01-07 13:43:30,6.467304,3.378405,22.2,54.6,1,0,13,1,1,0.02066,0,normal,0
LG-1005,2025-01-07 13:44:00,6.466175,3.379002,17.0,54.5,1,0,13,1,1,0.01951,0,normal,0
LG-1005,2025-01-07 13:44:30,6.464123,3.38032,32.5,54.4,1,0,13,1,1,0.01728,0,normal,0
LG-1005,2025-01-07 13:45:00,6.462853,3.381136,20.1,54.4,1,0,13,1,1,0.01593,0,normal,0
LG-1005,2025-01-07 13:45:30,6.460643,3.38236,33.7,54.3,1,0,13,1,1,0.01384,0,normal,0
LG-1005,2025-01-07 13:46:00,6.459422,3.382677,16.8,54.3,1,0,13,1,1,0.01309,0,normal,0
LG-1005,2025-01-07 13:46:30,6.457561,3.382508,25.0,54.2,1,0,13,1,1,0.01275,0,normal,0
LG-1005,2025-01-08 09:41:00,6.51415,3.371989,0.0,54.2,0,1,9,2,1,0.00085,0,normal,0
LG-1005,2025-01-08 09:41:30,6.514035,3.371214,10.4,54.2,1,0,9,2,1,0.00124,0,normal,0
LG-1005,2025-01-08 09:42:00,6.51383,3.370654,7.9,54.2,1,0,9,2,1,0.00178,0,normal,0
LG-1005,2025-01-08 09:42:30,6.513445,3.37063,5.2,54.2,1,0,9,2,1,0.00207,0,normal,0
LG-1005,2025-01-08 09:43:00,6.512732,3.370541,9.6,54.1,1,0,9,2,1,0.0027,0,normal,0
LG-1005,2025-01-08 09:43:30,6.512223,3.370442,6.9,54.1,1,0,9,2,1,0.00318,0,normal,0
LG-1005,2025-01-08 09:44:00,6.511653,3.370649,8.1,54.1,1,0,9,2,1,0.00361,0,normal,0
LG-1005,2025-01-08 09:44:30,6.510898,3.370989,11.1,54.1,1,0,9,2,1,0.00423,0,normal,0
LG-1005,2025-01-08 09:45:00,6.510238,3.371276,9.6,54.1,1,0,9,2,1,0.00482,0,normal,0
LG-1005,2025-01-08 09:45:30,6.509845,3.371444,5.7,54.0,1,0,9,2,1,0.00519,0,normal,0
LG-1005,2025-01-08 09:46:00,6.509466,3.371608,5.5,54.0,1,0,9,2,1,0.00555,0,normal,0
LG-1005,2025-01-08 09:46:30,6.509014,3.371808,6.6,54.0,1,0,9,2,1,0.00599,0,normal,0
LG-1005,2025-01-08 09:47:00,6.508573,3.372041,6.6,54.0,1,0,9,2,1,0.00643,0,normal,0
LG-1005,2025-01-08 09:47:30,6.507897,3.372463,10.6,54.0,1,0,9,2,1,0.00712,0,normal,0
LG-1005,2025-01-08 09:48:00,6.507449,3.372657,6.5,54.0,1,0,9,2,1,0.00758,0,normal,0
LG-1005,2025-01-08 09:48:30,6.506528,3.373036,13.3,53.9,1,0,9,2,1,0.00854,0,normal,0
LG-1005,2025-01-08 09:49:00,6.506054,3.373229,6.8,53.9,1,0,9,2,1,0.00903,0,normal,0
LG-1005,2025-01-08 09:49:30,6.505659,3.373391,5.7,53.9,1,0,9,2,1,0.00944,0,normal,0
LG-1005,2025-01-08 09:50:00,6.504743,3.37377,13.2,53.9,1,0,9,2,1,0.01041,0,normal,0
LG-1005,2025-01-08 09:50:30,6.504209,3.373979,7.7,53.9,1,0,9,2,1,0.01097,0,normal,0
LG-1005,2025-01-08 09:51:00,6.503592,3.374234,8.9,53.8,1,0,9,2,1,0.01162,0,normal,0
LG-1005,2025-01-08 09:51:30,6.502618,3.374632,14.0,53.8,1,0,9,2,1,0.01266,0,normal,0
LG-1005,2025-01-08 09:52:00,6.501652,3.37502,13.9,53.8,1,0,9,2,1,0.01369,0,normal,0
LG-1005,2025-01-08 09:52:30,6.50084,3.375348,11.7,53.7,1,0,9,2,1,0.01455,0,normal,0
LG-1005,2025-01-08 09:53:00,6.500459,3.375503,5.5,53.7,1,0,9,2,1,0.01496,0,normal,0
LG-1005,2025-01-08 09:53:30,6.499731,3.375803,10.5,53.7,1,0,9,2,1,0.01574,0,normal,0
LG-1005,2025-01-08 09:54:00,6.498736,3.376208,14.3,53.7,1,0,9,2,1,0.0168,0,normal,0
LG-1005,2025-01-08 09:54:30,6.497766,3.37659,13.9,53.6,1,0,9,2,1,0.01784,0,normal,0
LG-1005,2025-01-08 09:55:00,6.497363,3.376759,5.8,53.6,1,0,9,2,1,0.01827,0,normal,0
LG-1005,2025-01-08 09:55:30,6.496763,3.377,8.6,53.6,1,0,9,2,1,0.01891,0,normal,0
LG-1005,2025-01-08 09:56:00,6.496215,3.377213,7.8,53.6,1,0,9,2,1,0.01941,0,normal,0
LG-1005,2025-01-08 09:56:30,6.495795,3.377385,6.1,53.6,1,0,9,2,1,0.01965,0,normal,0
LG-1005,2025-01-08 09:57:00,6.494998,3.377712,11.5,53.5,1,0,9,2,1,0.02011,0,normal,0
LG-1005,2025-01-08 09:57:30,6.494481,3.377923,7.4,53.5,1,0,9,2,1,0.02043,0,normal,0
LG-1005,2025-01-08 09:58:00,6.493914,3.378146,8.1,53.5,1,0,9,2,1,0.02078,0,normal,0
LG-1005,2025-01-08 09:58:30,6.493914,3.378146,0.1,53.5,1,153,9,2,1,0.02078,1,excessive_idle,0
LG-1005,2025-01-08 09:59:00,6.493914,3.378146,0.2,53.5,1,164,9,2,1,0.02078,1,excessive_idle,0
LG-1005,2025-01-08 09:59:30,6.493914,3.378146,0.6,53.5,1,165,9,2,1,0.02078,1,excessive_idle,0
LG-1005,2025-01-08 10:00:00,6.493914,3.378146,1.4,53.5,1,166,10,2,1,0.02078,1,excessive_idle,0
LG-1005,2025-01-08 10:00:30,6.493914,3.378146,0.2,53.5,1,238,10,2,1,0.02078,1,excessive_idle,0
LG-1005,2025-01-08 10:01:00,6.493914,3.378146,0.3,53.5,1,239,10,2,1,0.02078,1,excessive_idle,0
LG-1005,2025-01-08 10:01:30,6.493914,3.378146,0.1,53.5,1,240,10,2,1,0.02078,1,excessive_idle,0
LG-1005,2025-01-08 10:02:00,6.493914,3.378146,0.1,53.5,1,240,10,2,1,0.02078,1,excessive_idle,0
LG-1005,2025-01-08 10:02:30,6.493914,3.378146,0.2,53.5,1,240,10,2,1,0.02078,1,excessive_idle,0
LG-1005,2025-01-08 10:03:00,6.493914,3.378146,1.0,53.5,1,240,10,2,1,0.02078,1,excessive_idle,0
LG-1005,2025-01-08 10:03:30,6.493914,3.378146,0.1,53.5,1,240,10,2,1,0.02078,1,excessive_idle,0
LG-1005,2025-01-08 10:04:00,6.493914,3.378146,0.9,53.5,1,240,10,2,1,0.02078,1,excessive_idle,0
LG-1005,2025-01-08 10:04:30,6.493914,3.378146,0.4,53.5,1,240,10,2,1,0.02078,1,excessive_idle,0
LG-1005,2025-01-08 10:05:00,6.493914,3.378146,0.1,53.5,1,240,10,2,1,0.02078,1,excessive_idle,0
LG-1005,2025-01-08 10:05:30,6.493914,3.378146,0.3,53.5,1,240,10,2,1,0.02078,1,excessive_idle,0
LG-1005,2025-01-08 10:06:00,6.493914,3.378146,1.5,53.5,1,240,10,2,1,0.02078,1,excessive_idle,0
LG-1005,2025-01-08 10:06:30,6.493914,3.378146,1.5,53.5,1,240,10,2,1,0.02078,1,excessive_idle,0
LG-1005,2025-01-08 10:07:00,6.493914,3.378146,0.6,53.5,1,240,10,2,1,0.02078,1,excessive_idle,0
LG-1005,2025-01-08 10:07:30,6.493526,3.378302,5.6,53.5,1,0,10,2,1,0.02103,0,normal,0
LG-1005,2025-01-08 10:08:00,6.492976,3.378526,7.9,53.5,1,0,10,2,1,0.02139,0,normal,0
LG-1005,2025-01-08 10:08:30,6.492484,3.378729,7.1,53.5,1,0,10,2,1,0.02173,0,normal,0
LG-1005,2025-01-08 10:09:00,6.492141,3.37887,4.9,53.5,1,0,10,2,1,0.02197,0,normal,0
LG-1005,2025-01-08 10:09:30,6.491743,3.37903,5.7,53.4,1,0,10,2,1,0.02225,0,normal,0
LG-1005,2025-01-08 10:10:00,6.491104,3.379283,9.2,53.4,1,0,10,2,1,0.0227,0,normal,0
LG-1005,2025-01-08 10:10:30,6.490543,3.37951,8.1,53.4,1,0,10,2,1,0.02311,0,normal,0
LG-1005,2025-01-08 10:11:00,6.490088,3.379692,6.5,53.4,1,0,10,2,1,0.02345,0,normal,0
LG-1005,2025-01-08 10:11:30,6.489284,3.38004,11.7,53.4,1,0,10,2,1,0.02409,0,normal,0
LG-1005,2025-01-08 10:12:00,6.488712,3.380273,8.2,53.3,1,0,10,2,1,0.02453,0,normal,0
LG-1005,2025-01-08 10:12:30,6.487794,3.380601,13.0,53.3,1,0,10,2,1,0.02523,0,normal,0
LG-1005,2025-01-08 10:13:00,6.487794,3.380601,0.0,53.3,1,1,10,2,1,0.02523,0,normal,0
LG-1005,2025-01-08 10:13:30,6.487794,3.380601,0.0,53.3,1,2,10,2,1,0.02523,0,normal,0
LG-1005,2025-01-08 10:14:00,6.487794,3.380601,0.0,53.3,1,3,10,2,1,0.02523,0,normal,0
LG-1005,2025-01-08 10:14:30,6.487794,3.380601,0.0,53.3,1,4,10,2,1,0.02523,0,normal,0
LG-1005,2025-01-08 10:15:00,6.487794,3.380601,0.0,53.3,1,5,10,2,1,0.02523,0,normal,0
LG-1005,2025-01-08 10:15:30,6.487794,3.380601,0.0,53.3,1,6,10,2,1,0.02523,0,normal,0
LG-1005,2025-01-08 10:16:00,6.487794,3.380601,0.0,53.3,1,7,10,2,1,0.02523,0,normal,0
LG-1005,2025-01-08 10:16:30,6.487794,3.380601,0.0,53.3,1,8,10,2,1,0.02523,0,normal,0
LG-1005,2025-01-08 10:17:00,6.487794,3.380601,0.0,53.3,1,9,10,2,1,0.02523,0,normal,0
LG-1005,2025-01-08 10:17:30,6.487794,3.380601,0.0,53.3,1,10,10,2,1,0.02523,0,normal,0
LG-1005,2025-01-08 10:18:00,6.487794,3.380601,0.0,53.3,1,11,10,2,1,0.02523,0,normal,0
LG-1005,2025-01-08 10:18:30,6.487794,3.380601,0.0,53.3,1,12,10,2,1,0.02523,0,normal,0
LG-1005,2025-01-08 10:19:00,6.487297,3.380796,7.1,53.3,1,0,10,2,1,0.02562,0,normal,0
LG-1005,2025-01-08 10:19:30,6.48661,3.381093,10.0,53.3,1,0,10,2,1,0.02621,0,normal,0
LG-1005,2025-01-08 10:20:00,6.486162,3.381301,6.6,53.2,1,0,10,2,1,0.0266,0,normal,0
LG-1005,2025-01-08 10:20:30,6.485506,3.381592,9.6,53.2,1,0,10,2,1,0.02718,0,normal,0
LG-1005,2025-01-08 10:21:00,6.485065,3.381754,6.3,53.2,1,0,10,2,1,0.02754,0,normal,0
LG-1005,2025-01-08 10:21:30,6.484638,3.381966,6.4,53.2,1,0,10,2,1,0.02794,0,normal,0
LG-1005,2025-01-08 10:22:00,6.483907,3.382296,10.7,53.2,1,0,10,2,1,0.0286,0,normal,0
LG-1005,2025-01-08 10:22:30,6.483404,3.38252,7.3,53.2,1,0,10,2,1,0.02906,0,normal,0
LG-1005,2025-01-08 10:23:00,6.482961,3.382717,6.5,53.1,1,0,10,2,1,0.02946,0,normal,0
LG-1005,2025-01-08 10:23:30,6.482019,3.383136,13.8,53.1,1,0,10,2,1,0.02951,0,normal,0
LG-1005,2025-01-08 10:24:00,6.481661,3.383295,5.2,53.1,1,0,10,2,1,0.02912,0,normal,0
LG-1005,2025-01-08 10:24:30,6.480932,3.383525,10.2,53.1,1,0,10,2,1,0.02836,0,normal,0
LG-1005,2025-01-08 10:25:00,6.480182,3.383484,10.0,53.0,1,0,10,2,1,0.02769,0,normal,0
LG-1005,2025-01-08 10:25:30,6.479701,3.383245,7.2,53.0,1,0,10,2,1,0.02736,0,normal,0
LG-1005,2025-01-08 10:26:00,6.479096,3.382921,9.2,53.0,1,0,10,2,1,0.02695,0,normal,0
LG-1005,2025-01-08 10:26:30,6.47872,3.382725,5.7,53.0,1,0,10,2,1,0.02671,0,normal,0
LG-1005,2025-01-08 10:27:00,6.477944,3.382309,11.7,53.0,1,0,10,2,1,0.02622,0,normal,0
LG-1005,2025-01-08 10:27:30,6.477484,3.382065,6.9,53.0,1,0,10,2,1,0.02594,0,normal,0
LG-1005,2025-01-08 10:28:00,6.477033,3.381851,6.7,52.9,1,0,10,2,1,0.02566,0,normal,0
LG-1005,2025-01-08 10:28:30,6.476472,3.381681,7.8,52.9,1,0,10,2,1,0.02527,0,normal,0
LG-1005,2025-01-08 10:29:00,6.475478,3.381797,13.4,52.9,1,0,10,2,1,0.02437,0,normal,0
LG-1005,2025-01-08 10:29:30,6.474563,3.38199,12.5,52.9,1,0,10,2,1,0.02349,0,normal,0
LG-1005,2025-01-08 10:30:00,6.473541,3.382197,13.9,52.8,1,0,10,2,1,0.02253,0,normal,0
LG-1005,2025-01-08 10:30:30,6.472724,3.382346,11.1,52.8,1,0,10,2,1,0.02178,0,normal,0
LG-1005,2025-01-08 10:31:00,6.471898,3.382492,11.2,52.8,1,0,10,2,1,0.02102,0,normal,0
LG-1005,2025-01-08 10:31:30,6.471211,3.382654,9.4,52.8,1,0,10,2,1,0.02038,0,normal,0
LG-1005,2025-01-08 10:32:00,6.470261,3.382999,13.5,52.7,1,0,10,2,1,0.01941,0,normal,0
LG-1005,2025-01-08 10:32:30,6.469578,3.382891,9.2,52.7,1,0,10,2,1,0.01895,0,normal,0
LG-1005,2025-01-08 10:33:00,6.46932,3.382338,8.1,52.7,1,0,10,2,1,0.01912,0,normal,0
LG-1005,2025-01-08 10:33:30,6.46906,3.381562,10.9,52.7,1,0,10,2,1,0.01945,0,normal,0
LG-1005,2025-01-08 10:34:00,6.468437,3.38146,8.4,52.6,1,0,10,2,1,0.01908,0,normal,0
LG-1005,2025-01-08 10:34:30,6.468358,3.381886,5.8,52.6,1,0,10,2,1,0.01872,0,normal,0
LG-1005,2025-01-08 10:35:00,6.468819,3.382306,8.3,52.6,1,0,10,2,1,0.01876,0,normal,0
LG-1005,2025-01-08 10:35:30,6.469171,3.382747,7.5,52.6,1,0,10,2,1,0.01873,0,normal,0
LG-1005,2025-01-08 10:36:00,6.469027,3.383659,12.2,52.6,1,0,10,2,1,0.01804,0,normal,0
LG-1005,2025-01-08 10:36:30,6.46851,3.384014,8.4,52.5,1,0,10,2,1,0.01741,0,normal,0
LG-1005,2025-01-08 10:37:00,6.467667,3.384458,12.7,52.5,1,0,10,2,1,0.01648,0,normal,0
LG-1005,2025-01-08 10:37:30,6.467061,3.384766,9.1,52.5,1,0,10,2,1,0.01582,0,normal,0
LG-1005,2025-01-08 10:38:00,6.466255,3.385174,12.1,52.5,1,0,10,2,1,0.01494,0,normal,0
LG-1005,2025-01-08 10:38:30,6.465842,3.385372,6.1,52.4,1,0,10,2,1,0.0145,0,normal,0
LG-1005,2025-01-08 10:39:00,6.464898,3.385777,13.7,52.4,1,0,10,2,1,0.01353,0,normal,0
LG-1005,2025-01-08 10:39:30,6.464236,3.386025,9.4,52.4,1,0,10,2,1,0.01288,0,normal,0
LG-1005,2025-01-08 10:40:00,6.463722,3.386216,7.3,52.4,1,0,10,2,1,0.01238,0,normal,0
LG-1005,2025-01-08 10:40:30,6.463221,3.386402,7.1,52.4,1,0,10,2,1,0.0119,0,normal,0
LG-1005,2025-01-09 09:31:00,6.500139,3.356061,0.0,52.4,0,1,9,3,1,0.00225,0,normal,0
LG-1005,2025-01-09 09:31:30,6.500224,3.357965,25.3,52.3,1,0,9,3,1,0.00122,0,normal,0
LG-1005,2025-01-09 09:32:00,6.499973,3.358993,14.0,52.3,1,0,9,3,1,0.00139,0,normal,0
LG-1005,2025-01-09 09:32:30,6.498355,3.359531,22.8,52.2,1,0,9,3,1,0.00166,0,normal,0
LG-1005,2025-01-09 09:33:00,6.496705,3.361402,33.2,52.1,1,0,9,3,1,0.0041,0,normal,0
LG-1005,2025-01-09 09:33:30,6.494957,3.361476,23.4,52.1,1,0,9,3,1,0.00533,0,normal,0
LG-1005,2025-01-09 09:34:00,6.491908,3.362485,42.9,52.0,1,0,9,3,1,0.00839,0,normal,0
LG-1005,2025-01-09 09:34:30,6.490077,3.363237,26.4,51.9,1,0,9,3,1,0.01035,0,normal,0
LG-1005,2025-01-09 09:35:00,6.48737,3.364209,38.4,51.8,1,0,9,3,1,0.01318,0,normal,0
LG-1005,2025-01-09 09:35:30,6.484358,3.365414,43.3,51.7,1,0,9,3,1,0.01641,0,normal,0
LG-1005,2025-01-09 09:36:00,6.48221,3.366967,35.3,51.6,1,0,9,3,1,0.01903,0,normal,0
LG-1005,2025-01-09 09:36:30,6.481245,3.368067,19.5,51.6,1,0,9,3,1,0.02041,0,normal,0
LG-1005,2025-01-09 09:37:00,6.479774,3.369967,32.0,51.5,1,0,9,3,1,0.02265,0,normal,0
LG-1005,2025-01-09 09:37:30,6.478936,3.37105,18.2,51.5,1,0,9,3,1,0.02393,0,normal,0
LG-1005,2025-01-09 09:38:00,6.477183,3.3733,38.0,51.4,1,0,9,3,1,0.02665,0,normal,0
LG-1005,2025-01-09 09:38:30,6.4761,3.374647,23.0,51.3,1,0,9,3,1,0.02831,0,normal,0
LG-1005,2025-01-09 09:39:00,6.473971,3.376184,35.0,51.3,1,0,9,3,1,0.02672,0,normal,0
LG-1005,2025-01-09 09:39:30,6.471022,3.377196,41.6,51.2,1,0,9,3,1,0.02395,0,normal,0
LG-1005,2025-01-09 09:40:00,6.469585,3.377648,20.1,51.1,1,0,9,3,1,0.02267,0,normal,0
LG-1005,2025-01-09 09:40:30,6.467706,3.378257,26.4,51.1,1,0,9,3,1,0.02102,0,normal,0
LG-1005,2025-01-09 09:41:00,6.465477,3.37945,33.7,51.0,1,0,9,3,1,0.01875,0,normal,0
LG-1005,2025-01-09 09:41:30,6.463765,3.38055,27.1,50.9,1,0,9,3,1,0.0169,0,normal,0
LG-1005,2025-01-09 09:42:00,6.462509,3.381357,19.9,50.9,1,0,9,3,1,0.01557,0,normal,0
LG-1005,2025-01-09 09:42:30,6.461521,3.381985,15.6,50.8,1,0,9,3,1,0.01456,0,normal,0
LG-1005,2025-01-09 09:43:00,6.459631,3.38263,26.7,50.8,1,0,9,3,1,0.01321,0,normal,0
LG-1005,2025-01-09 09:43:30,6.457151,3.382355,33.3,50.7,1,0,9,3,1,0.01283,0,normal,0
LG-1005,2025-01-09 09:44:00,6.45485,3.382079,31.0,50.6,1,0,9,3,1,0.01292,0,normal,0
LG-1005,2025-01-09 09:44:30,6.453648,3.382865,19.2,50.6,1,0,9,3,1,0.01221,0,normal,0
LG-1005,2025-01-09 09:45:00,6.452533,3.384637,27.8,50.5,1,0,9,3,1,0.01065,0,normal,0
LG-1005,2025-01-09 09:45:30,6.451651,3.386346,25.6,50.4,1,0,9,3,1,0.00928,0,normal,0
LG-1005,2025-01-09 09:46:00,6.450837,3.387853,22.8,50.4,1,0,9,3,1,0.00827,0,normal,0
LG-1005,2025-01-09 09:46:30,6.449465,3.390201,36.2,50.3,1,0,9,3,1,0.00733,0,normal,0
LG-1005,2025-01-09 09:47:00,6.44852,3.391723,23.8,50.3,1,0,9,3,1,0.00726,0,normal,0
LG-1005,2025-01-09 09:47:30,6.447231,3.39363,30.6,50.2,1,0,9,3,1,0.00789,0,normal,0
LG-1005,2025-01-09 09:48:00,6.445452,3.396229,41.9,50.1,1,0,9,3,1,0.00963,0,normal,0
LG-1005,2025-01-09 09:48:30,6.444141,3.398117,30.6,50.0,1,0,9,3,1,0.0113,0,normal,0
LG-1005,2025-01-09 09:49:00,6.442582,3.400029,32.8,49.9,1,0,9,3,1,0.0134,0,normal,0
LG-1005,2025-01-09 09:49:30,6.441739,3.400971,16.8,49.9,1,0,9,3,1,0.01454,0,normal,0
LG-1005,2025-01-09 09:50:00,6.441131,3.40234,19.9,49.9,1,0,9,3,1,0.01569,0,normal,0
LG-1005,2025-01-09 09:50:30,6.440445,3.403479,17.7,49.8,1,0,9,3,1,0.01684,0,normal,0
LG-1005,2025-01-09 09:51:00,6.438921,3.405825,37.2,49.7,1,0,9,3,1,0.0187,0,normal,0
LG-1005,2025-01-09 09:51:30,6.437047,3.40794,37.6,49.6,1,0,9,3,1,0.01589,0,normal,0
LG-1005,2025-01-09 09:52:00,6.437047,3.40794,0.0,49.6,1,1,9,3,1,0.01589,0,normal,0
LG-1005,2025-01-09 09:52:30,6.437047,3.40794,0.0,49.6,1,2,9,3,1,0.01589,0,normal,0
LG-1005,2025-01-09 09:53:00,6.437047,3.40794,0.0,49.6,1,3,9,3,1,0.01589,0,normal,0
LG-1005,2025-01-09 09:53:30,6.437047,3.40794,0.0,49.6,1,4,9,3,1,0.01589,0,normal,0
LG-1005,2025-01-09 09:54:00,6.437912,3.409147,19.8,49.6,1,0,9,3,1,0.01545,0,normal,0
LG-1005,2025-01-09 09:54:30,6.438044,3.41071,20.8,49.5,1,0,9,3,1,0.01438,0,normal,0
LG-1005,2025-01-09 09:55:00,6.43726,3.412348,24.1,49.5,1,0,9,3,1,0.01267,0,normal,0
LG-1005,2025-01-09 09:55:30,6.436398,3.414591,31.9,49.4,1,0,9,3,1,0.01056,0,normal,0
LG-1005,2025-01-09 09:56:00,6.436247,3.417058,32.8,49.3,1,0,9,3,1,0.00914,0,normal,0
LG-1005,2025-01-09 09:56:30,6.436759,3.419632,34.8,49.3,1,0,9,3,1,0.00887,0,normal,0
LG-1005,2025-01-09 09:57:00,6.437655,3.422603,41.2,49.2,1,0,9,3,1,0.00979,0,normal,0
LG-1005,2025-01-09 09:57:30,6.438359,3.424215,23.4,49.1,1,0,9,3,1,0.01085,0,normal,0
LG-1005,2025-01-09 09:58:00,6.439171,3.426642,34.0,49.0,1,0,9,3,1,0.01252,0,normal,0
LG-1005,2025-01-09 09:58:30,6.439399,3.428973,31.1,48.9,1,0,9,3,1,0.01391,0,normal,0
LG-1005,2025-01-09 09:59:00,6.439589,3.430743,23.6,48.9,1,0,9,3,1,0.01514,0,normal,0
LG-1005,2025-01-09 09:59:30,6.440478,3.433725,41.3,48.8,1,0,9,3,1,0.01782,0,normal,0
LG-1005,2025-01-09 10:00:00,6.440368,3.435018,17.2,48.8,1,0,10,3,1,0.01869,0,normal,0
LG-1005,2025-01-09 10:00:30,6.438834,3.437205,35.5,48.7,1,0,10,3,1,0.01949,0,normal,0
LG-1005,2025-01-09 10:01:00,6.437485,3.439562,36.1,48.6,1,0,10,3,1,0.02084,0,normal,0
LG-1005,2025-01-09 10:01:30,6.435815,3.442207,41.6,48.5,1,0,10,3,1,0.0226,0,normal,0
LG-1005,2025-01-09 10:02:00,6.435228,3.444357,29.6,48.4,1,0,10,3,1,0.02445,0,normal,0
LG-1005,2025-01-09 10:02:30,6.435554,3.446139,24.0,48.4,1,0,10,3,1,0.02625,0,normal,0
LG-1005,2025-01-09 10:03:00,6.436268,3.448989,39.0,48.3,1,0,10,3,1,0.02918,0,normal,0
LG-1005,2025-01-09 10:03:30,6.437464,3.451526,37.3,48.2,1,0,10,3,1,0.03196,0,normal,0
LG-1005,2025-01-09 10:04:00,6.437469,3.4536,27.5,48.1,1,0,10,3,1,0.03395,0,normal,0
LG-1005,2025-01-09 10:04:30,6.435475,3.455562,37.3,48.0,1,0,10,3,1,0.03536,0,normal,0
LG-1005,2025-01-09 10:05:00,6.4344,3.456869,22.5,48.0,1,0,10,3,1,0.03644,0,normal,0
LG-1005,2025-01-09 10:05:30,6.43262,3.458492,32.1,47.9,1,0,10,3,1,0.03778,0,normal,0
LG-1005,2025-01-09 10:06:00,6.430507,3.460629,40.0,47.8,1,0,10,3,1,0.03971,0,normal,0
LG-1005,2025-01-09 10:06:30,6.430055,3.462363,23.8,47.8,1,0,10,3,1,0.04141,0,normal,0
LG-1005,2025-01-09 10:07:00,6.430318,3.464521,28.9,47.7,1,0,10,3,1,0.04358,0,normal,0
LG-1005,2025-01-09 10:07:30,6.430713,3.467707,42.6,47.6,1,0,10,3,1,0.04679,0,normal,0
LG-1005,2025-01-09 10:08:00,6.431155,3.470544,38.1,47.5,1,0,10,3,1,0.04964,0,normal,0
LG-1005,2025-01-09 10:08:30,6.431629,3.473576,40.7,47.4,1,0,10,3,1,0.0527,0,normal,0
LG-1005,2025-01-09 10:09:00,6.431921,3.475513,26.0,47.4,1,0,10,3,1,0.05465,0,normal,0
LG-1005,2025-01-09 10:09:30,6.432394,3.478791,44.0,47.2,1,0,10,3,1,0.05413,0,normal,0
LG-1005,2025-01-09 10:10:00,6.4326,3.48022,19.2,47.2,1,0,10,3,1,0.05287,0,normal,0
LG-1005,2025-01-09 10:10:30,6.432884,3.482455,29.9,47.1,1,0,10,3,1,0.05094,0,normal,0
LG-1005,2025-01-09 10:11:00,6.43321,3.484597,28.8,47.1,1,0,10,3,1,0.04909,0,normal,0
LG-1005,2025-01-09 10:11:30,6.433655,3.487436,38.1,47.0,1,0,10,3,1,0.04666,0,normal,0
LG-1005,2025-01-09 10:12:00,6.434056,3.490526,41.4,46.9,1,0,10,3,1,0.04414,0,normal,0
LG-1005,2025-01-09 10:12:30,6.434479,3.493217,36.2,46.8,1,0,10,3,1,0.04195,0,normal,0
LG-1005,2025-01-09 10:13:00,6.434865,3.49568,33.1,46.7,1,0,10,3,1,0.04001,0,normal,0
LG-1005,2025-01-09 10:13:30,6.435163,3.49771,27.2,46.7,1,0,10,3,1,0.03847,0,normal,0
LG-1005,2025-01-09 10:14:00,6.435488,3.499922,29.7,46.6,1,0,10,3,1,0.03686,0,normal,0
LG-1005,2025-01-09 10:14:30,6.435812,3.502132,29.6,46.5,1,0,10,3,1,0.03531,0,normal,0
LG-1005,2025-01-09 10:15:00,6.43597,3.503272,15.3,46.5,1,0,10,3,1,0.03455,0,normal,0
LG-1005,2025-01-09 10:15:30,6.436293,3.505468,29.5,46.4,1,0,10,3,1,0.03313,0,normal,0
LG-1005,2025-01-09 10:16:00,6.437107,3.50772,31.8,46.3,1,0,10,3,1,0.03134,0,normal,0
LG-1005,2025-01-09 10:16:30,6.439768,3.507533,35.6,46.3,1,0,10,3,1,0.02909,0,normal,0
LG-1005,2025-01-09 10:17:00,6.442616,3.507612,38.1,46.2,1,0,10,3,1,0.02661,0,normal,0
LG-1005,2025-01-09 10:17:30,6.444537,3.50805,26.3,46.1,1,0,10,3,1,0.02477,0,normal,0
LG-1005,2025-01-09 10:18:00,6.446795,3.508281,30.3,46.0,1,0,10,3,1,0.0228,0,normal,0
LG-1005,2025-01-09 10:18:30,6.447975,3.508305,15.8,46.0,1,0,10,3,1,0.02185,0,normal,0
LG-1005,2025-01-09 10:19:00,6.449925,3.508387,26.1,45.9,1,0,10,3,1,0.02031,0,normal,0
LG-1005,2025-01-09 10:19:30,6.452081,3.508408,28.8,45.9,1,0,10,3,1,0.01875,0,normal,0
LG-1005,2025-01-09 10:20:00,6.452794,3.509526,17.6,45.8,1,0,10,3,1,0.01745,0,normal,0
LG-1005,2025-01-09 10:20:30,6.453059,3.510639,15.2,45.8,1,0,10,3,1,0.01648,0,normal,0
LG-1005,2025-01-09 10:21:00,6.453304,3.513261,35.0,45.7,1,0,10,3,1,0.0146,0,normal,0
LG-1005,2025-01-09 10:21:30,6.453493,3.515322,27.5,45.6,1,0,10,3,1,0.0133,0,normal,0
LG-1005,2025-01-09 10:22:00,6.453662,3.517341,26.9,45.6,1,0,10,3,1,0.01226,0,normal,0
LG-1005,2025-01-09 10:22:30,6.454511,3.518199,16.1,45.5,1,0,10,3,1,0.01116,0,normal,0
LG-1005,2025-01-09 10:23:00,6.456807,3.518263,30.7,45.5,1,0,10,3,1,0.00901,0,normal,0
LG-1005,2025-01-09 10:23:30,6.458881,3.518327,27.7,45.4,1,0,10,3,1,0.00714,0,normal,0
LG-1005,2025-01-09 10:24:00,6.461035,3.518365,28.8,45.3,1,0,10,3,1,0.00538,0,normal,0
LG-1005,2025-01-09 10:24:30,6.461099,3.520686,30.8,45.3,1,0,10,3,1,0.00412,0,normal,0
LG-1005,2025-01-09 10:25:00,6.461077,3.521806,14.9,45.2,1,0,10,3,1,0.00393,0,normal,0
LG-1005,2025-01-09 10:25:30,6.463391,3.522678,33.0,45.2,1,0,10,3,1,0.00175,0,normal,0
LG-1005,2025-01-09 10:26:00,6.464158,3.523193,12.3,45.1,1,0,10,3,1,0.00146,0,normal,0
LG-1005,2025-01-09 10:26:30,6.464158,3.523193,0.0,45.1,0,1,10,3,1,0.00146,0,normal,0
LG-1005,2025-01-09 10:27:00,6.464158,3.523193,0.0,45.1,0,2,10,3,1,0.00146,0,normal,0
LG-1005,2025-01-09 10:27:30,6.464158,3.523193,0.0,45.1,0,3,10,3,1,0.00146,0,normal,0
LG-1005,2025-01-09 10:28:00,6.464158,3.523193,0.0,45.1,0,4,10,3,1,0.00146,0,normal,0
LG-1005,2025-01-09 10:28:30,6.464158,3.523193,0.0,45.1,0,5,10,3,1,0.00146,0,normal,0
LG-1005,2025-01-09 10:29:00,6.464158,3.523193,0.0,45.1,0,6,10,3,1,0.00146,0,normal,0
LG-1005,2025-01-09 10:29:30,6.464158,3.523193,0.0,45.1,0,7,10,3,1,0.00146,0,normal,0
LG-1005,2025-01-09 10:30:00,6.464158,3.523193,0.0,45.1,0,8,10,3,1,0.00146,0,normal,0
LG-1005,2025-01-09 10:30:30,6.464158,3.523193,0.0,45.1,0,9,10,3,1,0.00146,0,normal,0
LG-1005,2025-01-10 16:35:00,6.453076,3.395468,0.0,45.1,0,1,16,4,1,0.00198,0,normal,0
LG-1005,2025-01-10 16:35:30,6.452761,3.393485,26.7,45.1,1,0,16,4,1,0.0027,0,normal,0
LG-1005,2025-01-10 16:36:00,6.453087,3.39212,18.6,45.0,1,0,16,4,1,0.00346,0,normal,0
LG-1005,2025-01-10 16:36:30,6.454008,3.390062,30.0,45.0,1,0,16,4,1,0.00504,0,normal,0
LG-1005,2025-01-10 16:37:00,6.454209,3.388293,23.6,44.9,1,0,16,4,1,0.00675,0,normal,0
LG-1005,2025-01-10 16:37:30,6.455035,3.386514,26.1,44.8,1,0,16,4,1,0.00849,0,normal,0
LG-1005,2025-01-10 16:38:00,6.455641,3.38396,34.8,44.8,1,0,16,4,1,0.01106,0,normal,0
LG-1005,2025-01-10 16:38:30,6.456527,3.382332,24.6,44.7,1,0,16,4,1,0.01276,0,normal,0
LG-1005,2025-01-10 16:39:00,6.45891,3.382825,32.5,44.6,1,0,16,4,1,0.01279,0,normal,0
LG-1005,2025-01-10 16:39:30,6.461023,3.382371,28.8,44.6,1,0,16,4,1,0.01399,0,normal,0
LG-1005,2025-01-10 16:40:00,6.46198,3.381814,14.8,44.5,1,0,16,4,1,0.01492,0,normal,0
LG-1005,2025-01-10 16:40:30,6.463769,3.380674,28.3,44.5,1,0,16,4,1,0.0168,0,normal,0
LG-1005,2025-01-10 16:41:00,6.465237,3.379739,23.2,44.4,1,0,16,4,1,0.01838,0,normal,0
LG-1005,2025-01-10 16:41:30,6.467393,3.378462,33.4,44.3,1,0,16,4,1,0.02067,0,normal,0
LG-1005,2025-01-10 16:42:00,6.469598,3.377769,30.9,44.3,1,0,16,4,1,0.02258,0,normal,0
LG-1005,2025-01-10 16:42:30,6.470618,3.377454,14.3,44.2,1,0,16,4,1,0.02349,0,normal,0
LG-1005,2025-01-10 16:43:00,6.471676,3.377083,15.0,44.2,1,0,16,4,1,0.02448,0,normal,0
LG-1005,2025-01-10 16:43:30,6.472636,3.376776,13.4,44.2,1,0,16,4,1,0.02536,0,normal,0
LG-1005,2025-01-10 16:44:00,6.474265,3.376133,23.4,44.1,1,0,16,4,1,0.02696,0,normal,0
LG-1005,2025-01-10 16:44:30,6.475147,3.375608,13.7,44.1,1,0,16,4,1,0.02796,0,normal,0
LG-1005,2025-01-10 16:45:00,6.476686,3.374103,28.7,44.0,1,0,16,4,1,0.02752,0,normal,0
LG-1005,2025-01-10 16:45:30,6.477826,3.372633,24.8,43.9,1,0,16,4,1,0.02574,0,normal,0
LG-1005,2025-01-10 16:46:00,6.47927,3.370764,31.4,43.9,1,0,16,4,1,0.0235,0,normal,0
LG-1005,2025-01-10 16:46:30,6.480114,3.369674,18.3,43.8,1,0,16,4,1,0.0222,0,normal,0
LG-1005,2025-01-10 16:47:00,6.481244,3.368271,24.0,43.8,1,0,16,4,1,0.02051,0,normal,0
LG-1005,2025-01-10 16:47:30,6.48201,3.367493,14.5,43.7,1,0,16,4,1,0.01946,0,normal,0
LG-1005,2025-01-10 16:48:00,6.483928,3.365978,32.6,43.7,1,0,16,4,1,0.01705,0,normal,0
LG-1005,2025-01-10 16:48:30,6.484948,3.365359,15.9,43.6,1,0,16,4,1,0.01586,0,normal,0
LG-1005,2025-01-10 16:49:00,6.485904,3.364894,14.2,43.6,1,0,16,4,1,0.0148,0,normal,0
LG-1005,2025-01-10 16:49:30,6.487068,3.364448,16.6,43.6,1,0,16,4,1,0.01356,0,normal,0
LG-1005,2025-01-10 16:50:00,6.489242,3.363667,30.8,43.5,1,0,16,4,1,0.01128,0,normal,0
LG-1005,2025-01-10 16:50:30,6.490249,3.363303,14.3,43.4,1,0,16,4,1,0.01023,0,normal,0
LG-1005,2025-01-10 16:51:00,6.492105,3.36264,26.3,43.4,1,0,16,4,1,0.00831,0,normal,0
LG-1005,2025-01-10 16:51:30,6.49418,3.3619,29.4,43.3,1,0,16,4,1,0.0062,0,normal,0
LG-1005,2025-01-10 16:52:00,6.496369,3.361673,29.4,43.2,1,0,16,4,1,0.00452,0,normal,0
LG-1005,2025-01-10 16:52:30,6.497576,3.361854,16.3,43.2,1,0,16,4,1,0.00411,0,normal,0
LG-1005,2025-01-10 16:53:00,6.498544,3.362075,13.3,43.2,1,0,16,4,1,0.0041,0,normal,0
LG-1005,2025-01-10 16:53:30,6.50014,3.362588,22.4,43.1,1,0,16,4,1,0.00473,0,normal,0
LG-1005,2025-01-10 16:54:00,6.501309,3.363008,16.6,43.1,1,0,16,4,1,0.00551,0,normal,0
LG-1005,2025-01-10 16:54:30,6.503306,3.363722,28.3,43.0,1,0,16,4,1,0.00716,0,normal,0
LG-1005,2025-01-10 16:55:00,6.504766,3.364087,20.1,43.0,1,0,16,4,1,0.00838,0,normal,0
LG-1005,2025-01-10 16:55:30,6.506411,3.363778,22.4,42.9,1,0,16,4,1,0.0094,0,normal,0
LG-1005,2025-01-10 16:56:00,6.507465,3.363521,14.5,42.9,1,0,16,4,1,0.01011,0,normal,0
LG-1005,2025-01-10 16:56:30,6.507465,3.363521,0.0,42.9,1,1,16,4,1,0.01011,0,normal,0
LG-1005,2025-01-10 16:57:00,6.507465,3.363521,0.0,42.9,1,2,16,4,1,0.01011,0,normal,0
LG-1005,2025-01-10 16:57:30,6.507465,3.363521,0.0,42.9,1,3,16,4,1,0.01011,0,normal,0
LG-1005,2025-01-10 16:58:00,6.507465,3.363521,0.0,42.9,1,4,16,4,1,0.01011,0,normal,0
LG-1005,2025-01-10 16:58:30,6.507465,3.363521,0.0,42.9,1,5,16,4,1,0.01011,0,normal,0
LG-1005,2025-01-10 16:59:00,6.507465,3.363521,0.0,42.9,1,6,16,4,1,0.01011,0,normal,0
LG-1005,2025-01-10 16:59:30,6.507465,3.363521,0.0,42.9,1,7,16,4,1,0.01011,0,normal,0
LG-1005,2025-01-10 17:00:00,6.507465,3.363521,0.0,42.9,1,8,17,4,1,0.01011,0,normal,0
LG-1005,2025-01-10 17:00:30,6.507465,3.363521,0.0,42.9,1,9,17,4,1,0.01011,0,normal,0
LG-1005,2025-01-10 17:01:00,6.509319,3.363189,25.2,42.8,1,0,17,4,1,0.01048,0,normal,0
LG-1005,2025-01-10 17:01:30,6.510514,3.363358,16.1,42.8,1,0,17,4,1,0.00974,0,normal,0
LG-1005,2025-01-10 17:02:00,6.512501,3.363988,27.8,42.7,1,0,17,4,1,0.00839,0,normal,0
LG-1005,2025-01-10 17:02:30,6.513461,3.364301,13.5,42.7,1,0,17,4,1,0.00785,0,normal,0
LG-1005,2025-01-10 17:03:00,6.515907,3.365203,34.8,42.6,1,0,17,4,1,0.00686,0,normal,0
LG-1005,2025-01-10 17:03:30,6.517881,3.365494,26.7,42.6,1,0,17,4,1,0.00712,0,normal,0
LG-1005,2025-01-10 17:04:00,6.51908,3.365393,16.1,42.5,1,0,17,4,1,0.00777,0,normal,0
LG-1005,2025-01-10 17:04:30,6.519907,3.365022,12.1,42.5,1,0,17,4,1,0.00853,0,normal,0
LG-1005,2025-01-10 17:05:00,6.521172,3.364264,19.7,42.4,1,0,17,4,1,0.0099,0,normal,0
LG-1005,2025-01-10 17:05:30,6.521172,3.364264,0.0,50.1,0,1,17,4,1,0.0099,0,normal,1
LG-1005,2025-01-10 17:06:00,6.521172,3.364264,0.0,57.9,0,2,17,4,1,0.0099,0,normal,1
LG-1005,2025-01-10 17:06:30,6.521172,3.364264,0.0,68.4,0,3,17,4,1,0.0099,0,normal,1
LG-1005,2025-01-10 17:07:00,6.521172,3.364264,0.0,77.8,0,4,17,4,1,0.0099,0,normal,1
LG-1005,2025-01-10 17:07:30,6.521172,3.364264,0.0,85.5,0,5,17,4,1,0.0099,0,normal,1
LG-1005,2025-01-10 17:08:00,6.521172,3.364264,0.0,94.8,0,6,17,4,1,0.0099,0,normal,1
LG-1005,2025-01-10 17:08:30,6.521172,3.364264,0.0,95.6,0,7,17,4,1,0.0099,0,normal,1
LG-1005,2025-01-10 17:09:00,6.521172,3.364264,0.0,95.6,0,8,17,4,1,0.0099,0,normal,1
LG-1005,2025-01-10 17:09:30,6.521992,3.3638,12.6,95.6,1,0,17,4,1,0.01078,0,normal,0
LG-1005,2025-01-10 17:10:00,6.523763,3.36255,28.9,95.5,1,0,17,4,1,0.01289,0,normal,0
LG-1005,2025-01-10 17:10:30,6.525165,3.360791,29.9,95.4,1,0,17,4,1,0.01513,0,normal,0
LG-1005,2025-01-10 17:11:00,6.525772,3.359993,13.3,95.4,1,0,17,4,1,0.01613,0,normal,0
LG-1005,2025-01-10 17:11:30,6.5263,3.358946,15.6,95.3,1,0,17,4,1,0.01727,0,normal,0
LG-1005,2025-01-10 17:12:00,6.526487,3.357394,20.7,95.3,1,0,17,4,1,0.01858,0,normal,0
LG-1005,2025-01-10 17:12:30,6.526962,3.35503,32.0,95.2,1,0,17,4,1,0.02076,0,normal,0
LG-1005,2025-01-10 17:13:00,6.528358,3.353944,23.6,95.2,1,0,17,4,1,0.02246,0,normal,0
LG-1005,2025-01-10 17:13:30,6.53031,3.353344,27.3,95.1,1,0,17,4,1,0.02413,0,normal,0
LG-1005,2025-01-10 17:14:00,6.53249,3.352716,30.3,95.0,1,0,17,4,1,0.02538,0,normal,0
LG-1005,2025-01-10 17:14:30,6.534773,3.352458,30.7,95.0,1,0,17,4,1,0.02325,0,normal,0
LG-1005,2025-01-10 17:15:00,6.536268,3.353311,22.9,94.9,1,0,17,4,1,0.02242,0,normal,0
LG-1005,2025-01-10 17:15:30,6.537774,3.354266,23.8,94.9,1,0,17,4,1,0.02174,0,normal,0
LG-1005,2025-01-10 17:16:00,6.53956,3.355468,28.7,94.8,1,0,17,4,1,0.02116,0,normal,0
LG-1005,2025-01-10 17:16:30,6.540653,3.356261,18.0,94.7,1,0,17,4,1,0.02095,0,normal,0
LG-1005,2025-01-10 17:17:00,6.542825,3.357045,30.8,94.7,1,0,17,4,1,0.02014,0,normal,0
LG-1005,2025-01-10 17:17:30,6.543694,3.356743,12.3,94.6,1,0,17,4,1,0.01938,0,normal,0
LG-1005,2025-01-10 17:18:00,6.544837,3.356288,16.4,94.6,1,0,17,4,1,0.01836,0,normal,0
LG-1005,2025-01-10 17:18:30,6.546969,3.355429,30.7,94.5,1,0,17,4,1,0.01651,0,normal,0
LG-1005,2025-01-10 17:19:00,6.548347,3.354872,19.8,94.5,1,0,17,4,1,0.01539,0,normal,0
LG-1005,2025-01-10 17:19:30,6.549408,3.354432,15.3,94.5,1,0,17,4,1,0.01455,0,normal,0
LG-1005,2025-01-10 17:20:00,6.55053,3.353968,16.2,94.4,1,0,17,4,1,0.01372,0,normal,0
LG-1005,2025-01-10 17:20:30,6.552216,3.353274,24.3,94.4,1,0,17,4,1,0.01259,0,normal,0
LG-1005,2025-01-10 17:21:00,6.554415,3.352362,31.8,94.3,1,0,17,4,1,0.01138,0,normal,0
LG-1005,2025-01-10 17:21:30,6.555345,3.351972,13.5,94.3,1,0,17,4,1,0.01098,0,normal,0
LG-1005,2025-01-10 17:22:00,6.556214,3.351618,12.5,94.2,1,0,17,4,1,0.01069,0,normal,0
LG-1005,2025-01-10 17:22:30,6.557792,3.350967,22.8,94.2,1,0,17,4,1,0.01035,0,normal,0
LG-1005,2025-01-10 17:23:00,6.5602,3.350058,34.4,94.1,1,0,17,4,1,0.01044,0,normal,0
LG-1005,2025-01-10 17:23:30,6.561482,3.349558,18.4,94.0,1,0,17,4,1,0.01074,0,normal,0
LG-1005,2025-01-10 17:24:00,6.563858,3.348552,34.4,94.0,1,0,17,4,1,0.01164,0,normal,0
LG-1005,2025-01-10 17:24:30,6.566133,3.347633,32.7,93.9,1,0,17,4,1,0.01296,0,normal,0
LG-1005,2025-01-10 17:25:00,6.567411,3.347102,18.5,93.8,1,0,17,4,1,0.01383,0,normal,0
LG-1005,2025-01-10 17:25:30,6.569576,3.346245,31.1,93.8,1,0,17,4,1,0.01549,0,normal,0
LG-1005,2025-01-10 17:26:00,6.57152,3.345461,28.0,93.7,1,0,17,4,1,0.01711,0,normal,0
LG-1005,2025-01-10 17:26:30,6.573178,3.344789,23.9,93.7,1,0,17,4,1,0.01857,0,normal,0
LG-1005,2025-01-10 17:27:00,6.574687,3.344167,21.8,93.6,1,0,17,4,1,0.01994,0,normal,0
LG-1005,2025-01-10 17:27:30,6.57684,3.343286,31.0,93.5,1,0,17,4,1,0.02196,0,normal,0
LG-1005,2025-01-10 17:28:00,6.57896,3.342429,30.5,93.5,1,0,17,4,1,0.02251,0,normal,0
LG-1005,2025-01-10 17:28:30,6.581012,3.341576,29.7,93.4,1,0,17,4,1,0.02071,0,normal,0
LG-1005,2025-01-10 17:29:00,6.58347,3.34059,35.4,93.3,1,0,17,4,1,0.01867,0,normal,0
LG-1005,2025-01-10 17:29:30,6.585075,3.339943,23.1,93.3,1,0,17,4,1,0.01742,0,normal,0
LG-1005,2025-01-10 17:30:00,6.587222,3.33909,30.8,93.2,1,0,17,4,1,0.01589,0,normal,0
LG-1005,2025-01-10 17:30:30,6.589459,3.338198,32.1,93.1,1,0,17,4,1,0.01451,0,normal,0
LG-1005,2025-01-10 17:31:00,6.590626,3.337729,16.8,93.1,1,0,17,4,1,0.01391,0,normal,0
LG-1005,2025-01-10 17:31:30,6.591513,3.337365,12.8,93.0,1,0,17,4,1,0.01352,0,normal,0
LG-1005,2025-01-10 17:32:00,6.592993,3.336758,21.4,93.0,1,0,17,4,1,0.013,0,normal,0
LG-1005,2025-01-10 17:32:30,6.595214,3.335854,32.0,92.9,1,0,17,4,1,0.01256,0,normal,0
LG-1005,2025-01-10 17:33:00,6.595892,3.33666,14.0,92.9,1,0,17,4,1,0.01153,0,normal,0
LG-1005,2025-01-10 17:33:30,6.595982,3.33878,28.1,92.8,1,0,17,4,1,0.00963,0,normal,0
LG-1005,2025-01-10 17:34:00,6.596216,3.33964,11.8,92.8,1,0,17,4,1,0.00878,0,normal,0
LG-1005,2025-01-10 17:34:30,6.596955,3.340941,19.9,92.7,1,0,17,4,1,0.00728,0,normal,0
LG-1005,2025-01-11 13:54:00,6.599436,3.345815,0.0,92.7,0,1,13,5,1,0.00196,0,normal,0
LG-1005,2025-01-11 13:54:30,6.598253,3.345921,15.9,92.7,1,0,13,5,1,0.00295,0,normal,0
LG-1005,2025-01-11 13:55:00,6.595637,3.346,35.0,92.6,1,0,13,5,1,0.00546,0,normal,0
LG-1005,2025-01-11 13:55:30,6.593703,3.345816,26.0,92.6,1,0,13,5,1,0.00739,0,normal,0
LG-1005,2025-01-11 13:56:00,6.593775,3.345006,10.8,92.5,1,0,13,5,1,0.0075,0,normal,0
LG-1005,2025-01-11 13:56:30,6.593846,3.344051,12.7,92.5,1,0,13,5,1,0.00774,0,normal,0
LG-1005,2025-01-11 13:57:00,6.593216,3.343267,13.4,92.5,1,0,13,5,1,0.00863,0,normal,0
LG-1005,2025-01-11 13:57:30,6.591965,3.34184,25.3,92.4,1,0,13,5,1,0.0104,0,normal,0
LG-1005,2025-01-11 13:58:00,6.591144,3.339656,31.0,92.3,1,0,13,5,1,0.01229,0,normal,0
LG-1005,2025-01-11 13:58:30,6.590544,3.338161,21.4,92.3,1,0,13,5,1,0.01369,0,normal,0
LG-1005,2025-01-11 13:59:00,6.590185,3.336575,21.6,92.2,1,0,13,5,1,0.01502,0,normal,0
LG-1005,2025-01-11 13:59:30,6.590918,3.337401,14.7,92.2,1,0,13,5,1,0.01392,0,normal,0
LG-1005,2025-01-11 14:00:00,6.589229,3.338135,24.6,92.2,1,0,14,5,1,0.01474,0,normal,0
LG-1005,2025-01-11 14:00:30,6.587246,3.33887,28.2,92.1,1,0,14,5,1,0.01598,0,normal,0
LG-1005,2025-01-11 14:01:00,6.585631,3.3395,23.1,92.0,1,0,14,5,1,0.0171,0,normal,0
LG-1005,2025-01-11 14:01:30,6.583642,3.340355,28.9,92.0,1,0,14,5,1,0.01859,0,normal,0
LG-1005,2025-01-11 14:02:00,6.581169,3.34136,35.6,91.9,1,0,14,5,1,0.02062,0,normal,0
LG-1005,2025-01-11 14:02:30,6.579756,3.341911,20.2,91.8,1,0,14,5,1,0.02185,0,normal,0
LG-1005,2025-01-11 14:03:00,6.578908,3.342251,12.2,91.8,1,0,14,5,1,0.0226,0,normal,0
LG-1005,2025-01-11 14:03:30,6.577875,3.342675,14.9,91.8,1,0,14,5,1,0.02294,0,normal,0
LG-1005,2025-01-11 14:04:00,6.576128,3.343368,25.1,91.7,1,0,14,5,1,0.02126,0,normal,0
LG-1005,2025-01-11 14:04:30,6.574744,3.343962,20.1,91.7,1,0,14,5,1,0.01996,0,normal,0
LG-1005,2025-01-11 14:05:00,6.572362,3.34492,34.3,91.6,1,0,14,5,1,0.0178,0,normal,0
LG-1005,2025-01-11 14:05:30,6.570493,3.34566,26.8,91.5,1,0,14,5,1,0.01618,0,normal,0
LG-1005,2025-01-11 14:06:00,6.568817,3.346371,24.3,91.5,1,0,14,5,1,0.01482,0,normal,0
LG-1005,2025-01-11 14:06:30,6.566664,3.347221,30.9,91.4,1,0,14,5,1,0.01322,0,normal,0
LG-1005,2025-01-11 14:07:00,6.565407,3.347724,18.1,91.4,1,0,14,5,1,0.01239,0,normal,0
LG-1005,2025-01-11 14:07:30,6.565407,3.347724,0.0,91.4,1,1,14,5,1,0.01239,0,normal,0
LG-1005,2025-01-11 14:08:00,6.565407,3.347724,0.0,91.4,1,2,14,5,1,0.01239,0,normal,0
LG-1005,2025-01-11 14:08:30,6.565407,3.347724,0.0,91.4,1,3,14,5,1,0.01239,0,normal,0
LG-1005,2025-01-11 14:09:00,6.565407,3.347724,0.0,91.4,1,4,14,5,1,0.01239,0,normal,0
LG-1005,2025-01-11 14:09:30,6.56323,3.348619,31.4,91.3,1,0,14,5,1,0.01121,0,normal,0
LG-1005,2025-01-11 14:10:00,6.562402,3.348965,12.0,91.3,1,0,14,5,1,0.01087,0,normal,0
LG-1005,2025-01-11 14:10:30,6.560546,3.349702,26.7,91.2,1,0,14,5,1,0.01032,0,normal,0
LG-1005,2025-01-11 14:11:00,6.558188,3.350697,34.2,91.1,1,0,14,5,1,0.01021,0,normal,0
LG-1005,2025-01-11 14:11:30,6.556069,3.351585,30.7,91.0,1,0,14,5,1,0.01064,0,normal,0
LG-1005,2025-01-11 14:12:00,6.553837,3.352504,32.2,91.0,1,0,14,5,1,0.01156,0,normal,0
LG-1005,2025-01-11 14:12:30,6.552358,3.353115,21.4,90.9,1,0,14,5,1,0.0124,0,normal,0
LG-1005,2025-01-11 14:13:00,6.550172,3.354012,31.5,90.8,1,0,14,5,1,0.01388,0,normal,0
LG-1005,2025-01-11 14:13:30,6.548432,3.354709,25.0,90.8,1,0,14,5,1,0.0152,0,normal,0
LG-1005,2025-01-11 14:14:00,6.546587,3.355468,26.6,90.7,1,0,14,5,1,0.01674,0,normal,0
LG-1005,2025-01-11 14:14:30,6.545666,3.35585,13.3,90.7,1,0,14,5,1,0.01754,0,normal,0
LG-1005,2025-01-11 14:15:00,6.544506,3.356321,16.7,90.6,1,0,14,5,1,0.01857,0,normal,0
LG-1005,2025-01-11 14:15:30,6.542752,3.35697,25.0,90.6,1,0,14,5,1,0.02013,0,normal,0
LG-1005,2025-01-11 14:16:00,6.541772,3.356871,13.2,90.6,1,0,14,5,1,0.02066,0,normal,0
LG-1005,2025-01-11 14:16:30,6.539929,3.355647,29.5,90.5,1,0,14,5,1,0.02102,0,normal,0
LG-1005,2025-01-11 14:17:00,6.537959,3.354296,31.8,90.4,1,0,14,5,1,0.02161,0,normal,0
LG-1005,2025-01-11 14:17:30,6.535819,3.352939,33.8,90.3,1,0,14,5,1,0.02259,0,normal,0
LG-1005,2025-01-11 14:18:00,6.534884,3.352419,14.3,90.3,1,0,14,5,1,0.02313,0,normal,0
LG-1005,2025-01-11 14:18:30,6.532387,3.352661,33.5,90.2,1,0,14,5,1,0.02544,0,normal,0
LG-1005,2025-01-11 14:19:00,6.531417,3.352952,13.5,90.2,1,0,14,5,1,0.02515,0,normal,0
LG-1005,2025-01-11 14:19:30,6.529748,3.353435,23.2,90.1,1,0,14,5,1,0.02371,0,normal,0
LG-1005,2025-01-11 14:20:00,6.527516,3.354262,31.8,90.1,1,0,14,5,1,0.02171,0,normal,0
LG-1005,2025-01-11 14:20:30,6.526883,3.355042,13.4,90.0,1,0,14,5,1,0.02071,0,normal,0
LG-1005,2025-01-11 14:21:00,6.526655,3.355936,12.3,90.0,1,0,14,5,1,0.01985,0,normal,0
LG-1005,2025-01-11 14:21:30,6.526487,3.356857,12.4,90.0,1,0,14,5,1,0.01901,0,normal,0
LG-1005,2025-01-11 14:22:00,6.526267,3.358648,23.9,89.9,1,0,14,5,1,0.01747,0,normal,0
LG-1005,2025-01-11 14:22:30,6.525165,3.360664,30.5,89.9,1,0,14,5,1,0.01523,0,normal,0
LG-1005,2025-01-11 14:23:00,6.524486,3.361554,14.9,89.8,1,0,14,5,1,0.01411,0,normal,0
LG-1005,2025-01-11 14:23:30,6.52379,3.362423,14.8,89.8,1,0,14,5,1,0.013,0,normal,0
LG-1005,2025-01-11 14:24:00,6.52227,3.363556,25.3,89.7,1,0,14,5,1,0.01114,0,normal,0
LG-1005,2025-01-11 14:24:30,6.521133,3.364207,17.5,89.7,1,0,14,5,1,0.00992,0,normal,0
LG-1005,2025-01-11 14:25:00,6.519208,3.365251,29.2,89.6,1,0,14,5,1,0.00795,0,normal,0
LG-1005,2025-01-11 14:25:30,6.516653,3.365139,34.2,89.5,1,0,14,5,1,0.00706,0,normal,0
LG-1005,2025-01-11 14:26:00,6.51451,3.36443,30.1,89.5,1,0,14,5,1,0.00759,0,normal,0
LG-1005,2025-01-11 14:26:30,6.512155,3.363738,32.8,89.4,1,0,14,5,1,0.00874,0,normal,0
LG-1005,2025-01-11 14:27:00,6.51042,3.363193,24.3,89.3,1,0,14,5,1,0.00993,0,normal,0
LG-1005,2025-01-11 14:27:30,6.508075,3.363282,31.3,89.3,1,0,14,5,1,0.0105,0,normal,0
LG-1005,2025-01-11 14:28:00,6.506885,3.363541,16.3,89.2,1,0,14,5,1,0.00964,0,normal,0
LG-1005,2025-01-11 14:28:30,6.505904,3.363799,13.5,89.2,1,0,14,5,1,0.00902,0,normal,0
LG-1005,2025-01-11 14:29:00,6.503881,3.363844,27.0,89.1,1,0,14,5,1,0.00761,0,normal,0
LG-1005,2025-01-11 14:29:30,6.502959,3.363499,13.1,89.1,1,0,14,5,1,0.00678,0,normal,0
LG-1005,2025-01-11 14:30:00,6.500637,3.362617,33.2,89.0,1,0,14,5,1,0.0049,0,normal,0
LG-1005,2025-01-11 14:30:30,6.498618,3.361955,28.4,89.0,1,0,14,5,1,0.00397,0,normal,0
LG-1005,2025-01-11 14:31:00,6.496066,3.361538,34.5,88.9,1,0,14,5,1,0.0046,0,normal,0
LG-1005,2025-01-11 14:31:30,6.494623,3.361662,19.3,88.8,1,0,14,5,1,0.00571,0,normal,0
LG-1005,2025-01-11 14:32:00,6.492947,3.362188,23.5,88.8,1,0,14,5,1,0.00736,0,normal,0
LG-1005,2025-01-11 14:32:30,6.490868,3.362953,29.6,88.7,1,0,14,5,1,0.00952,0,normal,0
LG-1005,2025-01-11 14:33:00,6.489619,3.363397,17.7,88.7,1,0,14,5,1,0.01082,0,normal,0
LG-1005,2025-01-11 14:33:30,6.487871,3.364027,24.8,88.6,1,0,14,5,1,0.01266,0,normal,0
LG-1005,2025-01-11 14:34:00,6.48593,3.364743,27.6,88.5,1,0,14,5,1,0.01471,0,normal,0
LG-1005,2025-01-11 14:34:30,6.483553,3.365875,35.1,88.5,1,0,14,5,1,0.01734,0,normal,0
LG-1005,2025-01-11 14:35:00,6.481879,3.367322,29.5,88.4,1,0,14,5,1,0.01949,0,normal,0
LG-1005,2025-01-11 14:35:30,6.481169,3.368165,14.7,88.4,1,0,14,5,1,0.02053,0,normal,0
LG-1005,2025-01-11 14:36:00,6.480107,3.369544,23.2,88.3,1,0,14,5,1,0.02214,0,normal,0
LG-1005,2025-01-11 14:36:30,6.478915,3.371077,25.8,88.2,1,0,14,5,1,0.02397,0,normal,0
LG-1005,2025-01-11 14:37:00,6.478204,3.371985,15.3,88.2,1,0,14,5,1,0.02506,0,normal,0
LG-1005,2025-01-11 14:37:30,6.477184,3.373299,22.1,88.2,1,0,14,5,1,0.02665,0,normal,0
LG-1005,2025-01-11 14:38:00,6.476316,3.374395,18.6,88.1,1,0,14,5,1,0.02799,0,normal,0
LG-1005,2025-01-11 14:38:30,6.475545,3.375183,14.7,88.1,1,0,14,5,1,0.02855,0,normal,0
LG-1005,2025-01-11 14:39:00,6.474032,3.376156,24.0,88.0,1,0,14,5,1,0.02678,0,normal,0
LG-1005,2025-01-11 14:39:30,6.472928,3.376591,15.8,88.0,1,0,14,5,1,0.0257,0,normal,0
LG-1005,2025-01-11 14:40:00,6.471074,3.37718,26.0,87.9,1,0,14,5,1,0.024,0,normal,0
LG-1005,2025-01-11 14:40:30,6.469935,3.37754,16.0,87.9,1,0,14,5,1,0.02298,0,normal,0
LG-1005,2025-01-11 14:41:00,6.467856,3.378205,29.1,87.8,1,0,14,5,1,0.02115,0,normal,0
LG-1005,2025-01-11 14:41:30,6.46671,3.378675,16.5,87.8,1,0,14,5,1,0.02009,0,normal,0
LG-1005,2025-01-11 14:42:00,6.464607,3.380009,33.2,87.7,1,0,14,5,1,0.01781,0,normal,0
LG-1005,2025-01-11 14:42:30,6.463817,3.380517,12.5,87.7,1,0,14,5,1,0.01696,0,normal,0
LG-1005,2025-01-11 14:43:00,6.462283,3.381502,24.3,87.6,1,0,14,5,1,0.01534,0,normal,0
LG-1005,2025-01-11 14:43:30,6.461021,3.382236,19.5,87.6,1,0,14,5,1,0.01411,0,normal,0
LG-1005,2025-01-11 14:44:00,6.459778,3.382591,17.3,87.5,1,0,14,5,1,0.0133,0,normal,0
LG-1005,2025-01-11 14:44:30,6.458064,3.382652,22.9,87.5,1,0,14,5,1,0.01272,0,normal,0
LG-1005,2025-01-11 14:45:00,6.45578,3.381958,31.9,87.4,1,0,14,5,1,0.01307,0,normal,0
LG-1005,2025-01-11 14:45:30,6.453559,3.382959,32.5,87.3,1,0,14,5,1,0.01213,0,normal,0
LG-1005,2025-01-11 14:46:00,6.452766,3.384148,19.0,87.3,1,0,14,5,1,0.01108,0,normal,0
LG-1005,2025-01-11 14:46:30,6.452263,3.385202,15.5,87.2,1,0,14,5,1,0.01017,0,normal,0
LG-1005,2025-01-11 14:47:00,6.451234,3.387119,28.9,87.2,1,0,14,5,1,0.00873,0,normal,0
LG-1005,2025-01-11 14:47:30,6.450365,3.388839,25.6,87.1,1,0,14,5,1,0.00771,0,normal,0
LG-1005,2025-01-11 14:48:00,6.450974,3.389866,15.9,87.1,1,0,14,5,1,0.00652,0,normal,0
LG-1005,2025-01-11 14:48:30,6.452147,3.391743,29.4,87.0,1,0,14,5,1,0.00433,0,normal,0
LG-1005,2025-01-11 14:49:00,6.452397,3.393543,24.1,87.0,1,0,14,5,1,0.00298,0,normal,0
LG-1005,2025-01-11 14:49:30,6.453251,3.39469,19.0,86.9,1,0,14,5,1,0.00178,0,normal,0
LG-1005,2025-01-11 14:50:00,6.454762,3.394659,20.2,86.9,1,0,14,5,1,0.00042,0,normal,0
LG-1005,2025-01-11 14:50:30,6.455002,3.394999,5.5,86.8,1,0,14,5,1,0.0,0,normal,0
LG-1005,2025-01-11 14:51:00,6.455002,3.394999,0.0,86.8,0,1,14,5,1,0.0,0,normal,0
LG-1005,2025-01-11 14:51:30,6.455002,3.394999,0.0,86.8,0,2,14,5,1,0.0,0,normal,0
LG-1005,2025-01-11 14:52:00,6.455002,3.394999,0.0,86.8,0,3,14,5,1,0.0,0,normal,0
LG-1005,2025-01-11 14:52:30,6.455002,3.394999,0.0,86.8,0,4,14,5,1,0.0,0,normal,0
LG-1005,2025-01-11 14:53:00,6.455002,3.394999,0.0,86.8,0,5,14,5,1,0.0,0,normal,0
LG-1005,2025-01-11 14:53:30,6.455002,3.394999,0.0,86.8,0,6,14,5,1,0.0,0,normal,0
LG-1006,2025-01-06 12:03:00,6.452781,3.395439,0.0,89.8,0,1,12,0,1,0.00226,0,normal,0
LG-1006,2025-01-06 12:03:30,6.452509,3.394627,11.4,89.8,1,0,12,0,1,0.00252,0,normal,0
LG-1006,2025-01-06 12:04:00,6.452815,3.393122,20.4,89.7,1,0,12,0,1,0.00288,0,normal,0
LG-1006,2025-01-06 12:04:30,6.453068,3.39218,13.0,89.7,1,0,12,0,1,0.00342,0,normal,0
LG-1006,2025-01-06 12:05:00,6.453994,3.390207,29.0,89.6,1,0,12,0,1,0.0049,0,normal,0
LG-1006,2025-01-06 12:05:30,6.454155,3.389125,14.5,89.6,1,0,12,0,1,0.00594,0,normal,0
LG-1006,2025-01-06 12:06:00,6.454379,3.387847,17.2,89.5,1,0,12,0,1,0.00718,0,normal,0
LG-1006,2025-01-06 12:06:30,6.455215,3.385769,29.8,89.5,1,0,12,0,1,0.00923,0,normal,0
LG-1006,2025-01-06 12:07:00,6.455629,3.383989,24.3,89.4,1,0,12,0,1,0.01103,0,normal,0
LG-1006,2025-01-06 12:07:30,6.456006,3.383164,12.1,89.4,1,0,12,0,1,0.01188,0,normal,0
LG-1006,2025-01-06 12:08:00,6.456305,3.382328,11.8,89.4,1,0,12,0,1,0.01274,0,normal,0
LG-1006,2025-01-06 12:08:30,6.457961,3.382809,23.0,89.3,1,0,12,0,1,0.01255,0,normal,0
LG-1006,2025-01-06 12:09:00,6.459371,3.382787,18.8,89.3,1,0,12,0,1,0.01297,0,normal,0
LG-1006,2025-01-06 12:09:30,6.460544,3.382521,16.1,89.2,1,0,12,0,1,0.01366,0,normal,0
LG-1006,2025-01-06 12:10:00,6.462281,3.381622,26.1,89.2,1,0,12,0,1,0.01523,0,normal,0
LG-1006,2025-01-06 12:10:30,6.463368,3.38093,17.2,89.1,1,0,12,0,1,0.01637,0,normal,0
LG-1006,2025-01-06 12:11:00,6.464997,3.379892,25.8,89.1,1,0,12,0,1,0.01812,0,normal,0
LG-1006,2025-01-06 12:11:30,6.466309,3.379057,20.7,89.0,1,0,12,0,1,0.01955,0,normal,0
LG-1006,2025-01-06 12:12:00,6.467371,3.378472,16.2,89.0,1,0,12,0,1,0.02065,0,normal,0
LG-1006,2025-01-06 12:12:30,6.468444,3.378125,15.1,88.9,1,0,12,0,1,0.02158,0,normal,0
LG-1006,2025-01-06 12:13:00,6.469689,3.37774,17.4,88.9,1,0,12,0,1,0.02266,0,normal,0
LG-1006,2025-01-06 12:13:30,6.470585,3.377464,12.5,88.9,1,0,12,0,1,0.02346,0,normal,0
LG-1006,2025-01-06 12:14:00,6.471936,3.376999,19.1,88.8,1,0,12,0,1,0.02472,0,normal,0
LG-1006,2025-01-06 12:14:30,6.474254,3.376138,33.0,88.8,1,0,12,0,1,0.02695,0,normal,0
LG-1006,2025-01-06 12:15:00,6.476145,3.374756,31.2,88.7,1,0,12,0,1,0.02834,0,normal,0
LG-1006,2025-01-06 12:15:30,6.477111,3.373555,20.5,88.6,1,0,12,0,1,0.02685,0,normal,0
LG-1006,2025-01-06 12:16:00,6.478279,3.372053,25.3,88.6,1,0,12,0,1,0.02504,0,normal,0
LG-1006,2025-01-06 12:16:30,6.479427,3.370557,25.1,88.5,1,0,12,0,1,0.02325,0,normal,0
LG-1006,2025-01-06 12:17:00,6.480872,3.368704,31.3,88.4,1,0,12,0,1,0.02105,0,normal,0
LG-1006,2025-01-06 12:17:30,6.481748,3.367742,17.3,88.4,1,0,12,0,1,0.01981,0,normal,0
LG-1006,2025-01-06 12:18:00,6.482799,3.366805,18.8,88.4,1,0,12,0,1,0.01844,0,normal,0
LG-1006,2025-01-06 12:18:30,6.483942,3.365969,18.9,88.3,1,0,12,0,1,0.01704,0,normal,0
LG-1006,2025-01-06 12:19:00,6.484757,3.365469,12.7,88.3,1,0,12,0,1,0.01608,0,normal,0
LG-1006,2025-01-06 12:19:30,6.486047,3.364835,19.2,88.2,1,0,12,0,1,0.01465,0,normal,0
LG-1006,2025-01-06 12:20:00,6.488333,3.36399,32.5,88.2,1,0,12,0,1,0.01223,0,normal,0
LG-1006,2025-01-06 12:20:30,6.490684,3.36315,33.3,88.1,1,0,12,0,1,0.00978,0,normal,0
LG-1006,2025-01-06 12:21:00,6.491701,3.362795,14.4,88.1,1,0,12,0,1,0.00873,0,normal,0
LG-1006,2025-01-06 12:21:30,6.493287,3.362199,22.6,88.0,1,0,12,0,1,0.00709,0,normal,0
LG-1006,2025-01-06 12:22:00,6.49478,3.361758,20.8,88.0,1,0,12,0,1,0.00565,0,normal,0
LG-1006,2025-01-06 12:22:30,6.496522,3.361694,23.3,87.9,1,0,12,0,1,0.00445,0,normal,0
LG-1006,2025-01-06 12:23:00,6.498356,3.362025,24.9,87.8,1,0,12,0,1,0.00408,0,normal,0
LG-1006,2025-01-06 12:23:30,6.499241,3.362276,12.3,87.8,1,0,12,0,1,0.00428,0,normal,0
LG-1006,2025-01-06 12:24:00,6.501478,3.363068,31.7,87.7,1,0,12,0,1,0.00564,0,normal,0
LG-1006,2025-01-06 12:24:30,6.503932,3.363946,34.8,87.7,1,0,12,0,1,0.00772,0,normal,0
LG-1006,2025-01-06 12:25:00,6.505935,3.363893,26.8,87.6,1,0,12,0,1,0.0091,0,normal,0
LG-1006,2025-01-06 12:25:30,6.507931,3.363417,27.4,87.5,1,0,12,0,1,0.01045,0,normal,0
LG-1006,2025-01-06 12:26:00,6.509726,3.363201,24.2,87.5,1,0,12,0,1,0.01026,0,normal,0
LG-1006,2025-01-06 12:26:30,6.511151,3.363565,19.6,87.4,1,0,12,0,1,0.00927,0,normal,0
LG-1006,2025-01-06 12:27:00,6.512247,3.363905,15.3,87.4,1,0,12,0,1,0.00855,0,normal,0
LG-1006,2025-01-06 12:27:30,6.51405,3.364548,25.6,87.3,1,0,12,0,1,0.00751,0,normal,0
LG-1006,2025-01-06 12:28:00,6.514957,3.364872,12.9,87.3,1,0,12,0,1,0.00713,0,normal,0
LG-1006,2025-01-06 12:28:30,6.517142,3.365636,30.9,87.2,1,0,12,0,1,0.00672,0,normal,0
LG-1006,2025-01-06 12:29:00,6.51875,3.36545,21.6,87.2,1,0,12,0,1,0.00755,0,normal,0
LG-1006,2025-01-06 12:29:30,6.520219,3.364817,21.3,87.1,1,0,12,0,1,0.00888,0,normal,0
LG-1006,2025-01-06 12:30:00,6.521486,3.364087,19.5,87.1,1,0,12,0,1,0.01023,0,normal,0
LG-1006,2025-01-06 12:30:30,6.521486,3.364087,0.0,87.1,1,1,12,0,1,0.01023,0,normal,0
LG-1006,2025-01-06 12:31:00,6.521486,3.364087,0.0,87.1,1,2,12,0,1,0.01023,0,normal,0
LG-1006,2025-01-06 12:31:30,6.521486,3.364087,0.0,87.1,1,3,12,0,1,0.01023,0,normal,0
LG-1006,2025-01-06 12:32:00,6.521486,3.364087,0.0,87.1,1,4,12,0,1,0.01023,0,normal,0
LG-1006,2025-01-06 12:32:30,6.521486,3.364087,0.0,87.1,1,5,12,0,1,0.01023,0,normal,0
LG-1006,2025-01-06 12:33:00,6.521486,3.364087,0.0,87.1,1,6,12,0,1,0.01023,0,normal,0
LG-1006,2025-01-06 12:33:30,6.521486,3.364087,0.0,87.1,1,7,12,0,1,0.01023,0,normal,0
LG-1006,2025-01-06 12:34:00,6.521486,3.364087,0.0,87.1,1,8,12,0,1,0.01023,0,normal,0
LG-1006,2025-01-06 12:34:30,6.521486,3.364087,0.0,87.1,1,9,12,0,1,0.01023,0,normal,0
LG-1006,2025-01-06 12:35:00,6.52365,3.362667,34.5,87.0,1,0,12,0,1,0.01273,0,normal,0
LG-1006,2025-01-06 12:35:30,6.524418,3.361756,15.9,87.0,1,0,12,0,1,0.01392,0,normal,0
LG-1006,2025-01-06 12:36:00,6.525124,3.360846,15.3,86.9,1,0,12,0,1,0.01506,0,normal,0
LG-1006,2025-01-06 12:36:30,6.525834,3.359908,15.7,86.9,1,0,12,0,1,0.01624,0,normal,0
LG-1006,2025-01-06 12:37:00,6.526418,3.357988,26.6,86.8,1,0,12,0,1,0.01808,0,normal,0
LG-1006,2025-01-06 12:37:30,6.526829,3.355383,35.0,86.7,1,0,12,0,1,0.0204,0,normal,0
LG-1006,2025-01-06 12:38:00,6.527532,3.354316,17.0,86.7,1,0,12,0,1,0.02167,0,normal,0
LG-1006,2025-01-06 12:38:30,6.52986,3.353479,33.0,86.6,1,0,12,0,1,0.02375,0,normal,0
LG-1006,2025-01-06 12:39:00,6.531182,3.353094,18.4,86.6,1,0,12,0,1,0.02489,0,normal,0
LG-1006,2025-01-06 12:39:30,6.53313,3.352522,27.1,86.5,1,0,12,0,1,0.02472,0,normal,0
LG-1006,2025-01-06 12:40:00,6.534064,3.352342,12.7,86.5,1,0,12,0,1,0.02381,0,normal,0
LG-1006,2025-01-06 12:40:30,6.535692,3.352931,23.1,86.4,1,0,12,0,1,0.0227,0,normal,0
LG-1006,2025-01-06 12:41:00,6.537409,3.354035,27.2,86.4,1,0,12,0,1,0.02189,0,normal,0
LG-1006,2025-01-06 12:41:30,6.538948,3.355029,24.4,86.3,1,0,12,0,1,0.02132,0,normal,0
LG-1006,2025-01-06 12:42:00,6.540006,3.355792,17.4,86.3,1,0,12,0,1,0.02106,0,normal,0
LG-1006,2025-01-06 12:42:30,6.54199,3.357025,31.1,86.2,1,0,12,0,1,0.02064,0,normal,0
LG-1006,2025-01-06 12:43:00,6.544468,3.356434,34.0,86.1,1,0,12,0,1,0.01868,0,normal,0
LG-1006,2025-01-06 12:43:30,6.546041,3.3558,22.6,86.1,1,0,12,0,1,0.0173,0,normal,0
LG-1006,2025-01-06 12:44:00,6.547906,3.355054,26.8,86.0,1,0,12,0,1,0.01574,0,normal,0
LG-1006,2025-01-06 12:44:30,6.550015,3.354181,30.5,85.9,1,0,12,0,1,0.01409,0,normal,0
LG-1006,2025-01-06 12:45:00,6.551227,3.353681,17.5,85.9,1,0,12,0,1,0.01323,0,normal,0
LG-1006,2025-01-06 12:45:30,6.553458,3.352762,32.2,85.8,1,0,12,0,1,0.01186,0,normal,0
LG-1006,2025-01-06 12:46:00,6.554731,3.35223,18.4,85.8,1,0,12,0,1,0.01123,0,normal,0
LG-1006,2025-01-06 12:46:30,6.556816,3.351368,30.1,85.7,1,0,12,0,1,0.01053,0,normal,0
LG-1006,2025-01-06 12:47:00,6.557817,3.350958,14.4,85.7,1,0,12,0,1,0.01035,0,normal,0
LG-1006,2025-01-06 12:47:30,6.559123,3.350472,18.6,85.6,1,0,12,0,1,0.01033,0,normal,0
LG-1006,2025-01-06 12:48:00,6.56082,3.349797,24.4,85.6,1,0,12,0,1,0.01055,0,normal,0
LG-1006,2025-01-06 12:48:30,6.562502,3.349123,24.2,85.5,1,0,12,0,1,0.01106,0,normal,0
LG-1006,2025-01-06 12:49:00,6.564702,3.348196,31.9,85.4,1,0,12,0,1,0.01208,0,normal,0
LG-1006,2025-01-06 12:49:30,6.567155,3.347205,35.3,85.4,1,0,12,0,1,0.01365,0,normal,0
LG-1006,2025-01-06 12:50:00,6.56816,3.346828,14.3,85.3,1,0,12,0,1,0.01439,0,normal,0
LG-1006,2025-01-06 12:50:30,6.569421,3.346309,18.2,85.3,1,0,12,0,1,0.01537,0,normal,0
LG-1006,2025-01-06 12:51:00,6.570824,3.345734,20.2,85.2,1,0,12,0,1,0.01652,0,normal,0
LG-1006,2025-01-06 12:51:30,6.572429,3.345086,23.1,85.2,1,0,12,0,1,0.0179,0,normal,0
LG-1006,2025-01-06 12:52:00,6.574055,3.344419,23.5,85.1,1,0,12,0,1,0.01936,0,normal,0
LG-1006,2025-01-06 12:52:30,6.576278,3.34352,32.0,85.1,1,0,12,0,1,0.02143,0,normal,0
LG-1006,2025-01-06 12:53:00,6.578358,3.342672,30.0,85.0,1,0,12,0,1,0.02305,0,normal,0
LG-1006,2025-01-06 12:53:30,6.579209,3.342329,12.2,85.0,1,0,12,0,1,0.02229,0,normal,0
LG-1006,2025-01-06 12:54:00,6.580764,3.34167,22.5,84.9,1,0,12,0,1,0.02093,0,normal,0
LG-1006,2025-01-06 12:54:30,6.582607,3.340956,26.4,84.8,1,0,12,0,1,0.01936,0,normal,0
LG-1006,2025-01-06 12:55:00,6.58418,3.340316,22.7,84.8,1,0,12,0,1,0.0181,0,normal,0
LG-1006,2025-01-06 12:55:30,6.58521,3.33989,14.9,84.8,1,0,12,0,1,0.01732,0,normal,0
LG-1006,2025-01-06 12:56:00,6.586683,3.339299,21.2,84.7,1,0,12,0,1,0.01626,0,normal,0
LG-1006,2025-01-06 12:56:30,6.588177,3.338694,21.5,84.7,1,0,12,0,1,0.01528,0,normal,0
LG-1006,2025-01-06 12:57:00,6.58931,3.338255,16.2,84.6,1,0,12,0,1,0.0146,0,normal,0
LG-1006,2025-01-06 12:57:30,6.59137,3.337423,29.6,84.6,1,0,12,0,1,0.01358,0,normal,0
LG-1006,2025-01-06 12:58:00,6.592715,3.336874,19.4,84.5,1,0,12,0,1,0.01308,0,normal,0
LG-1006,2025-01-06 12:58:30,6.594495,3.336141,25.7,84.4,1,0,12,0,1,0.01266,0,normal,0
LG-1006,2025-01-06 12:59:00,6.595819,3.336293,17.8,84.4,1,0,12,0,1,0.01189,0,normal,0
LG-1006,2025-01-06 12:59:30,6.595977,3.338719,32.3,84.3,1,0,12,0,1,0.00969,0,normal,0
LG-1006,2025-01-06 13:00:00,6.596276,3.339768,14.5,84.3,1,0,13,0,1,0.00864,0,normal,0
LG-1006,2025-01-06 13:00:30,6.59685,3.340689,14.4,84.3,1,0,13,0,1,0.00755,0,normal,0
LG-1006,2025-01-06 13:01:00,6.597577,3.341834,18.0,84.2,1,0,13,0,1,0.0062,0,normal,0
LG-1006,2025-01-06 13:01:30,6.598804,3.3429,21.7,84.2,1,0,13,0,1,0.00465,0,normal,0
LG-1006,2025-01-06 13:02:00,6.600104,3.343452,18.8,84.1,1,0,13,0,1,0.00366,0,normal,0
LG-1006,2025-01-06 13:02:30,6.601726,3.344467,25.5,84.1,1,0,13,0,1,0.00264,0,normal,0
LG-1006,2025-01-07 16:30:00,6.429554,3.421175,0.0,84.1,0,1,16,1,1,0.00156,0,normal,0
LG-1006,2025-01-07 16:30:30,6.430152,3.418923,30.9,84.0,1,0,16,1,1,0.00299,0,normal,0
LG-1006,2025-01-07 16:31:00,6.430571,3.416839,28.2,83.9,1,0,16,1,1,0.00489,0,normal,0
LG-1006,2025-01-07 16:31:30,6.430642,3.415016,24.2,83.9,1,0,16,1,1,0.00654,0,normal,0
LG-1006,2025-01-07 16:32:00,6.430609,3.412905,28.0,83.8,1,0,16,1,1,0.00851,0,normal,0
LG-1006,2025-01-07 16:32:30,6.430135,3.410928,27.0,83.7,1,0,16,1,1,0.0103,0,normal,0
LG-1006,2025-01-07 16:33:00,6.43001,3.409672,16.8,83.7,1,0,16,1,1,0.0115,0,normal,0
LG-1006,2025-01-07 16:33:30,6.431057,3.408895,17.4,83.7,1,0,16,1,1,0.01248,0,normal,0
LG-1006,2025-01-07 16:34:00,6.433249,3.408896,29.3,83.6,1,0,16,1,1,0.01319,0,normal,0
LG-1006,2025-01-07 16:34:30,6.434653,3.408771,18.8,83.6,1,0,16,1,1,0.01392,0,normal,0
LG-1006,2025-01-07 16:35:00,6.436562,3.408222,26.5,83.5,1,0,16,1,1,0.01538,0,normal,0
LG-1006,2025-01-07 16:35:30,6.437978,3.407311,22.4,83.4,1,0,16,1,1,0.01694,0,normal,0
LG-1006,2025-01-07 16:36:00,6.439002,3.405918,23.0,83.4,1,0,16,1,1,0.01867,0,normal,0
LG-1006,2025-01-07 16:36:30,6.439572,3.405075,13.5,83.4,1,0,16,1,1,0.01843,0,normal,0
LG-1006,2025-01-07 16:37:00,6.440713,3.403417,26.8,83.3,1,0,16,1,1,0.01658,0,normal,0
LG-1006,2025-01-07 16:37:30,6.441918,3.401399,31.3,83.2,1,0,16,1,1,0.01456,0,normal,0
LG-1006,2025-01-07 16:38:00,6.442587,3.400527,14.6,83.2,1,0,16,1,1,0.01359,0,normal,0
LG-1006,2025-01-07 16:38:30,6.443566,3.399406,19.8,83.1,1,0,16,1,1,0.01225,0,normal,0
LG-1006,2025-01-07 16:39:00,6.444076,3.398608,12.6,83.1,1,0,16,1,1,0.0115,0,normal,0
LG-1006,2025-01-07 16:39:30,6.444567,3.397839,12.1,83.1,1,0,16,1,1,0.01081,0,normal,0
LG-1006,2025-01-07 16:40:00,6.446041,3.395734,34.2,83.0,1,0,16,1,1,0.00899,0,normal,0
LG-1006,2025-01-07 16:40:30,6.447016,3.394324,22.8,82.9,1,0,16,1,1,0.00801,0,normal,0
LG-1006,2025-01-07 16:41:00,6.447845,3.393102,19.6,82.9,1,0,16,1,1,0.0074,0,normal,0
LG-1006,2025-01-07 16:41:30,6.448595,3.391996,17.8,82.9,1,0,16,1,1,0.00707,0,normal,0
LG-1006,2025-01-07 16:42:00,6.449912,3.389808,34.0,82.8,1,0,16,1,1,0.00727,0,normal,0
LG-1006,2025-01-07 16:42:30,6.450566,3.388687,17.3,82.7,1,0,16,1,1,0.00771,0,normal,0
LG-1006,2025-01-07 16:43:00,6.451578,3.38683,28.1,82.7,1,0,16,1,1,0.00886,0,normal,0
LG-1006,2025-01-07 16:43:30,6.452238,3.38565,18.0,82.6,1,0,16,1,1,0.00975,0,normal,0
LG-1006,2025-01-07 16:44:00,6.452718,3.384791,13.1,82.6,1,0,16,1,1,0.01046,0,normal,0
LG-1006,2025-01-07 16:44:30,6.453695,3.383002,27.1,82.5,1,0,16,1,1,0.01207,0,normal,0
LG-1006,2025-01-07 16:45:00,6.454319,3.382409,11.5,82.5,1,0,16,1,1,0.01261,0,normal,0
LG-1006,2025-01-07 16:45:30,6.456273,3.382138,26.3,82.5,1,0,16,1,1,0.01293,0,normal,0
LG-1006,2025-01-07 16:46:00,6.457488,3.382582,17.3,82.4,1,0,16,1,1,0.01266,0,normal,0
LG-1006,2025-01-07 16:46:30,6.459602,3.382744,28.3,82.3,1,0,16,1,1,0.01309,0,normal,0
LG-1006,2025-01-07 16:47:00,6.461652,3.382023,29.0,82.3,1,0,16,1,1,0.01458,0,normal,0
LG-1006,2025-01-07 16:47:30,6.463434,3.380888,28.2,82.2,1,0,16,1,1,0.01644,0,normal,0
LG-1006,2025-01-07 16:48:00,6.464197,3.380402,12.1,82.2,1,0,16,1,1,0.01725,0,normal,0
LG-1006,2025-01-07 16:48:30,6.465949,3.379286,27.7,82.1,1,0,16,1,1,0.01915,0,normal,0
LG-1006,2025-01-07 16:49:00,6.468256,3.378185,34.1,82.0,1,0,16,1,1,0.02141,0,normal,0
LG-1006,2025-01-07 16:49:30,6.46948,3.377805,17.1,82.0,1,0,16,1,1,0.02248,0,normal,0
LG-1006,2025-01-07 16:50:00,6.470756,3.377411,17.8,82.0,1,0,16,1,1,0.02361,0,normal,0
LG-1006,2025-01-07 16:50:30,6.472904,3.376688,30.3,81.9,1,0,16,1,1,0.02561,0,normal,0
LG-1006,2025-01-07 16:51:00,6.473971,3.376293,15.2,81.9,1,0,16,1,1,0.02664,0,normal,0
LG-1006,2025-01-07 16:51:30,6.475657,3.375221,26.6,81.8,1,0,16,1,1,0.0286,0,normal,0
LG-1006,2025-01-07 16:52:00,6.47708,3.373596,28.8,81.7,1,0,16,1,1,0.0269,0,normal,0
LG-1006,2025-01-07 16:52:30,6.477648,3.372863,12.3,81.7,1,0,16,1,1,0.02602,0,normal,0
LG-1006,2025-01-07 16:53:00,6.47878,3.371441,24.2,81.6,1,0,16,1,1,0.02428,0,normal,0
LG-1006,2025-01-07 16:53:30,6.479893,3.369956,24.7,81.6,1,0,16,1,1,0.02254,0,normal,0
LG-1006,2025-01-07 16:54:00,6.480746,3.368864,18.4,81.5,1,0,16,1,1,0.02124,0,normal,0
LG-1006,2025-01-07 16:54:30,6.482384,3.367149,31.6,81.5,1,0,16,1,1,0.01897,0,normal,0
LG-1006,2025-01-07 16:55:00,6.483271,3.366427,15.2,81.4,1,0,16,1,1,0.01784,0,normal,0
LG-1006,2025-01-07 16:55:30,6.484517,3.36561,19.9,81.4,1,0,16,1,1,0.01636,0,normal,0
LG-1006,2025-01-07 16:56:00,6.486613,3.364612,31.0,81.3,1,0,16,1,1,0.01404,0,normal,0
LG-1006,2025-01-07 16:56:30,6.487733,3.364207,15.9,81.3,1,0,16,1,1,0.01286,0,normal,0
LG-1006,2025-01-07 16:57:00,6.489881,3.363441,30.4,81.2,1,0,16,1,1,0.01062,0,normal,0
LG-1006,2025-01-07 16:57:30,6.490821,3.363103,13.3,81.2,1,0,16,1,1,0.00964,0,normal,0
LG-1006,2025-01-07 16:58:00,6.492424,3.362518,22.8,81.1,1,0,16,1,1,0.00798,0,normal,0
LG-1006,2025-01-07 16:58:30,6.493355,3.362174,13.2,81.1,1,0,16,1,1,0.00702,0,normal,0
LG-1006,2025-01-07 16:59:00,6.495321,3.36169,27.0,81.0,1,0,16,1,1,0.00521,0,normal,0
LG-1006,2025-01-07 16:59:30,6.497534,3.361847,29.6,81.0,1,0,16,1,1,0.00412,0,normal,0
LG-1006,2025-01-07 17:00:00,6.499778,3.362458,31.1,80.9,1,0,17,1,1,0.00453,0,normal,0
LG-1006,2025-01-07 17:00:30,6.502184,3.363321,34.1,80.8,1,0,17,1,1,0.0062,0,normal,0
LG-1006,2025-01-07 17:01:00,6.50409,3.363994,27.0,80.7,1,0,17,1,1,0.00786,0,normal,0
LG-1006,2025-01-07 17:01:30,6.506242,3.363817,28.8,80.7,1,0,17,1,1,0.00929,0,normal,0
LG-1006,2025-01-07 17:02:00,6.506242,3.363817,0.0,80.7,1,1,17,1,1,0.00929,0,normal,0
LG-1006,2025-01-07 17:02:30,6.506242,3.363817,0.0,80.7,1,2,17,1,1,0.00929,0,normal,0
LG-1006,2025-01-07 17:03:00,6.506242,3.363817,0.0,80.7,1,3,17,1,1,0.00929,0,normal,0
LG-1006,2025-01-07 17:03:30,6.506242,3.363817,0.0,80.7,1,4,17,1,1,0.00929,0,normal,0
LG-1006,2025-01-07 17:04:00,6.50793,3.363417,23.2,80.6,1,0,17,1,1,0.01044,0,normal,0
LG-1006,2025-01-07 17:04:30,6.510335,3.363308,32.2,80.5,1,0,17,1,1,0.00987,0,normal,0
LG-1006,2025-01-07 17:05:00,6.512218,3.363895,26.3,80.5,1,0,17,1,1,0.00857,0,normal,0
LG-1006,2025-01-07 17:05:30,6.51446,3.364707,31.8,80.4,1,0,17,1,1,0.00731,0,normal,0
LG-1006,2025-01-07 17:06:00,6.515664,3.365107,16.9,80.4,1,0,17,1,1,0.00692,0,normal,0
LG-1006,2025-01-07 17:06:30,6.517264,3.365626,22.5,80.3,1,0,17,1,1,0.00676,0,normal,0
LG-1006,2025-01-07 17:07:00,6.519346,3.365304,28.1,80.2,1,0,17,1,1,0.00798,0,normal,0
LG-1006,2025-01-07 17:07:30,6.520396,3.364703,16.1,80.2,1,0,17,1,1,0.00908,0,normal,0
LG-1006,2025-01-07 17:08:00,6.521465,3.3641,16.4,80.2,1,0,17,1,1,0.01021,0,normal,0
LG-1006,2025-01-07 17:08:30,6.523599,3.362719,33.9,80.1,1,0,17,1,1,0.01265,0,normal,0
LG-1006,2025-01-07 17:09:00,6.524635,3.361486,21.4,80.0,1,0,17,1,1,0.01426,0,normal,0
LG-1006,2025-01-07 17:09:30,6.525347,3.36055,15.6,80.0,1,0,17,1,1,0.01543,0,normal,0
LG-1006,2025-01-07 17:10:00,6.526179,3.359383,19.1,80.0,1,0,17,1,1,0.01686,0,normal,0
LG-1006,2025-01-07 17:10:30,6.526432,3.35786,20.5,79.9,1,0,17,1,1,0.01818,0,normal,0
LG-1006,2025-01-07 17:11:00,6.526714,3.355944,25.7,79.9,1,0,17,1,1,0.01988,0,normal,0
LG-1006,2025-01-07 17:11:30,6.528044,3.354042,30.9,79.8,1,0,17,1,1,0.0222,0,normal,0
LG-1006,2025-01-07 17:12:00,6.530495,3.353291,34.2,79.7,1,0,17,1,1,0.02429,0,normal,0
LG-1006,2025-01-07 17:12:30,6.532405,3.352742,26.5,79.6,1,0,17,1,1,0.02546,0,normal,0
LG-1006,2025-01-07 17:13:00,6.53442,3.352362,27.4,79.6,1,0,17,1,1,0.02351,0,normal,0
LG-1006,2025-01-07 17:13:30,6.535703,3.352939,18.8,79.5,1,0,17,1,1,0.02269,0,normal,0
LG-1006,2025-01-07 17:14:00,6.537674,3.354203,31.2,79.5,1,0,17,1,1,0.02178,0,normal,0
LG-1006,2025-01-07 17:14:30,6.538718,3.35487,16.5,79.4,1,0,17,1,1,0.02139,0,normal,0
LG-1006,2025-01-07 17:15:00,6.539571,3.355476,13.9,79.4,1,0,17,1,1,0.02116,0,normal,0
LG-1006,2025-01-07 17:15:30,6.541664,3.356911,33.8,79.3,1,0,17,1,1,0.02076,0,normal,0
LG-1006,2025-01-07 17:16:00,6.54392,3.356653,30.3,79.2,1,0,17,1,1,0.01918,0,normal,0
LG-1006,2025-01-07 17:16:30,6.545208,3.356144,18.5,79.2,1,0,17,1,1,0.01803,0,normal,0
LG-1006,2025-01-07 17:17:00,6.547088,3.355383,27.1,79.1,1,0,17,1,1,0.01642,0,normal,0
LG-1006,2025-01-07 17:17:30,6.548633,3.354754,22.3,79.1,1,0,17,1,1,0.01516,0,normal,0
LG-1006,2025-01-07 17:18:00,6.549945,3.35421,19.0,79.0,1,0,17,1,1,0.01414,0,normal,0
LG-1006,2025-01-07 17:18:30,6.5512,3.353692,18.1,79.0,1,0,17,1,1,0.01325,0,normal,0
LG-1006,2025-01-07 17:19:00,6.552215,3.353274,14.6,79.0,1,0,17,1,1,0.01259,0,normal,0
LG-1006,2025-01-07 17:19:30,6.553888,3.352583,24.2,78.9,1,0,17,1,1,0.01164,0,normal,0
LG-1006,2025-01-07 17:20:00,6.555394,3.351952,21.8,78.9,1,0,17,1,1,0.01096,0,normal,0
LG-1006,2025-01-07 17:20:30,6.55701,3.351288,23.3,78.8,1,0,17,1,1,0.01048,0,normal,0
LG-1006,2025-01-07 17:21:00,6.558159,3.350838,16.5,78.8,1,0,17,1,1,0.01033,0,normal,0
LG-1006,2025-01-07 17:21:30,6.557036,3.351199,15.7,78.7,1,0,17,1,1,0.0104,0,normal,0
LG-1006,2025-01-07 17:22:00,6.556495,3.349832,19.5,78.7,1,0,17,1,1,0.00896,0,normal,0
LG-1006,2025-01-07 17:22:30,6.5565,3.347418,32.0,78.6,1,0,17,1,1,0.00659,0,normal,0
LG-1006,2025-01-07 17:23:00,6.556475,3.346367,14.0,78.6,1,0,17,1,1,0.00557,0,normal,0
LG-1006,2025-01-07 17:23:30,6.556435,3.34443,25.7,78.5,1,0,17,1,1,0.00372,0,normal,0
LG-1006,2025-01-07 17:24:00,6.556258,3.34226,28.9,78.4,1,0,17,1,1,0.00178,0,normal,0
LG-1006,2025-01-07 17:24:30,6.555019,3.341636,18.5,78.4,1,0,17,1,1,0.00064,0,normal,0
LG-1006,2025-01-07 17:25:00,6.555185,3.341045,8.1,78.4,1,0,17,1,1,0.00019,0,normal,0
LG-1006,2025-01-07 17:25:30,6.555185,3.341045,0.0,78.4,0,1,17,1,1,0.00019,0,normal,0
LG-1006,2025-01-07 17:26:00,6.555185,3.341045,0.0,78.4,0,2,17,1,1,0.00019,0,normal,0
LG-1006,2025-01-07 17:26:30,6.555185,3.341045,0.0,78.4,0,3,17,1,1,0.00019,0,normal,0
LG-1006,2025-01-07 17:27:00,6.555185,3.341045,0.0,78.4,0,4,17,1,1,0.00019,0,normal,0
LG-1006,2025-01-07 17:27:30,6.555185,3.341045,0.0,78.4,0,5,17,1,1,0.00019,0,normal,0
LG-1006,2025-01-07 17:28:00,6.555185,3.341045,0.0,78.4,0,6,17,1,1,0.00019,0,normal,0
LG-1006,2025-01-07 17:28:30,6.555185,3.341045,0.0,78.4,0,7,17,1,1,0.00019,0,normal,0
LG-1006,2025-01-07 17:29:00,6.555185,3.341045,0.0,78.4,0,8,17,1,1,0.00019,0,normal,0
LG-1006,2025-01-07 17:29:30,6.555185,3.341045,0.0,78.4,0,9,17,1,1,0.00019,0,normal,0
LG-1006,2025-01-08 09:06:00,6.448788,3.360195,0.0,78.4,0,1,9,2,1,0.00121,0,normal,0
LG-1006,2025-01-08 09:06:30,6.448127,3.36176,22.6,78.3,1,0,9,2,1,0.00289,0,normal,0
LG-1006,2025-01-08 09:07:00,6.44691,3.364811,43.6,78.2,1,0,9,2,1,0.00618,0,normal,0
LG-1006,2025-01-08 09:07:30,6.447916,3.366777,29.4,78.2,1,0,9,2,1,0.00785,0,normal,0
LG-1006,2025-01-08 09:08:00,6.448618,3.36782,16.7,78.1,1,0,9,2,1,0.00883,0,normal,0
LG-1006,2025-01-08 09:08:30,6.449913,3.367918,17.3,78.1,1,0,9,2,1,0.00896,0,normal,0
LG-1006,2025-01-08 09:09:00,6.451893,3.367167,28.3,78.0,1,0,9,2,1,0.00866,0,normal,0
LG-1006,2025-01-08 09:09:30,6.454619,3.366029,39.4,77.9,1,0,9,2,1,0.009,0,normal,0
LG-1006,2025-01-08 09:10:00,6.457211,3.364814,38.2,77.8,1,0,9,2,1,0.01006,0,normal,0
LG-1006,2025-01-08 09:10:30,6.45853,3.364428,18.4,77.8,1,0,9,2,1,0.01097,0,normal,0
LG-1006,2025-01-08 09:11:00,6.459895,3.3643,18.3,77.7,1,0,9,2,1,0.01212,0,normal,0
LG-1006,2025-01-08 09:11:30,6.461909,3.364271,26.9,77.7,1,0,9,2,1,0.01394,0,normal,0
LG-1006,2025-01-08 09:12:00,6.464919,3.364175,40.2,77.6,1,0,9,2,1,0.01674,0,normal,0
LG-1006,2025-01-08 09:12:30,6.46767,3.364814,37.7,77.5,1,0,9,2,1,0.01955,0,normal,0
LG-1006,2025-01-08 09:13:00,6.468381,3.365936,17.7,77.5,1,0,9,2,1,0.02058,0,normal,0
LG-1006,2025-01-08 09:13:30,6.468811,3.368248,31.2,77.4,1,0,9,2,1,0.02186,0,normal,0
LG-1006,2025-01-08 09:14:00,6.468973,3.36968,19.1,77.3,1,0,9,2,1,0.02265,0,normal,0
LG-1006,2025-01-08 09:14:30,6.46935,3.372259,34.6,77.3,1,0,9,2,1,0.02429,0,normal,0
LG-1006,2025-01-08 09:15:00,6.469661,3.375342,41.1,77.2,1,0,9,2,1,0.02452,0,normal,0
LG-1006,2025-01-08 09:15:30,6.469184,3.377377,27.8,77.1,1,0,9,2,1,0.02262,0,normal,0
LG-1006,2025-01-08 09:16:00,6.468171,3.378097,16.6,77.1,1,0,9,2,1,0.02143,0,normal,0
LG-1006,2025-01-08 09:16:30,6.466031,3.379095,31.5,77.0,1,0,9,2,1,0.01936,0,normal,0
LG-1006,2025-01-08 09:17:00,6.464351,3.380174,26.6,76.9,1,0,9,2,1,0.01753,0,normal,0
LG-1006,2025-01-08 09:17:30,6.461926,3.381731,38.4,76.8,1,0,9,2,1,0.01497,0,normal,0
LG-1006,2025-01-08 09:18:00,6.460249,3.382473,24.5,76.8,1,0,9,2,1,0.01358,0,normal,0
LG-1006,2025-01-08 09:18:30,6.4573,3.382411,39.4,76.7,1,0,9,2,1,0.0128,0,normal,0
LG-1006,2025-01-08 09:19:00,6.455671,3.381954,22.6,76.6,1,0,9,2,1,0.01306,0,normal,0
LG-1006,2025-01-08 09:19:30,6.454297,3.382334,19.0,76.6,1,0,9,2,1,0.01269,0,normal,0
LG-1006,2025-01-08 09:20:00,6.453098,3.383614,23.3,76.5,1,0,9,2,1,0.01154,0,normal,0
LG-1006,2025-01-08 09:20:30,6.452531,3.38464,15.6,76.5,1,0,9,2,1,0.01065,0,normal,0
LG-1006,2025-01-08 09:21:00,6.451747,3.386167,22.8,76.4,1,0,9,2,1,0.00941,0,normal,0
LG-1006,2025-01-08 09:21:30,6.450533,3.388409,33.9,76.4,1,0,9,2,1,0.00796,0,normal,0
LG-1006,2025-01-08 09:22:00,6.449815,3.389624,18.8,76.3,1,0,9,2,1,0.00747,0,normal,0
LG-1006,2025-01-08 09:22:30,6.449815,3.389624,0.0,76.3,1,1,9,2,1,0.00747,0,normal,0
LG-1006,2025-01-08 09:23:00,6.449815,3.389624,0.0,76.3,1,2,9,2,1,0.00747,0,normal,0
LG-1006,2025-01-08 09:23:30,6.449815,3.389624,0.0,76.3,1,3,9,2,1,0.00747,0,normal,0
LG-1006,2025-01-08 09:24:00,6.449815,3.389624,0.0,76.3,1,4,9,2,1,0.00747,0,normal,0
LG-1006,2025-01-08 09:24:30,6.449815,3.389624,0.0,76.3,1,5,9,2,1,0.00747,0,normal,0
LG-1006,2025-01-08 09:25:00,6.449815,3.389624,0.0,76.3,1,6,9,2,1,0.00747,0,normal,0
LG-1006,2025-01-08 09:25:30,6.449815,3.389624,0.0,76.3,1,7,9,2,1,0.00747,0,normal,0
LG-1006,2025-01-08 09:26:00,6.449815,3.389624,0.0,76.3,1,8,9,2,1,0.00747,0,normal,0
LG-1006,2025-01-08 09:26:30,6.449815,3.389624,0.0,76.3,1,9,9,2,1,0.00747,0,normal,0
LG-1006,2025-01-08 09:27:00,6.449815,3.389624,0.2,76.3,1,161,9,2,1,0.00747,1,excessive_idle,0
LG-1006,2025-01-08 09:27:30,6.449815,3.389624,0.2,76.3,1,195,9,2,1,0.00747,1,excessive_idle,0
LG-1006,2025-01-08 09:28:00,6.449815,3.389624,1.3,76.3,1,196,9,2,1,0.00747,1,excessive_idle,0
LG-1006,2025-01-08 09:28:30,6.449815,3.389624,1.4,76.3,1,230,9,2,1,0.00747,1,excessive_idle,0
LG-1006,2025-01-08 09:29:00,6.449815,3.389624,1.1,76.3,1,231,9,2,1,0.00747,1,excessive_idle,0
LG-1006,2025-01-08 09:29:30,6.449815,3.389624,1.1,76.3,1,232,9,2,1,0.00747,1,excessive_idle,0
LG-1006,2025-01-08 09:30:00,6.449815,3.389624,0.5,76.3,1,239,9,2,1,0.00747,1,excessive_idle,0
LG-1006,2025-01-08 09:30:30,6.449815,3.389624,0.4,76.3,1,240,9,2,1,0.00747,1,excessive_idle,0
LG-1006,2025-01-08 09:31:00,6.448238,3.392155,39.6,76.2,1,0,9,2,1,0.00734,0,normal,0
LG-1006,2025-01-08 09:31:30,6.446712,3.394382,35.9,76.1,1,0,9,2,1,0.00831,0,normal,0
LG-1006,2025-01-08 09:32:00,6.445508,3.396146,28.4,76.1,1,0,9,2,1,0.00956,0,normal,0
LG-1006,2025-01-08 09:32:30,6.444587,3.397499,21.8,76.0,1,0,9,2,1,0.01071,0,normal,0
LG-1006,2025-01-08 09:33:00,6.442961,3.399648,35.9,75.9,1,0,9,2,1,0.01291,0,normal,0
LG-1006,2025-01-08 09:33:30,6.441277,3.402045,39.0,75.9,1,0,9,2,1,0.01543,0,normal,0
LG-1006,2025-01-08 09:34:00,6.44028,3.403752,26.3,75.8,1,0,9,2,1,0.01713,0,normal,0
LG-1006,2025-01-08 09:34:30,6.438869,3.405896,34.1,75.7,1,0,9,2,1,0.01861,0,normal,0
LG-1006,2025-01-08 09:35:00,6.437612,3.407411,26.2,75.7,1,0,9,2,1,0.01664,0,normal,0
LG-1006,2025-01-08 09:35:30,6.437806,3.408913,20.1,75.6,1,0,9,2,1,0.01556,0,normal,0
LG-1006,2025-01-08 09:36:00,6.437918,3.411093,29.0,75.5,1,0,9,2,1,0.01402,0,normal,0
LG-1006,2025-01-08 09:36:30,6.436672,3.413602,37.2,75.5,1,0,9,2,1,0.0114,0,normal,0
LG-1006,2025-01-08 09:37:00,6.436226,3.416797,42.8,75.4,1,0,9,2,1,0.00924,0,normal,0
LG-1006,2025-01-08 09:37:30,6.436587,3.418838,27.5,75.3,1,0,9,2,1,0.00885,0,normal,0
LG-1006,2025-01-08 09:38:00,6.436982,3.420647,24.6,75.2,1,0,9,2,1,0.00899,0,normal,0
LG-1006,2025-01-08 09:38:30,6.437596,3.422464,25.5,75.2,1,0,9,2,1,0.00971,0,normal,0
LG-1006,2025-01-08 09:39:00,6.438148,3.423744,18.5,75.1,1,0,9,2,1,0.01051,0,normal,0
LG-1006,2025-01-08 09:39:30,6.438819,3.425361,23.3,75.1,1,0,9,2,1,0.01166,0,normal,0
LG-1006,2025-01-08 09:40:00,6.439163,3.426603,17.1,75.0,1,0,9,2,1,0.01249,0,normal,0
LG-1006,2025-01-08 09:40:30,6.439377,3.428628,27.0,75.0,1,0,9,2,1,0.0137,0,normal,0
LG-1006,2025-01-08 09:41:00,6.439481,3.430091,19.5,74.9,1,0,9,2,1,0.01464,0,normal,0
LG-1006,2025-01-08 09:41:30,6.439885,3.431904,24.7,74.9,1,0,9,2,1,0.01613,0,normal,0
LG-1006,2025-01-08 09:42:00,6.440485,3.434646,37.3,74.8,1,0,9,2,1,0.0185,0,normal,0
LG-1006,2025-01-08 09:42:30,6.439659,3.43604,21.5,74.7,1,0,9,2,1,0.01903,0,normal,0
LG-1006,2025-01-08 09:43:00,6.438348,3.438092,32.4,74.7,1,0,9,2,1,0.01998,0,normal,0
LG-1006,2025-01-08 09:43:30,6.436702,3.440691,40.9,74.6,1,0,9,2,1,0.02153,0,normal,0
LG-1006,2025-01-08 09:44:00,6.435562,3.442738,31.1,74.5,1,0,9,2,1,0.02302,0,normal,0
LG-1006,2025-01-08 09:44:30,6.435235,3.444216,20.1,74.4,1,0,9,2,1,0.02432,0,normal,0
LG-1006,2025-01-08 09:45:00,6.435528,3.44604,24.5,74.4,1,0,9,2,1,0.02615,0,normal,0
LG-1006,2025-01-08 09:45:30,6.436112,3.448364,31.8,74.3,1,0,9,2,1,0.02854,0,normal,0
LG-1006,2025-01-08 09:46:00,6.436876,3.45043,29.3,74.2,1,0,9,2,1,0.03074,0,normal,0
LG-1006,2025-01-08 09:46:30,6.43755,3.451686,19.0,74.2,1,0,9,2,1,0.03214,0,normal,0
LG-1006,2025-01-08 09:47:00,6.437439,3.453639,26.0,74.1,1,0,9,2,1,0.03398,0,normal,0
LG-1006,2025-01-08 09:47:30,6.43578,3.455217,30.5,74.1,1,0,9,2,1,0.03509,0,normal,0
LG-1006,2025-01-08 09:48:00,6.434726,3.456522,22.3,74.0,1,0,9,2,1,0.03615,0,normal,0
LG-1006,2025-01-08 09:48:30,6.432953,3.458202,32.5,73.9,1,0,9,2,1,0.03753,0,normal,0
LG-1006,2025-01-08 09:49:00,6.432007,3.459025,16.7,73.9,1,0,9,2,1,0.03824,0,normal,0
LG-1006,2025-01-08 09:49:30,6.430709,3.460319,24.4,73.8,1,0,9,2,1,0.03941,0,normal,0
LG-1006,2025-01-08 09:50:00,6.430109,3.463047,37.1,73.8,1,0,9,2,1,0.0421,0,normal,0
LG-1006,2025-01-08 09:50:30,6.430343,3.464699,22.2,73.7,1,0,9,2,1,0.04376,0,normal,0
LG-1006,2025-01-08 09:51:00,6.430652,3.467108,32.2,73.6,1,0,9,2,1,0.04618,0,normal,0
LG-1006,2025-01-08 09:51:30,6.430915,3.469089,26.5,73.6,1,0,9,2,1,0.04818,0,normal,0
LG-1006,2025-01-08 09:52:00,6.431204,3.47086,23.8,73.5,1,0,9,2,1,0.04996,0,normal,0
LG-1006,2025-01-08 09:52:30,6.431685,3.473935,41.3,73.4,1,0,9,2,1,0.05306,0,normal,0
LG-1006,2025-01-08 09:53:00,6.431958,3.475768,24.6,73.4,1,0,9,2,1,0.05491,0,normal,0
LG-1006,2025-01-08 09:53:30,6.432189,3.477371,21.5,73.3,1,0,9,2,1,0.05539,0,normal,0
LG-1006,2025-01-08 09:54:00,6.432631,3.480437,41.1,73.2,1,0,9,2,1,0.05268,0,normal,0
LG-1006,2025-01-08 09:54:30,6.432983,3.483152,36.3,73.1,1,0,9,2,1,0.05034,0,normal,0
LG-1006,2025-01-08 09:55:00,6.433386,3.485718,34.5,73.0,1,0,9,2,1,0.04812,0,normal,0
LG-1006,2025-01-08 09:55:30,6.433573,3.486911,16.0,73.0,1,0,9,2,1,0.04711,0,normal,0
LG-1006,2025-01-08 09:56:00,6.433781,3.488283,18.4,73.0,1,0,9,2,1,0.04595,0,normal,0
LG-1006,2025-01-08 09:56:30,6.434086,3.490766,33.2,72.9,1,0,9,2,1,0.04395,0,normal,0
LG-1006,2025-01-08 09:57:00,6.434336,3.492304,20.7,72.8,1,0,9,2,1,0.04269,0,normal,0
LG-1006,2025-01-08 09:57:30,6.434583,3.49388,21.2,72.8,1,0,9,2,1,0.04142,0,normal,0
LG-1006,2025-01-08 09:58:00,6.435009,3.496659,37.3,72.7,1,0,9,2,1,0.03926,0,normal,0
LG-1006,2025-01-08 09:58:30,6.43526,3.498368,22.9,72.6,1,0,9,2,1,0.03799,0,normal,0
LG-1006,2025-01-08 09:59:00,6.435442,3.499611,16.7,72.6,1,0,9,2,1,0.03708,0,normal,0
LG-1006,2025-01-08 09:59:30,6.435613,3.500778,15.7,72.6,1,0,9,2,1,0.03625,0,normal,0
LG-1006,2025-01-08 10:00:00,6.435908,3.502829,27.5,72.5,1,0,10,2,1,0.03484,0,normal,0
LG-1006,2025-01-08 10:00:30,6.436262,3.505259,32.6,72.4,1,0,10,2,1,0.03326,0,normal,0
LG-1006,2025-01-08 10:01:00,6.436938,3.507831,35.3,72.4,1,0,10,2,1,0.03144,0,normal,0
LG-1006,2025-01-08 10:01:30,6.438233,3.507605,17.6,72.3,1,0,10,2,1,0.03039,0,normal,0
LG-1006,2025-01-08 10:02:00,6.439763,3.507533,20.5,72.3,1,0,10,2,1,0.02909,0,normal,0
LG-1006,2025-01-08 10:02:30,6.442015,3.507524,30.1,72.2,1,0,10,2,1,0.02716,0,normal,0
LG-1006,2025-01-08 10:03:00,6.443874,3.507901,25.3,72.1,1,0,10,2,1,0.0254,0,normal,0
LG-1006,2025-01-08 10:03:30,6.445998,3.508252,28.8,72.1,1,0,10,2,1,0.02345,0,normal,0
LG-1006,2025-01-08 10:04:00,6.449124,3.50838,41.8,72.0,1,0,10,2,1,0.02092,0,normal,0
LG-1006,2025-01-08 10:04:30,6.45142,3.508401,30.7,71.9,1,0,10,2,1,0.01922,0,normal,0
LG-1006,2025-01-08 10:05:00,6.452768,3.509207,20.9,71.8,1,0,10,2,1,0.0177,0,normal,0
LG-1006,2025-01-08 10:05:30,6.453221,3.512409,42.9,71.7,1,0,10,2,1,0.01519,0,normal,0
LG-1006,2025-01-09 11:21:00,6.514113,3.37171,0.0,71.7,0,1,11,3,1,0.00093,0,normal,0
LG-1006,2025-01-09 11:21:30,6.514019,3.37099,9.6,71.7,1,0,11,3,1,0.00141,0,normal,0
LG-1006,2025-01-09 11:22:00,6.513658,3.370643,6.7,71.7,1,0,11,3,1,0.00191,0,normal,0
LG-1006,2025-01-09 11:22:30,6.513102,3.370603,7.4,71.7,1,0,11,3,1,0.00236,0,normal,0
LG-1006,2025-01-09 11:23:00,6.512309,3.370414,10.9,71.7,1,0,11,3,1,0.00312,0,normal,0
LG-1006,2025-01-09 11:23:30,6.511587,3.37068,10.3,71.6,1,0,11,3,1,0.00366,0,normal,0
LG-1006,2025-01-09 11:24:00,6.511117,3.370891,6.9,71.6,1,0,11,3,1,0.00404,0,normal,0
LG-1006,2025-01-09 11:24:30,6.510318,3.371241,11.6,71.6,1,0,11,3,1,0.00474,0,normal,0
LG-1006,2025-01-09 11:25:00,6.509561,3.371567,11.0,71.6,1,0,11,3,1,0.00546,0,normal,0
LG-1006,2025-01-09 11:25:30,6.50897,3.37183,8.6,71.6,1,0,11,3,1,0.00603,0,normal,0
LG-1006,2025-01-09 11:26:00,6.508648,3.371999,4.9,71.5,1,0,11,3,1,0.00635,0,normal,0
LG-1006,2025-01-09 11:26:30,6.508078,3.372373,9.1,71.5,1,0,11,3,1,0.00693,0,normal,0
LG-1006,2025-01-09 11:27:00,6.50775,3.372533,4.9,71.5,1,0,11,3,1,0.00727,0,normal,0
LG-1006,2025-01-09 11:27:30,6.507367,3.372691,5.5,71.5,1,0,11,3,1,0.00766,0,normal,0
LG-1006,2025-01-09 11:28:00,6.506747,3.372946,9.0,71.5,1,0,11,3,1,0.00831,0,normal,0
LG-1006,2025-01-09 11:28:30,6.506358,3.373106,5.6,71.5,1,0,11,3,1,0.00871,0,normal,0
LG-1006,2025-01-09 11:29:00,6.50584,3.373316,7.5,71.4,1,0,11,3,1,0.00925,0,normal,0
LG-1006,2025-01-09 11:29:30,6.505072,3.373639,11.1,71.4,1,0,11,3,1,0.01006,0,normal,0
LG-1006,2025-01-09 11:30:00,6.504529,3.373852,7.8,71.4,1,0,11,3,1,0.01063,0,normal,0
LG-1006,2025-01-09 11:30:30,6.503529,3.374259,14.4,71.4,1,0,11,3,1,0.01169,0,normal,0
LG-1006,2025-01-09 11:31:00,6.502584,3.374646,13.6,71.3,1,0,11,3,1,0.01269,0,normal,0
LG-1006,2025-01-09 11:31:30,6.501858,3.374937,10.4,71.3,1,0,11,3,1,0.01347,0,normal,0
LG-1006,2025-01-09 11:32:00,6.500877,3.375333,14.1,71.3,1,0,11,3,1,0.01451,0,normal,0
LG-1006,2025-01-09 11:32:30,6.499964,3.375707,13.2,71.2,1,0,11,3,1,0.01549,0,normal,0
LG-1006,2025-01-09 11:33:00,6.499418,3.375931,7.9,71.2,1,0,11,3,1,0.01607,0,normal,0
LG-1006,2025-01-09 11:33:30,6.498582,3.376268,12.0,71.2,1,0,11,3,1,0.01696,0,normal,0
LG-1006,2025-01-09 11:34:00,6.498155,3.376436,6.1,71.2,1,0,11,3,1,0.01742,0,normal,0
LG-1006,2025-01-09 11:34:30,6.497364,3.376759,11.4,71.2,1,0,11,3,1,0.01827,0,normal,0
LG-1006,2025-01-09 11:35:00,6.496701,3.377024,9.5,71.1,1,0,11,3,1,0.01898,0,normal,0
LG-1006,2025-01-09 11:35:30,6.496353,3.377159,5.0,71.1,1,0,11,3,1,0.01934,0,normal,0
LG-1006,2025-01-09 11:36:00,6.495836,3.377368,7.5,71.1,1,0,11,3,1,0.01963,0,normal,0
LG-1006,2025-01-09 11:36:30,6.494865,3.377767,14.0,71.1,1,0,11,3,1,0.02019,0,normal,0
LG-1006,2025-01-09 11:37:00,6.494319,3.377987,7.9,71.1,1,0,11,3,1,0.02053,0,normal,0
LG-1006,2025-01-09 11:37:30,6.493862,3.378167,6.6,71.0,1,0,11,3,1,0.02081,0,normal,0
LG-1006,2025-01-09 11:38:00,6.493402,3.378352,6.6,71.0,1,0,11,3,1,0.02111,0,normal,0
LG-1006,2025-01-09 11:38:30,6.492749,3.37862,9.4,71.0,1,0,11,3,1,0.02155,0,normal,0
LG-1006,2025-01-09 11:39:00,6.491853,3.378987,12.9,71.0,1,0,11,3,1,0.02217,0,normal,0
LG-1006,2025-01-09 11:39:30,6.49101,3.379321,12.1,70.9,1,0,11,3,1,0.02277,0,normal,0
LG-1006,2025-01-09 11:40:00,6.490381,3.379566,9.0,70.9,1,0,11,3,1,0.02322,0,normal,0
LG-1006,2025-01-09 11:40:30,6.489912,3.379767,6.8,70.9,1,0,11,3,1,0.02359,0,normal,0
LG-1006,2025-01-09 11:41:00,6.489554,3.379932,5.3,70.9,1,0,11,3,1,0.02388,0,normal,0
LG-1006,2025-01-09 11:41:30,6.48891,3.380191,9.3,70.9,1,0,11,3,1,0.02438,0,normal,0
LG-1006,2025-01-09 11:42:00,6.488022,3.380518,12.6,70.8,1,0,11,3,1,0.02505,0,normal,0
LG-1006,2025-01-09 11:42:30,6.487195,3.380838,11.8,70.8,1,0,11,3,1,0.02571,0,normal,0
LG-1006,2025-01-09 11:43:00,6.486594,3.3811,8.7,70.8,1,0,11,3,1,0.02622,0,normal,0
LG-1006,2025-01-09 11:43:30,6.485877,3.381429,10.5,70.8,1,0,11,3,1,0.02685,0,normal,0
LG-1006,2025-01-09 11:44:00,6.485254,3.381688,9.0,70.8,1,0,11,3,1,0.02739,0,normal,0
LG-1006,2025-01-09 11:44:30,6.484549,3.382013,10.4,70.7,1,0,11,3,1,0.02803,0,normal,0
LG-1006,2025-01-09 11:45:00,6.483877,3.382309,9.8,70.7,1,0,11,3,1,0.02863,0,normal,0
LG-1006,2025-01-09 11:45:30,6.483099,3.382656,11.4,70.7,1,0,11,3,1,0.02934,0,normal,0
LG-1006,2025-01-09 11:46:00,6.482435,3.382951,9.7,70.7,1,0,11,3,1,0.02995,0,normal,0
LG-1006,2025-01-09 11:46:30,6.481486,3.383372,13.9,70.6,1,0,11,3,1,0.02893,0,normal,0
LG-1006,2025-01-09 11:47:00,6.48084,3.38354,8.9,70.6,1,0,11,3,1,0.02827,0,normal,0
LG-1006,2025-01-09 11:47:30,6.480471,3.383523,4.9,70.6,1,0,11,3,1,0.02794,0,normal,0
LG-1006,2025-01-09 11:48:00,6.479965,3.383391,7.0,70.6,1,0,11,3,1,0.02753,0,normal,0
LG-1006,2025-01-09 11:48:30,6.479331,3.383046,9.6,70.6,1,0,11,3,1,0.02711,0,normal,0
LG-1006,2025-01-09 11:49:00,6.478667,3.382698,10.0,70.5,1,0,11,3,1,0.02667,0,normal,0
LG-1006,2025-01-09 11:49:30,6.477998,3.382339,10.1,70.5,1,0,11,3,1,0.02625,0,normal,0
LG-1006,2025-01-09 11:50:00,6.477225,3.381928,11.7,70.5,1,0,11,3,1,0.02578,0,normal,0
LG-1006,2025-01-09 11:50:30,6.476702,3.381732,7.4,70.5,1,0,11,3,1,0.02544,0,normal,0
LG-1006,2025-01-09 11:51:00,6.475872,3.381696,11.1,70.4,1,0,11,3,1,0.02475,0,normal,0
LG-1006,2025-01-09 11:51:30,6.475029,3.381902,11.6,70.4,1,0,11,3,1,0.02393,0,normal,0
LG-1006,2025-01-09 11:52:00,6.474383,3.382024,8.8,70.4,1,0,11,3,1,0.02333,0,normal,0
LG-1006,2025-01-09 11:52:30,6.473746,3.382154,8.7,70.4,1,0,11,3,1,0.02272,0,normal,0
LG-1006,2025-01-09 11:53:00,6.473265,3.382247,6.5,70.4,1,0,11,3,1,0.02228,0,normal,0
LG-1006,2025-01-09 11:53:30,6.472617,3.382366,8.8,70.3,1,0,11,3,1,0.02168,0,normal,0
LG-1006,2025-01-09 11:54:00,6.471704,3.382529,12.4,70.3,1,0,11,3,1,0.02085,0,normal,0
LG-1006,2025-01-09 11:54:30,6.470737,3.382834,13.5,70.3,1,0,11,3,1,0.01989,0,normal,0
LG-1006,2025-01-09 11:55:00,6.469982,3.383043,10.5,70.2,1,0,11,3,1,0.01917,0,normal,0
LG-1006,2025-01-09 11:55:30,6.469507,3.382786,7.2,70.2,1,0,11,3,1,0.01896,0,normal,0
LG-1006,2025-01-09 11:56:00,6.469219,3.381986,11.3,70.2,1,0,11,3,1,0.01928,0,normal,0
LG-1006,2025-01-09 11:56:30,6.468711,3.38133,11.0,70.2,1,0,11,3,1,0.01936,0,normal,0
LG-1006,2025-01-09 11:57:00,6.468342,3.381721,7.2,70.2,1,0,11,3,1,0.01882,0,normal,0
LG-1006,2025-01-09 11:57:30,6.468942,3.382385,11.9,70.1,1,0,11,3,1,0.0188,0,normal,0
LG-1006,2025-01-09 11:58:00,6.468942,3.382385,0.0,70.1,1,1,11,3,1,0.0188,0,normal,0
LG-1006,2025-01-09 11:58:30,6.468942,3.382385,0.0,70.1,1,2,11,3,1,0.0188,0,normal,0
LG-1006,2025-01-09 11:59:00,6.468942,3.382385,0.0,70.1,1,3,11,3,1,0.0188,0,normal,0
LG-1006,2025-01-09 11:59:30,6.468942,3.382385,0.0,70.1,1,4,11,3,1,0.0188,0,normal,0
LG-1006,2025-01-09 12:00:00,6.468942,3.382385,0.0,70.1,1,5,12,3,1,0.0188,0,normal,0
LG-1006,2025-01-09 12:00:30,6.468942,3.382385,0.0,70.1,1,6,12,3,1,0.0188,0,normal,0
LG-1006,2025-01-09 12:01:00,6.468942,3.382385,0.0,70.1,1,7,12,3,1,0.0188,0,normal,0
LG-1006,2025-01-09 12:01:30,6.468942,3.382385,0.1,69.3,1,78,12,3,1,0.0188,1,fuel_theft,0
LG-1006,2025-01-09 12:02:00,6.468942,3.382385,0.2,67.3,1,79,12,3,1,0.0188,1,fuel_theft,0
LG-1006,2025-01-09 12:02:30,6.468942,3.382385,0.6,66.1,1,80,12,3,1,0.0188,1,fuel_theft,0
LG-1006,2025-01-09 12:03:00,6.468942,3.382385,0.6,64.9,1,81,12,3,1,0.0188,1,fuel_theft,0
LG-1006,2025-01-09 12:03:30,6.468942,3.382385,0.2,63.2,1,82,12,3,1,0.0188,1,fuel_theft,0
LG-1006,2025-01-09 12:04:00,6.468942,3.382385,1.2,62.1,1,83,12,3,1,0.0188,1,fuel_theft,0
LG-1006,2025-01-09 12:04:30,6.468942,3.382385,1.1,60.2,1,84,12,3,1,0.0188,1,fuel_theft,0
LG-1006,2025-01-09 12:05:00,6.468942,3.382385,0.1,58.0,1,85,12,3,1,0.0188,1,fuel_theft,0
LG-1006,2025-01-09 12:05:30,6.468942,3.382385,0.7,56.3,1,86,12,3,1,0.0188,1,fuel_theft,0
LG-1006,2025-01-09 12:06:00,6.468942,3.382385,0.4,54.8,1,87,12,3,1,0.0188,1,fuel_theft,0
LG-1006,2025-01-09 12:06:30,6.468942,3.382385,1.3,53.7,1,88,12,3,1,0.0188,1,fuel_theft,0
LG-1006,2025-01-09 12:07:00,6.468942,3.382385,1.0,52.7,1,89,12,3,1,0.0188,1,fuel_theft,0
LG-1006,2025-01-09 12:07:30,6.468942,3.382385,0.4,51.6,1,90,12,3,1,0.0188,1,fuel_theft,0
LG-1006,2025-01-09 12:08:00,6.468942,3.382385,1.0,50.2,1,91,12,3,1,0.0188,1,fuel_theft,0
LG-1006,2025-01-09 12:08:30,6.469206,3.382838,7.0,50.1,1,0,12,3,1,0.0187,0,normal,0
LG-1006,2025-01-09 12:09:00,6.469034,3.383649,11.0,50.1,1,0,12,3,1,0.01805,0,normal,0
LG-1006,2025-01-09 12:09:30,6.468391,3.384081,10.3,50.1,1,0,12,3,1,0.01728,0,normal,0
LG-1006,2025-01-09 12:10:00,6.46774,3.384421,9.8,50.1,1,0,12,3,1,0.01656,0,normal,0
LG-1006,2025-01-09 12:10:30,6.467062,3.384765,10.1,50.0,1,0,12,3,1,0.01582,0,normal,0
LG-1006,2025-01-09 12:11:00,6.466598,3.385001,6.9,50.0,1,0,12,3,1,0.01531,0,normal,0
LG-1006,2025-01-09 12:11:30,6.465834,3.385376,11.4,50.0,1,0,12,3,1,0.01449,0,normal,0
LG-1006,2025-01-09 12:12:00,6.465248,3.385634,8.5,50.0,1,0,12,3,1,0.01388,0,normal,0
LG-1006,2025-01-09 12:12:30,6.46467,3.385864,8.3,50.0,1,0,12,3,1,0.0133,0,normal,0
LG-1006,2025-01-09 12:13:00,6.464231,3.386027,6.3,49.9,1,0,12,3,1,0.01287,0,normal,0
LG-1006,2025-01-09 12:13:30,6.463489,3.386302,10.6,49.9,1,0,12,3,1,0.01215,0,normal,0
LG-1006,2025-01-09 12:14:00,6.462743,3.386577,10.6,49.9,1,0,12,3,1,0.01144,0,normal,0
LG-1006,2025-01-09 12:14:30,6.462172,3.38678,8.1,49.9,1,0,12,3,1,0.01091,0,normal,0
LG-1006,2025-01-09 12:15:00,6.461225,3.387003,13.0,49.8,1,0,12,3,1,0.01013,0,normal,0
LG-1006,2025-01-09 12:15:30,6.460259,3.386933,12.9,49.8,1,0,12,3,1,0.00963,0,normal,0
LG-1006,2025-01-09 12:16:00,6.459821,3.386902,5.9,49.8,1,0,12,3,1,0.00942,0,normal,0
LG-1006,2025-01-09 12:16:30,6.459053,3.386573,11.1,49.8,1,0,12,3,1,0.00935,0,normal,0
LG-1006,2025-01-09 12:17:00,6.458426,3.386508,8.4,49.8,1,0,12,3,1,0.00916,0,normal,0
LG-1006,2025-01-09 12:17:30,6.45829,3.387479,13.0,49.7,1,0,12,3,1,0.00821,0,normal,0
LG-1006,2025-01-09 12:18:00,6.458715,3.38762,6.0,49.7,1,0,12,3,1,0.00826,0,normal,0
LG-1006,2025-01-09 12:18:30,6.458678,3.38812,6.7,49.7,1,0,12,3,1,0.0078,0,normal,0
LG-1006,2025-01-09 12:19:00,6.45872,3.388795,9.0,49.7,1,0,12,3,1,0.00723,0,normal,0
LG-1006,2025-01-09 12:19:30,6.458813,3.389342,7.4,49.7,1,0,12,3,1,0.00682,0,normal,0
LG-1006,2025-01-09 12:20:00,6.458915,3.390193,11.4,49.6,1,0,12,3,1,0.0062,0,normal,0
LG-1006,2025-01-09 12:20:30,6.458861,3.390898,9.4,49.6,1,0,12,3,1,0.00563,0,normal,0
LG-1006,2025-01-10 10:07:00,6.600191,3.345738,0.0,49.6,0,1,10,4,1,0.0015,0,normal,0
LG-1006,2025-01-10 10:07:30,6.598944,3.345915,16.8,49.6,1,0,10,4,1,0.00232,0,normal,0
LG-1006,2025-01-10 10:08:00,6.596082,3.345999,38.2,49.5,1,0,10,4,1,0.00502,0,normal,0
LG-1006,2025-01-10 10:08:30,6.593581,3.345746,33.6,49.4,1,0,10,4,1,0.00752,0,normal,0
LG-1006,2025-01-10 10:09:00,6.593697,3.343732,26.8,49.3,1,0,10,4,1,0.008,0,normal,0
LG-1006,2025-01-10 10:09:30,6.591847,3.341565,37.9,49.3,1,0,10,4,1,0.01065,0,normal,0
LG-1006,2025-01-10 10:10:00,6.591419,3.340326,17.4,49.2,1,0,10,4,1,0.01168,0,normal,0
LG-1006,2025-01-10 10:10:30,6.590483,3.33801,33.2,49.1,1,0,10,4,1,0.01384,0,normal,0
LG-1006,2025-01-10 10:11:00,6.590181,3.336581,19.4,49.1,1,0,10,4,1,0.01502,0,normal,0
LG-1006,2025-01-10 10:11:30,6.59117,3.336905,13.9,49.1,1,0,10,4,1,0.01409,0,normal,0
LG-1006,2025-01-10 10:12:00,6.58964,3.337971,24.9,49.0,1,0,10,4,1,0.01451,0,normal,0
LG-1006,2025-01-10 10:12:30,6.587875,3.338592,25.0,48.9,1,0,10,4,1,0.01559,0,normal,0
LG-1006,2025-01-10 10:13:00,6.585057,3.339743,40.6,48.8,1,0,10,4,1,0.01752,0,normal,0
LG-1006,2025-01-10 10:13:30,6.583457,3.340428,23.2,48.8,1,0,10,4,1,0.01873,0,normal,0
LG-1006,2025-01-10 10:14:00,6.580885,3.341472,37.0,48.7,1,0,10,4,1,0.02086,0,normal,0
LG-1006,2025-01-10 10:14:30,6.578434,3.342445,35.2,48.6,1,0,10,4,1,0.02302,0,normal,0
LG-1006,2025-01-10 10:15:00,6.576143,3.343362,32.9,48.5,1,0,10,4,1,0.02127,0,normal,0
LG-1006,2025-01-10 10:15:30,6.573371,3.34451,40.0,48.5,1,0,10,4,1,0.0187,0,normal,0
LG-1006,2025-01-10 10:16:00,6.571587,3.34521,25.6,48.4,1,0,10,4,1,0.01711,0,normal,0
LG-1006,2025-01-10 10:16:30,6.569853,3.345934,25.1,48.3,1,0,10,4,1,0.01565,0,normal,0
LG-1006,2025-01-10 10:17:00,6.568566,3.346476,18.6,48.3,1,0,10,4,1,0.01463,0,normal,0
LG-1006,2025-01-10 10:17:30,6.567042,3.347077,21.9,48.2,1,0,10,4,1,0.01349,0,normal,0
LG-1006,2025-01-10 10:18:00,6.564334,3.348155,38.9,48.1,1,0,10,4,1,0.01176,0,normal,0
LG-1006,2025-01-10 10:18:30,6.562435,3.348951,27.5,48.1,1,0,10,4,1,0.01089,0,normal,0
LG-1006,2025-01-10 10:19:00,6.560783,3.349604,23.7,48.0,1,0,10,4,1,0.01037,0,normal,0
LG-1006,2025-01-10 10:19:30,6.55939,3.350193,20.2,48.0,1,0,10,4,1,0.01019,0,normal,0
LG-1006,2025-01-10 10:20:00,6.557473,3.351003,27.8,47.9,1,0,10,4,1,0.0103,0,normal,0
LG-1006,2025-01-10 10:20:30,6.5551,3.35199,34.3,47.8,1,0,10,4,1,0.01099,0,normal,0
LG-1006,2025-01-10 10:21:00,6.553562,3.352617,22.2,47.8,1,0,10,4,1,0.01171,0,normal,0
LG-1006,2025-01-10 10:21:30,6.551106,3.353632,35.5,47.7,1,0,10,4,1,0.01322,0,normal,0
LG-1006,2025-01-10 10:22:00,6.548893,3.354524,31.9,47.6,1,0,10,4,1,0.01484,0,normal,0
LG-1006,2025-01-10 10:22:30,6.546375,3.355554,36.3,47.5,1,0,10,4,1,0.01692,0,normal,0
LG-1006,2025-01-10 10:23:00,6.544906,3.356152,21.2,47.5,1,0,10,4,1,0.01821,0,normal,0
LG-1006,2025-01-10 10:23:30,6.542672,3.356978,31.8,47.4,1,0,10,4,1,0.02018,0,normal,0
LG-1006,2025-01-10 10:24:00,6.541366,3.356645,18.0,47.4,1,0,10,4,1,0.02075,0,normal,0
LG-1006,2025-01-10 10:24:30,6.539866,3.355606,24.3,47.3,1,0,10,4,1,0.02103,0,normal,0
LG-1006,2025-01-10 10:25:00,6.53773,3.354151,34.5,47.2,1,0,10,4,1,0.02171,0,normal,0
LG-1006,2025-01-10 10:25:30,6.535711,3.35287,31.9,47.2,1,0,10,4,1,0.02265,0,normal,0
LG-1006,2025-01-10 10:26:00,6.534394,3.352294,19.2,47.1,1,0,10,4,1,0.0235,0,normal,0
LG-1006,2025-01-10 10:26:30,6.531612,3.352894,38.0,47.0,1,0,10,4,1,0.02532,0,normal,0
LG-1006,2025-01-10 10:27:00,6.530492,3.353227,15.6,47.0,1,0,10,4,1,0.02434,0,normal,0
LG-1006,2025-01-10 10:27:30,6.528278,3.353898,30.9,46.9,1,0,10,4,1,0.02245,0,normal,0
LG-1006,2025-01-10 10:28:00,6.526592,3.356273,38.7,46.8,1,0,10,4,1,0.01954,0,normal,0
LG-1006,2025-01-10 10:28:30,6.526293,3.35843,28.9,46.8,1,0,10,4,1,0.01765,0,normal,0
LG-1006,2025-01-10 10:29:00,6.525052,3.360815,35.7,46.7,1,0,10,4,1,0.01504,0,normal,0
LG-1006,2025-01-10 10:29:30,6.523602,3.362615,30.8,46.6,1,0,10,4,1,0.01273,0,normal,0
LG-1006,2025-01-10 10:30:00,6.521342,3.364096,36.0,46.5,1,0,10,4,1,0.01013,0,normal,0
LG-1006,2025-01-10 10:30:30,6.519198,3.365255,32.5,46.5,1,0,10,4,1,0.00794,0,normal,0
LG-1006,2025-01-10 10:31:00,6.516711,3.365151,33.2,46.4,1,0,10,4,1,0.00706,0,normal,0
LG-1006,2025-01-10 10:31:30,6.515253,3.364668,20.5,46.3,1,0,10,4,1,0.00734,0,normal,0
LG-1006,2025-01-10 10:32:00,6.515253,3.364668,0.0,46.3,1,1,10,4,1,0.00734,0,normal,0
LG-1006,2025-01-10 10:32:30,6.515253,3.364668,0.0,46.3,1,2,10,4,1,0.00734,0,normal,0
LG-1006,2025-01-10 10:33:00,6.515253,3.364668,0.0,46.3,1,3,10,4,1,0.00734,0,normal,0
LG-1006,2025-01-10 10:33:30,6.515253,3.364668,0.0,46.3,1,4,10,4,1,0.00734,0,normal,0
LG-1006,2025-01-10 10:34:00,6.515253,3.364668,0.0,46.3,1,5,10,4,1,0.00734,0,normal,0
LG-1006,2025-01-10 10:34:30,6.515253,3.364668,0.0,46.3,1,6,10,4,1,0.00734,0,normal,0
LG-1006,2025-01-10 10:35:00,6.515253,3.364668,0.0,46.3,1,7,10,4,1,0.00734,0,normal,0
LG-1006,2025-01-10 10:35:30,6.515253,3.364668,0.0,46.3,1,8,10,4,1,0.00734,0,normal,0
LG-1006,2025-01-10 10:36:00,6.515253,3.364668,0.0,46.3,1,9,10,4,1,0.00734,0,normal,0
LG-1006,2025-01-10 10:36:30,6.515253,3.364668,0.0,46.3,1,10,10,4,1,0.00734,0,normal,0
LG-1006,2025-01-10 10:37:00,6.512739,3.363928,35.0,46.2,1,0,10,4,1,0.00838,0,normal,0
LG-1006,2025-01-10 10:37:30,6.511253,3.363456,20.8,46.2,1,0,10,4,1,0.00933,0,normal,0
LG-1006,2025-01-10 10:38:00,6.508195,3.363258,40.9,46.1,1,0,10,4,1,0.01059,0,normal,0
LG-1006,2025-01-10 10:38:30,6.506693,3.363586,20.5,46.1,1,0,10,4,1,0.00951,0,normal,0
LG-1006,2025-01-10 10:39:00,6.505184,3.363962,20.8,46.0,1,0,10,4,1,0.00859,0,normal,0
LG-1006,2025-01-10 10:39:30,6.502435,3.363295,37.8,45.9,1,0,10,4,1,0.00631,0,normal,0
LG-1006,2025-01-10 10:40:00,6.50097,3.362733,20.9,45.9,1,0,10,4,1,0.00513,0,normal,0
LG-1006,2025-01-10 10:40:30,6.499249,3.362144,24.3,45.8,1,0,10,4,1,0.00415,0,normal,0
LG-1006,2025-01-10 10:41:00,6.496748,3.361587,34.2,45.7,1,0,10,4,1,0.00424,0,normal,0
LG-1006,2025-01-10 10:41:30,6.49536,3.361556,18.6,45.7,1,0,10,4,1,0.00509,0,normal,0
LG-1006,2025-01-10 10:42:00,6.493995,3.361819,18.6,45.6,1,0,10,4,1,0.0063,0,normal,0
LG-1006,2025-01-10 10:42:30,6.492035,3.362527,27.8,45.6,1,0,10,4,1,0.00831,0,normal,0
LG-1006,2025-01-10 10:43:00,6.490558,3.363063,21.0,45.5,1,0,10,4,1,0.00984,0,normal,0
LG-1006,2025-01-10 10:43:30,6.489093,3.363581,20.7,45.5,1,0,10,4,1,0.01137,0,normal,0
LG-1006,2025-01-10 10:44:00,6.488082,3.36395,14.4,45.4,1,0,10,4,1,0.01243,0,normal,0
LG-1006,2025-01-10 10:44:30,6.486355,3.36458,24.5,45.4,1,0,10,4,1,0.01425,0,normal,0
LG-1006,2025-01-10 10:45:00,6.484751,3.365224,23.1,45.3,1,0,10,4,1,0.01598,0,normal,0
LG-1006,2025-01-10 10:45:30,6.483759,3.365747,15.0,45.3,1,0,10,4,1,0.0171,0,normal,0
LG-1006,2025-01-10 10:46:00,6.481942,3.367252,31.4,45.2,1,0,10,4,1,0.01941,0,normal,0
LG-1006,2025-01-10 10:46:30,6.480447,3.369103,31.7,45.2,1,0,10,4,1,0.02162,0,normal,0
LG-1006,2025-01-10 10:47:00,6.479707,3.370054,16.0,45.1,1,0,10,4,1,0.02275,0,normal,0
LG-1006,2025-01-10 10:47:30,6.479707,3.370054,0.0,53.4,0,1,10,4,1,0.02275,0,normal,1
LG-1006,2025-01-10 10:48:00,6.479707,3.370054,0.0,63.9,0,2,10,4,1,0.02275,0,normal,1
LG-1006,2025-01-10 10:48:30,6.479707,3.370054,0.0,73.2,0,3,10,4,1,0.02275,0,normal,1
LG-1006,2025-01-10 10:49:00,6.479707,3.370054,0.0,81.9,0,4,10,4,1,0.02275,0,normal,1
LG-1006,2025-01-10 10:49:30,6.479707,3.370054,0.0,90.5,0,5,10,4,1,0.02275,0,normal,1
LG-1006,2025-01-10 10:50:00,6.479707,3.370054,0.0,90.5,0,6,10,4,1,0.02275,0,normal,1
LG-1006,2025-01-10 10:50:30,6.479707,3.370054,0.0,90.5,0,7,10,4,1,0.02275,0,normal,1
LG-1006,2025-01-10 10:51:00,6.479707,3.370054,0.0,90.5,0,8,10,4,1,0.02275,0,normal,1
LG-1006,2025-01-10 10:51:30,6.479707,3.370054,0.0,90.5,0,9,10,4,1,0.02275,0,normal,1
LG-1006,2025-01-10 10:52:00,6.478768,3.371262,20.3,90.4,1,0,10,4,1,0.02419,0,normal,0
LG-1006,2025-01-10 10:52:30,6.477717,3.372615,22.8,90.4,1,0,10,4,1,0.02582,0,normal,0
LG-1006,2025-01-10 10:53:00,6.476859,3.373715,18.6,90.3,1,0,10,4,1,0.02715,0,normal,0
LG-1006,2025-01-10 10:53:30,6.475747,3.375005,22.7,90.3,1,0,10,4,1,0.02881,0,normal,0
LG-1006,2025-01-10 10:54:00,6.474312,3.376012,23.4,90.2,1,0,10,4,1,0.02708,0,normal,0
LG-1006,2025-01-10 10:54:30,6.472078,3.376858,31.9,90.2,1,0,10,4,1,0.02492,0,normal,0
LG-1006,2025-01-10 10:55:00,6.470691,3.377303,19.5,90.1,1,0,10,4,1,0.02365,0,normal,0
LG-1006,2025-01-10 10:55:30,6.467834,3.378213,40.0,90.0,1,0,10,4,1,0.02113,0,normal,0
LG-1006,2025-01-10 10:56:00,6.466659,3.378701,17.0,90.0,1,0,10,4,1,0.02004,0,normal,0
LG-1006,2025-01-10 10:56:30,6.465754,3.379273,14.3,89.9,1,0,10,4,1,0.01905,0,normal,0
LG-1006,2025-01-10 10:57:00,6.463345,3.38082,38.2,89.9,1,0,10,4,1,0.01645,0,normal,0
LG-1006,2025-01-10 10:57:30,6.46119,3.382167,33.9,89.8,1,0,10,4,1,0.01425,0,normal,0
LG-1006,2025-01-10 10:58:00,6.459457,3.382672,24.1,89.7,1,0,10,4,1,0.01311,0,normal,0
LG-1006,2025-01-10 10:58:30,6.457197,3.382372,30.4,89.7,1,0,10,4,1,0.01282,0,normal,0
LG-1006,2025-01-10 10:59:00,6.455734,3.381956,20.3,89.6,1,0,10,4,1,0.01307,0,normal,0
LG-1006,2025-01-10 10:59:30,6.454379,3.382284,18.6,89.6,1,0,10,4,1,0.01273,0,normal,0
LG-1006,2025-01-10 11:00:00,6.453007,3.383773,27.0,89.5,1,0,11,4,1,0.0114,0,normal,0
LG-1006,2025-01-10 11:00:30,6.452178,3.385369,23.9,89.4,1,0,11,4,1,0.01004,0,normal,0
LG-1006,2025-01-10 11:01:00,6.451059,3.387442,31.3,89.4,1,0,11,4,1,0.00852,0,normal,0
LG-1006,2025-01-10 11:01:30,6.450319,3.388766,20.2,89.3,1,0,11,4,1,0.0078,0,normal,0
LG-1006,2025-01-10 11:02:00,6.449052,3.390871,32.7,89.2,1,0,11,4,1,0.00724,0,normal,0
LG-1006,2025-01-10 11:02:30,6.447589,3.393112,35.6,89.2,1,0,11,4,1,0.00765,0,normal,0
LG-1006,2025-01-10 11:03:00,6.446789,3.39427,18.7,89.1,1,0,11,4,1,0.00824,0,normal,0
LG-1006,2025-01-10 11:03:30,6.446137,3.395217,15.3,89.1,1,0,11,4,1,0.00887,0,normal,0
LG-1006,2025-01-10 11:04:00,6.445025,3.396861,26.4,89.0,1,0,11,4,1,0.01015,0,normal,0
LG-1006,2025-01-10 11:04:30,6.443458,3.399049,35.8,88.9,1,0,11,4,1,0.01223,0,normal,0
LG-1006,2025-01-10 11:05:00,6.441822,3.400842,32.3,88.9,1,0,11,4,1,0.01441,0,normal,0
LG-1006,2025-01-10 11:05:30,6.440675,3.403098,33.6,88.8,1,0,11,4,1,0.01646,0,normal,0
LG-1006,2025-01-10 11:06:00,6.439682,3.404727,25.4,88.7,1,0,11,4,1,0.01814,0,normal,0
LG-1006,2025-01-10 11:06:30,6.4388,3.406004,20.7,88.7,1,0,11,4,1,0.01848,0,normal,0
LG-1006,2025-01-11 13:44:00,6.461074,3.521976,0.0,88.7,0,1,13,5,1,0.00393,0,normal,0
LG-1006,2025-01-11 13:44:30,6.460327,3.518362,49.0,88.6,1,0,13,5,1,0.00592,0,normal,0
LG-1006,2025-01-11 13:45:00,6.454743,3.518205,74.6,88.4,1,0,13,5,1,0.01094,0,normal,0
LG-1006,2025-01-11 13:45:30,6.453353,3.513769,61.7,88.2,1,0,13,5,1,0.01426,0,normal,0
LG-1006,2025-01-11 13:46:00,6.452148,3.508341,73.8,88.1,1,0,13,5,1,0.01875,0,normal,0
LG-1006,2025-01-11 13:46:30,6.446947,3.508285,69.5,87.9,1,0,13,5,1,0.02267,0,normal,0
LG-1006,2025-01-11 13:47:00,6.439156,3.507505,104.6,87.7,1,0,13,5,1,0.02963,0,normal,0
LG-1006,2025-01-11 13:47:30,6.436004,3.502494,78.7,87.5,1,0,13,5,1,0.03495,0,normal,0
LG-1006,2025-01-11 13:48:00,6.434891,3.494922,101.6,87.2,1,0,13,5,1,0.04049,0,normal,0
LG-1006,2025-01-11 13:48:30,6.433965,3.488724,83.2,87.1,1,0,13,5,1,0.0455,0,normal,0
LG-1006,2025-01-11 13:49:00,6.433094,3.482486,83.6,86.9,1,0,13,5,1,0.05079,0,normal,0
LG-1006,2025-01-11 13:49:30,6.432147,3.476405,81.7,86.7,1,0,13,5,1,0.05556,0,normal,0
LG-1006,2025-01-11 13:50:00,6.431443,3.471265,68.9,86.5,1,0,13,5,1,0.05038,0,normal,0
LG-1006,2025-01-11 13:50:30,6.430795,3.466754,60.5,86.4,1,0,13,5,1,0.04584,0,normal,0
LG-1006,2025-01-11 13:51:00,6.430565,3.460798,79.1,86.2,1,0,13,5,1,0.03988,0,normal,0
LG-1006,2025-01-11 13:51:30,6.432574,3.458716,38.5,86.1,1,0,13,5,1,0.03799,0,normal,0
LG-1006,2025-01-11 13:52:00,6.43466,3.456826,37.5,86.0,1,0,13,5,1,0.03644,0,normal,0
LG-1006,2025-01-11 13:52:30,6.437202,3.450722,87.9,85.8,1,0,13,5,1,0.03111,0,normal,0
LG-1006,2025-01-11 13:53:00,6.436169,3.447884,40.1,85.7,1,0,13,5,1,0.0281,0,normal,0
LG-1006,2025-01-11 13:53:30,6.435892,3.442374,73.2,85.5,1,0,13,5,1,0.02278,0,normal,0
LG-1006,2025-01-11 13:54:00,6.439073,3.437073,82.2,85.3,1,0,13,5,1,0.01952,0,normal,0
LG-1006,2025-01-11 13:54:30,6.440597,3.433684,49.4,85.2,1,0,13,5,1,0.01788,0,normal,0
LG-1006,2025-01-11 13:55:00,6.439164,3.426106,102.4,85.0,1,0,13,5,1,0.01228,0,normal,0
LG-1006,2025-01-11 13:55:30,6.437746,3.422555,50.8,84.9,1,0,13,5,1,0.00987,0,normal,0
LG-1006,2025-01-11 13:56:00,6.437746,3.422555,0.0,84.9,1,1,13,5,1,0.00987,0,normal,0
LG-1006,2025-01-11 13:56:30,6.437746,3.422555,0.0,84.9,1,2,13,5,1,0.00987,0,normal,0
LG-1006,2025-01-11 13:57:00,6.437746,3.422555,0.0,84.9,1,3,13,5,1,0.00987,0,normal,0
LG-1006,2025-01-11 13:57:30,6.437746,3.422555,0.0,84.9,1,4,13,5,1,0.00987,0,normal,0
LG-1006,2025-01-11 13:58:00,6.437746,3.422555,0.0,84.9,1,5,13,5,1,0.00987,0,normal,0
LG-1006,2025-01-11 13:58:30,6.437746,3.422555,0.0,84.9,1,6,13,5,1,0.00987,0,normal,0
LG-1006,2025-01-11 13:59:00,6.4364,3.415075,100.9,84.6,1,0,13,5,1,0.01028,0,normal,0
LG-1006,2025-01-11 13:59:30,6.437688,3.408532,88.6,84.4,1,0,13,5,1,0.01579,0,normal,0
LG-1006,2025-01-11 14:00:00,6.439463,3.405237,49.8,84.3,1,0,14,5,1,0.01861,0,normal,0
LG-1006,2025-01-11 14:00:30,6.441548,3.402291,48.0,84.2,1,0,14,5,1,0.0153,0,normal,0
LG-1006,2025-01-11 14:01:00,6.442041,3.400739,21.6,84.1,1,0,14,5,1,0.01417,0,normal,0
LG-1006,2025-01-11 14:01:30,6.442753,3.405199,60.0,84.0,1,0,14,5,1,0.01594,0,normal,0
LG-1006,2025-01-11 14:02:00,6.446249,3.40732,54.5,83.9,1,0,14,5,1,0.01511,0,normal,0
LG-1006,2025-01-11 14:02:30,6.454441,3.408624,110.0,83.6,1,0,14,5,1,0.01364,0,normal,0
LG-1006,2025-01-11 14:03:00,6.457738,3.406517,52.2,83.5,1,0,14,5,1,0.01184,0,normal,0
LG-1006,2025-01-11 14:03:30,6.459343,3.399391,97.0,83.3,1,0,14,5,1,0.00618,0,normal,0
LG-1006,2025-01-11 14:04:00,6.461303,3.396319,48.5,83.2,1,0,14,5,1,0.00644,0,normal,0
LG-1006,2025-01-11 14:04:30,6.467729,3.391403,107.8,82.9,1,0,14,5,1,0.01323,0,normal,0
LG-1006,2025-01-11 14:05:00,6.471641,3.390487,53.7,82.8,1,0,14,5,1,0.01724,0,normal,0
LG-1006,2025-01-11 14:05:30,6.476732,3.390695,68.1,82.6,1,0,14,5,1,0.02215,0,normal,0
LG-1006,2025-01-11 14:06:00,6.482174,3.392818,78.0,82.4,1,0,14,5,1,0.02726,0,normal,0
LG-1006,2025-01-11 14:06:30,6.48518,3.394493,45.9,82.3,1,0,14,5,1,0.03018,0,normal,0
LG-1006,2025-01-11 14:07:00,6.491486,3.398186,97.5,82.1,1,0,14,5,1,0.03519,0,normal,0
LG-1006,2025-01-11 14:07:30,6.495404,3.399945,57.3,82.0,1,0,14,5,1,0.03413,0,normal,0
LG-1006,2025-01-11 14:08:00,6.500876,3.401937,77.7,81.8,1,0,14,5,1,0.0331,0,normal,0
LG-1006,2025-01-11 14:08:30,6.50635,3.40393,77.8,81.6,1,0,14,5,1,0.03308,0,normal,0
LG-1006,2025-01-11 14:09:00,6.512286,3.405353,81.5,81.4,1,0,14,5,1,0.03346,0,normal,0
LG-1006,2025-01-11 14:09:30,6.515359,3.405577,41.2,81.3,1,0,14,5,1,0.03358,0,normal,0
LG-1006,2025-01-11 14:10:00,6.519062,3.405389,49.5,81.2,1,0,14,5,1,0.03364,0,normal,0
LG-1006,2025-01-11 14:10:30,6.522663,3.404696,49.0,81.1,1,0,14,5,1,0.03358,0,normal,0
LG-1006,2025-01-11 14:11:00,6.526912,3.403372,59.4,81.0,1,0,14,5,1,0.03356,0,normal,0
LG-1006,2025-01-11 14:11:30,6.530321,3.402283,47.8,80.8,1,0,14,5,1,0.03394,0,normal,0
LG-1006,2025-01-11 14:12:00,6.537925,3.400223,105.2,80.6,1,0,14,5,1,0.03636,1,route_deviation,0
LG-1006,2025-01-11 14:12:30,6.543423,3.399119,74.9,80.4,1,0,14,5,1,0.03929,1,route_deviation,0
LG-1006,2025-01-11 14:13:00,6.549315,3.397129,83.0,80.2,1,0,14,5,1,0.04253,1,route_deviation,0
LG-1006,2025-01-11 14:13:30,6.554065,3.396922,63.5,80.1,1,0,14,5,1,0.04634,1,route_deviation,0
LG-1006,2025-01-11 14:14:00,6.558266,3.396024,57.4,80.0,1,0,14,5,1,0.04949,1,route_deviation,0
LG-1006,2025-01-11 14:14:30,6.563753,3.39583,73.3,79.8,1,0,14,5,1,0.05427,1,route_deviation,0
LG-1006,2025-01-11 14:15:00,6.568076,3.396693,58.9,79.6,1,0,14,5,1,0.05721,1,route_deviation,0
LG-1006,2025-01-11 14:15:30,6.572675,3.397558,62.5,79.5,1,0,14,5,1,0.05795,1,route_deviation,0
LG-1006,2025-01-11 14:16:00,6.577699,3.396315,69.1,79.3,1,0,14,5,1,0.05454,1,route_deviation,0
LG-1006,2025-01-11 14:16:30,6.581959,3.39271,74.3,79.2,1,0,14,5,1,0.04952,1,route_deviation,0
LG-1006,2025-01-11 14:17:00,6.58817,3.387299,109.7,78.9,1,0,14,5,1,0.04229,1,route_deviation,0
LG-1006,2025-01-11 14:17:30,6.591334,3.384828,53.5,78.8,1,0,14,5,1,0.03904,1,route_deviation,0
LG-1006,2025-01-11 14:18:00,6.595668,3.38147,73.1,78.6,1,0,14,5,1,0.03488,1,route_deviation,0
LG-1006,2025-01-11 14:18:30,6.598522,3.379272,48.0,78.5,1,0,14,5,1,0.03237,1,route_deviation,0
LG-1006,2025-01-11 14:19:00,6.60226,3.376395,62.9,78.4,1,0,14,5,1,0.02942,1,route_deviation,0
LG-1006,2025-01-11 14:19:30,6.607575,3.372225,90.0,78.1,1,0,14,5,1,0.02607,1,route_deviation,0
LG-1006,2025-01-11 14:20:00,6.610525,3.369921,49.9,78.0,1,0,14,5,1,0.02482,1,route_deviation,0
LG-1006,2025-01-11 14:20:30,6.615395,3.366432,79.9,77.8,1,0,14,5,1,0.02418,1,route_deviation,0
LG-1006,2025-01-11 14:21:00,6.620116,3.364572,67.7,77.7,1,0,14,5,1,0.02596,1,route_deviation,0
LG-1006,2025-01-11 14:21:30,6.623137,3.364098,40.8,77.6,1,0,14,5,1,0.02797,1,route_deviation,0
LG-1006,2025-01-11 14:22:00,6.630981,3.365028,105.5,77.3,1,0,14,5,1,0.03498,1,route_deviation,0
LG-1006,2025-01-11 14:22:30,6.635499,3.367297,67.5,77.2,1,0,14,5,1,0.04003,1,route_deviation,0
LG-1006,2025-01-11 14:23:00,6.640513,3.372286,94.2,77.0,1,0,14,5,1,0.04691,1,route_deviation,0
LG-1006,2025-01-11 14:23:30,6.643065,3.376681,67.6,76.8,1,0,14,5,1,0.05148,1,route_deviation,0
LG-1006,2025-01-11 14:24:00,6.646679,3.383791,106.0,76.6,1,0,14,5,1,0.05865,1,route_deviation,0
LG-1006,2025-01-11 14:24:30,6.648699,3.387686,58.3,76.4,1,0,14,5,1,0.06269,1,route_deviation,0
LG-1006,2025-01-11 14:25:00,6.651133,3.392123,67.3,76.3,1,0,14,5,1,0.06745,1,route_deviation,0
LG-1006,2025-01-11 14:25:30,6.655436,3.397609,92.8,76.1,1,0,14,5,1,0.07433,1,route_deviation,0
LG-1006,2025-01-11 14:26:00,6.658923,3.400726,62.3,75.9,1,0,14,5,1,0.079,1,route_deviation,0
LG-1006,2025-01-11 14:26:30,6.662944,3.403335,63.9,75.8,1,0,14,5,1,0.08373,1,route_deviation,0
LG-1006,2025-01-11 14:27:00,6.670566,3.406597,110.0,75.5,1,0,14,5,1,0.0916,1,route_deviation,0
LG-1006,2025-01-11 14:27:30,6.676014,3.408752,78.2,75.3,1,0,14,5,1,0.09716,1,route_deviation,0
LG-1006,2025-01-11 14:28:00,6.682136,3.41122,88.1,75.1,1,0,14,5,1,0.10348,1,route_deviation,0
LG-1006,2025-01-11 14:28:30,6.688024,3.413587,84.7,74.9,1,0,14,5,1,0.10958,1,route_deviation,0
LG-1006,2025-01-11 14:29:00,6.69515,3.415399,98.2,74.7,1,0,14,5,1,0.11637,1,route_deviation,0
LG-1006,2025-01-11 14:29:30,6.702689,3.415533,100.7,74.5,1,0,14,5,1,0.12263,1,route_deviation,0
LG-1006,2025-01-11 14:30:00,6.708567,3.415017,78.8,74.3,1,0,14,5,1,0.12727,1,route_deviation,0
LG-1006,2025-01-11 14:30:30,6.71296,3.414635,58.9,74.1,1,0,14,5,1,0.1308,1,route_deviation,0
LG-1006,2025-01-11 14:31:00,6.715852,3.414395,38.8,74.0,1,0,14,5,1,0.13317,1,route_deviation,0
LG-1006,2025-01-11 14:31:30,6.722026,3.414346,82.5,73.8,1,0,14,5,1,0.1385,1,route_deviation,0
LG-1006,2025-01-11 14:32:00,6.729209,3.415832,98.0,73.6,1,0,14,5,1,0.14552,1,route_deviation,0
LG-1006,2025-01-11 14:32:30,6.734045,3.417921,70.3,73.5,1,0,14,5,1,0.15077,1,route_deviation,0
LG-1006,2025-01-11 14:33:00,6.737294,3.419664,49.2,73.3,1,0,14,5,1,0.15445,1,route_deviation,0
LG-1006,2025-01-11 14:33:30,6.741365,3.421243,58.3,73.2,1,0,14,5,1,0.15879,1,route_deviation,0
LG-1006,2025-01-11 14:34:00,6.746827,3.422471,74.8,73.0,1,0,14,5,1,0.1642,1,route_deviation,0
LG-1006,2025-01-11 14:34:30,6.754231,3.42288,99.1,72.8,1,0,14,5,1,0.17099,1,route_deviation,0
LG-1006,2025-01-11 14:35:00,6.757956,3.423029,49.8,72.7,1,0,14,5,1,0.1744,1,route_deviation,0
LG-1006,2025-01-11 14:35:30,6.764124,3.42327,82.5,72.5,1,0,14,5,1,0.18007,1,route_deviation,0
LG-1006,2025-01-11 14:36:00,6.771074,3.423552,92.9,72.3,1,0,14,5,1,0.18651,1,route_deviation,0
LG-1006,2025-01-11 14:36:30,6.779037,3.423878,106.5,72.0,1,0,14,5,1,0.19393,1,route_deviation,0
LG-1006,2025-01-11 14:37:00,6.782452,3.424087,45.7,71.9,1,0,14,5,1,0.19715,1,route_deviation,0
LG-1006,2025-01-11 14:37:30,6.790143,3.425862,105.4,71.7,1,0,14,5,1,0.20493,1,route_deviation,0
LG-1006,2025-01-11 14:38:00,6.795634,3.428524,81.4,71.5,1,0,14,5,1,0.21102,1,route_deviation,0
LG-1006,2025-01-11 14:38:30,6.801177,3.432818,93.4,71.3,1,0,14,5,1,0.2178,1,route_deviation,0
LG-1006,2025-01-11 14:39:00,6.803292,3.435047,40.9,71.2,1,0,14,5,1,0.22062,1,route_deviation,0
LG-1006,2025-01-11 14:39:30,6.806503,3.439606,74.1,71.0,1,0,14,5,1,0.2254,1,route_deviation,0
LG-1006,2025-01-11 14:40:00,6.809733,3.444927,82.7,70.8,1,0,14,5,1,0.23056,1,route_deviation,0
LG-1006,2025-01-11 14:40:30,6.811939,3.447555,45.6,70.7,1,0,14,5,1,0.23368,1,route_deviation,0
LG-1006,2025-01-11 14:41:00,6.808917,3.443363,68.7,70.5,1,0,14,5,1,0.22916,1,route_deviation,0
LG-1006,2025-01-11 14:41:30,6.807994,3.438764,62.2,70.4,1,0,14,5,1,0.22642,1,route_deviation,0
LG-1006,2025-01-11 14:42:00,6.808536,3.438372,8.9,70.4,1,0,14,5,1,0.22676,1,route_deviation,0
LG-1006,2025-01-11 14:42:30,6.808536,3.438372,0.0,70.4,0,1,14,5,1,0.22676,1,route_deviation,0
LG-1006,2025-01-11 14:43:00,6.808536,3.438372,0.0,70.4,0,2,14,5,1,0.22676,1,route_deviation,0
LG-1006,2025-01-11 14:43:30,6.808536,3.438372,0.0,70.4,0,3,14,5,1,0.22676,1,route_deviation,0
LG-1007,2025-01-06 08:53:00,6.461107,3.520295,0.0,90.4,0,1,8,0,1,0.00425,0,normal,0
LG-1007,2025-01-06 08:53:30,6.459954,3.518354,30.0,90.4,1,0,8,0,1,0.00623,0,normal,0
LG-1007,2025-01-06 08:54:00,6.456959,3.518268,40.0,90.3,1,0,8,0,1,0.00886,0,normal,0
LG-1007,2025-01-06 08:54:30,6.453668,3.517412,45.4,90.2,1,0,8,0,1,0.01223,0,normal,0
LG-1007,2025-01-06 08:55:00,6.453,3.50999,98.9,89.9,1,0,8,0,1,0.01698,0,normal,0
LG-1007,2025-01-06 08:55:30,6.448239,3.508314,67.4,89.8,1,0,8,0,1,0.02164,0,normal,0
LG-1007,2025-01-06 08:56:00,6.442413,3.507569,78.4,89.6,1,0,8,0,1,0.0268,0,normal,0
LG-1007,2025-01-06 08:56:30,6.437883,3.507563,60.5,89.5,1,0,8,0,1,0.03072,0,normal,0
LG-1007,2025-01-06 08:57:00,6.435745,3.500742,94.9,89.2,1,0,8,0,1,0.03616,0,normal,0
LG-1007,2025-01-06 08:57:30,6.435071,3.496179,61.2,89.1,1,0,8,0,1,0.03953,0,normal,0
LG-1007,2025-01-06 08:58:00,6.433985,3.488852,98.3,88.9,1,0,8,0,1,0.04539,0,normal,0
LG-1007,2025-01-06 08:58:30,6.432894,3.481184,102.8,88.6,1,0,8,0,1,0.05193,0,normal,0
LG-1007,2025-01-06 08:59:00,6.432059,3.475792,72.4,88.5,1,0,8,0,1,0.05494,0,normal,0
LG-1007,2025-01-06 08:59:30,6.431066,3.468119,102.7,88.2,1,0,8,0,1,0.04722,0,normal,0
LG-1007,2025-01-06 09:00:00,6.43036,3.463869,57.2,88.1,1,0,9,0,1,0.04293,0,normal,0
LG-1007,2025-01-06 09:00:30,6.432855,3.458475,79.0,87.9,1,0,9,0,1,0.03779,0,normal,0
LG-1007,2025-01-06 09:01:00,6.435233,3.456245,43.4,87.8,1,0,9,0,1,0.03598,0,normal,0
LG-1007,2025-01-06 09:01:30,6.437795,3.451855,67.6,87.6,1,0,9,0,1,0.03237,0,normal,0
LG-1007,2025-01-06 09:02:00,6.436252,3.448204,52.7,87.5,1,0,9,0,1,0.02843,0,normal,0
LG-1007,2025-01-06 09:02:30,6.435467,3.445181,41.5,87.4,1,0,9,0,1,0.02531,0,normal,0
LG-1007,2025-01-06 09:03:00,6.435844,3.442462,36.4,87.3,1,0,9,0,1,0.02285,0,normal,0
LG-1007,2025-01-06 09:03:30,6.438256,3.438576,60.8,87.2,1,0,9,0,1,0.02035,0,normal,0
LG-1007,2025-01-06 09:04:00,6.440469,3.433241,76.7,87.0,1,0,9,0,1,0.01747,0,normal,0
LG-1007,2025-01-06 09:04:30,6.439475,3.428061,70.0,86.8,1,0,9,0,1,0.01347,0,normal,0
LG-1007,2025-01-06 09:05:00,6.438301,3.423801,58.7,86.7,1,0,9,0,1,0.01067,0,normal,0
LG-1007,2025-01-06 09:05:30,6.436301,3.41584,109.0,86.5,1,0,9,0,1,0.00977,0,normal,0
LG-1007,2025-01-06 09:06:00,6.437582,3.408353,100.9,86.2,1,0,9,0,1,0.01587,0,normal,0
LG-1007,2025-01-06 09:06:30,6.439222,3.405593,42.7,86.1,1,0,9,0,1,0.019,0,normal,0
LG-1007,2025-01-06 09:07:00,6.442237,3.401515,67.5,86.0,1,0,9,0,1,0.01433,0,normal,0
LG-1007,2025-01-06 09:07:30,6.441604,3.403452,27.1,85.9,1,0,9,0,1,0.01584,0,normal,0
LG-1007,2025-01-06 09:08:00,6.446842,3.407445,87.8,85.7,1,0,9,0,1,0.01488,0,normal,0
LG-1007,2025-01-06 09:08:30,6.451568,3.408328,64.2,85.5,1,0,9,0,1,0.01376,0,normal,0
LG-1007,2025-01-06 09:09:00,6.457719,3.406548,85.5,85.3,1,0,9,0,1,0.01186,0,normal,0
LG-1007,2025-01-06 09:09:30,6.457719,3.406548,0.0,85.3,1,1,9,0,1,0.01186,0,normal,0
LG-1007,2025-01-06 09:10:00,6.457719,3.406548,0.0,85.3,1,2,9,0,1,0.01186,0,normal,0
LG-1007,2025-01-06 09:10:30,6.457719,3.406548,0.0,85.3,1,3,9,0,1,0.01186,0,normal,0
LG-1007,2025-01-06 09:11:00,6.457719,3.406548,0.0,85.3,1,4,9,0,1,0.01186,0,normal,0
LG-1007,2025-01-06 09:11:30,6.457719,3.406548,0.0,85.3,1,5,9,0,1,0.01186,0,normal,0
LG-1007,2025-01-06 09:12:00,6.457719,3.406548,0.0,85.3,1,6,9,0,1,0.01186,0,normal,0
LG-1007,2025-01-06 09:12:30,6.457719,3.406548,0.0,85.3,1,7,9,0,1,0.01186,0,normal,0
LG-1007,2025-01-06 09:13:00,6.45851,3.40323,45.3,85.2,1,0,9,0,1,0.00895,0,normal,0
LG-1007,2025-01-06 09:13:30,6.459621,3.398794,60.7,85.1,1,0,9,0,1,0.00598,0,normal,0
LG-1007,2025-01-06 09:14:00,6.463872,3.393593,89.4,84.9,1,0,9,0,1,0.00898,0,normal,0
LG-1007,2025-01-06 09:14:30,6.469437,3.390892,82.5,84.7,1,0,9,0,1,0.01501,0,normal,0
LG-1007,2025-01-06 09:15:00,6.476794,3.390706,98.3,84.5,1,0,9,0,1,0.02221,0,normal,0
LG-1007,2025-01-06 09:15:30,6.479698,3.39157,40.5,84.4,1,0,9,0,1,0.02494,0,normal,0
LG-1007,2025-01-06 09:16:00,6.483028,3.393268,49.9,84.3,1,0,9,0,1,0.02808,0,normal,0
LG-1007,2025-01-06 09:16:30,6.485669,3.394781,40.6,84.2,1,0,9,0,1,0.03067,0,normal,0
LG-1007,2025-01-06 09:17:00,6.488988,3.396715,51.2,84.0,1,0,9,0,1,0.03403,0,normal,0
LG-1007,2025-01-06 09:17:30,6.491398,3.398137,37.3,84.0,1,0,9,0,1,0.03522,0,normal,0
LG-1007,2025-01-06 09:18:00,6.496507,3.400347,74.3,83.8,1,0,9,0,1,0.03385,0,normal,0
LG-1007,2025-01-06 09:18:30,6.50187,3.402299,76.2,83.6,1,0,9,0,1,0.03302,0,normal,0
LG-1007,2025-01-06 09:19:00,6.507921,3.404459,85.8,83.4,1,0,9,0,1,0.03322,0,normal,0
LG-1007,2025-01-06 09:19:30,6.512732,3.405404,65.5,83.3,1,0,9,0,1,0.03348,0,normal,0
LG-1007,2025-01-06 09:20:00,6.515518,3.405576,37.3,83.2,1,0,9,0,1,0.03358,0,normal,0
LG-1007,2025-01-06 09:20:30,6.521977,3.404862,86.8,83.0,1,0,9,0,1,0.03359,0,normal,0
LG-1007,2025-01-06 09:21:00,6.52493,3.404006,41.1,82.9,1,0,9,0,1,0.03351,0,normal,0
LG-1007,2025-01-06 09:21:30,6.532152,3.401698,101.2,82.6,1,0,9,0,1,0.03429,0,normal,0
LG-1007,2025-01-06 09:22:00,6.534918,3.400826,38.7,82.5,1,0,9,0,1,0.03504,0,normal,0
LG-1007,2025-01-06 09:22:30,6.54055,3.399866,76.3,82.4,1,0,9,0,1,0.03781,1,route_deviation,0
LG-1007,2025-01-06 09:23:00,6.547884,3.397441,103.1,82.1,1,0,9,0,1,0.04158,1,route_deviation,0
LG-1007,2025-01-06 09:23:30,6.553792,3.396939,79.2,81.9,1,0,9,0,1,0.04612,1,route_deviation,0
LG-1007,2025-01-06 09:24:00,6.559787,3.395635,81.9,81.7,1,0,9,0,1,0.05064,1,route_deviation,0
LG-1007,2025-01-06 09:24:30,6.566265,3.396331,87.0,81.5,1,0,9,0,1,0.05647,1,route_deviation,0
LG-1007,2025-01-06 09:25:00,6.569652,3.397008,46.1,81.4,1,0,9,0,1,0.05789,1,route_deviation,0
LG-1007,2025-01-06 09:25:30,6.576062,3.397147,85.6,81.2,1,0,9,0,1,0.05601,1,route_deviation,0
LG-1007,2025-01-06 09:26:00,6.582136,3.392553,101.5,81.0,1,0,9,0,1,0.0493,1,route_deviation,0
LG-1007,2025-01-06 09:26:30,6.588311,3.387185,109.0,80.7,1,0,9,0,1,0.04214,1,route_deviation,0
LG-1007,2025-01-06 09:27:00,6.592434,3.383962,69.7,80.6,1,0,9,0,1,0.03794,1,route_deviation,0
LG-1007,2025-01-06 09:27:30,6.596147,3.381102,62.5,80.4,1,0,9,0,1,0.03445,1,route_deviation,0
LG-1007,2025-01-06 09:28:00,6.601663,3.376869,92.7,80.2,1,0,9,0,1,0.02988,1,route_deviation,0
LG-1007,2025-01-06 09:28:30,6.606208,3.373286,77.1,80.0,1,0,9,0,1,0.0268,1,route_deviation,0
LG-1007,2025-01-06 09:29:00,6.609527,3.370707,56.0,79.9,1,0,9,0,1,0.02519,1,route_deviation,0
LG-1007,2025-01-06 09:29:30,6.612459,3.368401,49.7,79.8,1,0,9,0,1,0.02428,1,route_deviation,0
LG-1007,2025-01-06 09:30:00,6.615553,3.366349,49.5,79.7,1,0,9,0,1,0.02421,1,route_deviation,0
LG-1007,2025-01-06 09:30:30,6.620518,3.364476,70.8,79.5,1,0,9,0,1,0.0262,1,route_deviation,0
LG-1007,2025-01-06 09:31:00,6.624207,3.364042,49.6,79.4,1,0,9,0,1,0.02879,1,route_deviation,0
LG-1007,2025-01-06 09:31:30,6.627086,3.364162,38.5,79.3,1,0,9,0,1,0.03123,1,route_deviation,0
LG-1007,2025-01-06 09:32:00,6.630093,3.364741,40.9,79.2,1,0,9,0,1,0.03408,1,route_deviation,0
LG-1007,2025-01-06 09:32:30,6.637057,3.368438,105.2,79.0,1,0,9,0,1,0.04195,1,route_deviation,0
LG-1007,2025-01-06 09:33:00,6.639302,3.370678,42.2,78.9,1,0,9,0,1,0.04503,1,route_deviation,0
LG-1007,2025-01-06 09:33:30,6.641153,3.373262,42.3,78.8,1,0,9,0,1,0.04798,1,route_deviation,0
LG-1007,2025-01-06 09:34:00,6.643664,3.377903,70.1,78.6,1,0,9,0,1,0.05268,1,route_deviation,0
LG-1007,2025-01-06 09:34:30,6.645536,3.38159,54.9,78.5,1,0,9,0,1,0.05639,1,route_deviation,0
LG-1007,2025-01-06 09:35:00,6.649277,3.388794,107.9,78.2,1,0,9,0,1,0.06385,1,route_deviation,0
LG-1007,2025-01-06 09:35:30,6.653463,3.395393,103.9,78.0,1,0,9,0,1,0.07137,1,route_deviation,0
LG-1007,2025-01-06 09:36:00,6.656907,3.39904,66.8,77.8,1,0,9,0,1,0.07638,1,route_deviation,0
LG-1007,2025-01-06 09:36:30,6.661086,3.402231,70.1,77.7,1,0,9,0,1,0.08161,1,route_deviation,0
LG-1007,2025-01-06 09:37:00,6.665368,3.404512,64.7,77.5,1,0,9,0,1,0.08632,1,route_deviation,0
LG-1007,2025-01-06 09:37:30,6.668134,3.405634,39.8,77.4,1,0,9,0,1,0.08913,1,route_deviation,0
LG-1007,2025-01-06 09:38:00,6.672225,3.407253,58.7,77.3,1,0,9,0,1,0.09329,1,route_deviation,0
LG-1007,2025-01-06 09:38:30,6.675439,3.408525,46.1,77.2,1,0,9,0,1,0.09657,1,route_deviation,0
LG-1007,2025-01-06 09:39:00,6.678542,3.409769,44.6,77.1,1,0,9,0,1,0.09976,1,route_deviation,0
LG-1007,2025-01-06 09:39:30,6.684001,3.411973,78.6,76.9,1,0,9,0,1,0.10541,1,route_deviation,0
LG-1007,2025-01-06 09:40:00,6.687083,3.413216,44.3,76.8,1,0,9,0,1,0.1086,1,route_deviation,0
LG-1007,2025-01-06 09:40:30,6.690233,3.41434,44.6,76.7,1,0,9,0,1,0.11179,1,route_deviation,0
LG-1007,2025-01-06 09:41:00,6.695554,3.415452,72.6,76.5,1,0,9,0,1,0.11673,1,route_deviation,0
LG-1007,2025-01-06 09:41:30,6.700772,3.415664,69.8,76.3,1,0,9,0,1,0.12112,1,route_deviation,0
LG-1007,2025-01-06 09:42:00,6.704299,3.415387,47.3,76.2,1,0,9,0,1,0.12389,1,route_deviation,0
LG-1007,2025-01-06 09:42:30,6.707089,3.415145,37.4,76.2,1,0,9,0,1,0.12609,1,route_deviation,0
LG-1007,2025-01-06 09:43:00,6.71092,3.414812,51.4,76.0,1,0,9,0,1,0.12915,1,route_deviation,0
LG-1007,2025-01-06 09:43:30,6.71499,3.41447,54.6,75.9,1,0,9,0,1,0.13246,1,route_deviation,0
LG-1007,2025-01-06 09:44:00,6.722191,3.414361,96.2,75.7,1,0,9,0,1,0.13865,1,route_deviation,0
LG-1007,2025-01-06 09:44:30,6.729839,3.416045,104.6,75.4,1,0,9,0,1,0.14617,1,route_deviation,0
LG-1007,2025-01-06 09:45:00,6.734416,3.418114,67.0,75.3,1,0,9,0,1,0.15119,1,route_deviation,0
LG-1007,2025-01-06 09:45:30,6.738893,3.420379,66.9,75.1,1,0,9,0,1,0.1562,1,route_deviation,0
LG-1007,2025-01-06 09:46:00,6.745348,3.422232,89.7,74.9,1,0,9,0,1,0.16278,1,route_deviation,0
LG-1007,2025-01-06 09:46:30,6.75157,3.422779,83.4,74.7,1,0,9,0,1,0.16856,1,route_deviation,0
LG-1007,2025-01-06 09:47:00,6.755364,3.422924,50.7,74.6,1,0,9,0,1,0.17203,1,route_deviation,0
LG-1007,2025-01-06 09:47:30,6.758734,3.423058,45.1,74.5,1,0,9,0,1,0.17511,1,route_deviation,0
LG-1007,2025-01-06 09:48:00,6.763934,3.423262,69.5,74.3,1,0,9,0,1,0.1799,1,route_deviation,0
LG-1007,2025-01-06 09:48:30,6.769838,3.42351,78.9,74.1,1,0,9,0,1,0.18536,1,route_deviation,0
LG-1007,2025-01-06 09:49:00,6.77338,3.423654,47.3,74.0,1,0,9,0,1,0.18865,1,route_deviation,0
LG-1007,2025-01-06 09:49:30,6.777779,3.423833,58.8,73.9,1,0,9,0,1,0.19275,1,route_deviation,0
LG-1007,2025-01-06 09:50:00,6.782245,3.424064,59.7,73.8,1,0,9,0,1,0.19695,1,route_deviation,0
LG-1007,2025-01-06 09:50:30,6.786412,3.424738,56.4,73.6,1,0,9,0,1,0.20105,1,route_deviation,0
LG-1007,2025-01-06 09:51:00,6.791478,3.426383,71.1,73.5,1,0,9,0,1,0.20636,1,route_deviation,0
LG-1007,2025-01-06 09:51:30,6.797085,3.429445,85.2,73.3,1,0,9,0,1,0.21271,1,route_deviation,0
LG-1007,2025-01-06 09:52:00,6.801384,3.433022,74.5,73.1,1,0,9,0,1,0.21807,1,route_deviation,0
LG-1007,2025-01-06 09:52:30,6.803984,3.435914,51.7,73.0,1,0,9,0,1,0.2216,1,route_deviation,0
LG-1007,2025-01-07 12:26:00,6.514217,3.372154,0.0,73.0,0,1,12,1,1,0.0008,0,normal,0
LG-1007,2025-01-07 12:26:30,6.51404,3.371254,12.2,72.9,1,0,12,1,1,0.00122,0,normal,0
LG-1007,2025-01-07 12:27:00,6.513696,3.370646,9.3,72.9,1,0,12,1,1,0.00188,0,normal,0
LG-1007,2025-01-07 12:27:30,6.512712,3.370536,13.2,72.9,1,0,12,1,1,0.00272,0,normal,0
LG-1007,2025-01-07 12:28:00,6.511971,3.370523,9.9,72.9,1,0,12,1,1,0.00337,0,normal,0
LG-1007,2025-01-07 12:28:30,6.51136,3.370783,8.9,72.8,1,0,12,1,1,0.00384,0,normal,0
LG-1007,2025-01-07 12:29:00,6.510749,3.371055,8.9,72.8,1,0,12,1,1,0.00435,0,normal,0
LG-1007,2025-01-07 12:29:30,6.51029,3.371253,6.7,72.8,1,0,12,1,1,0.00477,0,normal,0
LG-1007,2025-01-07 12:30:00,6.509528,3.371581,11.1,72.8,1,0,12,1,1,0.00549,0,normal,0
LG-1007,2025-01-07 12:30:30,6.508817,3.371907,10.4,72.8,1,0,12,1,1,0.00618,0,normal,0
LG-1007,2025-01-07 12:31:00,6.508414,3.372153,6.3,72.7,1,0,12,1,1,0.00659,0,normal,0
LG-1007,2025-01-07 12:31:30,6.507536,3.372621,13.3,72.7,1,0,12,1,1,0.00749,0,normal,0
LG-1007,2025-01-07 12:32:00,6.506957,3.37286,8.4,72.7,1,0,12,1,1,0.00809,0,normal,0
LG-1007,2025-01-07 12:32:30,6.506591,3.37301,5.3,72.7,1,0,12,1,1,0.00847,0,normal,0
LG-1007,2025-01-07 12:33:00,6.506038,3.373236,8.0,72.7,1,0,12,1,1,0.00905,0,normal,0
LG-1007,2025-01-07 12:33:30,6.505126,3.373616,13.2,72.6,1,0,12,1,1,0.01,0,normal,0
LG-1007,2025-01-07 12:34:00,6.504177,3.373993,13.6,72.6,1,0,12,1,1,0.01101,0,normal,0
LG-1007,2025-01-07 12:34:30,6.503517,3.374265,9.5,72.6,1,0,12,1,1,0.0117,0,normal,0
LG-1007,2025-01-07 12:35:00,6.502544,3.374662,14.0,72.5,1,0,12,1,1,0.01274,0,normal,0
LG-1007,2025-01-07 12:35:30,6.501624,3.375031,13.2,72.5,1,0,12,1,1,0.01371,0,normal,0
LG-1007,2025-01-07 12:36:00,6.500738,3.375389,12.8,72.5,1,0,12,1,1,0.01466,0,normal,0
LG-1007,2025-01-07 12:36:30,6.499831,3.375762,13.1,72.5,1,0,12,1,1,0.01563,0,normal,0
LG-1007,2025-01-07 12:37:00,6.499243,3.376002,8.5,72.4,1,0,12,1,1,0.01626,0,normal,0
LG-1007,2025-01-07 12:37:30,6.498402,3.376339,12.1,72.4,1,0,12,1,1,0.01716,0,normal,0
LG-1007,2025-01-07 12:38:00,6.49768,3.376626,10.4,72.4,1,0,12,1,1,0.01793,0,normal,0
LG-1007,2025-01-07 12:38:30,6.496866,3.376959,11.7,72.4,1,0,12,1,1,0.0188,0,normal,0
LG-1007,2025-01-07 12:39:00,6.496411,3.377136,6.5,72.3,1,0,12,1,1,0.01929,0,normal,0
LG-1007,2025-01-07 12:39:30,6.495588,3.37747,11.9,72.3,1,0,12,1,1,0.01977,0,normal,0
LG-1007,2025-01-07 12:40:00,6.494616,3.377869,14.0,72.3,1,0,12,1,1,0.02035,0,normal,0
LG-1007,2025-01-07 12:40:30,6.494077,3.378082,7.7,72.3,1,0,12,1,1,0.02068,0,normal,0
LG-1007,2025-01-07 12:41:00,6.493083,3.378483,14.3,72.2,1,0,12,1,1,0.02132,0,normal,0
LG-1007,2025-01-07 12:41:30,6.492498,3.378723,8.5,72.2,1,0,12,1,1,0.02172,0,normal,0
LG-1007,2025-01-07 12:42:00,6.492031,3.378915,6.7,72.2,1,0,12,1,1,0.02205,0,normal,0
LG-1007,2025-01-07 12:42:30,6.491621,3.379079,5.9,72.2,1,0,12,1,1,0.02233,0,normal,0
LG-1007,2025-01-07 12:43:00,6.490765,3.379433,12.4,72.2,1,0,12,1,1,0.02296,0,normal,0
LG-1007,2025-01-07 12:43:30,6.490056,3.379705,10.1,72.1,1,0,12,1,1,0.02348,0,normal,0
LG-1007,2025-01-07 12:44:00,6.489525,3.379945,7.8,72.1,1,0,12,1,1,0.0239,0,normal,0
LG-1007,2025-01-07 12:44:30,6.488784,3.380243,10.7,72.1,1,0,12,1,1,0.02448,0,normal,0
LG-1007,2025-01-07 12:45:00,6.488221,3.380449,8.0,72.1,1,0,12,1,1,0.0249,0,normal,0
LG-1007,2025-01-07 12:45:30,6.487579,3.380684,9.1,72.0,1,0,12,1,1,0.0254,0,normal,0
LG-1007,2025-01-07 12:46:00,6.486673,3.381063,13.1,72.0,1,0,12,1,1,0.02615,0,normal,0
LG-1007,2025-01-07 12:46:30,6.485908,3.381415,11.2,72.0,1,0,12,1,1,0.02683,0,normal,0
LG-1007,2025-01-07 12:47:00,6.485063,3.381754,12.1,72.0,1,0,12,1,1,0.02754,0,normal,0
LG-1007,2025-01-07 12:47:30,6.484363,3.382099,10.4,71.9,1,0,12,1,1,0.0282,0,normal,0
LG-1007,2025-01-07 12:48:00,6.483378,3.382532,14.4,71.9,1,0,12,1,1,0.02908,0,normal,0
LG-1007,2025-01-07 12:48:30,6.48289,3.382749,7.1,71.9,1,0,12,1,1,0.02953,0,normal,0
LG-1007,2025-01-07 12:49:00,6.482388,3.382972,7.3,71.9,1,0,12,1,1,0.02991,0,normal,0
LG-1007,2025-01-07 12:49:30,6.481997,3.383145,5.7,71.9,1,0,12,1,1,0.02949,0,normal,0
LG-1007,2025-01-07 12:50:00,6.481297,3.383441,10.1,71.8,1,0,12,1,1,0.02873,0,normal,0
LG-1007,2025-01-07 12:50:30,6.480508,3.383528,10.6,71.8,1,0,12,1,1,0.02797,0,normal,0
LG-1007,2025-01-07 12:51:00,6.479689,3.383238,11.6,71.8,1,0,12,1,1,0.02735,0,normal,0
LG-1007,2025-01-07 12:51:30,6.479158,3.382954,8.0,71.8,1,0,12,1,1,0.02699,0,normal,0
LG-1007,2025-01-07 12:52:00,6.47883,3.382783,4.9,71.7,1,0,12,1,1,0.02678,0,normal,0
LG-1007,2025-01-07 12:52:30,6.47811,3.382399,10.9,71.7,1,0,12,1,1,0.02632,0,normal,0
LG-1007,2025-01-07 12:53:00,6.477154,3.381895,14.4,71.7,1,0,12,1,1,0.02574,0,normal,0
LG-1007,2025-01-07 12:53:30,6.476614,3.381707,7.6,71.7,1,0,12,1,1,0.02537,0,normal,0
LG-1007,2025-01-07 12:54:00,6.476125,3.381667,6.6,71.7,1,0,12,1,1,0.02498,0,normal,0
LG-1007,2025-01-07 12:54:30,6.475572,3.381771,7.5,71.6,1,0,12,1,1,0.02446,0,normal,0
LG-1007,2025-01-07 12:55:00,6.474922,3.381922,8.9,71.6,1,0,12,1,1,0.02383,0,normal,0
LG-1007,2025-01-07 12:55:30,6.47439,3.382023,7.2,71.6,1,0,12,1,1,0.02333,0,normal,0
LG-1007,2025-01-07 12:56:00,6.473792,3.382144,8.2,71.6,1,0,12,1,1,0.02277,0,normal,0
LG-1007,2025-01-07 12:56:30,6.473792,3.382144,0.0,71.6,1,1,12,1,1,0.02277,0,normal,0
LG-1007,2025-01-07 12:57:00,6.473792,3.382144,0.0,71.6,1,2,12,1,1,0.02277,0,normal,0
LG-1007,2025-01-07 12:57:30,6.473792,3.382144,0.0,71.6,1,3,12,1,1,0.02277,0,normal,0
LG-1007,2025-01-07 12:58:00,6.473792,3.382144,0.0,71.6,1,4,12,1,1,0.02277,0,normal,0
LG-1007,2025-01-07 12:58:30,6.473792,3.382144,0.0,71.6,1,5,12,1,1,0.02277,0,normal,0
LG-1007,2025-01-07 12:59:00,6.473792,3.382144,0.0,71.6,1,6,12,1,1,0.02277,0,normal,0
LG-1007,2025-01-07 12:59:30,6.473792,3.382144,0.0,71.6,1,7,12,1,1,0.02277,0,normal,0
LG-1007,2025-01-07 13:00:00,6.473792,3.382144,0.0,71.6,1,8,13,1,1,0.02277,0,normal,0
LG-1007,2025-01-07 13:00:30,6.473792,3.382144,1.0,70.3,1,33,13,1,1,0.02277,1,fuel_theft,0
LG-1007,2025-01-07 13:01:00,6.473792,3.382144,0.1,68.2,1,50,13,1,1,0.02277,1,fuel_theft,0
LG-1007,2025-01-07 13:01:30,6.473792,3.382144,0.6,67.0,1,57,13,1,1,0.02277,1,fuel_theft,0
LG-1007,2025-01-07 13:02:00,6.473792,3.382144,1.0,64.9,1,58,13,1,1,0.02277,1,fuel_theft,0
LG-1007,2025-01-07 13:02:30,6.473792,3.382144,0.1,63.9,1,59,13,1,1,0.02277,1,fuel_theft,0
LG-1007,2025-01-07 13:03:00,6.473792,3.382144,0.9,61.9,1,60,13,1,1,0.02277,1,fuel_theft,0
LG-1007,2025-01-07 13:03:30,6.473792,3.382144,0.7,60.6,1,62,13,1,1,0.02277,1,fuel_theft,0
LG-1007,2025-01-07 13:04:00,6.473792,3.382144,1.1,59.4,1,74,13,1,1,0.02277,1,fuel_theft,0
LG-1007,2025-01-07 13:04:30,6.473325,3.382236,6.4,59.4,1,0,13,1,1,0.02233,0,normal,0
LG-1007,2025-01-07 13:05:00,6.472716,3.382347,8.3,59.4,1,0,13,1,1,0.02177,0,normal,0
LG-1007,2025-01-07 13:05:30,6.47181,3.382507,12.3,59.4,1,0,13,1,1,0.02094,0,normal,0
LG-1007,2025-01-07 13:06:00,6.47098,3.382735,11.5,59.3,1,0,13,1,1,0.02014,0,normal,0
LG-1007,2025-01-07 13:06:30,6.47019,3.383012,11.2,59.3,1,0,13,1,1,0.01935,0,normal,0
LG-1007,2025-01-07 13:07:00,6.469441,3.382629,11.2,59.3,1,0,13,1,1,0.01902,0,normal,0
LG-1007,2025-01-07 13:07:30,6.469248,3.382103,7.4,59.3,1,0,13,1,1,0.01922,0,normal,0
LG-1007,2025-01-07 13:08:00,6.469043,3.381539,8.0,59.2,1,0,13,1,1,0.01945,0,normal,0
LG-1007,2025-01-07 13:08:30,6.468729,3.381334,5.0,59.2,1,0,13,1,1,0.01937,0,normal,0
LG-1007,2025-01-07 13:09:00,6.468452,3.382061,10.3,59.2,1,0,13,1,1,0.01866,0,normal,0
LG-1007,2025-01-07 13:09:30,6.469067,3.382523,10.2,59.2,1,0,13,1,1,0.0188,0,normal,0
LG-1007,2025-01-07 13:10:00,6.469242,3.383062,7.5,59.2,1,0,13,1,1,0.01858,0,normal,0
LG-1007,2025-01-07 13:10:30,6.46914,3.383455,5.4,59.2,1,0,13,1,1,0.01825,0,normal,0
LG-1007,2025-01-07 13:11:00,6.468496,3.384022,11.4,59.1,1,0,13,1,1,0.0174,0,normal,0
LG-1007,2025-01-07 13:11:30,6.4677,3.384442,12.0,59.1,1,0,13,1,1,0.01652,0,normal,0
LG-1007,2025-01-07 13:12:00,6.46695,3.384822,11.2,59.1,1,0,13,1,1,0.0157,0,normal,0
LG-1007,2025-01-07 13:12:30,6.466497,3.385051,6.8,59.1,1,0,13,1,1,0.0152,0,normal,0
LG-1007,2025-01-07 13:13:00,6.465578,3.385489,13.6,59.0,1,0,13,1,1,0.01422,0,normal,0
LG-1007,2025-01-07 13:13:30,6.464744,3.385837,12.1,59.0,1,0,13,1,1,0.01338,0,normal,0
LG-1007,2025-01-07 13:14:00,6.463961,3.386127,11.1,59.0,1,0,13,1,1,0.01261,0,normal,0
LG-1007,2025-01-07 13:14:30,6.463183,3.386416,11.1,58.9,1,0,13,1,1,0.01186,0,normal,0
LG-1007,2025-01-07 13:15:00,6.462231,3.386759,13.5,58.9,1,0,13,1,1,0.01096,0,normal,0
LG-1007,2025-01-07 13:15:30,6.461238,3.387002,13.6,58.9,1,0,13,1,1,0.01014,0,normal,0
LG-1007,2025-01-07 13:16:00,6.460451,3.386952,10.5,58.9,1,0,13,1,1,0.00972,0,normal,0
LG-1007,2025-01-07 13:16:30,6.459792,3.386901,8.8,58.8,1,0,13,1,1,0.00941,0,normal,0
LG-1007,2025-01-07 13:17:00,6.459214,3.386708,8.1,58.8,1,0,13,1,1,0.0093,0,normal,0
LG-1007,2025-01-07 13:17:30,6.458329,3.386499,12.1,58.8,1,0,13,1,1,0.00913,0,normal,0
LG-1007,2025-01-07 13:18:00,6.458295,3.38732,10.9,58.8,1,0,13,1,1,0.00836,0,normal,0
LG-1007,2025-01-07 13:18:30,6.458452,3.387583,4.1,58.8,1,0,13,1,1,0.00818,0,normal,0
LG-1007,2025-01-07 13:19:00,6.458752,3.387763,4.7,58.7,1,0,13,1,1,0.00815,0,normal,0
LG-1007,2025-01-07 13:19:30,6.458714,3.388761,13.3,58.7,1,0,13,1,1,0.00726,0,normal,0
LG-1007,2025-01-07 13:20:00,6.458882,3.389745,13.3,58.7,1,0,13,1,1,0.00653,0,normal,0
LG-1007,2025-01-07 13:20:30,6.458867,3.390787,13.8,58.7,1,0,13,1,1,0.00572,0,normal,0
LG-1007,2025-01-07 13:21:00,6.458835,3.391455,8.9,58.6,1,0,13,1,1,0.00522,0,normal,0
LG-1007,2025-01-07 13:21:30,6.458849,3.392378,12.3,58.6,1,0,13,1,1,0.00466,0,normal,0
LG-1007,2025-01-07 13:22:00,6.459174,3.393257,12.5,58.6,1,0,13,1,1,0.00452,0,normal,0
LG-1007,2025-01-07 13:22:30,6.458683,3.393581,7.8,58.6,1,0,13,1,1,0.00395,0,normal,0
LG-1007,2025-01-07 13:23:00,6.458298,3.393844,6.2,58.5,1,0,13,1,1,0.0035,0,normal,0
LG-1007,2025-01-07 13:23:30,6.457415,3.394311,13.3,58.5,1,0,13,1,1,0.00251,0,normal,0
LG-1007,2025-01-07 13:24:00,6.457034,3.394286,5.1,58.5,1,0,13,1,1,0.00216,0,normal,0
LG-1007,2025-01-07 13:24:30,6.456271,3.394475,10.5,58.5,1,0,13,1,1,0.00138,0,normal,0
LG-1007,2025-01-07 13:25:00,6.455459,3.394542,10.9,58.4,1,0,13,1,1,0.00065,0,normal,0
LG-1007,2025-01-07 13:25:30,6.45498,3.394903,8.0,58.4,1,0,13,1,1,0.0001,0,normal,0
LG-1007,2025-01-08 09:57:00,6.499501,3.356491,0.0,58.4,0,1,9,2,1,0.00159,0,normal,0
LG-1007,2025-01-08 09:57:30,6.499892,3.357521,14.6,58.4,1,0,9,2,1,0.00101,0,normal,0
LG-1007,2025-01-08 09:58:00,6.499901,3.358966,19.2,58.4,1,0,9,2,1,0.00132,0,normal,0
LG-1007,2025-01-08 09:58:30,6.498795,3.358301,17.2,58.3,1,0,9,2,1,0.00036,0,normal,0
LG-1007,2025-01-08 09:59:00,6.498263,3.359811,21.3,58.3,1,0,9,2,1,0.00196,0,normal,0
LG-1007,2025-01-08 09:59:30,6.496567,3.361389,30.9,58.2,1,0,9,2,1,0.00417,0,normal,0
LG-1007,2025-01-08 10:00:00,6.495274,3.361435,17.3,58.1,1,0,10,2,1,0.00507,0,normal,0
LG-1007,2025-01-08 10:00:30,6.493797,3.361807,20.3,58.1,1,0,10,2,1,0.00645,0,normal,0
LG-1007,2025-01-08 10:01:00,6.491808,3.362522,28.2,58.0,1,0,10,2,1,0.0085,0,normal,0
LG-1007,2025-01-08 10:01:30,6.488859,3.363663,42.2,57.9,1,0,10,2,1,0.01162,0,normal,0
LG-1007,2025-01-08 10:02:00,6.486652,3.364471,31.4,57.9,1,0,10,2,1,0.01394,0,normal,0
LG-1007,2025-01-08 10:02:30,6.484825,3.36519,26.2,57.8,1,0,10,2,1,0.01589,0,normal,0
LG-1007,2025-01-08 10:03:00,6.482146,3.367031,43.3,57.7,1,0,10,2,1,0.01912,0,normal,0
LG-1007,2025-01-08 10:03:30,6.480781,3.368667,28.4,57.6,1,0,10,2,1,0.02111,0,normal,0
LG-1007,2025-01-08 10:04:00,6.479517,3.370302,27.5,57.6,1,0,10,2,1,0.02304,0,normal,0
LG-1007,2025-01-08 10:04:30,6.478276,3.371892,26.8,57.5,1,0,10,2,1,0.02495,0,normal,0
LG-1007,2025-01-08 10:05:00,6.477174,3.373311,23.9,57.5,1,0,10,2,1,0.02666,0,normal,0
LG-1007,2025-01-08 10:05:30,6.476025,3.374732,24.3,57.4,1,0,10,2,1,0.02842,0,normal,0
LG-1007,2025-01-08 10:06:00,6.473884,3.376225,34.8,57.3,1,0,10,2,1,0.02663,0,normal,0
LG-1007,2025-01-08 10:06:30,6.472764,3.376642,16.0,57.3,1,0,10,2,1,0.02554,0,normal,0
LG-1007,2025-01-08 10:07:00,6.470272,3.377436,34.9,57.2,1,0,10,2,1,0.02327,0,normal,0
LG-1007,2025-01-08 10:07:30,6.468789,3.377893,20.7,57.1,1,0,10,2,1,0.02197,0,normal,0
LG-1007,2025-01-08 10:08:00,6.46695,3.378556,26.1,57.1,1,0,10,2,1,0.02033,0,normal,0
LG-1007,2025-01-08 10:08:30,6.465725,3.379291,19.1,57.0,1,0,10,2,1,0.01902,0,normal,0
LG-1007,2025-01-08 10:09:00,6.463765,3.38055,31.1,57.0,1,0,10,2,1,0.0169,0,normal,0
LG-1007,2025-01-08 10:09:30,6.461472,3.382014,36.3,56.9,1,0,10,2,1,0.01451,0,normal,0
LG-1007,2025-01-08 10:10:00,6.459688,3.382615,25.1,56.8,1,0,10,2,1,0.01324,0,normal,0
LG-1007,2025-01-08 10:10:30,6.458233,3.382683,19.5,56.8,1,0,10,2,1,0.01273,0,normal,0
LG-1007,2025-01-08 10:11:00,6.456706,3.382191,21.4,56.7,1,0,10,2,1,0.01292,0,normal,0
LG-1007,2025-01-08 10:11:30,6.453969,3.382569,36.9,56.6,1,0,10,2,1,0.01247,0,normal,0
LG-1007,2025-01-08 10:12:00,6.452922,3.383892,22.5,56.6,1,0,10,2,1,0.0113,0,normal,0
LG-1007,2025-01-08 10:12:30,6.451625,3.386394,37.5,56.5,1,0,10,2,1,0.00924,0,normal,0
LG-1007,2025-01-08 10:13:00,6.450752,3.388012,24.4,56.4,1,0,10,2,1,0.00818,0,normal,0
LG-1007,2025-01-08 10:13:30,6.449987,3.38933,20.3,56.4,1,0,10,2,1,0.00757,0,normal,0
LG-1007,2025-01-08 10:14:00,6.448568,3.391645,36.1,56.3,1,0,10,2,1,0.00725,0,normal,0
LG-1007,2025-01-08 10:14:30,6.447373,3.393424,28.5,56.3,1,0,10,2,1,0.00779,0,normal,0
LG-1007,2025-01-08 10:15:00,6.446705,3.394392,15.6,56.2,1,0,10,2,1,0.00832,0,normal,0
LG-1007,2025-01-08 10:15:30,6.444888,3.397063,43.0,56.1,1,0,10,2,1,0.01032,0,normal,0
LG-1007,2025-01-08 10:16:00,6.444059,3.398231,19.1,56.1,1,0,10,2,1,0.01141,0,normal,0
LG-1007,2025-01-08 10:16:30,6.442896,3.399717,25.1,56.0,1,0,10,2,1,0.01299,0,normal,0
LG-1007,2025-01-08 10:17:00,6.441622,3.401188,25.9,56.0,1,0,10,2,1,0.01474,0,normal,0
LG-1007,2025-01-08 10:17:30,6.440649,3.403141,29.0,55.9,1,0,10,2,1,0.0165,0,normal,0
LG-1007,2025-01-08 10:18:00,6.439119,3.405538,37.8,55.8,1,0,10,2,1,0.01905,0,normal,0
LG-1007,2025-01-08 10:18:30,6.438439,3.406419,14.8,55.8,1,0,10,2,1,0.01793,0,normal,0
LG-1007,2025-01-08 10:19:00,6.437668,3.408673,31.6,55.7,1,0,10,2,1,0.01567,0,normal,0
LG-1007,2025-01-08 10:19:30,6.437916,3.411098,32.4,55.6,1,0,10,2,1,0.01401,0,normal,0
LG-1007,2025-01-08 10:20:00,6.436544,3.413993,42.6,55.5,1,0,10,2,1,0.01105,0,normal,0
LG-1007,2025-01-08 10:20:30,6.436231,3.416876,38.5,55.4,1,0,10,2,1,0.00921,0,normal,0
LG-1007,2025-01-08 10:21:00,6.436834,3.419975,41.9,55.3,1,0,10,2,1,0.00889,0,normal,0
LG-1007,2025-01-08 10:21:30,6.437532,3.422305,32.3,55.2,1,0,10,2,1,0.00962,0,normal,0
LG-1007,2025-01-08 10:22:00,6.438283,3.424046,25.2,55.2,1,0,10,2,1,0.01073,0,normal,0
LG-1007,2025-01-08 10:22:30,6.439009,3.425999,27.7,55.1,1,0,10,2,1,0.01209,0,normal,0
LG-1007,2025-01-08 10:23:00,6.43937,3.428529,33.9,55.0,1,0,10,2,1,0.01364,0,normal,0
LG-1007,2025-01-08 10:23:30,6.439549,3.430571,27.2,55.0,1,0,10,2,1,0.015,0,normal,0
LG-1007,2025-01-08 10:24:00,6.440314,3.433183,36.2,54.9,1,0,10,2,1,0.01732,0,normal,0
LG-1007,2025-01-08 10:24:30,6.440513,3.434465,17.2,54.9,1,0,10,2,1,0.01838,0,normal,0
LG-1007,2025-01-08 10:25:00,6.438986,3.436931,38.6,54.8,1,0,10,2,1,0.01935,0,normal,0
LG-1007,2025-01-08 10:25:30,6.438236,3.438297,20.7,54.7,1,0,10,2,1,0.0201,0,normal,0
LG-1007,2025-01-08 10:26:00,6.436514,3.440985,42.4,54.6,1,0,10,2,1,0.02172,0,normal,0
LG-1007,2025-01-08 10:26:30,6.435796,3.442245,19.3,54.6,1,0,10,2,1,0.02263,0,normal,0
LG-1007,2025-01-08 10:27:00,6.435306,3.443542,18.4,54.5,1,0,10,2,1,0.0237,0,normal,0
LG-1007,2025-01-08 10:27:30,6.435618,3.446396,38.1,54.4,1,0,10,2,1,0.02651,0,normal,0
LG-1007,2025-01-08 10:28:00,6.436332,3.449225,38.7,54.4,1,0,10,2,1,0.02943,0,normal,0
LG-1007,2025-01-08 10:28:30,6.436332,3.449225,0.0,54.4,1,1,10,2,1,0.02943,0,normal,0
LG-1007,2025-01-08 10:29:00,6.436332,3.449225,0.0,54.4,1,2,10,2,1,0.02943,0,normal,0
LG-1007,2025-01-08 10:29:30,6.436332,3.449225,0.0,54.4,1,3,10,2,1,0.02943,0,normal,0
LG-1007,2025-01-08 10:30:00,6.436332,3.449225,0.0,54.4,1,4,10,2,1,0.02943,0,normal,0
LG-1007,2025-01-08 10:30:30,6.436332,3.449225,0.0,54.4,1,5,10,2,1,0.02943,0,normal,0
LG-1007,2025-01-08 10:31:00,6.437546,3.451679,36.4,54.3,1,0,10,2,1,0.03213,0,normal,0
LG-1007,2025-01-08 10:31:30,6.436634,3.45445,38.7,54.2,1,0,10,2,1,0.03455,0,normal,0
LG-1007,2025-01-08 10:32:00,6.435424,3.455639,22.6,54.1,1,0,10,2,1,0.03543,0,normal,0
LG-1007,2025-01-08 10:32:30,6.433436,3.457782,38.9,54.0,1,0,10,2,1,0.03718,0,normal,0
LG-1007,2025-01-08 10:33:00,6.432014,3.459019,25.1,54.0,1,0,10,2,1,0.03823,0,normal,0
LG-1007,2025-01-08 10:33:30,6.430472,3.460698,30.3,53.9,1,0,10,2,1,0.03978,0,normal,0
LG-1007,2025-01-08 10:34:00,6.430069,3.462723,27.4,53.8,1,0,10,2,1,0.04177,0,normal,0
LG-1007,2025-01-08 10:34:30,6.43022,3.463832,14.9,53.8,1,0,10,2,1,0.04289,0,normal,0
LG-1007,2025-01-08 10:35:00,6.430551,3.466186,31.6,53.7,1,0,10,2,1,0.04526,0,normal,0
LG-1007,2025-01-08 10:35:30,6.430886,3.468924,36.6,53.6,1,0,10,2,1,0.04801,0,normal,0
LG-1007,2025-01-08 10:36:00,6.431132,3.470396,19.8,53.6,1,0,10,2,1,0.0495,0,normal,0
LG-1007,2025-01-08 10:36:30,6.431621,3.473526,42.1,53.5,1,0,10,2,1,0.05265,0,normal,0
LG-1007,2025-01-08 10:37:00,6.43196,3.475781,30.3,53.4,1,0,10,2,1,0.05492,0,normal,0
LG-1007,2025-01-08 10:37:30,6.432174,3.477266,19.9,53.4,1,0,10,2,1,0.05549,0,normal,0
LG-1007,2025-01-08 10:38:00,6.432536,3.479776,33.7,53.3,1,0,10,2,1,0.05326,0,normal,0
LG-1007,2025-01-08 10:38:30,6.43273,3.481294,20.3,53.3,1,0,10,2,1,0.05195,0,normal,0
LG-1007,2025-01-08 10:39:00,6.432892,3.48253,16.5,53.2,1,0,10,2,1,0.05088,0,normal,0
LG-1007,2025-01-08 10:39:30,6.433292,3.485122,34.8,53.1,1,0,10,2,1,0.04864,0,normal,0
LG-1007,2025-01-08 10:40:00,6.433502,3.486457,17.9,53.1,1,0,10,2,1,0.04749,0,normal,0
LG-1007,2025-01-08 10:40:30,6.433709,3.487782,17.8,53.1,1,0,10,2,1,0.04637,0,normal,0
LG-1007,2025-01-08 10:41:00,6.434053,3.490504,36.4,53.0,1,0,10,2,1,0.04416,0,normal,0
LG-1007,2025-01-08 10:41:30,6.434244,3.491717,16.3,52.9,1,0,10,2,1,0.04316,0,normal,0
LG-1007,2025-01-08 10:42:00,6.434693,3.49458,38.5,52.8,1,0,10,2,1,0.04087,0,normal,0
LG-1007,2025-01-08 10:42:30,6.43512,3.497416,38.1,52.8,1,0,10,2,1,0.03869,0,normal,0
LG-1007,2025-01-08 10:43:00,6.435326,3.49882,18.8,52.7,1,0,10,2,1,0.03765,0,normal,0
LG-1007,2025-01-08 10:43:30,6.435653,3.50105,29.9,52.6,1,0,10,2,1,0.03606,0,normal,0
LG-1007,2025-01-08 10:44:00,6.435845,3.502356,17.5,52.6,1,0,10,2,1,0.03516,0,normal,0
LG-1007,2025-01-08 10:44:30,6.4362,3.504837,33.3,52.5,1,0,10,2,1,0.03353,0,normal,0
LG-1007,2025-01-08 10:45:00,6.436381,3.506069,16.5,52.5,1,0,10,2,1,0.03275,0,normal,0
LG-1007,2025-01-08 10:45:30,6.437897,3.507621,28.9,52.4,1,0,10,2,1,0.03068,0,normal,0
LG-1007,2025-01-08 10:46:00,6.439461,3.507547,20.9,52.4,1,0,10,2,1,0.02934,0,normal,0
LG-1007,2025-01-08 10:46:30,6.442066,3.50753,34.8,52.3,1,0,10,2,1,0.02712,0,normal,0
LG-1007,2025-01-08 10:47:00,6.443428,3.507801,18.5,52.2,1,0,10,2,1,0.02583,0,normal,0
LG-1007,2025-01-08 10:47:30,6.44496,3.508145,21.0,52.2,1,0,10,2,1,0.02436,0,normal,0
LG-1007,2025-01-08 10:48:00,6.447055,3.508287,28.1,52.1,1,0,10,2,1,0.02258,0,normal,0
LG-1007,2025-01-08 10:48:30,6.449426,3.508382,31.7,52.1,1,0,10,2,1,0.02069,0,normal,0
LG-1007,2025-01-08 10:49:00,6.452666,3.508528,43.3,52.0,1,0,10,2,1,0.01827,0,normal,0
LG-1007,2025-01-08 10:49:30,6.452845,3.50967,15.3,51.9,1,0,10,2,1,0.01731,0,normal,0
LG-1007,2025-01-08 10:50:00,6.453066,3.510724,14.3,51.9,1,0,10,2,1,0.01642,0,normal,0
LG-1007,2025-01-08 10:50:30,6.453239,3.512598,25.0,51.8,1,0,10,2,1,0.01506,0,normal,0
LG-1007,2025-01-08 10:51:00,6.453425,3.514505,25.4,51.8,1,0,10,2,1,0.01379,0,normal,0
LG-1007,2025-01-08 10:51:30,6.45368,3.517557,40.6,51.7,1,0,10,2,1,0.01216,0,normal,0
LG-1007,2025-01-08 10:52:00,6.456194,3.518249,34.8,51.6,1,0,10,2,1,0.00957,0,normal,0
LG-1007,2025-01-08 10:52:30,6.459247,3.518338,40.8,51.5,1,0,10,2,1,0.00682,0,normal,0
LG-1007,2025-01-08 10:53:00,6.46067,3.51837,19.0,51.5,1,0,10,2,1,0.00565,0,normal,0
LG-1007,2025-01-08 10:53:30,6.461114,3.519946,21.8,51.4,1,0,10,2,1,0.0044,0,normal,0
LG-1007,2025-01-08 10:54:00,6.461644,3.521944,27.4,51.3,1,0,10,2,1,0.00336,0,normal,0
LG-1007,2025-01-08 10:54:30,6.463043,3.522444,19.8,51.3,1,0,10,2,1,0.00201,0,normal,0
LG-1007,2025-01-08 10:55:00,6.464158,3.523193,17.9,51.2,1,0,10,2,1,0.00146,0,normal,0
LG-1007,2025-01-08 10:55:30,6.464158,3.523193,0.0,51.2,0,1,10,2,1,0.00146,0,normal,0
LG-1007,2025-01-08 10:56:00,6.464158,3.523193,0.0,51.2,0,2,10,2,1,0.00146,0,normal,0
LG-1007,2025-01-08 10:56:30,6.464158,3.523193,0.0,51.2,0,3,10,2,1,0.00146,0,normal,0
LG-1007,2025-01-09 10:33:00,6.44889,3.359945,0.0,51.2,0,1,10,3,1,0.00095,0,normal,0
LG-1007,2025-01-09 10:33:30,6.448385,3.361164,17.5,51.2,1,0,10,3,1,0.00225,0,normal,0
LG-1007,2025-01-09 10:34:00,6.447936,3.362247,15.6,51.2,1,0,10,3,1,0.00342,0,normal,0
LG-1007,2025-01-09 10:34:30,6.447277,3.363879,23.4,51.1,1,0,10,3,1,0.00517,0,normal,0
LG-1007,2025-01-09 10:35:00,6.446885,3.364875,14.2,51.1,1,0,10,3,1,0.00624,0,normal,0
LG-1007,2025-01-09 10:35:30,6.446911,3.366379,20.0,51.0,1,0,10,3,1,0.00767,0,normal,0
LG-1007,2025-01-09 10:36:00,6.448648,3.367572,28.1,51.0,1,0,10,3,1,0.00858,0,normal,0
LG-1007,2025-01-09 10:36:30,6.449447,3.368154,13.2,50.9,1,0,10,3,1,0.00916,0,normal,0
LG-1007,2025-01-09 10:37:00,6.450513,3.367683,15.6,50.9,1,0,10,3,1,0.00881,0,normal,0
LG-1007,2025-01-09 10:37:30,6.451987,3.367132,21.0,50.9,1,0,10,3,1,0.00866,0,normal,0
LG-1007,2025-01-09 10:38:00,6.454065,3.366278,30.0,50.8,1,0,10,3,1,0.00887,0,normal,0
LG-1007,2025-01-09 10:38:30,6.455786,3.365458,25.4,50.7,1,0,10,3,1,0.00937,0,normal,0
LG-1007,2025-01-09 10:39:00,6.45674,3.365018,14.0,50.7,1,0,10,3,1,0.0098,0,normal,0
LG-1007,2025-01-09 10:39:30,6.458455,3.364443,24.1,50.6,1,0,10,3,1,0.01091,0,normal,0
LG-1007,2025-01-09 10:40:00,6.460137,3.364297,22.6,50.6,1,0,10,3,1,0.01233,0,normal,0
LG-1007,2025-01-09 10:40:30,6.461583,3.364276,19.3,50.5,1,0,10,3,1,0.01364,0,normal,0
LG-1007,2025-01-09 10:41:00,6.462649,3.364262,14.2,50.5,1,0,10,3,1,0.01463,0,normal,0
LG-1007,2025-01-09 10:41:30,6.465232,3.364133,34.6,50.4,1,0,10,3,1,0.01702,0,normal,0
LG-1007,2025-01-09 10:42:00,6.466398,3.363941,15.8,50.4,1,0,10,3,1,0.01809,0,normal,0
LG-1007,2025-01-09 10:42:30,6.467598,3.363786,16.2,50.4,1,0,10,3,1,0.0192,0,normal,0
LG-1007,2025-01-09 10:43:00,6.468707,3.363577,15.1,50.3,1,0,10,3,1,0.02023,0,normal,0
LG-1007,2025-01-09 10:43:30,6.470535,3.363184,25.0,50.3,1,0,10,3,1,0.02194,0,normal,0
LG-1007,2025-01-09 10:44:00,6.472168,3.36299,22.0,50.2,1,0,10,3,1,0.02351,0,normal,0
LG-1007,2025-01-09 10:44:30,6.473452,3.363217,17.4,50.2,1,0,10,3,1,0.02481,0,normal,0
LG-1007,2025-01-09 10:45:00,6.474927,3.363894,21.7,50.1,1,0,10,3,1,0.02478,0,normal,0
LG-1007,2025-01-09 10:45:30,6.476773,3.364787,27.4,50.1,1,0,10,3,1,0.02324,0,normal,0
LG-1007,2025-01-09 10:46:00,6.478003,3.365382,18.2,50.0,1,0,10,3,1,0.02226,0,normal,0
LG-1007,2025-01-09 10:46:30,6.480282,3.366323,32.9,49.9,1,0,10,3,1,0.02048,0,normal,0
LG-1007,2025-01-09 10:47:00,6.481681,3.366443,18.7,49.9,1,0,10,3,1,0.01927,0,normal,0
LG-1007,2025-01-09 10:47:30,6.482884,3.366253,16.3,49.9,1,0,10,3,1,0.01811,0,normal,0
LG-1007,2025-01-09 10:48:00,6.485186,3.365193,33.8,49.8,1,0,10,3,1,0.01558,0,normal,0
LG-1007,2025-01-09 10:48:30,6.487317,3.364358,30.6,49.7,1,0,10,3,1,0.0133,0,normal,0
LG-1007,2025-01-09 10:49:00,6.488703,3.363857,19.7,49.7,1,0,10,3,1,0.01185,0,normal,0
LG-1007,2025-01-09 10:49:30,6.490912,3.363071,31.3,49.6,1,0,10,3,1,0.00955,0,normal,0
LG-1007,2025-01-09 10:50:00,6.492582,3.362457,23.8,49.5,1,0,10,3,1,0.00781,0,normal,0
LG-1007,2025-01-09 10:50:30,6.493975,3.361958,19.7,49.5,1,0,10,3,1,0.0064,0,normal,0
LG-1007,2025-01-09 10:51:00,6.496286,3.361669,31.1,49.4,1,0,10,3,1,0.00456,0,normal,0
LG-1007,2025-01-09 10:51:30,6.498438,3.362047,29.2,49.3,1,0,10,3,1,0.00409,0,normal,0
LG-1007,2025-01-09 10:52:00,6.499771,3.362456,18.6,49.3,1,0,10,3,1,0.00452,0,normal,0
LG-1007,2025-01-09 10:52:30,6.501591,3.363109,25.8,49.2,1,0,10,3,1,0.00573,0,normal,0
LG-1007,2025-01-09 10:53:00,6.503022,3.363621,20.3,49.2,1,0,10,3,1,0.00691,0,normal,0
LG-1007,2025-01-09 10:53:30,6.503846,3.363916,11.7,49.2,1,0,10,3,1,0.00765,0,normal,0
LG-1007,2025-01-09 10:54:00,6.506347,3.363792,33.4,49.1,1,0,10,3,1,0.00936,0,normal,0
LG-1007,2025-01-09 10:54:30,6.508132,3.363372,24.5,49.0,1,0,10,3,1,0.0106,0,normal,0
LG-1007,2025-01-09 10:55:00,6.510032,3.363239,25.4,49.0,1,0,10,3,1,0.01007,0,normal,0
LG-1007,2025-01-09 10:55:30,6.511874,3.363784,25.6,48.9,1,0,10,3,1,0.00879,0,normal,0
LG-1007,2025-01-09 10:56:00,6.51362,3.364352,24.5,48.8,1,0,10,3,1,0.00777,0,normal,0
LG-1007,2025-01-09 10:56:30,6.514904,3.364855,18.4,48.8,1,0,10,3,1,0.00715,0,normal,0
LG-1007,2025-01-09 10:57:00,6.517312,3.365611,33.7,48.7,1,0,10,3,1,0.00679,0,normal,0
LG-1007,2025-01-09 10:57:30,6.519242,3.365344,26.0,48.7,1,0,10,3,1,0.00789,0,normal,0
LG-1007,2025-01-09 10:58:00,6.521025,3.364347,27.2,48.6,1,0,10,3,1,0.00974,0,normal,0
LG-1007,2025-01-09 10:58:30,6.522478,3.363526,22.3,48.6,1,0,10,3,1,0.0113,0,normal,0
LG-1007,2025-01-09 10:59:00,6.523592,3.362725,18.3,48.5,1,0,10,3,1,0.01264,0,normal,0
LG-1007,2025-01-09 10:59:30,6.52424,3.361984,13.1,48.5,1,0,10,3,1,0.01363,0,normal,0
LG-1007,2025-01-09 11:00:00,6.525151,3.36081,19.8,48.4,1,0,11,3,1,0.01511,0,normal,0
LG-1007,2025-01-09 11:00:30,6.525863,3.359867,15.7,48.4,1,0,11,3,1,0.01628,0,normal,0
LG-1007,2025-01-09 11:01:00,6.526422,3.357956,26.4,48.3,1,0,11,3,1,0.0181,0,normal,0
LG-1007,2025-01-09 11:01:30,6.526786,3.355575,32.0,48.3,1,0,11,3,1,0.02022,0,normal,0
LG-1007,2025-01-09 11:02:00,6.527463,3.35438,18.3,48.2,1,0,11,3,1,0.02158,0,normal,0
LG-1007,2025-01-09 11:02:30,6.528785,3.353807,19.2,48.2,1,0,11,3,1,0.02283,0,normal,0
LG-1007,2025-01-09 11:03:00,6.530744,3.35322,27.3,48.1,1,0,11,3,1,0.02451,0,normal,0
LG-1007,2025-01-09 11:03:30,6.531835,3.352906,15.1,48.1,1,0,11,3,1,0.02546,0,normal,0
LG-1007,2025-01-09 11:04:00,6.534255,3.352349,33.2,48.0,1,0,11,3,1,0.02365,0,normal,0
LG-1007,2025-01-09 11:04:30,6.535643,3.352895,19.9,47.9,1,0,11,3,1,0.02272,0,normal,0
LG-1007,2025-01-09 11:05:00,6.536521,3.353472,14.0,47.9,1,0,11,3,1,0.02229,0,normal,0
LG-1007,2025-01-09 11:05:30,6.537517,3.354103,15.7,47.9,1,0,11,3,1,0.02185,0,normal,0
LG-1007,2025-01-09 11:06:00,6.539597,3.355495,33.4,47.8,1,0,11,3,1,0.02115,0,normal,0
LG-1007,2025-01-09 11:06:30,6.540654,3.356262,17.4,47.8,1,0,11,3,1,0.02095,0,normal,0
LG-1007,2025-01-09 11:07:00,6.542467,3.357086,26.6,47.7,1,0,11,3,1,0.02039,0,normal,0
LG-1007,2025-01-09 11:07:30,6.543568,3.356794,15.2,47.7,1,0,11,3,1,0.0195,0,normal,0
LG-1007,2025-01-09 11:08:00,6.544692,3.35634,16.2,47.6,1,0,11,3,1,0.01848,0,normal,0
LG-1007,2025-01-09 11:08:30,6.546929,3.355445,32.2,47.6,1,0,11,3,1,0.01655,0,normal,0
LG-1007,2025-01-09 11:09:00,6.547981,3.355024,15.1,47.5,1,0,11,3,1,0.01568,0,normal,0
LG-1007,2025-01-09 11:09:30,6.548818,3.354677,12.1,47.5,1,0,11,3,1,0.01501,0,normal,0
LG-1007,2025-01-09 11:10:00,6.548818,3.354677,0.0,47.5,1,1,11,3,1,0.01501,0,normal,0
LG-1007,2025-01-09 11:10:30,6.548818,3.354677,0.0,47.5,1,2,11,3,1,0.01501,0,normal,0
LG-1007,2025-01-09 11:11:00,6.548818,3.354677,0.0,47.5,1,3,11,3,1,0.01501,0,normal,0
LG-1007,2025-01-09 11:11:30,6.548818,3.354677,0.0,47.5,1,4,11,3,1,0.01501,0,normal,0
LG-1007,2025-01-09 11:12:00,6.548818,3.354677,0.0,47.5,1,5,11,3,1,0.01501,0,normal,0
LG-1007,2025-01-09 11:12:30,6.548818,3.354677,0.0,47.5,1,6,11,3,1,0.01501,0,normal,0
LG-1007,2025-01-09 11:13:00,6.548818,3.354677,0.0,47.5,1,7,11,3,1,0.01501,0,normal,0
LG-1007,2025-01-09 11:13:30,6.548818,3.354677,0.0,47.5,1,8,11,3,1,0.01501,0,normal,0
LG-1007,2025-01-09 11:14:00,6.548818,3.354677,0.0,47.5,1,9,11,3,1,0.01501,0,normal,0
LG-1007,2025-01-09 11:14:30,6.548818,3.354677,0.0,47.5,1,10,11,3,1,0.01501,0,normal,0
LG-1007,2025-01-09 11:15:00,6.548818,3.354677,0.0,47.5,1,11,11,3,1,0.01501,0,normal,0
LG-1007,2025-01-09 11:15:30,6.548818,3.354677,0.0,47.5,1,12,11,3,1,0.01501,0,normal,0
LG-1007,2025-01-09 11:16:00,6.548818,3.354677,0.0,47.5,1,13,11,3,1,0.01501,0,normal,0
LG-1007,2025-01-09 11:16:30,6.550435,3.354007,23.4,47.4,1,0,11,3,1,0.01379,0,normal,0
LG-1007,2025-01-09 11:17:00,6.552637,3.3531,31.8,47.4,1,0,11,3,1,0.01233,0,normal,0
LG-1007,2025-01-09 11:17:30,6.553971,3.352549,19.3,47.3,1,0,11,3,1,0.01159,0,normal,0
LG-1007,2025-01-09 11:18:00,6.554983,3.352124,14.7,47.3,1,0,11,3,1,0.01112,0,normal,0
LG-1007,2025-01-09 11:18:30,6.557377,3.351135,34.6,47.2,1,0,11,3,1,0.01041,0,normal,0
LG-1007,2025-01-09 11:19:00,6.559298,3.350403,27.4,47.1,1,0,11,3,1,0.01034,0,normal,0
LG-1007,2025-01-09 11:19:30,6.561498,3.349552,31.5,47.1,1,0,11,3,1,0.01074,0,normal,0
LG-1007,2025-01-09 11:20:00,6.563514,3.348702,29.2,47.0,1,0,11,3,1,0.01148,0,normal,0
LG-1007,2025-01-09 11:20:30,6.565448,3.347901,27.9,46.9,1,0,11,3,1,0.01252,0,normal,0
LG-1007,2025-01-09 11:21:00,6.566883,3.347326,20.6,46.9,1,0,11,3,1,0.01346,0,normal,0
LG-1007,2025-01-09 11:21:30,6.568225,3.346804,19.2,46.8,1,0,11,3,1,0.01444,0,normal,0
LG-1007,2025-01-09 11:22:00,6.570189,3.345989,28.4,46.8,1,0,11,3,1,0.01599,0,normal,0
LG-1007,2025-01-09 11:22:30,6.572159,3.34519,28.4,46.7,1,0,11,3,1,0.01766,0,normal,0
LG-1007,2025-01-09 11:23:00,6.574508,3.344237,33.8,46.6,1,0,11,3,1,0.01977,0,normal,0
LG-1007,2025-01-09 11:23:30,6.576239,3.343536,24.9,46.6,1,0,11,3,1,0.02139,0,normal,0
LG-1007,2025-01-09 11:24:00,6.577525,3.343013,18.5,46.5,1,0,11,3,1,0.02261,0,normal,0
LG-1007,2025-01-09 11:24:30,6.579127,3.342362,23.1,46.5,1,0,11,3,1,0.02236,0,normal,0
LG-1007,2025-01-09 11:25:00,6.580922,3.34161,26.0,46.4,1,0,11,3,1,0.02079,0,normal,0
LG-1007,2025-01-09 11:25:30,6.582434,3.341032,21.6,46.4,1,0,11,3,1,0.0195,0,normal,0
LG-1007,2025-01-09 11:26:00,6.584518,3.340169,30.1,46.3,1,0,11,3,1,0.01784,0,normal,0
LG-1007,2025-01-09 11:26:30,6.586277,3.339461,25.3,46.2,1,0,11,3,1,0.01654,0,normal,0
LG-1007,2025-01-09 11:27:00,6.587105,3.339135,11.9,46.2,1,0,11,3,1,0.01597,0,normal,0
LG-1007,2025-01-09 11:27:30,6.588835,3.338428,24.9,46.1,1,0,11,3,1,0.01488,0,normal,0
LG-1007,2025-01-09 11:28:00,6.590679,3.337707,26.4,46.1,1,0,11,3,1,0.01389,0,normal,0
LG-1007,2025-01-09 11:28:30,6.592968,3.336768,33.0,46.0,1,0,11,3,1,0.01301,0,normal,0
LG-1007,2025-01-09 11:29:00,6.594443,3.336158,21.3,46.0,1,0,11,3,1,0.01267,0,normal,0
LG-1007,2025-01-09 11:29:30,6.595825,3.33632,18.6,45.9,1,0,11,3,1,0.01187,0,normal,0
LG-1007,2025-01-09 11:30:00,6.595949,3.338015,22.6,45.9,1,0,11,3,1,0.01031,0,normal,0
LG-1007,2025-01-09 11:30:30,6.596275,3.339766,23.6,45.8,1,0,11,3,1,0.00864,0,normal,0
LG-1007,2025-01-09 11:31:00,6.596797,3.340608,13.2,45.8,1,0,11,3,1,0.00765,0,normal,0
LG-1007,2025-01-09 11:31:30,6.598197,3.342522,31.5,45.7,1,0,11,3,1,0.00528,0,normal,0
LG-1007,2025-01-09 11:32:00,6.600416,3.343576,32.8,45.6,1,0,11,3,1,0.00347,0,normal,0
LG-1007,2025-01-09 11:32:30,6.601754,3.344407,21.0,45.6,1,0,11,3,1,0.0027,0,normal,0
LG-1007,2025-01-10 12:24:00,6.514132,3.371861,0.0,45.6,0,1,12,4,1,0.00088,0,normal,0
LG-1007,2025-01-10 12:24:30,6.514046,3.3713,7.5,45.6,1,0,12,4,1,0.00118,0,normal,0
LG-1007,2025-01-10 12:25:00,6.513815,3.370653,9.1,45.5,1,0,12,4,1,0.00179,0,normal,0
LG-1007,2025-01-10 12:25:30,6.513004,3.370593,10.9,45.5,1,0,12,4,1,0.00244,0,normal,0
LG-1007,2025-01-10 12:26:00,6.512499,3.370463,7.0,45.5,1,0,12,4,1,0.00294,0,normal,0
LG-1007,2025-01-10 12:26:30,6.511867,3.370557,8.5,45.5,1,0,12,4,1,0.00345,0,normal,0
LG-1007,2025-01-10 12:27:00,6.510988,3.370949,12.8,45.4,1,0,12,4,1,0.00415,0,normal,0
LG-1007,2025-01-10 12:27:30,6.510257,3.371267,10.6,45.4,1,0,12,4,1,0.0048,0,normal,0
LG-1007,2025-01-10 12:28:00,6.50988,3.371429,5.5,45.4,1,0,12,4,1,0.00515,0,normal,0
LG-1007,2025-01-10 12:28:30,6.509256,3.371699,9.1,45.4,1,0,12,4,1,0.00575,0,normal,0
LG-1007,2025-01-10 12:29:00,6.50873,3.371954,7.8,45.4,1,0,12,4,1,0.00627,0,normal,0
LG-1007,2025-01-10 12:29:30,6.508037,3.372395,11.0,45.3,1,0,12,4,1,0.00697,0,normal,0
LG-1007,2025-01-10 12:30:00,6.507301,3.372718,10.7,45.3,1,0,12,4,1,0.00773,0,normal,0
LG-1007,2025-01-10 12:30:30,6.506961,3.372858,4.9,45.3,1,0,12,4,1,0.00808,0,normal,0
LG-1007,2025-01-10 12:31:00,6.506222,3.373161,10.7,45.3,1,0,12,4,1,0.00885,0,normal,0
LG-1007,2025-01-10 12:31:30,6.505399,3.373501,11.9,45.3,1,0,12,4,1,0.00972,0,normal,0
LG-1007,2025-01-10 12:32:00,6.504551,3.373843,12.2,45.2,1,0,12,4,1,0.01061,0,normal,0
LG-1007,2025-01-10 12:32:30,6.504176,3.373993,5.4,45.2,1,0,12,4,1,0.01101,0,normal,0
LG-1007,2025-01-10 12:33:00,6.50364,3.374214,7.7,45.2,1,0,12,4,1,0.01157,0,normal,0
LG-1007,2025-01-10 12:33:30,6.503025,3.374465,8.9,45.2,1,0,12,4,1,0.01223,0,normal,0
LG-1007,2025-01-10 12:34:00,6.502572,3.374651,6.5,45.2,1,0,12,4,1,0.01271,0,normal,0
LG-1007,2025-01-10 12:34:30,6.501956,3.374898,8.9,45.1,1,0,12,4,1,0.01336,0,normal,0
LG-1007,2025-01-10 12:35:00,6.501574,3.375052,5.5,45.1,1,0,12,4,1,0.01377,0,normal,0
LG-1007,2025-01-10 12:35:30,6.501574,3.375052,0.0,45.1,1,1,12,4,1,0.01377,0,normal,0
LG-1007,2025-01-10 12:36:00,6.501574,3.375052,0.0,45.1,1,2,12,4,1,0.01377,0,normal,0
LG-1007,2025-01-10 12:36:30,6.501574,3.375052,0.0,45.1,1,3,12,4,1,0.01377,0,normal,0
LG-1007,2025-01-10 12:37:00,6.501574,3.375052,0.0,45.1,1,4,12,4,1,0.01377,0,normal,0
LG-1007,2025-01-10 12:37:30,6.501574,3.375052,0.0,45.1,1,5,12,4,1,0.01377,0,normal,0
LG-1007,2025-01-10 12:38:00,6.501574,3.375052,0.0,45.1,1,6,12,4,1,0.01377,0,normal,0
LG-1007,2025-01-10 12:38:30,6.501574,3.375052,0.0,45.1,1,7,12,4,1,0.01377,0,normal,0
LG-1007,2025-01-10 12:39:00,6.501574,3.375052,0.0,45.1,1,8,12,4,1,0.01377,0,normal,0
LG-1007,2025-01-10 12:39:30,6.501164,3.375217,5.9,45.1,1,0,12,4,1,0.01421,0,normal,0
LG-1007,2025-01-10 12:40:00,6.500383,3.375534,11.2,45.1,1,0,12,4,1,0.01504,0,normal,0
LG-1007,2025-01-10 12:40:30,6.499875,3.375744,7.3,45.1,1,0,12,4,1,0.01558,0,normal,0
LG-1007,2025-01-10 12:41:00,6.499066,3.376074,11.7,45.0,1,0,12,4,1,0.01645,0,normal,0
LG-1007,2025-01-10 12:41:30,6.4987,3.376223,5.3,45.0,1,0,12,4,1,0.01684,0,normal,0
LG-1007,2025-01-10 12:42:00,6.497986,3.376502,10.2,45.0,1,0,12,4,1,0.0176,0,normal,0
LG-1007,2025-01-10 12:42:30,6.497392,3.376747,8.6,45.0,1,0,12,4,1,0.01824,0,normal,0
LG-1007,2025-01-10 12:43:00,6.496523,3.377093,12.5,45.0,1,0,12,4,1,0.01917,0,normal,0
LG-1007,2025-01-10 12:43:30,6.495665,3.377439,12.4,44.9,1,0,12,4,1,0.01972,0,normal,0
LG-1007,2025-01-10 12:44:00,6.495081,3.377678,8.4,44.9,1,0,12,4,1,0.02006,0,normal,0
LG-1007,2025-01-10 12:44:30,6.49433,3.377982,10.8,44.9,1,0,12,4,1,0.02052,0,normal,0
LG-1007,2025-01-10 12:45:00,6.493842,3.378175,7.0,44.9,1,0,12,4,1,0.02082,0,normal,0
LG-1007,2025-01-10 12:45:30,6.49312,3.378468,10.4,44.8,1,0,12,4,1,0.0213,0,normal,0
LG-1007,2025-01-10 12:46:00,6.492732,3.378626,5.6,44.8,1,0,12,4,1,0.02156,0,normal,0
LG-1007,2025-01-10 12:46:30,6.492109,3.378883,9.0,44.8,1,0,12,4,1,0.02199,0,normal,0
LG-1007,2025-01-10 12:47:00,6.491652,3.379066,6.6,44.8,1,0,12,4,1,0.02231,0,normal,0
LG-1007,2025-01-10 12:47:30,6.49073,3.379445,13.3,44.8,1,0,12,4,1,0.02298,0,normal,0
LG-1007,2025-01-10 12:48:00,6.490095,3.379689,9.1,44.7,1,0,12,4,1,0.02345,0,normal,0
LG-1007,2025-01-10 12:48:30,6.489375,3.380006,10.5,44.7,1,0,12,4,1,0.02402,0,normal,0
LG-1007,2025-01-10 12:49:00,6.488799,3.380237,8.3,44.7,1,0,12,4,1,0.02446,0,normal,0
LG-1007,2025-01-10 12:49:30,6.488267,3.380436,7.6,44.7,1,0,12,4,1,0.02487,0,normal,0
LG-1007,2025-01-10 12:50:00,6.487789,3.380603,6.8,44.7,1,0,12,4,1,0.02523,0,normal,0
LG-1007,2025-01-10 12:50:30,6.486845,3.380984,13.6,44.6,1,0,12,4,1,0.026,0,normal,0
LG-1007,2025-01-10 12:51:00,6.485994,3.381376,12.5,44.6,1,0,12,4,1,0.02675,0,normal,0
LG-1007,2025-01-10 12:51:30,6.485994,3.381376,0.2,44.6,1,97,12,4,1,0.02675,1,excessive_idle,0
LG-1007,2025-01-10 12:52:00,6.485994,3.381376,1.1,44.6,1,201,12,4,1,0.02675,1,excessive_idle,0
LG-1007,2025-01-10 12:52:30,6.485994,3.381376,0.8,51.7,0,202,12,4,1,0.02675,1,excessive_idle,1
LG-1007,2025-01-10 12:53:00,6.485994,3.381376,0.3,59.2,0,238,12,4,1,0.02675,1,excessive_idle,1
LG-1007,2025-01-10 12:53:30,6.485994,3.381376,1.3,67.2,0,239,12,4,1,0.02675,1,excessive_idle,1
LG-1007,2025-01-10 12:54:00,6.485994,3.381376,1.2,76.8,0,240,12,4,1,0.02675,1,excessive_idle,1
LG-1007,2025-01-10 12:54:30,6.485994,3.381376,0.5,87.3,0,240,12,4,1,0.02675,1,excessive_idle,1
LG-1007,2025-01-10 12:55:00,6.485994,3.381376,0.8,92.8,0,240,12,4,1,0.02675,1,excessive_idle,1
LG-1007,2025-01-10 12:55:30,6.485994,3.381376,0.9,92.8,0,240,12,4,1,0.02675,1,excessive_idle,1
LG-1007,2025-01-10 12:56:00,6.485994,3.381376,0.6,92.8,0,240,12,4,1,0.02675,1,excessive_idle,1
LG-1007,2025-01-10 12:56:30,6.485994,3.381376,0.6,92.8,1,240,12,4,1,0.02675,1,excessive_idle,0
LG-1007,2025-01-10 12:57:00,6.485994,3.381376,0.3,92.8,1,240,12,4,1,0.02675,1,excessive_idle,0
LG-1007,2025-01-10 12:57:30,6.485994,3.381376,0.6,92.8,1,240,12,4,1,0.02675,1,excessive_idle,0
LG-1007,2025-01-10 12:58:00,6.485994,3.381376,0.0,92.8,1,240,12,4,1,0.02675,1,excessive_idle,0
LG-1007,2025-01-10 12:58:30,6.485994,3.381376,0.3,92.8,1,240,12,4,1,0.02675,1,excessive_idle,0
LG-1007,2025-01-10 12:59:00,6.485148,3.381725,12.2,92.8,1,0,12,4,1,0.02747,0,normal,0
LG-1007,2025-01-10 12:59:30,6.48424,3.38215,13.4,92.7,1,0,12,4,1,0.0283,0,normal,0
LG-1007,2025-01-10 13:00:00,6.483551,3.382455,10.1,92.7,1,0,13,4,1,0.02893,0,normal,0
LG-1007,2025-01-10 13:00:30,6.483152,3.382632,5.8,92.7,1,0,13,4,1,0.02929,0,normal,0
LG-1007,2025-01-10 13:01:00,6.48247,3.382935,10.0,92.7,1,0,13,4,1,0.02992,0,normal,0
LG-1007,2025-01-10 13:01:30,6.481577,3.383332,13.0,92.6,1,0,13,4,1,0.02903,0,normal,0
LG-1007,2025-01-10 13:02:00,6.480708,3.383551,12.0,92.6,1,0,13,4,1,0.02814,0,normal,0
LG-1007,2025-01-10 13:02:30,6.480143,3.383479,7.6,92.6,1,0,13,4,1,0.02766,0,normal,0
LG-1007,2025-01-10 13:03:00,6.479746,3.38327,6.0,92.6,1,0,13,4,1,0.02739,0,normal,0
LG-1007,2025-01-10 13:03:30,6.478855,3.382795,13.5,92.6,1,0,13,4,1,0.0268,0,normal,0
LG-1007,2025-01-10 13:04:00,6.477993,3.382336,13.0,92.5,1,0,13,4,1,0.02625,0,normal,0
LG-1007,2025-01-10 13:04:30,6.477641,3.382148,5.3,92.5,1,0,13,4,1,0.02603,0,normal,0
LG-1007,2025-01-10 13:05:00,6.476775,3.381753,12.7,92.5,1,0,13,4,1,0.02549,0,normal,0
LG-1007,2025-01-10 13:05:30,6.476354,3.381666,5.7,92.5,1,0,13,4,1,0.02517,0,normal,0
LG-1007,2025-01-10 13:06:00,6.475949,3.381687,5.4,92.5,1,0,13,4,1,0.02482,0,normal,0
LG-1007,2025-01-10 13:06:30,6.475067,3.381894,12.1,92.4,1,0,13,4,1,0.02397,0,normal,0
LG-1007,2025-01-10 13:07:00,6.474333,3.382033,10.0,92.4,1,0,13,4,1,0.02328,0,normal,0
LG-1007,2025-01-10 13:07:30,6.473687,3.382167,8.8,92.4,1,0,13,4,1,0.02267,0,normal,0
LG-1007,2025-01-10 13:08:00,6.472692,3.382352,13.5,92.4,1,0,13,4,1,0.02175,0,normal,0
LG-1007,2025-01-10 13:08:30,6.471741,3.382521,12.9,92.3,1,0,13,4,1,0.02088,0,normal,0
LG-1007,2025-01-10 13:09:00,6.47135,3.382614,5.4,92.3,1,0,13,4,1,0.02051,0,normal,0
LG-1007,2025-01-10 13:09:30,6.470596,3.382892,10.7,92.3,1,0,13,4,1,0.01974,0,normal,0
LG-1007,2025-01-10 13:10:00,6.469708,3.382992,11.9,92.3,1,0,13,4,1,0.01899,0,normal,0
LG-1007,2025-01-10 13:10:30,6.469328,3.38236,9.8,92.2,1,0,13,4,1,0.01911,0,normal,0
LG-1007,2025-01-10 13:11:00,6.468911,3.3814,13.9,92.2,1,0,13,4,1,0.01945,0,normal,0
LG-1007,2025-01-10 13:11:30,6.468342,3.381762,9.0,92.2,1,0,13,4,1,0.0188,0,normal,0
LG-1007,2025-01-10 13:12:00,6.468538,3.382125,5.5,92.2,1,0,13,4,1,0.01868,0,normal,0
LG-1007,2025-01-10 13:12:30,6.468961,3.382398,6.7,92.2,1,0,13,4,1,0.01881,0,normal,0
LG-1007,2025-01-10 13:13:00,6.469214,3.383271,12.1,92.1,1,0,13,4,1,0.01843,0,normal,0
LG-1007,2025-01-10 13:13:30,6.468498,3.384021,13.8,92.1,1,0,13,4,1,0.0174,0,normal,0
LG-1007,2025-01-10 13:14:00,6.46812,3.384229,5.8,92.1,1,0,13,4,1,0.01698,0,normal,0
LG-1007,2025-01-10 13:14:30,6.467734,3.384424,5.8,92.1,1,0,13,4,1,0.01655,0,normal,0
LG-1007,2025-01-10 13:15:00,6.466922,3.384836,12.2,92.0,1,0,13,4,1,0.01567,0,normal,0
LG-1007,2025-01-10 13:15:30,6.466559,3.38502,5.4,92.0,1,0,13,4,1,0.01527,0,normal,0
LG-1007,2025-01-10 13:16:00,6.466193,3.385206,5.5,92.0,1,0,13,4,1,0.01487,0,normal,0
LG-1007,2025-01-10 13:16:30,6.465281,3.38562,13.4,92.0,1,0,13,4,1,0.01392,0,normal,0
LG-1007,2025-01-10 13:17:00,6.464408,3.385961,12.5,92.0,1,0,13,4,1,0.01305,0,normal,0
LG-1007,2025-01-10 13:17:30,6.463474,3.386308,13.3,91.9,1,0,13,4,1,0.01214,0,normal,0
LG-1007,2025-01-10 13:18:00,6.462696,3.386594,11.1,91.9,1,0,13,4,1,0.0114,0,normal,0
LG-1007,2025-01-10 13:18:30,6.462137,3.386792,7.9,91.9,1,0,13,4,1,0.01088,0,normal,0
LG-1007,2025-01-10 13:19:00,6.461154,3.387008,13.4,91.8,1,0,13,4,1,0.01009,0,normal,0
LG-1007,2025-01-10 13:19:30,6.460581,3.386964,7.7,91.8,1,0,13,4,1,0.00978,0,normal,0
LG-1007,2025-01-10 13:20:00,6.460024,3.386912,7.5,91.8,1,0,13,4,1,0.00952,0,normal,0
LG-1007,2025-01-10 13:20:30,6.459099,3.386619,12.9,91.8,1,0,13,4,1,0.00933,0,normal,0
LG-1007,2025-01-10 13:21:00,6.458323,3.38654,10.4,91.8,1,0,13,4,1,0.00909,0,normal,0
LG-1007,2025-01-10 13:21:30,6.458288,3.387545,13.4,91.7,1,0,13,4,1,0.00815,0,normal,0
LG-1007,2025-01-10 13:22:00,6.458732,3.387624,6.0,91.7,1,0,13,4,1,0.00827,0,normal,0
LG-1007,2025-01-10 13:22:30,6.458691,3.38862,13.2,91.7,1,0,13,4,1,0.00737,0,normal,0
LG-1007,2025-01-10 13:23:00,6.458824,3.389411,10.7,91.7,1,0,13,4,1,0.00677,0,normal,0
LG-1007,2025-01-10 13:23:30,6.458913,3.390245,11.1,91.6,1,0,13,4,1,0.00616,0,normal,0
LG-1007,2025-01-11 16:29:00,6.599325,3.345913,0.0,91.6,0,1,16,5,0,0.002,0,normal,0
LG-1007,2025-01-11 16:29:30,6.596374,3.345946,39.4,91.5,1,0,16,5,0,0.00474,0,normal,0
LG-1007,2025-01-11 16:30:00,6.593936,3.345942,32.6,91.5,1,0,16,5,0,0.00714,0,normal,0
LG-1007,2025-01-11 16:30:30,6.593727,3.345103,11.5,91.4,1,0,16,5,0,0.00752,0,normal,0
LG-1007,2025-01-11 16:31:00,6.593715,3.343753,17.9,91.4,1,0,16,5,0,0.00798,0,normal,0
LG-1007,2025-01-11 16:31:30,6.5918,3.341445,39.9,91.3,1,0,16,5,0,0.01075,0,normal,0
LG-1007,2025-01-11 16:32:00,6.590699,3.338548,41.2,91.2,1,0,16,5,0,0.01332,0,normal,0
LG-1007,2025-01-11 16:32:30,6.591021,3.33664,25.7,91.1,1,0,16,5,0,0.01438,0,normal,0
LG-1007,2025-01-11 16:33:00,6.590751,3.337488,11.8,91.1,1,0,16,5,0,0.01398,0,normal,0
LG-1007,2025-01-11 16:33:30,6.58903,3.338201,24.9,91.1,1,0,16,5,0,0.01486,0,normal,0
LG-1007,2025-01-11 16:34:00,6.586543,3.339137,35.5,91.0,1,0,16,5,0,0.01646,0,normal,0
LG-1007,2025-01-11 16:34:30,6.584105,3.340164,35.3,90.9,1,0,16,5,0,0.01823,0,normal,0
LG-1007,2025-01-11 16:35:00,6.582956,3.340625,16.5,90.9,1,0,16,5,0,0.01914,0,normal,0
LG-1007,2025-01-11 16:35:30,6.580788,3.341511,31.3,90.8,1,0,16,5,0,0.02094,0,normal,0
LG-1007,2025-01-11 16:36:00,6.579521,3.342001,18.1,90.7,1,0,16,5,0,0.02205,0,normal,0
LG-1007,2025-01-11 16:36:30,6.577579,3.342796,28.0,90.7,1,0,16,5,0,0.02265,0,normal,0
LG-1007,2025-01-11 16:37:00,6.576126,3.343369,20.9,90.6,1,0,16,5,0,0.02126,0,normal,0
LG-1007,2025-01-11 16:37:30,6.57505,3.343826,15.6,90.6,1,0,16,5,0,0.02025,0,normal,0
LG-1007,2025-01-11 16:38:00,6.573919,3.344297,16.4,90.6,1,0,16,5,0,0.0192,0,normal,0
LG-1007,2025-01-11 16:38:30,6.571152,3.345398,39.8,90.5,1,0,16,5,0,0.01674,0,normal,0
LG-1007,2025-01-11 16:39:00,6.568725,3.346409,35.1,90.4,1,0,16,5,0,0.01475,0,normal,0
LG-1007,2025-01-11 16:39:30,6.565913,3.347524,40.4,90.3,1,0,16,5,0,0.01271,0,normal,0
LG-1007,2025-01-11 16:40:00,6.564013,3.348291,27.3,90.2,1,0,16,5,0,0.01159,0,normal,0
LG-1007,2025-01-11 16:40:30,6.562233,3.349036,25.7,90.2,1,0,16,5,0,0.01081,0,normal,0
LG-1007,2025-01-11 16:41:00,6.560547,3.349702,24.2,90.1,1,0,16,5,0,0.01032,0,normal,0
LG-1007,2025-01-11 16:41:30,6.558374,3.350618,31.5,90.0,1,0,16,5,0,0.01019,0,normal,0
LG-1007,2025-01-11 16:42:00,6.55672,3.351325,24.0,90.0,1,0,16,5,0,0.01047,0,normal,0
LG-1007,2025-01-11 16:42:30,6.554284,3.35232,35.1,89.9,1,0,16,5,0,0.01134,0,normal,0
LG-1007,2025-01-11 16:43:00,6.551743,3.353369,36.7,89.8,1,0,16,5,0,0.01279,0,normal,0
LG-1007,2025-01-11 16:43:30,6.549049,3.354462,38.8,89.7,1,0,16,5,0,0.01472,0,normal,0
LG-1007,2025-01-11 16:44:00,6.547599,3.35506,20.9,89.7,1,0,16,5,0,0.01589,0,normal,0
LG-1007,2025-01-11 16:44:30,6.545591,3.355882,29.0,89.6,1,0,16,5,0,0.01761,0,normal,0
LG-1007,2025-01-11 16:45:00,6.544173,3.356452,20.4,89.6,1,0,16,5,0,0.01887,0,normal,0
LG-1007,2025-01-11 16:45:30,6.543121,3.356877,15.1,89.5,1,0,16,5,0,0.01983,0,normal,0
LG-1007,2025-01-11 16:46:00,6.540781,3.356245,32.4,89.4,1,0,16,5,0,0.02085,0,normal,0
LG-1007,2025-01-11 16:46:30,6.538979,3.354957,29.5,89.4,1,0,16,5,0,0.02125,0,normal,0
LG-1007,2025-01-11 16:47:00,6.536803,3.353561,34.5,89.3,1,0,16,5,0,0.02211,0,normal,0
LG-1007,2025-01-11 16:47:30,6.535754,3.352897,16.6,89.3,1,0,16,5,0,0.02263,0,normal,0
LG-1007,2025-01-11 16:48:00,6.532775,3.352544,40.1,89.2,1,0,16,5,0,0.02504,0,normal,0
LG-1007,2025-01-11 16:48:30,6.529746,3.353435,42.1,89.1,1,0,16,5,0,0.02371,0,normal,0
LG-1007,2025-01-11 16:49:00,6.527813,3.354078,27.2,89.0,1,0,16,5,0,0.02203,0,normal,0
LG-1007,2025-01-11 16:49:30,6.526548,3.356519,36.5,88.9,1,0,16,5,0,0.01931,0,normal,0
LG-1007,2025-01-11 16:50:00,6.526548,3.356519,0.0,88.9,1,1,16,5,0,0.01931,0,normal,0
LG-1007,2025-01-11 16:50:30,6.526548,3.356519,0.0,88.9,1,2,16,5,0,0.01931,0,normal,0
LG-1007,2025-01-11 16:51:00,6.526548,3.356519,0.0,88.9,1,3,16,5,0,0.01931,0,normal,0
LG-1007,2025-01-11 16:51:30,6.526548,3.356519,0.0,88.9,1,4,16,5,0,0.01931,0,normal,0
LG-1007,2025-01-11 16:52:00,6.526548,3.356519,0.0,88.9,1,5,16,5,0,0.01931,0,normal,0
LG-1007,2025-01-11 16:52:30,6.526548,3.356519,0.0,88.9,1,6,16,5,0,0.01931,0,normal,0
LG-1007,2025-01-11 16:53:00,6.526336,3.358075,20.8,88.9,1,0,16,5,0,0.01796,0,normal,0
LG-1007,2025-01-11 16:53:30,6.525347,3.360423,33.8,88.8,1,0,16,5,0,0.01553,0,normal,0
LG-1007,2025-01-11 16:54:00,6.523526,3.362694,38.7,88.7,1,0,16,5,0,0.01262,0,normal,0
LG-1007,2025-01-11 16:54:30,6.521187,3.364178,36.9,88.6,1,0,16,5,0,0.00997,0,normal,0
LG-1007,2025-01-11 16:55:00,6.5187,3.365334,36.6,88.5,1,0,16,5,0,0.00762,0,normal,0
LG-1007,2025-01-11 16:55:30,6.516688,3.365146,27.0,88.5,1,0,16,5,0,0.00706,0,normal,0
LG-1007,2025-01-11 16:56:00,6.514035,3.364297,37.2,88.4,1,0,16,5,0,0.00776,0,normal,0
LG-1007,2025-01-11 16:56:30,6.511627,3.363575,33.6,88.3,1,0,16,5,0,0.00908,0,normal,0
LG-1007,2025-01-11 16:57:00,6.510352,3.363176,17.8,88.3,1,0,16,5,0,0.00997,0,normal,0
LG-1007,2025-01-11 16:57:30,6.509065,3.363087,17.2,88.2,1,0,16,5,0,0.01071,0,normal,0
LG-1007,2025-01-11 16:58:00,6.50644,3.363656,35.9,88.1,1,0,16,5,0,0.00935,0,normal,0
LG-1007,2025-01-11 16:58:30,6.50411,3.363914,31.3,88.1,1,0,16,5,0,0.00782,0,normal,0
LG-1007,2025-01-11 16:59:00,6.502093,3.363162,28.7,88.0,1,0,16,5,0,0.00602,0,normal,0
LG-1007,2025-01-11 16:59:30,6.499295,3.362158,39.7,87.9,1,0,16,5,0,0.00417,0,normal,0
LG-1007,2025-01-11 17:00:00,6.496911,3.361608,32.7,87.8,1,0,17,5,0,0.00417,0,normal,0
LG-1007,2025-01-11 17:00:30,6.495025,3.361596,25.2,87.8,1,0,17,5,0,0.00536,0,normal,0
LG-1007,2025-01-11 17:01:00,6.493169,3.362109,25.7,87.7,1,0,17,5,0,0.00713,0,normal,0
LG-1007,2025-01-11 17:01:30,6.490977,3.362914,31.2,87.6,1,0,17,5,0,0.00941,0,normal,0
LG-1007,2025-01-11 17:02:00,6.488468,3.363804,35.5,87.5,1,0,17,5,0,0.01203,0,normal,0
LG-1007,2025-01-11 17:02:30,6.486357,3.36458,30.0,87.5,1,0,17,5,0,0.01425,0,normal,0
LG-1007,2025-01-11 17:03:00,6.48439,3.365397,28.4,87.4,1,0,17,5,0,0.01638,0,normal,0
LG-1007,2025-01-11 17:03:30,6.482286,3.366892,34.4,87.3,1,0,17,5,0,0.01893,0,normal,0
LG-1007,2025-01-11 17:04:00,6.480649,3.368839,33.9,87.2,1,0,17,5,0,0.02131,0,normal,0
LG-1007,2025-01-11 17:04:30,6.478928,3.371061,37.4,87.2,1,0,17,5,0,0.02395,0,normal,0
LG-1007,2025-01-11 17:05:00,6.478195,3.371996,15.8,87.1,1,0,17,5,0,0.02507,0,normal,0
LG-1007,2025-01-11 17:05:30,6.476567,3.374089,35.3,87.0,1,0,17,5,0,0.02761,0,normal,0
LG-1007,2025-01-11 17:06:00,6.475043,3.375582,28.4,87.0,1,0,17,5,0,0.02791,0,normal,0
LG-1007,2025-01-11 17:06:30,6.473987,3.376177,16.2,86.9,1,0,17,5,0,0.02674,0,normal,0
LG-1007,2025-01-11 17:07:00,6.471638,3.376998,33.2,86.9,1,0,17,5,0,0.02451,0,normal,0
LG-1007,2025-01-11 17:07:30,6.469186,3.377771,34.3,86.8,1,0,17,5,0,0.02232,0,normal,0
LG-1007,2025-01-11 17:08:00,6.467141,3.378471,28.9,86.7,1,0,17,5,0,0.02051,0,normal,0
LG-1007,2025-01-11 17:08:30,6.464805,3.379882,36.4,86.6,1,0,17,5,0,0.01802,0,normal,0
LG-1007,2025-01-11 17:09:00,6.463382,3.380796,22.5,86.6,1,0,17,5,0,0.01649,0,normal,0
LG-1007,2025-01-11 17:09:30,6.462135,3.381597,19.8,86.5,1,0,17,5,0,0.01518,0,normal,0
LG-1007,2025-01-11 17:10:00,6.460536,3.382394,23.8,86.5,1,0,17,5,0,0.01377,0,normal,0
LG-1007,2025-01-11 17:10:30,6.458652,3.382729,25.5,86.4,1,0,17,5,0,0.0128,0,normal,0
LG-1007,2025-01-11 17:11:00,6.456234,3.382037,33.6,86.3,1,0,17,5,0,0.01302,0,normal,0
LG-1007,2025-01-11 17:11:30,6.453658,3.382855,36.1,86.3,1,0,17,5,0,0.01222,0,normal,0
LG-1007,2025-01-11 17:12:00,6.452334,3.385053,34.1,86.2,1,0,17,5,0,0.0103,0,normal,0
LG-1007,2025-01-11 17:12:30,6.451669,3.386312,18.9,86.1,1,0,17,5,0,0.0093,0,normal,0
LG-1007,2025-01-11 17:13:00,6.4508,3.387922,24.3,86.1,1,0,17,5,0,0.00823,0,normal,0
LG-1007,2025-01-11 17:13:30,6.450106,3.389127,18.5,86.0,1,0,17,5,0,0.00764,0,normal,0
LG-1007,2025-01-11 17:14:00,6.448803,3.391269,33.3,86.0,1,0,17,5,0,0.00723,0,normal,0
LG-1007,2025-01-11 17:14:30,6.447945,3.392596,21.0,85.9,1,0,17,5,0,0.00745,0,normal,0
LG-1007,2025-01-11 17:15:00,6.446714,3.394379,28.8,85.8,1,0,17,5,0,0.00831,0,normal,0
LG-1007,2025-01-11 17:15:30,6.445178,3.396635,36.3,85.8,1,0,17,5,0,0.00996,0,normal,0
LG-1007,2025-01-11 17:16:00,6.443752,3.398656,32.9,85.7,1,0,17,5,0,0.01183,0,normal,0
LG-1007,2025-01-11 17:16:30,6.442669,3.399945,22.4,85.6,1,0,17,5,0,0.01329,0,normal,0
LG-1007,2025-01-11 17:17:00,6.441568,3.401299,23.2,85.6,1,0,17,5,0,0.01484,0,normal,0
LG-1007,2025-01-11 17:17:30,6.440457,3.403459,32.3,85.5,1,0,17,5,0,0.01682,0,normal,0
LG-1007,2025-01-11 17:18:00,6.439265,3.405327,29.5,85.4,1,0,17,5,0,0.01882,0,normal,0
LG-1007,2025-01-11 17:18:30,6.438555,3.406368,16.8,85.4,1,0,17,5,0,0.01804,0,normal,0
LG-1007,2025-01-11 17:19:00,6.436375,3.408183,37.8,85.3,1,0,17,5,0,0.01531,0,normal,0
LG-1007,2025-01-11 17:19:30,6.434311,3.408722,28.5,85.2,1,0,17,5,0,0.01381,0,normal,0
LG-1007,2025-01-11 17:20:00,6.432258,3.408812,27.4,85.2,1,0,17,5,0,0.01291,0,normal,0
LG-1007,2025-01-11 17:20:30,6.430782,3.408799,19.7,85.1,1,0,17,5,0,0.01251,0,normal,0
LG-1007,2025-01-11 17:21:00,6.429922,3.409785,17.4,85.1,1,0,17,5,0,0.01138,0,normal,0
LG-1007,2025-01-11 17:21:30,6.430228,3.411508,23.2,85.0,1,0,17,5,0,0.00975,0,normal,0
LG-1007,2025-01-11 17:22:00,6.430537,3.413101,21.5,85.0,1,0,17,5,0,0.0083,0,normal,0
LG-1007,2025-01-11 17:22:30,6.430559,3.415356,29.9,84.9,1,0,17,5,0,0.0062,0,normal,0
LG-1007,2025-01-11 17:23:00,6.430407,3.417379,26.9,84.8,1,0,17,5,0,0.00435,0,normal,0
LG-1007,2025-01-11 17:23:30,6.429733,3.420235,39.0,84.8,1,0,17,5,0,0.00189,0,normal,0
LG-1007,2025-01-11 17:24:00,6.427811,3.421025,27.7,84.7,1,0,17,5,0,0.00019,0,normal,0
LG-1007,2025-01-11 17:24:30,6.427811,3.421001,0.3,84.7,0,1,17,5,0,0.00019,0,normal,0
LG-1007,2025-01-11 17:25:00,6.427811,3.421001,0.0,84.7,0,2,17,5,0,0.00019,0,normal,0
LG-1007,2025-01-11 17:25:30,6.427811,3.421001,0.0,84.7,0,3,17,5,0,0.00019,0,normal,0
LG-1007,2025-01-11 17:26:00,6.427811,3.421001,0.0,84.7,0,4,17,5,0,0.00019,0,normal,0
LG-1007,2025-01-11 17:26:30,6.427811,3.421001,0.0,84.7,0,5,17,5,0,0.00019,0,normal,0
LG-1007,2025-01-11 17:27:00,6.427811,3.421001,0.0,84.7,0,6,17,5,0,0.00019,0,normal,0
LG-1007,2025-01-11 17:27:30,6.427811,3.421001,0.0,84.7,0,7,17,5,0,0.00019,0,normal,0
LG-1007,2025-01-11 17:28:00,6.427811,3.421001,0.0,84.7,0,8,17,5,0,0.00019,0,normal,0
LG-1007,2025-01-11 17:28:30,6.427811,3.421001,0.0,84.7,0,9,17,5,0,0.00019,0,normal,0
LG-1008,2025-01-06 16:36:00,6.513397,3.370627,0.0,73.3,0,1,16,0,1,0.00211,0,normal,0
LG-1008,2025-01-06 16:36:30,6.51068,3.371086,36.8,73.2,1,0,16,0,1,0.00442,0,normal,0
LG-1008,2025-01-06 16:37:00,6.508217,3.372296,36.6,73.2,1,0,16,0,1,0.00679,0,normal,0
LG-1008,2025-01-06 16:37:30,6.506429,3.373077,26.0,73.1,1,0,16,0,1,0.00864,0,normal,0
LG-1008,2025-01-06 16:38:00,6.503547,3.374252,41.5,73.0,1,0,16,0,1,0.01167,0,normal,0
LG-1008,2025-01-06 16:38:30,6.500903,3.375323,38.1,72.9,1,0,16,0,1,0.01448,0,normal,0
LG-1008,2025-01-06 16:39:00,6.499539,3.375882,19.7,72.9,1,0,16,0,1,0.01594,0,normal,0
LG-1008,2025-01-06 16:39:30,6.498024,3.376487,21.8,72.8,1,0,16,0,1,0.01756,0,normal,0
LG-1008,2025-01-06 16:40:00,6.49555,3.377486,35.6,72.7,1,0,16,0,1,0.01979,0,normal,0
LG-1008,2025-01-06 16:40:30,6.493832,3.378179,24.7,72.7,1,0,16,0,1,0.02083,0,normal,0
LG-1008,2025-01-06 16:41:00,6.492486,3.378728,19.4,72.6,1,0,16,0,1,0.02173,0,normal,0
LG-1008,2025-01-06 16:41:30,6.491059,3.3793,20.5,72.6,1,0,16,0,1,0.02273,0,normal,0
LG-1008,2025-01-06 16:42:00,6.48962,3.379902,20.8,72.5,1,0,16,0,1,0.02383,0,normal,0
LG-1008,2025-01-06 16:42:30,6.487478,3.380723,30.6,72.5,1,0,16,0,1,0.02548,0,normal,0
LG-1008,2025-01-06 16:43:00,6.48509,3.381745,34.7,72.4,1,0,16,0,1,0.02752,0,normal,0
LG-1008,2025-01-06 16:43:30,6.48365,3.382411,21.2,72.3,1,0,16,0,1,0.02884,0,normal,0
LG-1008,2025-01-06 16:44:00,6.481029,3.383507,37.9,72.2,1,0,16,0,1,0.02845,0,normal,0
LG-1008,2025-01-06 16:44:30,6.479317,3.383039,23.7,72.2,1,0,16,0,1,0.0271,0,normal,0
LG-1008,2025-01-06 16:45:00,6.477635,3.382145,25.4,72.1,1,0,16,0,1,0.02603,0,normal,0
LG-1008,2025-01-06 16:45:30,6.476035,3.381677,22.3,72.1,1,0,16,0,1,0.0249,0,normal,0
LG-1008,2025-01-06 16:46:00,6.473082,3.382279,40.3,72.0,1,0,16,0,1,0.02211,0,normal,0
LG-1008,2025-01-06 16:46:30,6.469765,3.383012,45.4,71.9,1,0,16,0,1,0.01902,0,normal,0
LG-1008,2025-01-06 16:47:00,6.468783,3.381017,29.5,71.8,1,0,16,0,1,0.01963,0,normal,0
LG-1008,2025-01-06 16:47:30,6.469017,3.379768,16.9,71.8,1,0,16,0,1,0.0207,0,normal,0
LG-1008,2025-01-06 16:48:00,6.469647,3.37811,23.6,71.7,1,0,16,0,1,0.02236,0,normal,0
LG-1008,2025-01-06 16:48:30,6.470026,3.376614,20.5,71.7,1,0,16,0,1,0.02375,0,normal,0
LG-1008,2025-01-06 16:49:00,6.470209,3.377456,11.4,71.6,1,0,16,0,1,0.02322,0,normal,0
LG-1008,2025-01-06 16:49:30,6.468898,3.37786,18.3,71.6,1,0,16,0,1,0.02207,0,normal,0
LG-1008,2025-01-06 16:50:00,6.465775,3.379259,45.7,71.5,1,0,16,0,1,0.01908,0,normal,0
LG-1008,2025-01-06 16:50:30,6.463625,3.38064,34.1,71.4,1,0,16,0,1,0.01675,0,normal,0
LG-1008,2025-01-06 16:51:00,6.461615,3.381929,31.8,71.3,1,0,16,0,1,0.01465,0,normal,0
LG-1008,2025-01-06 16:51:30,6.458594,3.382726,41.7,71.2,1,0,16,0,1,0.01279,0,normal,0
LG-1008,2025-01-06 16:52:00,6.457393,3.382445,16.5,71.2,1,0,16,0,1,0.01278,0,normal,0
LG-1008,2025-01-06 16:52:30,6.454515,3.382214,38.6,71.1,1,0,16,0,1,0.01279,0,normal,0
LG-1008,2025-01-06 16:53:00,6.453414,3.383135,19.1,71.1,1,0,16,0,1,0.01197,0,normal,0
LG-1008,2025-01-06 16:53:30,6.4519,3.385885,41.7,71.0,1,0,16,0,1,0.00963,0,normal,0
LG-1008,2025-01-06 16:54:00,6.450753,3.38801,32.1,70.9,1,0,16,0,1,0.00818,0,normal,0
LG-1008,2025-01-06 16:54:30,6.450093,3.38915,17.5,70.9,1,0,16,0,1,0.00764,0,normal,0
LG-1008,2025-01-06 16:55:00,6.44846,3.391818,41.6,70.8,1,0,16,0,1,0.00727,0,normal,0
LG-1008,2025-01-06 16:55:30,6.447772,3.392847,16.5,70.7,1,0,16,0,1,0.00754,0,normal,0
LG-1008,2025-01-06 16:56:00,6.446921,3.394079,19.9,70.7,1,0,16,0,1,0.00813,0,normal,0
LG-1008,2025-01-06 16:56:30,6.445204,3.396595,40.5,70.6,1,0,16,0,1,0.00992,0,normal,0
LG-1008,2025-01-06 16:57:00,6.443902,3.398448,30.1,70.5,1,0,16,0,1,0.01162,0,normal,0
LG-1008,2025-01-06 16:57:30,6.441787,3.400894,43.0,70.4,1,0,16,0,1,0.01447,0,normal,0
LG-1008,2025-01-06 16:58:00,6.440577,3.403259,35.3,70.3,1,0,16,0,1,0.01662,0,normal,0
LG-1008,2025-01-06 16:58:30,6.439159,3.40548,35.0,70.2,1,0,16,0,1,0.01899,0,normal,0
LG-1008,2025-01-06 16:59:00,6.438046,3.40696,24.6,70.2,1,0,16,0,1,0.01726,0,normal,0
LG-1008,2025-01-06 16:59:30,6.437034,3.407915,18.5,70.1,1,0,16,0,1,0.0159,0,normal,0
LG-1008,2025-01-06 17:00:00,6.437034,3.407915,0.0,70.1,1,1,17,0,1,0.0159,0,normal,0
LG-1008,2025-01-06 17:00:30,6.437034,3.407915,0.0,70.1,1,2,17,0,1,0.0159,0,normal,0
LG-1008,2025-01-06 17:01:00,6.437034,3.407915,0.0,70.1,1,3,17,0,1,0.0159,0,normal,0
LG-1008,2025-01-06 17:01:30,6.437034,3.407915,0.0,70.1,1,4,17,0,1,0.0159,0,normal,0
LG-1008,2025-01-06 17:02:00,6.437034,3.407915,0.0,70.1,1,5,17,0,1,0.0159,0,normal,0
LG-1008,2025-01-06 17:02:30,6.437034,3.407915,0.0,70.1,1,6,17,0,1,0.0159,0,normal,0
LG-1008,2025-01-06 17:03:00,6.437034,3.407915,0.0,70.1,1,7,17,0,1,0.0159,0,normal,0
LG-1008,2025-01-06 17:03:30,6.437034,3.407915,0.0,70.1,1,8,17,0,1,0.0159,0,normal,0
LG-1008,2025-01-06 17:04:00,6.437034,3.407915,0.0,70.1,1,9,17,0,1,0.0159,0,normal,0
LG-1008,2025-01-06 17:04:30,6.437034,3.407915,0.0,70.1,1,10,17,0,1,0.0159,0,normal,0
LG-1008,2025-01-06 17:05:00,6.437963,3.410988,42.6,70.0,1,0,17,0,1,0.01412,0,normal,0
LG-1008,2025-01-06 17:05:30,6.437313,3.412249,18.9,70.0,1,0,17,0,1,0.01278,0,normal,0
LG-1008,2025-01-06 17:06:00,6.436421,3.414482,31.9,69.9,1,0,17,0,1,0.01065,0,normal,0
LG-1008,2025-01-06 17:06:30,6.436207,3.416279,24.0,69.9,1,0,17,0,1,0.00947,0,normal,0
LG-1008,2025-01-06 17:07:00,6.436418,3.418055,23.8,69.8,1,0,17,0,1,0.00892,0,normal,0
LG-1008,2025-01-06 17:07:30,6.43696,3.420566,34.1,69.7,1,0,17,0,1,0.00897,0,normal,0
LG-1008,2025-01-06 17:08:00,6.438009,3.423421,40.4,69.6,1,0,17,0,1,0.0103,0,normal,0
LG-1008,2025-01-06 17:08:30,6.439066,3.42622,39.7,69.5,1,0,17,0,1,0.01224,0,normal,0
LG-1008,2025-01-06 17:09:00,6.439423,3.429405,42.5,69.4,1,0,17,0,1,0.01418,0,normal,0
LG-1008,2025-01-06 17:09:30,6.439703,3.431241,24.6,69.4,1,0,17,0,1,0.01555,0,normal,0
LG-1008,2025-01-06 17:10:00,6.440387,3.4334,30.1,69.3,1,0,17,0,1,0.01753,0,normal,0
LG-1008,2025-01-06 17:10:30,6.440498,3.434578,15.7,69.3,1,0,17,0,1,0.01845,0,normal,0
LG-1008,2025-01-06 17:11:00,6.438938,3.437017,38.5,69.2,1,0,17,0,1,0.0194,0,normal,0
LG-1008,2025-01-06 17:11:30,6.438033,3.438668,25.0,69.1,1,0,17,0,1,0.02032,0,normal,0
LG-1008,2025-01-06 17:12:00,6.436665,3.440747,33.1,69.1,1,0,17,0,1,0.02156,0,normal,0
LG-1008,2025-01-06 17:12:30,6.435873,3.442103,20.9,69.0,1,0,17,0,1,0.02252,0,normal,0
LG-1008,2025-01-06 17:13:00,6.435297,3.445074,40.2,68.9,1,0,17,0,1,0.02516,0,normal,0
LG-1008,2025-01-06 17:13:30,6.43604,3.448075,41.0,68.8,1,0,17,0,1,0.02824,0,normal,0
LG-1008,2025-01-06 17:14:00,6.437217,3.451066,42.7,68.7,1,0,17,0,1,0.03145,0,normal,0
LG-1008,2025-01-06 17:14:30,6.437764,3.45222,17.0,68.7,1,0,17,0,1,0.03271,0,normal,0
LG-1008,2025-01-06 17:15:00,6.436,3.455024,44.0,68.6,1,0,17,0,1,0.03495,0,normal,0
LG-1008,2025-01-06 17:15:30,6.43488,3.456358,23.2,68.5,1,0,17,0,1,0.03602,0,normal,0
LG-1008,2025-01-06 17:16:00,6.433534,3.457697,25.3,68.5,1,0,17,0,1,0.03711,0,normal,0
LG-1008,2025-01-06 17:16:30,6.432207,3.45885,23.4,68.4,1,0,17,0,1,0.03808,0,normal,0
LG-1008,2025-01-06 17:17:00,6.43089,3.460076,24.0,68.4,1,0,17,0,1,0.03918,0,normal,0
LG-1008,2025-01-06 17:17:30,6.430055,3.46235,32.2,68.3,1,0,17,0,1,0.0414,0,normal,0
LG-1008,2025-01-06 17:18:00,6.430254,3.464073,23.0,68.2,1,0,17,0,1,0.04313,0,normal,0
LG-1008,2025-01-06 17:18:30,6.430547,3.46615,27.8,68.2,1,0,17,0,1,0.04522,0,normal,0
LG-1008,2025-01-06 17:19:00,6.430872,3.468841,36.0,68.1,1,0,17,0,1,0.04793,0,normal,0
LG-1008,2025-01-06 17:19:30,6.431372,3.471936,41.6,68.0,1,0,17,0,1,0.05105,0,normal,0
LG-1008,2025-01-06 17:20:00,6.431804,3.474701,37.2,67.9,1,0,17,0,1,0.05384,0,normal,0
LG-1008,2025-01-06 17:20:30,6.432171,3.477243,34.1,67.8,1,0,17,0,1,0.05551,0,normal,0
LG-1008,2025-01-06 17:21:00,6.432388,3.478747,20.2,67.8,1,0,17,0,1,0.05417,0,normal,0
LG-1008,2025-01-06 17:21:30,6.43279,3.481809,41.0,67.7,1,0,17,0,1,0.05151,0,normal,0
LG-1008,2025-01-06 17:22:00,6.432968,3.483057,16.7,67.6,1,0,17,0,1,0.05042,0,normal,0
LG-1008,2025-01-06 17:22:30,6.433246,3.484829,23.8,67.6,1,0,17,0,1,0.04889,0,normal,0
LG-1008,2025-01-06 17:23:00,6.433449,3.48612,17.4,67.5,1,0,17,0,1,0.04778,0,normal,0
LG-1008,2025-01-06 17:23:30,6.433855,3.488829,36.4,67.4,1,0,17,0,1,0.0455,0,normal,0
LG-1008,2025-01-06 17:24:00,6.434094,3.490853,27.1,67.4,1,0,17,0,1,0.04388,0,normal,0
LG-1008,2025-01-06 17:24:30,6.434527,3.493521,35.9,67.3,1,0,17,0,1,0.04171,0,normal,0
LG-1008,2025-01-06 17:25:00,6.434835,3.495485,26.4,67.2,1,0,17,0,1,0.04016,0,normal,0
LG-1008,2025-01-06 17:25:30,6.435162,3.497704,29.8,67.2,1,0,17,0,1,0.03848,0,normal,0
LG-1008,2025-01-06 17:26:00,6.435489,3.499928,29.8,67.1,1,0,17,0,1,0.03685,0,normal,0
LG-1008,2025-01-06 17:26:30,6.435674,3.501195,17.0,67.1,1,0,17,0,1,0.03596,0,normal,0
LG-1008,2025-01-06 17:27:00,6.435983,3.503356,29.0,67.0,1,0,17,0,1,0.03449,0,normal,0
LG-1008,2025-01-06 17:27:30,6.436371,3.506005,35.6,66.9,1,0,17,0,1,0.03279,0,normal,0
LG-1008,2025-01-06 17:28:00,6.437105,3.507721,24.8,66.9,1,0,17,0,1,0.03134,0,normal,0
LG-1008,2025-01-06 17:28:30,6.438441,3.507595,17.9,66.8,1,0,17,0,1,0.03021,0,normal,0
LG-1008,2025-01-06 17:29:00,6.44117,3.507482,36.5,66.7,1,0,17,0,1,0.0279,0,normal,0
LG-1008,2025-01-06 17:29:30,6.443048,3.507714,25.3,66.7,1,0,17,0,1,0.02619,0,normal,0
LG-1008,2025-01-06 17:30:00,6.444225,3.50798,16.1,66.6,1,0,17,0,1,0.02506,0,normal,0
LG-1008,2025-01-06 17:30:30,6.445738,3.50824,20.5,66.6,1,0,17,0,1,0.02367,0,normal,0
LG-1008,2025-01-06 17:31:00,6.448078,3.508308,31.3,66.5,1,0,17,0,1,0.02177,0,normal,0
LG-1008,2025-01-06 17:31:30,6.449976,3.508387,25.4,66.4,1,0,17,0,1,0.02027,0,normal,0
LG-1008,2025-01-06 17:32:00,6.45268,3.508561,36.2,66.4,1,0,17,0,1,0.01823,0,normal,0
LG-1008,2025-01-06 17:32:30,6.453021,3.510229,22.6,66.3,1,0,17,0,1,0.01679,0,normal,0
LG-1008,2025-01-06 17:33:00,6.453298,3.513204,39.6,66.2,1,0,17,0,1,0.01464,0,normal,0
LG-1008,2025-01-06 17:33:30,6.45347,3.515041,24.5,66.2,1,0,17,0,1,0.01347,0,normal,0
LG-1008,2025-01-06 17:34:00,6.453689,3.517662,34.9,66.1,1,0,17,0,1,0.01211,0,normal,0
LG-1008,2025-01-06 17:34:30,6.456223,3.51825,34.7,66.0,1,0,17,0,1,0.00954,0,normal,0
LG-1008,2025-01-06 17:35:00,6.4583,3.518309,27.8,65.9,1,0,17,0,1,0.00765,0,normal,0
LG-1008,2025-01-06 17:35:30,6.459583,3.518346,17.1,65.9,1,0,17,0,1,0.00653,0,normal,0
LG-1008,2025-01-07 12:47:00,6.4537,3.395346,0.0,65.9,0,1,12,1,1,0.00134,0,normal,0
LG-1008,2025-01-07 12:47:30,6.452553,3.395405,15.3,65.9,1,0,12,1,1,0.00248,0,normal,0
LG-1008,2025-01-07 12:48:00,6.452754,3.39354,24.9,65.8,1,0,12,1,1,0.00268,0,normal,0
LG-1008,2025-01-07 12:48:30,6.453193,3.391831,23.4,65.7,1,0,12,1,1,0.00365,0,normal,0
LG-1008,2025-01-07 12:49:00,6.453996,3.390195,24.2,65.7,1,0,12,1,1,0.00491,0,normal,0
LG-1008,2025-01-07 12:49:30,6.454324,3.387965,29.9,65.6,1,0,12,1,1,0.00707,0,normal,0
LG-1008,2025-01-07 12:50:00,6.45499,3.386645,19.7,65.6,1,0,12,1,1,0.00836,0,normal,0
LG-1008,2025-01-07 12:50:30,6.455456,3.384637,27.4,65.5,1,0,12,1,1,0.01037,0,normal,0
LG-1008,2025-01-07 12:51:00,6.455988,3.383209,20.2,65.5,1,0,12,1,1,0.01183,0,normal,0
LG-1008,2025-01-07 12:51:30,6.456314,3.382307,12.7,65.4,1,0,12,1,1,0.01276,0,normal,0
LG-1008,2025-01-07 12:52:00,6.457756,3.382754,20.2,65.4,1,0,12,1,1,0.01255,0,normal,0
LG-1008,2025-01-07 12:52:30,6.460278,3.382588,33.8,65.3,1,0,12,1,1,0.01349,0,normal,0
LG-1008,2025-01-07 12:53:00,6.461856,3.381893,23.0,65.3,1,0,12,1,1,0.01479,0,normal,0
LG-1008,2025-01-07 12:53:30,6.462763,3.381315,14.3,65.2,1,0,12,1,1,0.01573,0,normal,0
LG-1008,2025-01-07 12:54:00,6.464535,3.380187,28.0,65.2,1,0,12,1,1,0.01762,0,normal,0
LG-1008,2025-01-07 12:54:30,6.46672,3.378801,34.5,65.1,1,0,12,1,1,0.01999,0,normal,0
LG-1008,2025-01-07 12:55:00,6.469048,3.377938,33.1,65.0,1,0,12,1,1,0.0221,0,normal,0
LG-1008,2025-01-07 12:55:30,6.470858,3.377376,25.3,64.9,1,0,12,1,1,0.02371,0,normal,0
LG-1008,2025-01-07 12:56:00,6.472325,3.376877,20.7,64.9,1,0,12,1,1,0.02507,0,normal,0
LG-1008,2025-01-07 12:56:30,6.474114,3.376215,25.5,64.8,1,0,12,1,1,0.0268,0,normal,0
LG-1008,2025-01-07 12:57:00,6.476016,3.374892,30.9,64.8,1,0,12,1,1,0.02852,0,normal,0
LG-1008,2025-01-07 12:57:30,6.477526,3.37302,32.0,64.7,1,0,12,1,1,0.0262,0,normal,0
LG-1008,2025-01-07 12:58:00,6.478969,3.371188,31.0,64.6,1,0,12,1,1,0.02398,0,normal,0
LG-1008,2025-01-07 12:58:30,6.479985,3.369839,22.5,64.6,1,0,12,1,1,0.0224,0,normal,0
LG-1008,2025-01-07 12:59:00,6.480659,3.368976,14.6,64.5,1,0,12,1,1,0.02137,0,normal,0
LG-1008,2025-01-07 12:59:30,6.481924,3.367574,25.1,64.5,1,0,12,1,1,0.01958,0,normal,0
LG-1008,2025-01-07 13:00:00,6.482795,3.366808,15.5,64.4,1,0,13,1,1,0.01844,0,normal,0
LG-1008,2025-01-07 13:00:30,6.483584,3.366207,13.2,64.4,1,0,13,1,1,0.01746,0,normal,0
LG-1008,2025-01-07 13:01:00,6.485086,3.365281,23.5,64.3,1,0,13,1,1,0.0157,0,normal,0
LG-1008,2025-01-07 13:01:30,6.486964,3.364485,27.2,64.3,1,0,13,1,1,0.01367,0,normal,0
LG-1008,2025-01-07 13:02:00,6.489218,3.363676,32.0,64.2,1,0,13,1,1,0.01131,0,normal,0
LG-1008,2025-01-07 13:02:30,6.491356,3.362919,30.3,64.1,1,0,13,1,1,0.00909,0,normal,0
LG-1008,2025-01-07 13:03:00,6.493606,3.362084,32.0,64.1,1,0,13,1,1,0.00677,0,normal,0
LG-1008,2025-01-07 13:03:30,6.495783,3.361661,29.6,64.0,1,0,13,1,1,0.00487,0,normal,0
LG-1008,2025-01-07 13:04:00,6.49789,3.361916,28.4,63.9,1,0,13,1,1,0.00407,0,normal,0
LG-1008,2025-01-07 13:04:30,6.498764,3.362139,12.0,63.9,1,0,13,1,1,0.00415,0,normal,0
LG-1008,2025-01-07 13:05:00,6.500651,3.362772,26.6,63.8,1,0,13,1,1,0.00505,0,normal,0
LG-1008,2025-01-07 13:05:30,6.501684,3.363142,14.6,63.8,1,0,13,1,1,0.0058,0,normal,0
LG-1008,2025-01-07 13:06:00,6.502614,3.363475,13.2,63.8,1,0,13,1,1,0.00656,0,normal,0
LG-1008,2025-01-07 13:06:30,6.503707,3.363866,15.5,63.7,1,0,13,1,1,0.00752,0,normal,0
LG-1008,2025-01-07 13:07:00,6.505995,3.363879,30.6,63.7,1,0,13,1,1,0.00914,0,normal,0
LG-1008,2025-01-07 13:07:30,6.508135,3.363371,29.4,63.6,1,0,13,1,1,0.0106,0,normal,0
LG-1008,2025-01-07 13:08:00,6.510656,3.363403,33.7,63.5,1,0,13,1,1,0.00963,0,normal,0
LG-1008,2025-01-07 13:08:30,6.513147,3.364199,34.9,63.4,1,0,13,1,1,0.00802,0,normal,0
LG-1008,2025-01-07 13:09:00,6.515459,3.365039,32.8,63.4,1,0,13,1,1,0.00698,0,normal,0
LG-1008,2025-01-07 13:09:30,6.516459,3.365526,14.8,63.3,1,0,13,1,1,0.00664,0,normal,0
LG-1008,2025-01-07 13:10:00,6.518863,3.365431,32.1,63.2,1,0,13,1,1,0.00762,0,normal,0
LG-1008,2025-01-07 13:10:30,6.520965,3.364381,31.3,63.2,1,0,13,1,1,0.00968,0,normal,0
LG-1008,2025-01-07 13:11:00,6.52306,3.363164,32.3,63.1,1,0,13,1,1,0.01196,0,normal,0
LG-1008,2025-01-07 13:11:30,6.523914,3.362393,15.3,63.1,1,0,13,1,1,0.01311,0,normal,0
LG-1008,2025-01-07 13:12:00,6.524592,3.361539,14.5,63.0,1,0,13,1,1,0.01419,0,normal,0
LG-1008,2025-01-07 13:12:30,6.526097,3.359522,33.5,63.0,1,0,13,1,1,0.0167,0,normal,0
LG-1008,2025-01-07 13:13:00,6.526377,3.358376,15.7,62.9,1,0,13,1,1,0.01775,0,normal,0
LG-1008,2025-01-07 13:13:30,6.526558,3.356851,20.4,62.9,1,0,13,1,1,0.01906,0,normal,0
LG-1008,2025-01-07 13:14:00,6.526889,3.355195,22.4,62.8,1,0,13,1,1,0.02059,0,normal,0
LG-1008,2025-01-07 13:14:30,6.527534,3.354315,14.5,62.8,1,0,13,1,1,0.02168,0,normal,0
LG-1008,2025-01-07 13:15:00,6.528368,3.353941,12.2,62.8,1,0,13,1,1,0.02247,0,normal,0
LG-1008,2025-01-07 13:15:30,6.530896,3.353177,35.3,62.7,1,0,13,1,1,0.02464,0,normal,0
LG-1008,2025-01-07 13:16:00,6.533232,3.352491,32.5,62.6,1,0,13,1,1,0.02461,0,normal,0
LG-1008,2025-01-07 13:16:30,6.5356,3.352866,32.0,62.5,1,0,13,1,1,0.02274,0,normal,0
LG-1008,2025-01-07 13:17:00,6.536761,3.353624,18.5,62.5,1,0,13,1,1,0.02218,0,normal,0
LG-1008,2025-01-07 13:17:30,6.537837,3.354306,17.0,62.4,1,0,13,1,1,0.02172,0,normal,0
LG-1008,2025-01-07 13:18:00,6.539201,3.35521,21.8,62.4,1,0,13,1,1,0.02125,0,normal,0
LG-1008,2025-01-07 13:18:30,6.540567,3.356199,22.5,62.3,1,0,13,1,1,0.02096,0,normal,0
LG-1008,2025-01-07 13:19:00,6.541301,3.356708,11.9,62.3,1,0,13,1,1,0.02084,0,normal,0
LG-1008,2025-01-07 13:19:30,6.543447,3.356842,28.7,62.2,1,0,13,1,1,0.01961,0,normal,0
LG-1008,2025-01-07 13:20:00,6.545903,3.355857,35.3,62.2,1,0,13,1,1,0.01742,0,normal,0
LG-1008,2025-01-07 13:20:30,6.547592,3.355183,24.3,62.1,1,0,13,1,1,0.016,0,normal,0
LG-1008,2025-01-07 13:21:00,6.549044,3.354583,21.0,62.1,1,0,13,1,1,0.01483,0,normal,0
LG-1008,2025-01-07 13:21:30,6.550503,3.353979,21.1,62.0,1,0,13,1,1,0.01374,0,normal,0
LG-1008,2025-01-07 13:22:00,6.551477,3.353578,14.1,62.0,1,0,13,1,1,0.01306,0,normal,0
LG-1008,2025-01-07 13:22:30,6.55273,3.353062,18.1,61.9,1,0,13,1,1,0.01227,0,normal,0
LG-1008,2025-01-07 13:23:00,6.554367,3.352383,23.6,61.9,1,0,13,1,1,0.0114,0,normal,0
LG-1008,2025-01-07 13:23:30,6.555886,3.351745,22.0,61.8,1,0,13,1,1,0.01078,0,normal,0
LG-1008,2025-01-07 13:24:00,6.557596,3.351044,24.7,61.8,1,0,13,1,1,0.01037,0,normal,0
LG-1008,2025-01-07 13:24:30,6.559832,3.350216,31.8,61.7,1,0,13,1,1,0.01041,0,normal,0
LG-1008,2025-01-07 13:25:00,6.561015,3.349722,17.1,61.6,1,0,13,1,1,0.01059,0,normal,0
LG-1008,2025-01-07 13:25:30,6.561881,3.349376,12.4,61.6,1,0,13,1,1,0.01084,0,normal,0
LG-1008,2025-01-07 13:26:00,6.562763,3.349019,12.7,61.6,1,0,13,1,1,0.01116,0,normal,0
LG-1008,2025-01-07 13:26:30,6.562763,3.349019,0.0,61.6,1,1,13,1,1,0.01116,0,normal,0
LG-1008,2025-01-07 13:27:00,6.562763,3.349019,0.0,61.6,1,2,13,1,1,0.01116,0,normal,0
LG-1008,2025-01-07 13:27:30,6.562763,3.349019,0.0,61.6,1,3,13,1,1,0.01116,0,normal,0
LG-1008,2025-01-07 13:28:00,6.562763,3.349019,0.0,61.6,1,4,13,1,1,0.01116,0,normal,0
LG-1008,2025-01-07 13:28:30,6.562763,3.349019,0.0,61.6,1,5,13,1,1,0.01116,0,normal,0
LG-1008,2025-01-07 13:29:00,6.563794,3.348579,15.0,61.6,1,0,13,1,1,0.01161,0,normal,0
LG-1008,2025-01-07 13:29:30,6.565546,3.347863,25.3,61.5,1,0,13,1,1,0.01258,0,normal,0
LG-1008,2025-01-07 13:30:00,6.567692,3.346999,30.9,61.4,1,0,13,1,1,0.01404,0,normal,0
LG-1008,2025-01-07 13:30:30,6.569965,3.346082,32.7,61.3,1,0,13,1,1,0.0158,0,normal,0
LG-1008,2025-01-07 13:31:00,6.569965,3.346082,1.0,60.0,1,74,13,1,1,0.0158,1,fuel_theft,0
LG-1008,2025-01-07 13:31:30,6.569965,3.346082,0.2,58.6,1,78,13,1,1,0.0158,1,fuel_theft,0
LG-1008,2025-01-07 13:32:00,6.569965,3.346082,1.3,57.1,1,79,13,1,1,0.0158,1,fuel_theft,0
LG-1008,2025-01-07 13:32:30,6.569965,3.346082,0.3,55.9,1,80,13,1,1,0.0158,1,fuel_theft,0
LG-1008,2025-01-07 13:33:00,6.569965,3.346082,1.4,55.1,1,81,13,1,1,0.0158,1,fuel_theft,0
LG-1008,2025-01-07 13:33:30,6.569965,3.346082,0.0,54.0,1,82,13,1,1,0.0158,1,fuel_theft,0
LG-1008,2025-01-07 13:34:00,6.569965,3.346082,0.8,52.3,1,83,13,1,1,0.0158,1,fuel_theft,0
LG-1008,2025-01-07 13:34:30,6.569965,3.346082,0.5,51.4,1,84,13,1,1,0.0158,1,fuel_theft,0
LG-1008,2025-01-07 13:35:00,6.569965,3.346082,0.3,50.6,1,85,13,1,1,0.0158,1,fuel_theft,0
LG-1008,2025-01-07 13:35:30,6.569965,3.346082,0.9,49.7,1,86,13,1,1,0.0158,1,fuel_theft,0
LG-1008,2025-01-07 13:36:00,6.569965,3.346082,1.2,48.2,1,87,13,1,1,0.0158,1,fuel_theft,0
LG-1008,2025-01-07 13:36:30,6.569965,3.346082,0.4,46.9,1,88,13,1,1,0.0158,1,fuel_theft,0
LG-1008,2025-01-07 13:37:00,6.569965,3.346082,0.1,45.9,1,89,13,1,1,0.0158,1,fuel_theft,0
LG-1008,2025-01-07 13:37:30,6.569965,3.346082,0.9,44.3,1,90,13,1,1,0.0158,1,fuel_theft,0
LG-1008,2025-01-07 13:38:00,6.569965,3.346082,0.6,43.4,1,91,13,1,1,0.0158,1,fuel_theft,0
LG-1008,2025-01-07 13:38:30,6.569965,3.346082,0.8,41.7,1,92,13,1,1,0.0158,1,fuel_theft,0
LG-1008,2025-01-07 13:39:00,6.571691,3.345385,24.8,41.6,1,0,13,1,1,0.01726,0,normal,0
LG-1008,2025-01-07 13:39:30,6.572837,3.344926,16.5,41.6,1,0,13,1,1,0.01826,0,normal,0
LG-1008,2025-01-07 13:40:00,6.575039,3.344029,31.7,41.5,1,0,13,1,1,0.02027,0,normal,0
LG-1008,2025-01-07 13:40:30,6.577221,3.343129,31.5,41.5,1,0,13,1,1,0.02232,0,normal,0
LG-1008,2025-01-07 13:41:00,6.578746,3.342515,21.9,41.4,1,0,13,1,1,0.0227,0,normal,0
LG-1008,2025-01-07 13:41:30,6.581143,3.341526,34.6,41.3,1,0,13,1,1,0.0206,0,normal,0
LG-1008,2025-01-07 13:42:00,6.583571,3.34055,34.9,41.2,1,0,13,1,1,0.01858,0,normal,0
LG-1008,2025-01-07 13:42:30,6.584602,3.340133,14.8,41.2,1,0,13,1,1,0.01778,0,normal,0
LG-1008,2025-01-07 13:43:00,6.586026,3.339563,20.5,41.2,1,0,13,1,1,0.01672,0,normal,0
LG-1008,2025-01-07 13:43:30,6.587828,3.338829,26.0,41.1,1,0,13,1,1,0.0155,0,normal,0
LG-1008,2025-01-07 13:44:00,6.588787,3.338445,13.8,41.1,1,0,13,1,1,0.01491,0,normal,0
LG-1008,2025-01-07 13:44:30,6.590246,3.337889,20.8,41.0,1,0,13,1,1,0.0141,0,normal,0
LG-1008,2025-01-07 13:45:00,6.591489,3.337374,18.0,41.0,1,0,13,1,1,0.01353,0,normal,0
LG-1008,2025-01-07 13:45:30,6.59386,3.336388,34.3,40.9,1,0,13,1,1,0.01279,0,normal,0
LG-1008,2025-01-07 13:46:00,6.595357,3.335795,21.5,40.8,1,0,13,1,1,0.01255,0,normal,0
LG-1008,2025-01-07 13:46:30,6.595942,3.337651,25.8,40.8,1,0,13,1,1,0.01063,0,normal,0
LG-1008,2025-01-08 11:43:00,6.600682,3.346057,0.0,40.8,0,1,11,2,1,0.001,0,normal,0
LG-1008,2025-01-08 11:43:30,6.599436,3.345834,16.9,40.7,1,0,11,2,1,0.00195,0,normal,0
LG-1008,2025-01-08 11:44:00,6.597395,3.345936,27.3,40.7,1,0,11,2,1,0.00376,0,normal,0
LG-1008,2025-01-08 11:44:30,6.595943,3.345999,19.4,40.6,1,0,11,2,1,0.00516,0,normal,0
LG-1008,2025-01-08 11:45:00,6.594933,3.345983,13.5,40.6,1,0,11,2,1,0.00615,0,normal,0
LG-1008,2025-01-08 11:45:30,6.593536,3.34572,19.0,40.6,1,0,11,2,1,0.00757,0,normal,0
LG-1008,2025-01-08 11:46:00,6.593927,3.344554,16.3,40.5,1,0,11,2,1,0.00748,0,normal,0
LG-1008,2025-01-08 11:46:30,6.593685,3.343719,11.5,40.5,1,0,11,2,1,0.00802,0,normal,0
LG-1008,2025-01-08 11:47:00,6.592302,3.342509,24.5,40.4,1,0,11,2,1,0.00979,0,normal,0
LG-1008,2025-01-08 11:47:30,6.591829,3.34152,14.6,40.4,1,0,11,2,1,0.01068,0,normal,0
LG-1008,2025-01-08 11:48:00,6.591369,3.340194,18.6,40.4,1,0,11,2,1,0.01179,0,normal,0
LG-1008,2025-01-08 11:48:30,6.590603,3.338308,27.0,40.3,1,0,11,2,1,0.01355,0,normal,0
LG-1008,2025-01-08 11:49:00,6.590458,3.336385,25.6,40.2,1,0,11,2,1,0.01496,0,normal,0
LG-1008,2025-01-08 11:49:30,6.591116,3.337268,14.6,40.2,1,0,11,2,1,0.01387,0,normal,0
LG-1008,2025-01-08 11:50:00,6.589789,3.337911,19.7,40.2,1,0,11,2,1,0.01443,0,normal,0
LG-1008,2025-01-08 11:50:30,6.58853,3.33834,17.8,40.1,1,0,11,2,1,0.01518,0,normal,0
LG-1008,2025-01-08 11:51:00,6.586116,3.339302,34.7,40.0,1,0,11,2,1,0.01676,0,normal,0
LG-1008,2025-01-08 11:51:30,6.58498,3.339776,16.4,40.0,1,0,11,2,1,0.01757,0,normal,0
LG-1008,2025-01-08 11:52:00,6.583864,3.340265,16.3,40.0,1,0,11,2,1,0.01841,0,normal,0
LG-1008,2025-01-08 11:52:30,6.582308,3.34091,22.5,39.9,1,0,11,2,1,0.01966,0,normal,0
LG-1008,2025-01-08 11:53:00,6.581164,3.341361,16.4,39.9,1,0,11,2,1,0.02062,0,normal,0
LG-1008,2025-01-08 11:53:30,6.580073,3.341788,15.6,39.8,1,0,11,2,1,0.02157,0,normal,0
LG-1008,2025-01-08 11:54:00,6.579084,3.342178,14.2,39.8,1,0,11,2,1,0.02244,0,normal,0
LG-1008,2025-01-08 11:54:30,6.577202,3.34295,27.1,39.7,1,0,11,2,1,0.02229,0,normal,0
LG-1008,2025-01-08 11:55:00,6.575362,3.343692,26.5,39.7,1,0,11,2,1,0.02054,0,normal,0
LG-1008,2025-01-08 11:55:30,6.573466,3.344474,27.4,39.6,1,0,11,2,1,0.01879,0,normal,0
LG-1008,2025-01-08 11:56:00,6.571354,3.345307,30.3,39.5,1,0,11,2,1,0.01691,0,normal,0
LG-1008,2025-01-08 11:56:30,6.569994,3.345874,19.7,39.5,1,0,11,2,1,0.01577,0,normal,0
LG-1008,2025-01-08 11:57:00,6.567655,3.346839,33.8,39.4,1,0,11,2,1,0.01394,0,normal,0
LG-1008,2025-01-08 11:57:30,6.565609,3.347646,29.4,39.3,1,0,11,2,1,0.01252,0,normal,0
LG-1008,2025-01-08 11:58:00,6.563454,3.348525,31.1,39.3,1,0,11,2,1,0.01132,0,normal,0
LG-1008,2025-01-08 11:58:30,6.561439,3.349353,29.1,39.2,1,0,11,2,1,0.01055,0,normal,0
LG-1008,2025-01-08 11:59:00,6.560019,3.349924,20.4,39.2,1,0,11,2,1,0.01024,0,normal,0
LG-1008,2025-01-08 11:59:30,6.558732,3.350467,18.6,39.1,1,0,11,2,1,0.01018,0,normal,0
LG-1008,2025-01-08 12:00:00,6.55722,3.351117,22.0,39.1,1,0,12,2,1,0.01036,0,normal,0
LG-1008,2025-01-08 12:00:30,6.556233,3.351518,14.2,39.0,1,0,12,2,1,0.01059,0,normal,0
LG-1008,2025-01-08 12:01:00,6.554664,3.352161,22.6,39.0,1,0,12,2,1,0.01117,0,normal,0
LG-1008,2025-01-08 12:01:30,6.553769,3.352532,12.9,38.9,1,0,12,2,1,0.0116,0,normal,0
LG-1008,2025-01-08 12:02:00,6.552938,3.352875,12.0,38.9,1,0,12,2,1,0.01205,0,normal,0
LG-1008,2025-01-08 12:02:30,6.550577,3.353849,34.1,38.8,1,0,12,2,1,0.01359,0,normal,0
LG-1008,2025-01-08 12:03:00,6.548608,3.354639,28.3,38.8,1,0,12,2,1,0.01506,0,normal,0
LG-1008,2025-01-08 12:03:30,6.546856,3.355358,25.3,38.7,1,0,12,2,1,0.01651,0,normal,0
LG-1008,2025-01-08 12:04:00,6.545469,3.355932,20.0,38.7,1,0,12,2,1,0.01771,0,normal,0
LG-1008,2025-01-08 12:04:30,6.5437,3.356651,25.5,38.6,1,0,12,2,1,0.0193,0,normal,0
LG-1008,2025-01-08 12:05:00,6.541351,3.356636,31.4,38.5,1,0,12,2,1,0.02075,0,normal,0
LG-1008,2025-01-08 12:05:30,6.53966,3.355468,27.4,38.5,1,0,12,2,1,0.02109,0,normal,0
LG-1008,2025-01-08 12:06:00,6.538044,3.35435,26.2,38.4,1,0,12,2,1,0.02158,0,normal,0
LG-1008,2025-01-08 12:06:30,6.536598,3.35343,22.8,38.4,1,0,12,2,1,0.02221,0,normal,0
LG-1008,2025-01-08 12:07:00,6.535321,3.352628,20.1,38.3,1,0,12,2,1,0.02286,0,normal,0
LG-1008,2025-01-08 12:07:30,6.533264,3.352396,27.6,38.2,1,0,12,2,1,0.02454,0,normal,0
LG-1008,2025-01-08 12:08:00,6.530734,3.353157,35.3,38.2,1,0,12,2,1,0.02455,0,normal,0
LG-1008,2025-01-08 12:08:30,6.529152,3.353625,22.0,38.1,1,0,12,2,1,0.02319,0,normal,0
LG-1008,2025-01-08 12:09:00,6.529152,3.353625,0.0,46.7,0,1,12,2,1,0.02319,0,normal,1
LG-1008,2025-01-08 12:09:30,6.529152,3.353625,0.0,55.4,0,2,12,2,1,0.02319,0,normal,1
LG-1008,2025-01-08 12:10:00,6.529152,3.353625,0.0,64.1,0,3,12,2,1,0.02319,0,normal,1
LG-1008,2025-01-08 12:10:30,6.529152,3.353625,0.0,75.1,0,4,12,2,1,0.02319,0,normal,1
LG-1008,2025-01-08 12:11:00,6.529152,3.353625,0.0,84.9,0,5,12,2,1,0.02319,0,normal,1
LG-1008,2025-01-08 12:11:30,6.529152,3.353625,0.0,85.0,0,6,12,2,1,0.02319,0,normal,1
LG-1008,2025-01-08 12:12:00,6.529152,3.353625,0.0,85.0,0,7,12,2,1,0.02319,0,normal,1
LG-1008,2025-01-08 12:12:30,6.529152,3.353625,0.0,85.0,0,8,12,2,1,0.02319,0,normal,1
LG-1008,2025-01-08 12:13:00,6.529152,3.353625,0.0,85.0,0,9,12,2,1,0.02319,0,normal,1
LG-1008,2025-01-08 12:13:30,6.529152,3.353625,0.0,85.0,0,10,12,2,1,0.02319,0,normal,1
LG-1008,2025-01-08 12:14:00,6.529152,3.353625,0.0,85.0,1,11,12,2,1,0.02319,0,normal,0
LG-1008,2025-01-08 12:14:30,6.529152,3.353625,0.0,85.0,1,12,12,2,1,0.02319,0,normal,0
LG-1008,2025-01-08 12:15:00,6.529152,3.353625,0.0,85.0,1,13,12,2,1,0.02319,0,normal,0
LG-1008,2025-01-08 12:15:30,6.527108,3.354661,30.6,84.9,1,0,12,2,1,0.02115,0,normal,0
LG-1008,2025-01-08 12:16:00,6.526529,3.356626,27.2,84.9,1,0,12,2,1,0.01922,0,normal,0
LG-1008,2025-01-08 12:16:30,6.526361,3.35786,16.5,84.8,1,0,12,2,1,0.01814,0,normal,0
LG-1008,2025-01-08 12:17:00,6.525737,3.359916,28.5,84.8,1,0,12,2,1,0.01617,0,normal,0
LG-1008,2025-01-08 12:17:30,6.524417,3.361645,28.9,84.7,1,0,12,2,1,0.014,0,normal,0
LG-1008,2025-01-08 12:18:00,6.523538,3.362681,18.1,84.7,1,0,12,2,1,0.01264,0,normal,0
LG-1008,2025-01-08 12:18:30,6.521876,3.363789,26.6,84.6,1,0,12,2,1,0.01071,0,normal,0
LG-1008,2025-01-08 12:19:00,6.520151,3.364763,26.4,84.5,1,0,12,2,1,0.00888,0,normal,0
LG-1008,2025-01-08 12:19:30,6.517891,3.365349,31.2,84.5,1,0,12,2,1,0.00725,0,normal,0
LG-1008,2025-01-08 12:20:00,6.516778,3.36516,15.1,84.4,1,0,12,2,1,0.00707,0,normal,0
LG-1008,2025-01-08 12:20:30,6.515599,3.364783,16.5,84.4,1,0,12,2,1,0.00724,0,normal,0
LG-1008,2025-01-08 12:21:00,6.513918,3.364271,23.5,84.3,1,0,12,2,1,0.0078,0,normal,0
LG-1008,2025-01-08 12:21:30,6.512985,3.364009,12.9,84.3,1,0,12,2,1,0.00824,0,normal,0
LG-1008,2025-01-08 12:22:00,6.511429,3.363512,21.8,84.2,1,0,12,2,1,0.00921,0,normal,0
LG-1008,2025-01-08 12:22:30,6.509192,3.363073,30.4,84.2,1,0,12,2,1,0.01065,0,normal,0
LG-1008,2025-01-08 12:23:00,6.508055,3.363287,15.4,84.1,1,0,12,2,1,0.01049,0,normal,0
LG-1008,2025-01-08 12:23:30,6.506387,3.363671,22.9,84.1,1,0,12,2,1,0.00931,0,normal,0
LG-1008,2025-01-08 12:24:00,6.50379,3.363812,34.7,84.0,1,0,12,2,1,0.00753,0,normal,0
LG-1008,2025-01-08 12:24:30,6.502115,3.36317,24.0,84.0,1,0,12,2,1,0.00604,0,normal,0
LG-1008,2025-01-08 12:25:00,6.500446,3.36255,23.8,83.9,1,0,12,2,1,0.00477,0,normal,0
LG-1008,2025-01-08 12:25:30,6.49865,3.361964,25.2,83.8,1,0,12,2,1,0.00398,0,normal,0
LG-1008,2025-01-08 12:26:00,6.497457,3.361695,16.3,83.8,1,0,12,2,1,0.004,0,normal,0
LG-1008,2025-01-08 12:26:30,6.496312,3.361553,15.4,83.8,1,0,12,2,1,0.00446,0,normal,0
LG-1008,2025-01-08 12:27:00,6.494232,3.361752,27.9,83.7,1,0,12,2,1,0.00607,0,normal,0
LG-1008,2025-01-08 12:27:30,6.49272,3.362268,21.3,83.6,1,0,12,2,1,0.00759,0,normal,0
LG-1008,2025-01-08 12:28:00,6.4914,3.362764,18.8,83.6,1,0,12,2,1,0.00897,0,normal,0
LG-1008,2025-01-08 12:28:30,6.490507,3.363081,12.7,83.6,1,0,12,2,1,0.0099,0,normal,0
LG-1008,2025-01-08 12:29:00,6.488246,3.363889,32.1,83.5,1,0,12,2,1,0.01226,0,normal,0
LG-1008,2025-01-08 12:29:30,6.487354,3.364215,12.7,83.5,1,0,12,2,1,0.0132,0,normal,0
LG-1008,2025-01-08 12:30:00,6.485268,3.365002,29.8,83.4,1,0,12,2,1,0.01541,0,normal,0
LG-1008,2025-01-08 12:30:30,6.483855,3.365691,21.0,83.4,1,0,12,2,1,0.01699,0,normal,0
LG-1008,2025-01-08 12:31:00,6.482301,3.366877,26.0,83.3,1,0,12,2,1,0.01891,0,normal,0
LG-1008,2025-01-08 12:31:30,6.481408,3.367867,17.7,83.2,1,0,12,2,1,0.02017,0,normal,0
LG-1008,2025-01-08 12:32:00,6.480688,3.368788,15.6,83.2,1,0,12,2,1,0.02125,0,normal,0
LG-1008,2025-01-08 12:32:30,6.47956,3.370246,24.5,83.2,1,0,12,2,1,0.02298,0,normal,0
LG-1008,2025-01-08 12:33:00,6.478248,3.371928,28.4,83.1,1,0,12,2,1,0.02499,0,normal,0
LG-1008,2025-01-08 12:33:30,6.477488,3.372909,16.5,83.1,1,0,12,2,1,0.02617,0,normal,0
LG-1008,2025-01-08 12:34:00,6.47646,3.374225,22.2,83.0,1,0,12,2,1,0.02777,0,normal,0
LG-1008,2025-01-08 12:34:30,6.47527,3.375413,22.4,82.9,1,0,12,2,1,0.02819,0,normal,0
LG-1008,2025-01-08 12:35:00,6.474184,3.37608,17.0,82.9,1,0,12,2,1,0.02694,0,normal,0
LG-1008,2025-01-08 12:35:30,6.47241,3.376753,25.3,82.8,1,0,12,2,1,0.02522,0,normal,0
LG-1008,2025-01-08 12:36:00,6.471312,3.377103,15.4,82.8,1,0,12,2,1,0.02422,0,normal,0
LG-1008,2025-01-08 12:36:30,6.469594,3.377645,24.0,82.8,1,0,12,2,1,0.02268,0,normal,0
LG-1008,2025-01-08 12:37:00,6.468548,3.377967,14.6,82.7,1,0,12,2,1,0.02176,0,normal,0
LG-1008,2025-01-08 12:37:30,6.466902,3.37858,23.5,82.7,1,0,12,2,1,0.02028,0,normal,0
LG-1008,2025-01-08 12:38:00,6.465665,3.37933,19.3,82.6,1,0,12,2,1,0.01896,0,normal,0
LG-1008,2025-01-08 12:38:30,6.464236,3.380248,22.7,82.6,1,0,12,2,1,0.0174,0,normal,0
LG-1008,2025-01-08 12:39:00,6.462834,3.381148,22.2,82.5,1,0,12,2,1,0.01591,0,normal,0
LG-1008,2025-01-08 12:39:30,6.460647,3.382359,33.3,82.4,1,0,12,2,1,0.01384,0,normal,0
LG-1008,2025-01-08 12:40:00,6.458925,3.382732,23.5,82.4,1,0,12,2,1,0.01288,0,normal,0
LG-1008,2025-01-08 12:40:30,6.456659,3.382174,31.2,82.3,1,0,12,2,1,0.01293,0,normal,0
LG-1008,2025-01-08 12:41:00,6.455395,3.381965,17.1,82.3,1,0,12,2,1,0.01304,0,normal,0
LG-1008,2025-01-08 12:41:30,6.45401,3.382537,20.0,82.2,1,0,12,2,1,0.0125,0,normal,0
LG-1008,2025-01-08 12:42:00,6.45331,3.38328,13.6,82.2,1,0,12,2,1,0.01184,0,normal,0
LG-1008,2025-01-08 12:42:30,6.4525,3.384705,21.8,82.1,1,0,12,2,1,0.01059,0,normal,0
LG-1008,2025-01-09 13:28:00,6.462958,3.522388,0.0,82.1,0,1,13,3,1,0.00208,0,normal,0
LG-1008,2025-01-09 13:28:30,6.462007,3.521749,15.3,82.1,1,0,13,3,1,0.003,0,normal,0
LG-1008,2025-01-09 13:29:00,6.461103,3.520499,20.5,82.1,1,0,13,3,1,0.00418,0,normal,0
LG-1008,2025-01-09 13:29:30,6.461131,3.519076,18.9,82.0,1,0,13,3,1,0.00485,0,normal,0
LG-1008,2025-01-09 13:30:00,6.460556,3.518367,12.1,82.0,1,0,13,3,1,0.00574,0,normal,0
LG-1008,2025-01-09 13:30:30,6.457491,3.518284,41.0,81.9,1,0,13,3,1,0.00838,0,normal,0
LG-1008,2025-01-09 13:31:00,6.45437,3.518196,41.7,81.8,1,0,13,3,1,0.01129,0,normal,0
LG-1008,2025-01-09 13:31:30,6.453593,3.51648,25.0,81.7,1,0,13,3,1,0.01267,0,normal,0
LG-1008,2025-01-09 13:32:00,6.453434,3.514613,24.9,81.7,1,0,13,3,1,0.01372,0,normal,0
LG-1008,2025-01-09 13:32:30,6.453162,3.511782,37.8,81.6,1,0,13,3,1,0.01564,0,normal,0
LG-1008,2025-01-09 13:33:00,6.453026,3.510285,20.0,81.5,1,0,13,3,1,0.01675,0,normal,0
LG-1008,2025-01-09 13:33:30,6.452653,3.508397,25.5,81.5,1,0,13,3,1,0.01837,0,normal,0
LG-1008,2025-01-09 13:34:00,6.450947,3.508327,22.8,81.4,1,0,13,3,1,0.01961,0,normal,0
LG-1008,2025-01-09 13:34:30,6.447935,3.508304,40.2,81.3,1,0,13,3,1,0.02188,0,normal,0
LG-1008,2025-01-09 13:35:00,6.444916,3.508135,40.4,81.2,1,0,13,3,1,0.02441,0,normal,0
LG-1008,2025-01-09 13:35:30,6.442522,3.50759,32.8,81.2,1,0,13,3,1,0.0267,0,normal,0
LG-1008,2025-01-09 13:36:00,6.441226,3.507482,17.4,81.1,1,0,13,3,1,0.02786,0,normal,0
LG-1008,2025-01-09 13:36:30,6.43914,3.507506,27.9,81.1,1,0,13,3,1,0.02964,0,normal,0
LG-1008,2025-01-09 13:37:00,6.437552,3.507578,21.2,81.0,1,0,13,3,1,0.03101,0,normal,0
LG-1008,2025-01-09 13:37:30,6.436415,3.505341,33.4,80.9,1,0,13,3,1,0.03309,0,normal,0
LG-1008,2025-01-09 13:38:00,6.43622,3.503993,18.1,80.9,1,0,13,3,1,0.03395,0,normal,0
LG-1008,2025-01-09 13:38:30,6.436052,3.502823,15.7,80.9,1,0,13,3,1,0.03472,0,normal,0
LG-1008,2025-01-09 13:39:00,6.435676,3.500281,34.1,80.8,1,0,13,3,1,0.03649,0,normal,0
LG-1008,2025-01-09 13:39:30,6.435376,3.49827,27.0,80.7,1,0,13,3,1,0.03796,0,normal,0
LG-1008,2025-01-09 13:40:00,6.434966,3.495444,37.9,80.6,1,0,13,3,1,0.04009,0,normal,0
LG-1008,2025-01-09 13:40:30,6.434792,3.494231,16.3,80.6,1,0,13,3,1,0.04103,0,normal,0
LG-1008,2025-01-09 13:41:00,6.434401,3.491483,36.8,80.5,1,0,13,3,1,0.04322,0,normal,0
LG-1008,2025-01-09 13:41:30,6.434259,3.490347,15.2,80.5,1,0,13,3,1,0.04412,0,normal,0
LG-1008,2025-01-09 13:42:00,6.434053,3.489239,15.0,80.4,1,0,13,3,1,0.04507,0,normal,0
LG-1008,2025-01-09 13:42:30,6.433759,3.48721,27.2,80.4,1,0,13,3,1,0.04676,0,normal,0
LG-1008,2025-01-09 13:43:00,6.433545,3.485687,20.4,80.3,1,0,13,3,1,0.04804,0,normal,0
LG-1008,2025-01-09 13:43:30,6.433203,3.483379,31.0,80.2,1,0,13,3,1,0.05003,0,normal,0
LG-1008,2025-01-09 13:44:00,6.433072,3.482265,14.9,80.2,1,0,13,3,1,0.05097,0,normal,0
LG-1008,2025-01-09 13:44:30,6.432887,3.481139,15.2,80.2,1,0,13,3,1,0.05197,0,normal,0
LG-1008,2025-01-09 13:45:00,6.432501,3.47855,34.8,80.1,1,0,13,3,1,0.05426,0,normal,0
LG-1008,2025-01-09 13:45:30,6.432257,3.477055,20.1,80.0,1,0,13,3,1,0.05561,0,normal,0
LG-1008,2025-01-09 13:46:00,6.431916,3.474612,32.7,80.0,1,0,13,3,1,0.05375,0,normal,0
LG-1008,2025-01-09 13:46:30,6.431544,3.471972,35.4,79.9,1,0,13,3,1,0.0511,0,normal,0
LG-1008,2025-01-09 13:47:00,6.431376,3.470791,15.8,79.9,1,0,13,3,1,0.04991,0,normal,0
LG-1008,2025-01-09 13:47:30,6.431063,3.468101,35.9,79.8,1,0,13,3,1,0.0472,0,normal,0
LG-1008,2025-01-09 13:48:00,6.430755,3.466493,21.7,79.7,1,0,13,3,1,0.04558,0,normal,0
LG-1008,2025-01-09 13:48:30,6.430473,3.464616,25.2,79.7,1,0,13,3,1,0.04369,0,normal,0
LG-1008,2025-01-09 13:49:00,6.430287,3.463379,16.6,79.6,1,0,13,3,1,0.04244,0,normal,0
LG-1008,2025-01-09 13:49:30,6.430665,3.460615,37.0,79.5,1,0,13,3,1,0.0397,0,normal,0
LG-1008,2025-01-09 13:50:00,6.432235,3.459005,29.9,79.5,1,0,13,3,1,0.03824,0,normal,0
LG-1008,2025-01-09 13:50:30,6.433859,3.457606,28.6,79.4,1,0,13,3,1,0.03707,0,normal,0
LG-1008,2025-01-09 13:51:00,6.436065,3.455384,41.7,79.3,1,0,13,3,1,0.03532,0,normal,0
LG-1008,2025-01-09 13:51:30,6.437256,3.454062,23.7,79.2,1,0,13,3,1,0.03433,0,normal,0
LG-1008,2025-01-09 13:52:00,6.437551,3.451375,35.9,79.2,1,0,13,3,1,0.03184,0,normal,0
LG-1008,2025-01-09 13:52:30,6.436478,3.449013,34.5,79.1,1,0,13,3,1,0.02927,0,normal,0
LG-1008,2025-01-09 13:53:00,6.435697,3.446068,40.5,79.0,1,0,13,3,1,0.02622,0,normal,0
LG-1008,2025-01-09 13:53:30,6.435571,3.443115,39.2,78.9,1,0,13,3,1,0.02337,0,normal,0
LG-1008,2025-01-09 13:54:00,6.437115,3.440343,42.2,78.8,1,0,13,3,1,0.02138,0,normal,0
LG-1008,2025-01-09 13:54:30,6.437877,3.439232,17.9,78.8,1,0,13,3,1,0.02074,0,normal,0
LG-1008,2025-01-09 13:55:00,6.439221,3.436817,36.7,78.7,1,0,13,3,1,0.01939,0,normal,0
LG-1008,2025-01-09 13:55:30,6.440643,3.434473,36.4,78.6,1,0,13,3,1,0.01848,0,normal,0
LG-1008,2025-01-09 13:56:00,6.440089,3.432119,32.1,78.5,1,0,13,3,1,0.01642,0,normal,0
LG-1008,2025-01-09 13:56:30,6.439704,3.430505,22.0,78.5,1,0,13,3,1,0.01508,0,normal,0
LG-1008,2025-01-09 13:57:00,6.439408,3.427395,41.5,78.4,1,0,13,3,1,0.01308,0,normal,0
LG-1008,2025-01-09 13:57:30,6.43912,3.425922,19.9,78.3,1,0,13,3,1,0.01216,0,normal,0
LG-1008,2025-01-09 13:58:00,6.43836,3.423933,28.3,78.2,1,0,13,3,1,0.01077,0,normal,0
LG-1008,2025-01-09 13:58:30,6.437486,3.421937,29.0,78.2,1,0,13,3,1,0.00953,0,normal,0
LG-1008,2025-01-09 13:59:00,6.437051,3.420595,18.7,78.1,1,0,13,3,1,0.00906,0,normal,0
LG-1008,2025-01-09 13:59:30,6.436501,3.418046,34.6,78.1,1,0,13,3,1,0.009,0,normal,0
LG-1008,2025-01-09 14:00:00,6.436313,3.416805,16.7,78.0,1,0,14,3,1,0.00931,0,normal,0
LG-1008,2025-01-09 14:00:30,6.436561,3.414284,33.6,77.9,1,0,14,3,1,0.01088,0,normal,0
LG-1008,2025-01-09 14:01:00,6.437729,3.411668,38.1,77.8,1,0,14,3,1,0.01348,0,normal,0
LG-1008,2025-01-09 14:01:30,6.438183,3.409945,23.7,77.8,1,0,14,3,1,0.01503,0,normal,0
LG-1008,2025-01-09 14:02:00,6.437693,3.407685,30.7,77.7,1,0,14,3,1,0.01647,0,normal,0
LG-1008,2025-01-09 14:02:30,6.438594,3.406621,18.6,77.7,1,0,14,3,1,0.01786,0,normal,0
LG-1008,2025-01-09 14:03:00,6.438594,3.406621,0.0,77.7,1,1,14,3,1,0.01786,0,normal,0
LG-1008,2025-01-09 14:03:30,6.438594,3.406621,0.0,77.7,1,2,14,3,1,0.01786,0,normal,0
LG-1008,2025-01-09 14:04:00,6.438594,3.406621,0.0,77.7,1,3,14,3,1,0.01786,0,normal,0
LG-1008,2025-01-09 14:04:30,6.438594,3.406621,0.0,77.7,1,4,14,3,1,0.01786,0,normal,0
LG-1008,2025-01-09 14:05:00,6.438594,3.406621,0.0,77.7,1,5,14,3,1,0.01786,0,normal,0
LG-1008,2025-01-09 14:05:30,6.438594,3.406621,0.0,77.7,1,6,14,3,1,0.01786,0,normal,0
LG-1008,2025-01-09 14:06:00,6.438594,3.406621,0.0,77.7,1,7,14,3,1,0.01786,0,normal,0
LG-1008,2025-01-09 14:06:30,6.438594,3.406621,0.0,77.7,1,8,14,3,1,0.01786,0,normal,0
LG-1008,2025-01-09 14:07:00,6.440155,3.404222,38.1,77.6,1,0,14,3,1,0.01748,0,normal,0
LG-1008,2025-01-09 14:07:30,6.441817,3.401614,41.1,77.5,1,0,14,3,1,0.01475,0,normal,0
LG-1008,2025-01-09 14:08:00,6.442622,3.400495,18.3,77.5,1,0,14,3,1,0.01354,0,normal,0
LG-1008,2025-01-09 14:08:30,6.444157,3.398483,33.7,77.4,1,0,14,3,1,0.01139,0,normal,0
LG-1008,2025-01-09 14:09:00,6.445358,3.396708,28.5,77.3,1,0,14,3,1,0.00979,0,normal,0
LG-1008,2025-01-09 14:09:30,6.44662,3.394905,29.3,77.2,1,0,14,3,1,0.00838,0,normal,0
LG-1008,2025-01-09 14:10:00,6.448066,3.392776,34.2,77.2,1,0,14,3,1,0.00728,0,normal,0
LG-1008,2025-01-09 14:10:30,6.449199,3.390998,28.0,77.1,1,0,14,3,1,0.00705,0,normal,0
LG-1008,2025-01-09 14:11:00,6.450399,3.388981,31.2,77.0,1,0,14,3,1,0.00758,0,normal,0
LG-1008,2025-01-09 14:11:30,6.451149,3.387614,20.7,77.0,1,0,14,3,1,0.00833,0,normal,0
LG-1008,2025-01-09 14:12:00,6.452056,3.385974,24.9,76.9,1,0,14,3,1,0.00949,0,normal,0
LG-1008,2025-01-09 14:12:30,6.453431,3.383408,38.7,76.8,1,0,14,3,1,0.0117,0,normal,0
LG-1008,2025-01-09 14:13:00,6.454277,3.382436,17.2,76.8,1,0,14,3,1,0.01258,0,normal,0
LG-1008,2025-01-09 14:13:30,6.456522,3.382221,30.1,76.7,1,0,14,3,1,0.01287,0,normal,0
LG-1008,2025-01-09 14:14:00,6.457894,3.382717,19.5,76.7,1,0,14,3,1,0.01262,0,normal,0
LG-1008,2025-01-09 14:14:30,6.46072,3.382471,37.9,76.6,1,0,14,3,1,0.01377,0,normal,0
LG-1008,2025-01-09 14:15:00,6.462716,3.381345,30.6,76.5,1,0,14,3,1,0.01568,0,normal,0
LG-1008,2025-01-09 14:15:30,6.464341,3.38031,25.7,76.4,1,0,14,3,1,0.01741,0,normal,0
LG-1008,2025-01-09 14:16:00,6.46569,3.379451,21.3,76.4,1,0,14,3,1,0.01887,0,normal,0
LG-1008,2025-01-09 14:16:30,6.467419,3.378454,26.6,76.3,1,0,14,3,1,0.02069,0,normal,0
LG-1008,2025-01-09 14:17:00,6.470386,3.377525,41.5,76.2,1,0,14,3,1,0.02328,0,normal,0
LG-1008,2025-01-09 14:17:30,6.472428,3.376844,28.7,76.2,1,0,14,3,1,0.02517,0,normal,0
LG-1008,2025-01-09 14:18:00,6.474346,3.376088,27.5,76.1,1,0,14,3,1,0.02705,0,normal,0
LG-1008,2025-01-09 14:18:30,6.476413,3.374447,35.2,76.0,1,0,14,3,1,0.02794,0,normal,0
LG-1008,2025-01-09 14:19:00,6.477566,3.372969,24.9,76.0,1,0,14,3,1,0.02614,0,normal,0
LG-1008,2025-01-09 14:19:30,6.478797,3.371421,26.3,75.9,1,0,14,3,1,0.02425,0,normal,0
LG-1008,2025-01-09 14:20:00,6.479866,3.369991,23.7,75.9,1,0,14,3,1,0.02258,0,normal,0
LG-1008,2025-01-09 14:20:30,6.480721,3.368897,18.5,75.8,1,0,14,3,1,0.02128,0,normal,0
LG-1008,2025-01-09 14:21:00,6.482516,3.367038,34.4,75.7,1,0,14,3,1,0.0188,0,normal,0
LG-1008,2025-01-09 14:21:30,6.484921,3.365375,39.0,75.6,1,0,14,3,1,0.01589,0,normal,0
LG-1008,2025-01-09 14:22:00,6.487683,3.364225,39.9,75.5,1,0,14,3,1,0.01292,0,normal,0
LG-1008,2025-01-09 14:22:30,6.490456,3.36323,39.3,75.5,1,0,14,3,1,0.01002,0,normal,0
LG-1008,2025-01-09 14:23:00,6.492388,3.362612,27.1,75.4,1,0,14,3,1,0.00806,0,normal,0
LG-1008,2025-01-09 14:23:30,6.493966,3.362057,22.3,75.3,1,0,14,3,1,0.00647,0,normal,0
LG-1008,2025-01-09 14:24:00,6.496365,3.361817,32.2,75.3,1,0,14,3,1,0.00464,0,normal,0
LG-1008,2025-01-09 14:24:30,6.498174,3.360552,29.4,75.2,1,0,14,3,1,0.00268,0,normal,0
LG-1008,2025-01-09 14:25:00,6.498955,3.358054,34.8,75.1,1,0,14,3,1,7e-05,0,normal,0
LG-1008,2025-01-09 14:25:30,6.498975,3.357992,0.9,75.1,0,1,14,3,1,3e-05,0,normal,0
LG-1008,2025-01-09 14:26:00,6.498975,3.357992,0.0,75.1,0,2,14,3,1,3e-05,0,normal,0
LG-1008,2025-01-09 14:26:30,6.498975,3.357992,0.0,75.1,0,3,14,3,1,3e-05,0,normal,0
LG-1008,2025-01-09 14:27:00,6.498975,3.357992,0.0,75.1,0,4,14,3,1,3e-05,0,normal,0
LG-1008,2025-01-09 14:27:30,6.498975,3.357992,0.0,75.1,0,5,14,3,1,3e-05,0,normal,0
LG-1008,2025-01-10 10:45:00,6.512708,3.370535,0.0,75.1,0,1,10,4,1,0.00272,0,normal,0
LG-1008,2025-01-10 10:45:30,6.510528,3.371151,30.2,75.0,1,0,10,4,1,0.00455,0,normal,0
LG-1008,2025-01-10 10:46:00,6.508465,3.372116,30.4,75.0,1,0,10,4,1,0.00654,0,normal,0
LG-1008,2025-01-10 10:46:30,6.506677,3.372975,26.5,74.9,1,0,10,4,1,0.00838,0,normal,0
LG-1008,2025-01-10 10:47:00,6.504201,3.373983,35.7,74.8,1,0,10,4,1,0.01098,0,normal,0
LG-1008,2025-01-10 10:47:30,6.501984,3.374887,31.9,74.7,1,0,10,4,1,0.01333,0,normal,0
LG-1008,2025-01-10 10:48:00,6.500616,3.375439,19.7,74.7,1,0,10,4,1,0.01479,0,normal,0
LG-1008,2025-01-10 10:48:30,6.497637,3.376644,42.9,74.6,1,0,10,4,1,0.01797,0,normal,0
LG-1008,2025-01-10 10:49:00,6.495767,3.377397,26.9,74.5,1,0,10,4,1,0.01966,0,normal,0
LG-1008,2025-01-10 10:49:30,6.493738,3.378216,29.2,74.5,1,0,10,4,1,0.02089,0,normal,0
LG-1008,2025-01-10 10:50:00,6.492205,3.378843,22.1,74.4,1,0,10,4,1,0.02192,0,normal,0
LG-1008,2025-01-10 10:50:30,6.489914,3.379767,33.0,74.3,1,0,10,4,1,0.02359,0,normal,0
LG-1008,2025-01-10 10:51:00,6.48729,3.380799,37.6,74.3,1,0,10,4,1,0.02563,0,normal,0
LG-1008,2025-01-10 10:51:30,6.48433,3.382113,43.2,74.2,1,0,10,4,1,0.02822,0,normal,0
LG-1008,2025-01-10 10:52:00,6.483146,3.382635,17.3,74.1,1,0,10,4,1,0.0293,0,normal,0
LG-1008,2025-01-10 10:52:30,6.479904,3.383358,44.4,74.0,1,0,10,4,1,0.02749,0,normal,0
LG-1008,2025-01-10 10:53:00,6.477413,3.382027,37.7,73.9,1,0,10,4,1,0.0259,0,normal,0
LG-1008,2025-01-10 10:53:30,6.475648,3.381747,23.9,73.9,1,0,10,4,1,0.02454,0,normal,0
LG-1008,2025-01-10 10:54:00,6.474032,3.382094,22.1,73.8,1,0,10,4,1,0.023,0,normal,0
LG-1008,2025-01-10 10:54:30,6.472197,3.38244,24.9,73.8,1,0,10,4,1,0.02129,0,normal,0
LG-1008,2025-01-10 10:55:00,6.469272,3.382528,39.1,73.7,1,0,10,4,1,0.01895,0,normal,0
LG-1008,2025-01-10 10:55:30,6.468806,3.380788,23.9,73.6,1,0,10,4,1,0.01981,0,normal,0
LG-1008,2025-01-10 10:56:00,6.469431,3.378631,29.8,73.5,1,0,10,4,1,0.02182,0,normal,0
LG-1008,2025-01-10 10:56:30,6.470356,3.376012,36.9,73.5,1,0,10,4,1,0.02442,0,normal,0
LG-1008,2025-01-10 10:57:00,6.469457,3.377687,25.3,73.4,1,0,10,4,1,0.02256,0,normal,0
LG-1008,2025-01-10 10:57:30,6.466893,3.378584,36.3,73.3,1,0,10,4,1,0.02027,0,normal,0
LG-1008,2025-01-10 10:58:00,6.464401,3.380142,39.2,73.2,1,0,10,4,1,0.01758,0,normal,0
LG-1008,2025-01-10 10:58:30,6.463071,3.380996,21.1,73.2,1,0,10,4,1,0.01616,0,normal,0
LG-1008,2025-01-10 10:59:00,6.460225,3.382478,42.8,73.1,1,0,10,4,1,0.01357,0,normal,0
LG-1008,2025-01-10 10:59:30,6.458433,3.38271,24.1,73.0,1,0,10,4,1,0.01276,0,normal,0
LG-1008,2025-01-10 11:00:00,6.457021,3.382307,19.6,73.0,1,0,11,4,1,0.01285,0,normal,0
LG-1008,2025-01-10 11:00:30,6.453808,3.382708,43.2,72.9,1,0,11,4,1,0.01235,0,normal,0
LG-1008,2025-01-10 11:01:00,6.452828,3.384022,21.8,72.8,1,0,11,4,1,0.01119,0,normal,0
LG-1008,2025-01-10 11:01:30,6.452179,3.385367,19.9,72.8,1,0,11,4,1,0.01004,0,normal,0
LG-1008,2025-01-10 11:02:00,6.450924,3.387693,35.1,72.7,1,0,11,4,1,0.00837,0,normal,0
LG-1008,2025-01-10 11:02:30,6.44997,3.38936,25.5,72.6,1,0,11,4,1,0.00756,0,normal,0
LG-1008,2025-01-10 11:03:00,6.4492,3.390631,19.8,72.6,1,0,11,4,1,0.00726,0,normal,0
LG-1008,2025-01-10 11:03:30,6.447801,3.392804,34.4,72.5,1,0,11,4,1,0.00753,0,normal,0
LG-1008,2025-01-10 11:04:00,6.446124,3.395236,39.3,72.4,1,0,11,4,1,0.00888,0,normal,0
LG-1008,2025-01-10 11:04:30,6.444412,3.397742,40.4,72.3,1,0,11,4,1,0.01094,0,normal,0
LG-1008,2025-01-10 11:05:00,6.443511,3.398989,20.5,72.3,1,0,11,4,1,0.01216,0,normal,0
LG-1008,2025-01-10 11:05:30,6.441841,3.400817,33.0,72.2,1,0,11,4,1,0.01439,0,normal,0
LG-1008,2025-01-10 11:06:00,6.44041,3.403537,40.8,72.1,1,0,11,4,1,0.0169,0,normal,0
LG-1008,2025-01-10 11:06:30,6.439593,3.404855,20.6,72.0,1,0,11,4,1,0.01829,0,normal,0
LG-1008,2025-01-10 11:07:00,6.438605,3.406181,22.0,72.0,1,0,11,4,1,0.01822,0,normal,0
LG-1008,2025-01-10 11:07:30,6.437903,3.407127,15.7,72.0,1,0,11,4,1,0.01704,0,normal,0
LG-1008,2025-01-10 11:08:00,6.437733,3.408779,22.0,71.9,1,0,11,4,1,0.01562,0,normal,0
LG-1008,2025-01-10 11:08:30,6.438093,3.410342,21.3,71.9,1,0,11,4,1,0.01468,0,normal,0
LG-1008,2025-01-10 11:09:00,6.436948,3.412952,37.9,71.8,1,0,11,4,1,0.01203,0,normal,0
LG-1008,2025-01-10 11:09:30,6.436207,3.416274,45.2,71.7,1,0,11,4,1,0.00947,0,normal,0
LG-1008,2025-01-10 11:10:00,6.436207,3.416274,0.3,71.7,1,158,11,4,1,0.00947,1,excessive_idle,0
LG-1008,2025-01-10 11:10:30,6.436207,3.416274,0.3,71.7,1,187,11,4,1,0.00947,1,excessive_idle,0
LG-1008,2025-01-10 11:11:00,6.436207,3.416274,0.0,71.7,1,188,11,4,1,0.00947,1,excessive_idle,0
LG-1008,2025-01-10 11:11:30,6.436207,3.416274,0.7,71.7,1,203,11,4,1,0.00947,1,excessive_idle,0
LG-1008,2025-01-10 11:12:00,6.436207,3.416274,1.4,71.7,1,204,11,4,1,0.00947,1,excessive_idle,0
LG-1008,2025-01-10 11:12:30,6.436207,3.416274,0.2,71.7,1,205,11,4,1,0.00947,1,excessive_idle,0
LG-1008,2025-01-10 11:13:00,6.436207,3.416274,0.7,71.7,1,206,11,4,1,0.00947,1,excessive_idle,0
LG-1008,2025-01-10 11:13:30,6.436207,3.416274,1.3,71.7,1,207,11,4,1,0.00947,1,excessive_idle,0
LG-1008,2025-01-10 11:14:00,6.436207,3.416274,1.0,71.7,1,208,11,4,1,0.00947,1,excessive_idle,0
LG-1008,2025-01-10 11:14:30,6.436207,3.416274,0.8,71.7,1,209,11,4,1,0.00947,1,excessive_idle,0
LG-1008,2025-01-10 11:15:00,6.436207,3.416274,1.0,71.7,1,210,11,4,1,0.00947,1,excessive_idle,0
LG-1008,2025-01-10 11:15:30,6.43633,3.417628,18.0,71.6,1,0,11,4,1,0.00899,0,normal,0
LG-1008,2025-01-10 11:16:00,6.436584,3.418828,16.3,71.6,1,0,11,4,1,0.00885,0,normal,0
LG-1008,2025-01-10 11:16:30,6.43689,3.420237,19.1,71.5,1,0,11,4,1,0.00892,0,normal,0
LG-1008,2025-01-10 11:17:00,6.437509,3.422241,27.9,71.5,1,0,11,4,1,0.00959,0,normal,0
LG-1008,2025-01-10 11:17:30,6.438406,3.424324,30.1,71.4,1,0,11,4,1,0.01092,0,normal,0
LG-1008,2025-01-10 11:18:00,6.438406,3.424324,0.0,71.4,1,1,11,4,1,0.01092,0,normal,0
LG-1008,2025-01-10 11:18:30,6.438406,3.424324,0.0,71.4,1,2,11,4,1,0.01092,0,normal,0
LG-1008,2025-01-10 11:19:00,6.438406,3.424324,0.0,71.4,1,3,11,4,1,0.01092,0,normal,0
LG-1008,2025-01-10 11:19:30,6.438406,3.424324,0.0,71.4,1,4,11,4,1,0.01092,0,normal,0
LG-1008,2025-01-10 11:20:00,6.438406,3.424324,0.0,71.4,1,5,11,4,1,0.01092,0,normal,0
LG-1008,2025-01-10 11:20:30,6.438406,3.424324,0.0,71.4,1,6,11,4,1,0.01092,0,normal,0
LG-1008,2025-01-10 11:21:00,6.438933,3.425721,19.8,71.4,1,0,11,4,1,0.01191,0,normal,0
LG-1008,2025-01-10 11:21:30,6.439324,3.427817,28.3,71.3,1,0,11,4,1,0.01322,0,normal,0
LG-1008,2025-01-10 11:22:00,6.439471,3.430022,29.3,71.2,1,0,11,4,1,0.01459,0,normal,0
LG-1008,2025-01-10 11:22:30,6.43975,3.431422,19.0,71.2,1,0,11,4,1,0.01571,0,normal,0
LG-1008,2025-01-10 11:23:00,6.440489,3.434627,43.7,71.1,1,0,11,4,1,0.01848,0,normal,0
LG-1008,2025-01-10 11:23:30,6.439087,3.43676,33.9,71.0,1,0,11,4,1,0.01927,0,normal,0
LG-1008,2025-01-10 11:24:00,6.438078,3.438585,27.7,70.9,1,0,11,4,1,0.02027,0,normal,0
LG-1008,2025-01-10 11:24:30,6.436789,3.440563,31.4,70.9,1,0,11,4,1,0.02145,0,normal,0
LG-1008,2025-01-10 11:25:00,6.435816,3.442206,25.4,70.8,1,0,11,4,1,0.0226,0,normal,0
LG-1008,2025-01-10 11:25:30,6.435342,3.445269,41.1,70.7,1,0,11,4,1,0.02536,0,normal,0
LG-1008,2025-01-10 11:26:00,6.43595,3.447717,33.5,70.6,1,0,11,4,1,0.02788,0,normal,0
LG-1008,2025-01-10 11:26:30,6.436629,3.449945,30.9,70.6,1,0,11,4,1,0.0302,0,normal,0
LG-1008,2025-01-10 11:27:00,6.437754,3.452977,43.0,70.5,1,0,11,4,1,0.03343,0,normal,0
LG-1008,2025-01-10 11:27:30,6.435699,3.455288,41.2,70.4,1,0,11,4,1,0.03514,0,normal,0
LG-1008,2025-01-10 11:28:00,6.433665,3.457583,40.8,70.3,1,0,11,4,1,0.03702,0,normal,0
LG-1008,2025-01-10 11:28:30,6.43238,3.458701,22.7,70.2,1,0,11,4,1,0.03795,0,normal,0
LG-1008,2025-01-10 11:29:00,6.43123,3.459714,20.4,70.2,1,0,11,4,1,0.03885,0,normal,0
LG-1008,2025-01-10 11:29:30,6.430064,3.462176,36.2,70.1,1,0,11,4,1,0.04123,0,normal,0
LG-1008,2025-01-10 11:30:00,6.430305,3.464432,30.1,70.0,1,0,11,4,1,0.04349,0,normal,0
LG-1008,2025-01-10 11:30:30,6.430657,3.467187,36.9,69.9,1,0,11,4,1,0.04626,0,normal,0
LG-1008,2025-01-10 11:31:00,6.431088,3.470112,39.3,69.8,1,0,11,4,1,0.04921,0,normal,0
LG-1008,2025-01-10 11:31:30,6.431375,3.471956,24.8,69.8,1,0,11,4,1,0.05107,0,normal,0
LG-1008,2025-01-10 11:32:00,6.43166,3.473775,24.4,69.7,1,0,11,4,1,0.0529,0,normal,0
LG-1008,2025-01-10 11:32:30,6.432002,3.476075,30.9,69.6,1,0,11,4,1,0.05522,0,normal,0
LG-1008,2025-01-10 11:33:00,6.432261,3.477872,24.1,69.6,1,0,11,4,1,0.05495,0,normal,0
LG-1008,2025-01-10 11:33:30,6.432652,3.480583,36.4,69.5,1,0,11,4,1,0.05255,0,normal,0
LG-1008,2025-01-10 11:34:00,6.433035,3.483483,38.8,69.4,1,0,11,4,1,0.05005,0,normal,0
LG-1008,2025-01-10 11:34:30,6.433388,3.485736,30.3,69.3,1,0,11,4,1,0.04811,0,normal,0
LG-1008,2025-01-10 11:35:00,6.433822,3.488575,38.1,69.3,1,0,11,4,1,0.04571,0,normal,0
LG-1008,2025-01-10 11:35:30,6.434102,3.49093,31.5,69.2,1,0,11,4,1,0.04382,0,normal,0
LG-1008,2025-01-10 11:36:00,6.434561,3.493738,37.8,69.1,1,0,11,4,1,0.04154,0,normal,0
LG-1008,2025-01-10 11:36:30,6.434824,3.495419,22.6,69.0,1,0,11,4,1,0.04021,0,normal,0
LG-1008,2025-01-10 11:37:00,6.435249,3.498295,38.6,68.9,1,0,11,4,1,0.03804,0,normal,0
LG-1008,2025-01-10 11:37:30,6.435663,3.501117,37.9,68.9,1,0,11,4,1,0.03601,0,normal,0
LG-1008,2025-01-10 11:38:00,6.435917,3.502898,23.9,68.8,1,0,11,4,1,0.0348,0,normal,0
LG-1008,2025-01-10 11:38:30,6.436275,3.50535,32.9,68.7,1,0,11,4,1,0.0332,0,normal,0
LG-1008,2025-01-10 11:39:00,6.437161,3.507694,33.3,68.6,1,0,11,4,1,0.0313,0,normal,0
LG-1008,2025-01-10 11:39:30,6.438912,3.507573,23.4,68.6,1,0,11,4,1,0.02981,0,normal,0
LG-1008,2025-01-10 11:40:00,6.441801,3.507501,38.6,68.5,1,0,11,4,1,0.02736,0,normal,0
LG-1008,2025-01-10 11:40:30,6.445141,3.508183,45.5,68.4,1,0,11,4,1,0.02419,0,normal,0
LG-1008,2025-01-10 11:41:00,6.448342,3.508318,42.8,68.3,1,0,11,4,1,0.02156,0,normal,0
LG-1008,2025-01-10 11:41:30,6.450454,3.508391,28.2,68.2,1,0,11,4,1,0.01992,0,normal,0
LG-1008,2025-01-10 11:42:00,6.452725,3.50883,30.9,68.2,1,0,11,4,1,0.018,0,normal,0
LG-1008,2025-01-10 11:42:30,6.453206,3.512258,45.9,68.1,1,0,11,4,1,0.0153,0,normal,0
LG-1008,2025-01-10 11:43:00,6.453446,3.514753,33.3,68.0,1,0,11,4,1,0.01364,0,normal,0
LG-1008,2025-01-10 11:43:30,6.453571,3.516191,19.2,67.9,1,0,11,4,1,0.01282,0,normal,0
LG-1008,2025-01-10 11:44:00,6.453673,3.517467,17.0,67.9,1,0,11,4,1,0.0122,0,normal,0
LG-1008,2025-01-10 11:44:30,6.456006,3.518245,32.8,67.8,1,0,11,4,1,0.00975,0,normal,0
LG-1008,2025-01-11 09:45:00,6.461136,3.518867,0.0,67.8,0,1,9,5,1,0.00498,0,normal,0
LG-1008,2025-01-11 09:45:30,6.456253,3.51825,65.7,67.7,1,0,9,5,1,0.00952,0,normal,0
LG-1008,2025-01-11 09:46:00,6.453294,3.513164,78.2,67.5,1,0,9,5,1,0.01467,0,normal,0
LG-1008,2025-01-11 09:46:30,6.450795,3.508326,72.4,67.3,1,0,9,5,1,0.01972,0,normal,0
LG-1008,2025-01-11 09:47:00,6.442683,3.507628,108.8,67.1,1,0,9,5,1,0.02654,0,normal,0
LG-1008,2025-01-11 09:47:30,6.436474,3.505738,86.6,66.9,1,0,9,5,1,0.03284,0,normal,0
LG-1008,2025-01-11 09:48:00,6.435871,3.501594,55.6,66.7,1,0,9,5,1,0.03557,0,normal,0
LG-1008,2025-01-11 09:48:30,6.434935,3.49523,85.4,66.5,1,0,9,5,1,0.04026,0,normal,0
LG-1008,2025-01-11 09:49:00,6.434525,3.49237,38.4,66.4,1,0,9,5,1,0.0425,0,normal,0
LG-1008,2025-01-11 09:49:30,6.433325,3.484185,109.8,66.2,1,0,9,5,1,0.04933,0,normal,0
LG-1008,2025-01-11 09:50:00,6.432719,3.480007,56.0,66.0,1,0,9,5,1,0.05297,0,normal,0
LG-1008,2025-01-11 09:50:30,6.431777,3.473613,85.8,65.8,1,0,9,5,1,0.05275,0,normal,0
LG-1008,2025-01-11 09:51:00,6.430712,3.466206,99.3,65.6,1,0,9,5,1,0.04529,0,normal,0
LG-1008,2025-01-11 09:51:30,6.430185,3.462579,48.7,65.5,1,0,9,5,1,0.04164,0,normal,0
LG-1008,2025-01-11 09:52:00,6.434595,3.456894,95.7,65.3,1,0,9,5,1,0.03649,0,normal,0
LG-1008,2025-01-11 09:52:30,6.436543,3.454826,37.8,65.2,1,0,9,5,1,0.03489,0,normal,0
LG-1008,2025-01-11 09:53:00,6.436978,3.450302,60.3,65.1,1,0,9,5,1,0.03065,0,normal,0
LG-1008,2025-01-11 09:53:30,6.435455,3.445137,71.5,64.9,1,0,9,5,1,0.02526,0,normal,0
LG-1008,2025-01-11 09:54:00,6.43691,3.440653,62.6,64.7,1,0,9,5,1,0.02158,0,normal,0
LG-1008,2025-01-11 09:54:30,6.440172,3.4356,80.0,64.6,1,0,9,5,1,0.01901,0,normal,0
LG-1008,2025-01-11 09:55:00,6.439469,3.428005,101.3,64.3,1,0,9,5,1,0.01344,0,normal,0
LG-1008,2025-01-11 09:55:30,6.43822,3.423621,60.5,64.2,1,0,9,5,1,0.01055,0,normal,0
LG-1008,2025-01-11 09:56:00,6.43647,3.417916,79.2,64.0,1,0,9,5,1,0.00901,0,normal,0
LG-1008,2025-01-11 09:56:30,6.43814,3.410654,98.9,63.8,1,0,9,5,1,0.01449,0,normal,0
LG-1008,2025-01-11 09:57:00,6.439871,3.404633,83.2,63.6,1,0,9,5,1,0.01794,0,normal,0
LG-1008,2025-01-11 09:57:30,6.441624,3.4022,39.9,63.5,1,0,9,5,1,0.01519,0,normal,0
LG-1008,2025-01-11 09:58:00,6.441926,3.404087,25.4,63.4,1,0,9,5,1,0.01592,0,normal,0
LG-1008,2025-01-11 09:58:30,6.443999,3.406268,40.1,63.3,1,0,9,5,1,0.01575,0,normal,0
LG-1008,2025-01-11 09:59:00,6.449732,3.408002,80.0,63.1,1,0,9,5,1,0.01403,0,normal,0
LG-1008,2025-01-11 09:59:30,6.455595,3.408316,78.4,62.9,1,0,9,5,1,0.01333,0,normal,0
LG-1008,2025-01-11 10:00:00,6.458573,3.40237,88.4,62.7,1,0,10,5,1,0.00819,0,normal,0
LG-1008,2025-01-11 10:00:30,6.459553,3.398934,47.5,62.6,1,0,10,5,1,0.00602,0,normal,0
LG-1008,2025-01-11 10:01:00,6.461694,3.395844,50.0,62.5,1,0,10,5,1,0.00675,0,normal,0
LG-1008,2025-01-11 10:01:30,6.467123,3.39164,91.5,62.3,1,0,10,5,1,0.01258,0,normal,0
LG-1008,2025-01-11 10:02:00,6.47058,3.390646,48.0,62.2,1,0,10,5,1,0.01618,0,normal,0
LG-1008,2025-01-11 10:02:30,6.475934,3.390564,71.5,62.0,1,0,10,5,1,0.0214,0,normal,0
LG-1008,2025-01-11 10:03:00,6.48231,3.392887,90.6,61.8,1,0,10,5,1,0.02739,0,normal,0
LG-1008,2025-01-11 10:03:30,6.487855,3.396058,85.2,61.6,1,0,10,5,1,0.03287,0,normal,0
LG-1008,2025-01-11 10:04:00,6.491254,3.398058,52.6,61.5,1,0,10,5,1,0.03525,0,normal,0
LG-1008,2025-01-11 10:04:30,6.495308,3.39991,59.5,61.4,1,0,10,5,1,0.03416,0,normal,0
LG-1008,2025-01-11 10:05:00,6.502969,3.402699,108.8,61.1,1,0,10,5,1,0.03297,0,normal,0
LG-1008,2025-01-11 10:05:30,6.507929,3.404462,70.3,60.9,1,0,10,5,1,0.03322,0,normal,0
LG-1008,2025-01-11 10:06:00,6.510868,3.40516,40.3,60.8,1,0,10,5,1,0.03342,0,normal,0
LG-1008,2025-01-11 10:06:30,6.514838,3.405568,53.3,60.7,1,0,10,5,1,0.03357,0,normal,0
LG-1008,2025-01-11 10:07:00,6.519501,3.405328,62.4,60.6,1,0,10,5,1,0.03363,0,normal,0
LG-1008,2025-01-11 10:07:30,6.527526,3.403176,110.0,60.3,1,0,10,5,1,0.0336,0,normal,0
LG-1008,2025-01-11 10:08:00,6.53177,3.40182,59.5,60.2,1,0,10,5,1,0.03421,0,normal,0
LG-1008,2025-01-11 10:08:30,6.534553,3.40093,39.0,60.1,1,0,10,5,1,0.03492,0,normal,0
LG-1008,2025-01-11 10:09:00,6.540079,3.399944,75.0,59.9,1,0,10,5,1,0.03755,1,route_deviation,0
LG-1008,2025-01-11 10:09:30,6.540079,3.399944,0.0,59.9,1,1,10,5,1,0.03755,1,route_deviation,0
LG-1008,2025-01-11 10:10:00,6.540079,3.399944,0.0,59.9,1,2,10,5,1,0.03755,1,route_deviation,0
LG-1008,2025-01-11 10:10:30,6.540079,3.399944,0.0,59.9,1,3,10,5,1,0.03755,1,route_deviation,0
LG-1008,2025-01-11 10:11:00,6.540079,3.399944,0.0,59.9,1,4,10,5,1,0.03755,1,route_deviation,0
LG-1008,2025-01-11 10:11:30,6.540079,3.399944,0.0,59.9,1,5,10,5,1,0.03755,1,route_deviation,0
LG-1008,2025-01-11 10:12:00,6.540079,3.399944,0.0,59.9,1,6,10,5,1,0.03755,1,route_deviation,0
LG-1008,2025-01-11 10:12:30,6.543224,3.399186,43.2,59.8,1,0,10,5,1,0.03919,1,route_deviation,0
LG-1008,2025-01-11 10:13:00,6.547232,3.39765,57.3,59.7,1,0,10,5,1,0.04119,1,route_deviation,0
LG-1008,2025-01-11 10:13:30,6.555426,3.396751,110.0,59.4,1,0,10,5,1,0.0474,1,route_deviation,0
LG-1008,2025-01-11 10:14:00,6.561961,3.39555,88.7,59.2,1,0,10,5,1,0.05253,1,route_deviation,0
LG-1008,2025-01-11 10:14:30,6.564968,3.396072,40.8,59.1,1,0,10,5,1,0.05546,1,route_deviation,0
LG-1008,2025-01-11 10:15:00,6.570131,3.397104,70.3,59.0,1,0,10,5,1,0.05811,1,route_deviation,0
LG-1008,2025-01-11 10:15:30,6.573815,3.397599,49.6,58.8,1,0,10,5,1,0.05744,1,route_deviation,0
LG-1008,2025-01-11 10:16:00,6.577112,3.396674,45.7,58.7,1,0,10,5,1,0.05512,1,route_deviation,0
LG-1008,2025-01-11 10:16:30,6.581781,3.392867,80.3,58.5,1,0,10,5,1,0.04973,1,route_deviation,0
LG-1008,2025-01-11 10:17:00,6.585977,3.389187,74.3,58.4,1,0,10,5,1,0.04478,1,route_deviation,0
LG-1008,2025-01-11 10:17:30,6.591325,3.384835,91.9,58.2,1,0,10,5,1,0.03905,1,route_deviation,0
LG-1008,2025-01-11 10:18:00,6.597445,3.380122,102.9,57.9,1,0,10,5,1,0.03331,1,route_deviation,0
LG-1008,2025-01-11 10:18:30,6.600721,3.377584,55.2,57.8,1,0,10,5,1,0.03059,1,route_deviation,0
LG-1008,2025-01-11 10:19:00,6.60694,3.372717,105.2,57.5,1,0,10,5,1,0.02639,1,route_deviation,0
LG-1008,2025-01-11 10:19:30,6.611393,3.36924,75.3,57.4,1,0,10,5,1,0.02455,1,route_deviation,0
LG-1008,2025-01-11 10:20:00,6.614794,3.366763,56.1,57.2,1,0,10,5,1,0.0241,1,route_deviation,0
LG-1008,2025-01-11 10:20:30,6.62178,3.364257,99.1,57.0,1,0,10,5,1,0.02701,1,route_deviation,0
LG-1008,2025-01-11 10:21:00,6.62474,3.364033,39.7,56.9,1,0,10,5,1,0.02922,1,route_deviation,0
LG-1008,2025-01-11 10:21:30,6.630535,3.364887,78.2,56.7,1,0,10,5,1,0.03453,1,route_deviation,0
LG-1008,2025-01-11 10:22:00,6.636513,3.368013,90.0,56.5,1,0,10,5,1,0.04126,1,route_deviation,0
LG-1008,2025-01-11 10:22:30,6.639588,3.371036,57.4,56.4,1,0,10,5,1,0.04546,1,route_deviation,0
LG-1008,2025-01-11 10:23:00,6.643475,3.377512,100.4,56.1,1,0,10,5,1,0.0523,1,route_deviation,0
LG-1008,2025-01-11 10:23:30,6.645323,3.38118,54.6,56.0,1,0,10,5,1,0.05597,1,route_deviation,0
LG-1008,2025-01-11 10:24:00,6.648748,3.387781,98.8,55.8,1,0,10,5,1,0.06279,1,route_deviation,0
LG-1008,2025-01-11 10:24:30,6.650261,3.390612,42.7,55.7,1,0,10,5,1,0.06579,1,route_deviation,0
LG-1008,2025-01-11 10:25:00,6.652201,3.393715,48.6,55.6,1,0,10,5,1,0.06931,1,route_deviation,0
LG-1008,2025-01-11 10:25:30,6.655311,3.39748,65.0,55.4,1,0,10,5,1,0.07415,1,route_deviation,0
LG-1008,2025-01-11 10:26:00,6.661101,3.40224,99.9,55.2,1,0,10,5,1,0.08163,1,route_deviation,0
LG-1008,2025-01-11 10:26:30,6.664223,3.403982,47.7,55.1,1,0,10,5,1,0.08511,1,route_deviation,0
LG-1008,2025-01-11 10:27:00,6.671283,3.40688,101.8,54.8,1,0,10,5,1,0.09233,1,route_deviation,0
LG-1008,2025-01-11 10:27:30,6.675049,3.408371,54.1,54.7,1,0,10,5,1,0.09617,1,route_deviation,0
LG-1008,2025-01-11 10:28:00,6.679955,3.410339,70.5,54.6,1,0,10,5,1,0.10122,1,route_deviation,0
LG-1008,2025-01-11 10:28:30,6.684343,3.412111,63.2,54.4,1,0,10,5,1,0.10576,1,route_deviation,0
LG-1008,2025-01-11 10:29:00,6.687524,3.413395,45.8,54.3,1,0,10,5,1,0.10906,1,route_deviation,0
LG-1008,2025-01-11 10:29:30,6.69526,3.415414,106.8,54.0,1,0,10,5,1,0.11647,1,route_deviation,0
LG-1008,2025-01-11 10:30:00,6.700453,3.415681,69.5,53.9,1,0,10,5,1,0.12086,1,route_deviation,0
LG-1008,2025-01-11 10:30:30,6.707038,3.41515,88.2,53.7,1,0,10,5,1,0.12605,1,route_deviation,0
LG-1008,2025-01-11 10:31:00,6.712983,3.414633,79.7,53.5,1,0,10,5,1,0.13082,1,route_deviation,0
LG-1008,2025-01-11 10:31:30,6.718525,3.41422,74.2,53.3,1,0,10,5,1,0.13539,1,route_deviation,0
LG-1008,2025-01-11 10:32:00,6.724694,3.414695,82.6,53.1,1,0,10,5,1,0.14101,1,route_deviation,0
LG-1008,2025-01-11 10:32:30,6.732098,3.416946,103.3,52.9,1,0,10,5,1,0.14859,1,route_deviation,0
LG-1008,2025-01-11 10:33:00,6.738012,3.41999,88.7,52.7,1,0,10,5,1,0.15524,1,route_deviation,0
LG-1008,2025-01-11 10:33:30,6.74343,3.421822,76.3,52.5,1,0,10,5,1,0.16089,1,route_deviation,0
LG-1008,2025-01-11 10:34:00,6.749711,3.422707,84.7,52.3,1,0,10,5,1,0.16687,1,route_deviation,0
LG-1008,2025-01-11 10:34:30,6.755847,3.422943,82.0,52.1,1,0,10,5,1,0.17247,1,route_deviation,0
LG-1008,2025-01-11 10:35:00,6.761022,3.423147,69.2,52.0,1,0,10,5,1,0.17722,1,route_deviation,0
LG-1008,2025-01-11 10:35:30,6.767259,3.423401,83.4,51.8,1,0,10,5,1,0.18297,1,route_deviation,0
LG-1008,2025-01-11 10:36:00,6.772491,3.423614,70.0,51.6,1,0,10,5,1,0.18783,1,route_deviation,0
LG-1008,2025-01-11 10:36:30,6.779465,3.423893,93.2,51.4,1,0,10,5,1,0.19432,1,route_deviation,0
LG-1008,2025-01-11 10:37:00,6.787519,3.425016,108.6,51.1,1,0,10,5,1,0.20218,1,route_deviation,0
LG-1008,2025-01-11 10:37:30,6.794968,3.428139,107.8,50.9,1,0,10,5,1,0.21026,1,route_deviation,0
LG-1008,2025-01-11 10:38:00,6.800842,3.432488,97.4,50.6,1,0,10,5,1,0.21736,1,route_deviation,0
LG-1008,2025-01-11 10:38:30,6.80487,3.437076,81.2,50.5,1,0,10,5,1,0.22288,1,route_deviation,0
LG-1008,2025-01-11 10:39:00,6.808452,3.443007,92.1,50.2,1,0,10,5,1,0.22859,1,route_deviation,0
LG-1008,2025-01-11 10:39:30,6.810579,3.44611,50.0,50.1,1,0,10,5,1,0.23183,1,route_deviation,0
LG-1008,2025-01-11 10:40:00,6.810475,3.445642,6.4,50.1,1,0,10,5,1,0.23154,1,route_deviation,0
LG-1008,2025-01-11 10:40:30,6.808149,3.442143,55.9,50.0,1,0,10,5,1,0.22795,1,route_deviation,0
LG-1008,2025-01-11 10:41:00,6.806779,3.439709,37.1,49.9,1,0,10,5,1,0.2257,1,route_deviation,0
LG-1008,2025-01-11 10:41:30,6.808536,3.438372,29.4,49.8,1,0,10,5,1,0.22676,1,route_deviation,0
LG-1008,2025-01-11 10:42:00,6.808536,3.438372,0.0,49.8,0,1,10,5,1,0.22676,1,route_deviation,0
LG-1008,2025-01-11 10:42:30,6.808536,3.438372,0.0,49.8,0,2,10,5,1,0.22676,1,route_deviation,0
LG-1008,2025-01-11 10:43:00,6.808536,3.438372,0.0,49.8,0,3,10,5,1,0.22676,1,route_deviation,0
LG-1008,2025-01-11 10:43:30,6.808536,3.438372,0.0,49.8,0,4,10,5,1,0.22676,1,route_deviation,0
LG-1008,2025-01-11 10:44:00,6.808536,3.438372,0.0,49.8,0,5,10,5,1,0.22676,1,route_deviation,0
LG-1008,2025-01-11 10:44:30,6.808536,3.438372,0.0,49.8,0,6,10,5,1,0.22676,1,route_deviation,0
LG-1009,2025-01-06 15:40:00,6.448894,3.359935,0.0,81.7,0,1,15,0,1,0.00094,0,normal,0
LG-1009,2025-01-06 15:40:30,6.448487,3.360929,14.3,81.7,1,0,15,0,1,0.002,0,normal,0
LG-1009,2025-01-06 15:41:00,6.447965,3.362172,17.9,81.6,1,0,15,0,1,0.00334,0,normal,0
LG-1009,2025-01-06 15:41:30,6.447539,3.363244,15.3,81.6,1,0,15,0,1,0.00449,0,normal,0
LG-1009,2025-01-06 15:42:00,6.446742,3.365244,28.6,81.5,1,0,15,0,1,0.00664,0,normal,0
LG-1009,2025-01-06 15:42:30,6.446431,3.366197,13.3,81.5,1,0,15,0,1,0.00764,0,normal,0
LG-1009,2025-01-06 15:43:00,6.448637,3.367106,31.8,81.4,1,0,15,0,1,0.00811,0,normal,0
LG-1009,2025-01-06 15:43:30,6.448801,3.368254,15.4,81.4,1,0,15,0,1,0.00926,0,normal,0
LG-1009,2025-01-06 15:44:00,6.449697,3.368014,12.4,81.4,1,0,15,0,1,0.00904,0,normal,0
LG-1009,2025-01-06 15:44:30,6.450523,3.367679,11.9,81.3,1,0,15,0,1,0.00881,0,normal,0
LG-1009,2025-01-06 15:45:00,6.452512,3.366935,28.3,81.3,1,0,15,0,1,0.00868,0,normal,0
LG-1009,2025-01-06 15:45:30,6.453732,3.366425,17.6,81.2,1,0,15,0,1,0.0088,0,normal,0
LG-1009,2025-01-06 15:46:00,6.455332,3.365684,23.5,81.2,1,0,15,0,1,0.00921,0,normal,0
LG-1009,2025-01-06 15:46:30,6.456294,3.365218,14.3,81.1,1,0,15,0,1,0.00958,0,normal,0
LG-1009,2025-01-06 15:47:00,6.458744,3.364388,34.5,81.1,1,0,15,0,1,0.01113,0,normal,0
LG-1009,2025-01-06 15:47:30,6.459833,3.364301,14.6,81.0,1,0,15,0,1,0.01206,0,normal,0
LG-1009,2025-01-06 15:48:00,6.461426,3.364279,21.3,81.0,1,0,15,0,1,0.0135,0,normal,0
LG-1009,2025-01-06 15:48:30,6.463787,3.364226,31.6,80.9,1,0,15,0,1,0.01568,0,normal,0
LG-1009,2025-01-06 15:49:00,6.465087,3.364155,17.4,80.9,1,0,15,0,1,0.01689,0,normal,0
LG-1009,2025-01-06 15:49:30,6.466409,3.363939,17.9,80.8,1,0,15,0,1,0.0181,0,normal,0
LG-1009,2025-01-06 15:50:00,6.468667,3.363587,30.5,80.7,1,0,15,0,1,0.02019,0,normal,0
LG-1009,2025-01-06 15:50:30,6.469986,3.363295,18.0,80.7,1,0,15,0,1,0.02142,0,normal,0
LG-1009,2025-01-06 15:51:00,6.470849,3.363128,11.7,80.7,1,0,15,0,1,0.02224,0,normal,0
LG-1009,2025-01-06 15:51:30,6.472459,3.363002,21.6,80.6,1,0,15,0,1,0.0238,0,normal,0
LG-1009,2025-01-06 15:52:00,6.473336,3.363179,11.9,80.6,1,0,15,0,1,0.02469,0,normal,0
LG-1009,2025-01-06 15:52:30,6.475573,3.364206,32.8,80.5,1,0,15,0,1,0.02424,0,normal,0
LG-1009,2025-01-06 15:53:00,6.477369,3.365075,26.6,80.5,1,0,15,0,1,0.02276,0,normal,0
LG-1009,2025-01-06 15:53:30,6.47907,3.365906,25.3,80.4,1,0,15,0,1,0.02144,0,normal,0
LG-1009,2025-01-06 15:54:00,6.480225,3.366307,16.3,80.4,1,0,15,0,1,0.02053,0,normal,0
LG-1009,2025-01-06 15:54:30,6.482306,3.366376,27.8,80.3,1,0,15,0,1,0.01868,0,normal,0
LG-1009,2025-01-06 15:55:00,6.484228,3.365681,27.3,80.2,1,0,15,0,1,0.01665,0,normal,0
LG-1009,2025-01-06 15:55:30,6.485097,3.365231,13.1,80.2,1,0,15,0,1,0.01567,0,normal,0
LG-1009,2025-01-06 15:56:00,6.487342,3.364349,32.2,80.1,1,0,15,0,1,0.01327,0,normal,0
LG-1009,2025-01-06 15:56:30,6.489118,3.363711,25.2,80.1,1,0,15,0,1,0.01141,0,normal,0
LG-1009,2025-01-06 15:57:00,6.491246,3.362957,30.1,80.0,1,0,15,0,1,0.0092,0,normal,0
LG-1009,2025-01-06 15:57:30,6.492495,3.36249,17.8,80.0,1,0,15,0,1,0.0079,0,normal,0
LG-1009,2025-01-06 15:58:00,6.493516,3.362117,14.5,79.9,1,0,15,0,1,0.00686,0,normal,0
LG-1009,2025-01-06 15:58:30,6.49556,3.361672,27.9,79.9,1,0,15,0,1,0.00503,0,normal,0
LG-1009,2025-01-06 15:59:00,6.497803,3.361898,30.1,79.8,1,0,15,0,1,0.00408,0,normal,0
LG-1009,2025-01-06 15:59:30,6.499299,3.362293,20.7,79.7,1,0,15,0,1,0.0043,0,normal,0
LG-1009,2025-01-06 16:00:00,6.500163,3.362596,12.2,79.7,1,0,16,0,1,0.00474,0,normal,0
LG-1009,2025-01-06 16:00:30,6.502331,3.363374,30.8,79.6,1,0,16,0,1,0.00632,0,normal,0
LG-1009,2025-01-06 16:01:00,6.503493,3.363789,16.5,79.6,1,0,16,0,1,0.00733,0,normal,0
LG-1009,2025-01-06 16:01:30,6.504916,3.364083,19.4,79.6,1,0,16,0,1,0.00849,0,normal,0
LG-1009,2025-01-06 16:02:00,6.504916,3.364083,0.0,79.6,1,1,16,0,1,0.00849,0,normal,0
LG-1009,2025-01-06 16:02:30,6.504916,3.364083,0.0,79.6,1,2,16,0,1,0.00849,0,normal,0
LG-1009,2025-01-06 16:03:00,6.504916,3.364083,0.0,79.6,1,3,16,0,1,0.00849,0,normal,0
LG-1009,2025-01-06 16:03:30,6.504916,3.364083,0.0,79.6,1,4,16,0,1,0.00849,0,normal,0
LG-1009,2025-01-06 16:04:00,6.506842,3.363674,26.3,79.5,1,0,16,0,1,0.00968,0,normal,0
LG-1009,2025-01-06 16:04:30,6.507862,3.363432,14.0,79.5,1,0,16,0,1,0.01039,0,normal,0
LG-1009,2025-01-06 16:05:00,6.50884,3.363227,13.3,79.4,1,0,16,0,1,0.01072,0,normal,0
LG-1009,2025-01-06 16:05:30,6.509756,3.363204,12.2,79.4,1,0,16,0,1,0.01024,0,normal,0
LG-1009,2025-01-06 16:06:00,6.512136,3.363868,33.0,79.3,1,0,16,0,1,0.00862,0,normal,0
LG-1009,2025-01-06 16:06:30,6.513484,3.364308,18.9,79.3,1,0,16,0,1,0.00784,0,normal,0
LG-1009,2025-01-06 16:07:00,6.515382,3.365014,27.0,79.2,1,0,16,0,1,0.007,0,normal,0
LG-1009,2025-01-06 16:07:30,6.517832,3.365498,33.3,79.1,1,0,16,0,1,0.00709,0,normal,0
LG-1009,2025-01-06 16:08:00,6.519801,3.36508,26.9,79.1,1,0,16,0,1,0.00842,0,normal,0
LG-1009,2025-01-06 16:08:30,6.521342,3.364169,23.9,79.0,1,0,16,0,1,0.01008,0,normal,0
LG-1009,2025-01-06 16:09:00,6.522891,3.363283,23.8,79.0,1,0,16,0,1,0.01176,0,normal,0
LG-1009,2025-01-06 16:09:30,6.524021,3.362257,20.3,78.9,1,0,16,0,1,0.01328,0,normal,0
LG-1009,2025-01-06 16:10:00,6.525202,3.360742,25.6,78.9,1,0,16,0,1,0.01519,0,normal,0
LG-1009,2025-01-06 16:10:30,6.526359,3.358531,33.2,78.8,1,0,16,0,1,0.01762,0,normal,0
LG-1009,2025-01-06 16:11:00,6.526648,3.356299,29.9,78.7,1,0,16,0,1,0.01955,0,normal,0
LG-1009,2025-01-06 16:11:30,6.527111,3.354767,21.3,78.7,1,0,16,0,1,0.02106,0,normal,0
LG-1009,2025-01-06 16:12:00,6.528284,3.353963,19.0,78.6,1,0,16,0,1,0.0224,0,normal,0
LG-1009,2025-01-06 16:12:30,6.530597,3.353262,32.3,78.5,1,0,16,0,1,0.02438,0,normal,0
LG-1009,2025-01-06 16:13:00,6.531665,3.352955,14.8,78.5,1,0,16,0,1,0.02531,0,normal,0
LG-1009,2025-01-06 16:13:30,6.533939,3.352347,31.4,78.4,1,0,16,0,1,0.02392,0,normal,0
LG-1009,2025-01-06 16:14:00,6.535208,3.352637,17.4,78.4,1,0,16,0,1,0.02296,0,normal,0
LG-1009,2025-01-06 16:14:30,6.537001,3.353776,28.3,78.3,1,0,16,0,1,0.02207,0,normal,0
LG-1009,2025-01-06 16:15:00,6.538921,3.35501,30.4,78.3,1,0,16,0,1,0.02133,0,normal,0
LG-1009,2025-01-06 16:15:30,6.540305,3.356009,22.8,78.2,1,0,16,0,1,0.02101,0,normal,0
LG-1009,2025-01-06 16:16:00,6.541295,3.356704,16.1,78.2,1,0,16,0,1,0.02084,0,normal,0
LG-1009,2025-01-06 16:16:30,6.543522,3.356812,29.8,78.1,1,0,16,0,1,0.01954,0,normal,0
LG-1009,2025-01-06 16:17:00,6.544931,3.356254,20.2,78.1,1,0,16,0,1,0.01828,0,normal,0
LG-1009,2025-01-06 16:17:30,6.546258,3.355711,19.1,78.0,1,0,16,0,1,0.01711,0,normal,0
LG-1009,2025-01-06 16:18:00,6.547898,3.355057,23.6,78.0,1,0,16,0,1,0.01575,0,normal,0
LG-1009,2025-01-06 16:18:30,6.549408,3.354433,21.8,77.9,1,0,16,0,1,0.01455,0,normal,0
LG-1009,2025-01-06 16:19:00,6.551319,3.353643,27.6,77.8,1,0,16,0,1,0.01317,0,normal,0
LG-1009,2025-01-06 16:19:30,6.552348,3.353219,14.9,77.8,1,0,16,0,1,0.0125,0,normal,0
LG-1009,2025-01-06 16:20:00,6.55386,3.352595,21.8,77.8,1,0,16,0,1,0.01165,0,normal,0
LG-1009,2025-01-06 16:20:30,6.556105,3.35166,32.5,77.7,1,0,16,0,1,0.01072,0,normal,0
LG-1009,2025-01-06 16:21:00,6.556971,3.351304,12.5,77.6,1,0,16,0,1,0.01049,0,normal,0
LG-1009,2025-01-06 16:21:30,6.558534,3.350707,22.3,77.6,1,0,16,0,1,0.01033,0,normal,0
LG-1009,2025-01-06 16:22:00,6.560421,3.349967,27.1,77.5,1,0,16,0,1,0.01048,0,normal,0
LG-1009,2025-01-06 16:22:30,6.562667,3.349057,32.3,77.5,1,0,16,0,1,0.01112,0,normal,0
LG-1009,2025-01-06 16:23:00,6.564426,3.348308,25.5,77.4,1,0,16,0,1,0.01193,0,normal,0
LG-1009,2025-01-06 16:23:30,6.566577,3.347455,30.9,77.3,1,0,16,0,1,0.01325,0,normal,0
LG-1009,2025-01-06 16:24:00,6.567746,3.346979,16.8,77.3,1,0,16,0,1,0.01408,0,normal,0
LG-1009,2025-01-06 16:24:30,6.569134,3.346436,19.9,77.2,1,0,16,0,1,0.01514,0,normal,0
LG-1009,2025-01-06 16:25:00,6.571467,3.345485,33.6,77.2,1,0,16,0,1,0.01707,0,normal,0
LG-1009,2025-01-06 16:25:30,6.573708,3.344567,32.3,77.1,1,0,16,0,1,0.01905,0,normal,0
LG-1009,2025-01-06 16:26:00,6.575422,3.343873,24.7,77.0,1,0,16,0,1,0.02062,0,normal,0
LG-1009,2025-01-06 16:26:30,6.576996,3.343219,22.8,77.0,1,0,16,0,1,0.02211,0,normal,0
LG-1009,2025-01-06 16:27:00,6.578538,3.3426,22.2,76.9,1,0,16,0,1,0.02289,0,normal,0
LG-1009,2025-01-06 16:27:30,6.579444,3.342234,13.0,76.9,1,0,16,0,1,0.02208,0,normal,0
LG-1009,2025-01-06 16:28:00,6.581696,3.341315,32.5,76.8,1,0,16,0,1,0.02012,0,normal,0
LG-1009,2025-01-06 16:28:30,6.583831,3.340452,30.7,76.7,1,0,16,0,1,0.01838,0,normal,0
LG-1009,2025-01-06 16:29:00,6.585379,3.339823,22.3,76.7,1,0,16,0,1,0.01719,0,normal,0
LG-1009,2025-01-06 16:29:30,6.586643,3.339315,18.2,76.6,1,0,16,0,1,0.01628,0,normal,0
LG-1009,2025-01-06 16:30:00,6.588006,3.338758,19.7,76.6,1,0,16,0,1,0.01539,0,normal,0
LG-1009,2025-01-06 16:30:30,6.58902,3.338362,14.5,76.6,1,0,16,0,1,0.01477,0,normal,0
LG-1009,2025-01-06 16:31:00,6.591003,3.337573,28.5,76.5,1,0,16,0,1,0.01374,0,normal,0
LG-1009,2025-01-06 16:31:30,6.592713,3.336875,24.6,76.4,1,0,16,0,1,0.01308,0,normal,0
LG-1009,2025-01-06 16:32:00,6.593894,3.336373,17.1,76.4,1,0,16,0,1,0.01278,0,normal,0
LG-1009,2025-01-06 16:32:30,6.59566,3.335847,24.6,76.3,1,0,16,0,1,0.01237,0,normal,0
LG-1009,2025-01-06 16:33:00,6.59596,3.338391,34.0,76.3,1,0,16,0,1,0.00998,0,normal,0
LG-1009,2025-01-06 16:33:30,6.596138,3.339456,14.3,76.2,1,0,16,0,1,0.00897,0,normal,0
LG-1009,2025-01-06 16:34:00,6.596962,3.340906,22.2,76.2,1,0,16,0,1,0.00731,0,normal,0
LG-1009,2025-01-06 16:34:30,6.597944,3.342267,22.3,76.1,1,0,16,0,1,0.00563,0,normal,0
LG-1009,2025-01-06 16:35:00,6.598884,3.342938,15.4,76.1,1,0,16,0,1,0.00458,0,normal,0
LG-1009,2025-01-06 16:35:30,6.60055,3.343627,24.1,76.0,1,0,16,0,1,0.0034,0,normal,0
LG-1009,2025-01-06 16:36:00,6.601652,3.344629,19.8,76.0,1,0,16,0,1,0.00246,0,normal,0
LG-1009,2025-01-06 16:36:30,6.602408,3.345213,12.7,76.0,1,0,16,0,1,0.00227,0,normal,0
LG-1009,2025-01-06 16:37:00,6.602343,3.346238,13.6,75.9,1,0,16,0,1,0.00154,0,normal,0
LG-1009,2025-01-06 16:37:30,6.601097,3.346763,18.0,75.9,1,0,16,0,1,0.00026,0,normal,0
LG-1009,2025-01-06 16:38:00,6.601097,3.346763,0.0,75.9,0,1,16,0,1,0.00026,0,normal,0
LG-1009,2025-01-06 16:38:30,6.601097,3.346763,0.0,75.9,0,2,16,0,1,0.00026,0,normal,0
LG-1009,2025-01-06 16:39:00,6.601097,3.346763,0.0,75.9,0,3,16,0,1,0.00026,0,normal,0
LG-1009,2025-01-06 16:39:30,6.601097,3.346763,0.0,75.9,0,4,16,0,1,0.00026,0,normal,0
LG-1009,2025-01-07 14:47:00,6.555415,3.341945,0.0,75.9,0,1,14,1,1,0.00103,0,normal,0
LG-1009,2025-01-07 14:47:30,6.556482,3.342402,15.5,75.9,1,0,14,1,1,0.00204,0,normal,0
LG-1009,2025-01-07 14:48:00,6.556453,3.343223,10.9,75.8,1,0,14,1,1,0.00266,0,normal,0
LG-1009,2025-01-07 14:48:30,6.556435,3.34443,16.0,75.8,1,0,14,1,1,0.00372,0,normal,0
LG-1009,2025-01-07 14:49:00,6.556462,3.345591,15.4,75.8,1,0,14,1,1,0.00482,0,normal,0
LG-1009,2025-01-07 14:49:30,6.556473,3.346289,9.3,75.7,1,0,14,1,1,0.00549,0,normal,0
LG-1009,2025-01-07 14:50:00,6.556497,3.347301,13.4,75.7,1,0,14,1,1,0.00648,0,normal,0
LG-1009,2025-01-07 14:50:30,6.556492,3.348936,21.7,75.7,1,0,14,1,1,0.00808,0,normal,0
LG-1009,2025-01-07 14:51:00,6.556509,3.350344,18.7,75.6,1,0,14,1,1,0.00947,0,normal,0
LG-1009,2025-01-07 14:51:30,6.555943,3.351635,18.7,75.6,1,0,14,1,1,0.01068,0,normal,0
LG-1009,2025-01-07 14:52:00,6.554684,3.352152,18.2,75.5,1,0,14,1,1,0.01116,0,normal,0
LG-1009,2025-01-07 14:52:30,6.55305,3.352829,23.6,75.5,1,0,14,1,1,0.01199,0,normal,0
LG-1009,2025-01-07 14:53:00,6.551486,3.353475,22.6,75.4,1,0,14,1,1,0.01296,0,normal,0
LG-1009,2025-01-07 14:53:30,6.550763,3.353773,10.4,75.4,1,0,14,1,1,0.01346,0,normal,0
LG-1009,2025-01-07 14:54:00,6.548973,3.354492,25.7,75.3,1,0,14,1,1,0.01478,0,normal,0
LG-1009,2025-01-07 14:54:30,6.54835,3.354744,9.0,75.3,1,0,14,1,1,0.01527,0,normal,0
LG-1009,2025-01-07 14:55:00,6.547025,3.355289,19.1,75.3,1,0,14,1,1,0.01636,0,normal,0
LG-1009,2025-01-07 14:55:30,6.545465,3.355934,22.5,75.2,1,0,14,1,1,0.01772,0,normal,0
LG-1009,2025-01-07 14:56:00,6.544458,3.35634,14.5,75.2,1,0,14,1,1,0.01861,0,normal,0
LG-1009,2025-01-07 14:56:30,6.543127,3.356876,19.1,75.1,1,0,14,1,1,0.01982,0,normal,0
LG-1009,2025-01-07 14:57:00,6.542021,3.35694,14.8,75.1,1,0,14,1,1,0.02056,0,normal,0
LG-1009,2025-01-07 14:57:30,6.541358,3.35664,9.7,75.1,1,0,14,1,1,0.02075,0,normal,0
LG-1009,2025-01-07 14:58:00,6.54081,3.356266,8.9,75.1,1,0,14,1,1,0.02084,0,normal,0
LG-1009,2025-01-07 14:58:30,6.540177,3.355815,10.4,75.0,1,0,14,1,1,0.02096,0,normal,0
LG-1009,2025-01-07 14:59:00,6.539532,3.355375,10.4,75.0,1,0,14,1,1,0.02112,0,normal,0
LG-1009,2025-01-07 14:59:30,6.538345,3.354542,19.3,75.0,1,0,14,1,1,0.02147,0,normal,0
LG-1009,2025-01-07 15:00:00,6.537215,3.353823,17.9,74.9,1,0,15,1,1,0.02193,0,normal,0
LG-1009,2025-01-07 15:00:30,6.53616,3.353154,16.6,74.9,1,0,15,1,1,0.02242,0,normal,0
LG-1009,2025-01-07 15:01:00,6.534809,3.352393,20.7,74.8,1,0,15,1,1,0.02318,0,normal,0
LG-1009,2025-01-07 15:01:30,6.534149,3.352273,9.0,74.8,1,0,15,1,1,0.0237,0,normal,0
LG-1009,2025-01-07 15:02:00,6.533159,3.352428,13.4,74.8,1,0,15,1,1,0.02465,0,normal,0
LG-1009,2025-01-07 15:02:30,6.531562,3.352909,22.3,74.7,1,0,15,1,1,0.02527,0,normal,0
LG-1009,2025-01-07 15:03:00,6.529793,3.353421,24.6,74.7,1,0,15,1,1,0.02375,0,normal,0
LG-1009,2025-01-07 15:03:30,6.528625,3.353793,16.4,74.6,1,0,15,1,1,0.02274,0,normal,0
LG-1009,2025-01-07 15:04:00,6.527907,3.354037,10.1,74.6,1,0,15,1,1,0.02212,0,normal,0
LG-1009,2025-01-07 15:04:30,6.526805,3.355254,21.8,74.6,1,0,15,1,1,0.02049,0,normal,0
LG-1009,2025-01-07 15:05:00,6.526458,3.357029,24.0,74.5,1,0,15,1,1,0.01885,0,normal,0
LG-1009,2025-01-07 15:05:30,6.52632,3.358214,15.8,74.5,1,0,15,1,1,0.01784,0,normal,0
LG-1009,2025-01-07 15:06:00,6.526167,3.359172,12.9,74.4,1,0,15,1,1,0.01701,0,normal,0
LG-1009,2025-01-07 15:06:30,6.525823,3.359789,9.4,74.4,1,0,15,1,1,0.01632,0,normal,0
LG-1009,2025-01-07 15:07:00,6.524966,3.360927,19.0,74.4,1,0,15,1,1,0.0149,0,normal,0
LG-1009,2025-01-07 15:07:30,6.52383,3.362375,24.5,74.3,1,0,15,1,1,0.01306,0,normal,0
LG-1009,2025-01-07 15:08:00,6.522641,3.363338,20.4,74.3,1,0,15,1,1,0.01155,0,normal,0
LG-1009,2025-01-07 15:08:30,6.521721,3.36388,14.2,74.2,1,0,15,1,1,0.01054,0,normal,0
LG-1009,2025-01-07 15:09:00,6.520415,3.364603,19.9,74.2,1,0,15,1,1,0.00917,0,normal,0
LG-1009,2025-01-07 15:09:30,6.518849,3.365316,23.0,74.1,1,0,15,1,1,0.00771,0,normal,0
LG-1009,2025-01-07 15:10:00,6.517577,3.365338,17.0,74.1,1,0,15,1,1,0.00714,0,normal,0
LG-1009,2025-01-07 15:10:30,6.515917,3.364889,23.0,74.0,1,0,15,1,1,0.00717,0,normal,0
LG-1009,2025-01-07 15:11:00,6.514807,3.364537,15.5,74.0,1,0,15,1,1,0.00747,0,normal,0
LG-1009,2025-01-07 15:11:30,6.513744,3.364232,14.8,74.0,1,0,15,1,1,0.00787,0,normal,0
LG-1009,2025-01-07 15:12:00,6.512393,3.363815,18.9,73.9,1,0,15,1,1,0.00859,0,normal,0
LG-1009,2025-01-07 15:12:30,6.511191,3.363436,16.8,73.9,1,0,15,1,1,0.00937,0,normal,0
LG-1009,2025-01-07 15:13:00,6.509311,3.363067,25.6,73.8,1,0,15,1,1,0.01059,0,normal,0
LG-1009,2025-01-07 15:13:30,6.508006,3.363297,17.7,73.8,1,0,15,1,1,0.01045,0,normal,0
LG-1009,2025-01-07 15:14:00,6.506876,3.363543,15.4,73.7,1,0,15,1,1,0.00963,0,normal,0
LG-1009,2025-01-07 15:14:30,6.505746,3.363839,15.6,73.7,1,0,15,1,1,0.00892,0,normal,0
LG-1009,2025-01-07 15:15:00,6.504395,3.363968,18.1,73.7,1,0,15,1,1,0.00804,0,normal,0
LG-1009,2025-01-07 15:15:30,6.50333,3.363643,14.9,73.6,1,0,15,1,1,0.00711,0,normal,0
LG-1009,2025-01-07 15:16:00,6.501842,3.363064,21.3,73.6,1,0,15,1,1,0.00581,0,normal,0
LG-1009,2025-01-07 15:16:30,6.500764,3.362661,15.4,73.5,1,0,15,1,1,0.00498,0,normal,0
LG-1009,2025-01-07 15:17:00,6.499673,3.362284,15.4,73.5,1,0,15,1,1,0.00434,0,normal,0
LG-1009,2025-01-07 15:17:30,6.498275,3.361869,19.5,73.5,1,0,15,1,1,0.00394,0,normal,0
LG-1009,2025-01-07 15:18:00,6.497559,3.361712,9.8,73.4,1,0,15,1,1,0.00398,0,normal,0
LG-1009,2025-01-07 15:18:30,6.496062,3.361538,20.1,73.4,1,0,15,1,1,0.0046,0,normal,0
LG-1009,2025-01-07 15:19:00,6.494755,3.361635,17.5,73.4,1,0,15,1,1,0.00559,0,normal,0
LG-1009,2025-01-07 15:19:30,6.493559,3.361972,16.6,73.3,1,0,15,1,1,0.00674,0,normal,0
LG-1009,2025-01-07 15:20:00,6.492063,3.362516,21.3,73.3,1,0,15,1,1,0.00828,0,normal,0
LG-1009,2025-01-07 15:20:30,6.492063,3.362516,1.1,71.3,1,50,15,1,1,0.00828,1,fuel_theft,0
LG-1009,2025-01-07 15:21:00,6.492063,3.362516,0.6,70.0,1,51,15,1,1,0.00828,1,fuel_theft,0
LG-1009,2025-01-07 15:21:30,6.492063,3.362516,0.9,68.3,1,71,15,1,1,0.00828,1,fuel_theft,0
LG-1009,2025-01-07 15:22:00,6.492063,3.362516,0.8,66.5,1,88,15,1,1,0.00828,1,fuel_theft,0
LG-1009,2025-01-07 15:22:30,6.492063,3.362516,0.8,65.4,1,89,15,1,1,0.00828,1,fuel_theft,0
LG-1009,2025-01-07 15:23:00,6.492063,3.362516,0.6,63.7,1,90,15,1,1,0.00828,1,fuel_theft,0
LG-1009,2025-01-07 15:23:30,6.492063,3.362516,0.6,61.7,1,91,15,1,1,0.00828,1,fuel_theft,0
LG-1009,2025-01-07 15:24:00,6.492063,3.362516,1.2,60.1,1,92,15,1,1,0.00828,1,fuel_theft,0
LG-1009,2025-01-07 15:24:30,6.492063,3.362516,0.6,58.2,1,93,15,1,1,0.00828,1,fuel_theft,0
LG-1009,2025-01-07 15:25:00,6.492063,3.362516,0.3,57.0,1,94,15,1,1,0.00828,1,fuel_theft,0
LG-1009,2025-01-07 15:25:30,6.492063,3.362516,0.2,55.5,1,95,15,1,1,0.00828,1,fuel_theft,0
LG-1009,2025-01-07 15:26:00,6.492063,3.362516,0.3,53.8,1,96,15,1,1,0.00828,1,fuel_theft,0
LG-1009,2025-01-07 15:26:30,6.492063,3.362516,0.2,51.7,1,97,15,1,1,0.00828,1,fuel_theft,0
LG-1009,2025-01-07 15:27:00,6.492063,3.362516,1.0,49.6,1,98,15,1,1,0.00828,1,fuel_theft,0
LG-1009,2025-01-07 15:27:30,6.492063,3.362516,0.1,48.0,1,99,15,1,1,0.00828,1,fuel_theft,0
LG-1009,2025-01-07 15:28:00,6.492063,3.362516,0.8,47.1,1,100,15,1,1,0.00828,1,fuel_theft,0
LG-1009,2025-01-07 15:28:30,6.492063,3.362516,0.9,45.3,1,101,15,1,1,0.00828,1,fuel_theft,0
LG-1009,2025-01-07 15:29:00,6.492063,3.362516,0.7,43.6,1,102,15,1,1,0.00828,1,fuel_theft,0
LG-1009,2025-01-07 15:29:30,6.490253,3.363173,25.7,43.6,1,0,15,1,1,0.01016,0,normal,0
LG-1009,2025-01-07 15:30:00,6.489144,3.363564,15.7,43.5,1,0,15,1,1,0.01132,0,normal,0
LG-1009,2025-01-07 15:30:30,6.48833,3.363857,11.5,43.5,1,0,15,1,1,0.01217,0,normal,0
LG-1009,2025-01-07 15:31:00,6.487649,3.364109,9.7,43.5,1,0,15,1,1,0.01289,0,normal,0
LG-1009,2025-01-07 15:31:30,6.486255,3.364617,19.8,43.4,1,0,15,1,1,0.01436,0,normal,0
LG-1009,2025-01-07 15:32:00,6.484435,3.365274,25.8,43.4,1,0,15,1,1,0.01628,0,normal,0
LG-1009,2025-01-07 15:32:30,6.482797,3.366069,24.3,43.3,1,0,15,1,1,0.0181,0,normal,0
LG-1009,2025-01-07 15:33:00,6.481253,3.366303,20.9,43.3,1,0,15,1,1,0.01959,0,normal,0
LG-1009,2025-01-07 15:33:30,6.479365,3.365889,25.8,43.2,1,0,15,1,1,0.02116,0,normal,0
LG-1009,2025-01-07 15:34:00,6.477926,3.365197,21.3,43.2,1,0,15,1,1,0.02227,0,normal,0
LG-1009,2025-01-07 15:34:30,6.476941,3.364716,14.6,43.1,1,0,15,1,1,0.02306,0,normal,0
LG-1009,2025-01-07 15:35:00,6.475648,3.364085,19.2,43.1,1,0,15,1,1,0.02413,0,normal,0
LG-1009,2025-01-07 15:35:30,6.474968,3.363752,10.1,43.1,1,0,15,1,1,0.02471,0,normal,0
LG-1009,2025-01-07 15:36:00,6.47412,3.36334,12.6,43.0,1,0,15,1,1,0.02545,0,normal,0
LG-1009,2025-01-07 15:36:30,6.47299,3.362954,15.9,43.0,1,0,15,1,1,0.02431,0,normal,0
LG-1009,2025-01-07 15:37:00,6.472084,3.362876,12.2,43.0,1,0,15,1,1,0.02341,0,normal,0
LG-1009,2025-01-07 15:37:30,6.470203,3.363117,25.3,42.9,1,0,15,1,1,0.0216,0,normal,0
LG-1009,2025-01-07 15:38:00,6.468282,3.363472,26.1,42.9,1,0,15,1,1,0.01979,0,normal,0
LG-1009,2025-01-07 15:38:30,6.467163,3.363674,15.2,42.8,1,0,15,1,1,0.01875,0,normal,0
LG-1009,2025-01-07 15:39:00,6.465607,3.363939,21.1,42.8,1,0,15,1,1,0.01733,0,normal,0
LG-1009,2025-01-07 15:39:30,6.464427,3.364038,15.8,42.7,1,0,15,1,1,0.01623,0,normal,0
LG-1009,2025-01-07 15:40:00,6.463592,3.364058,11.2,42.7,1,0,15,1,1,0.01544,0,normal,0
LG-1009,2025-01-07 15:40:30,6.462502,3.364124,14.6,42.7,1,0,15,1,1,0.01444,0,normal,0
LG-1009,2025-01-07 15:41:00,6.461544,3.364151,12.8,42.6,1,0,15,1,1,0.01356,0,normal,0
LG-1009,2025-01-07 15:41:30,6.460463,3.36418,14.4,42.6,1,0,15,1,1,0.01258,0,normal,0
LG-1009,2025-01-07 15:42:00,6.459529,3.36421,12.5,42.6,1,0,15,1,1,0.01175,0,normal,0
LG-1009,2025-01-07 15:42:30,6.458735,3.3643,10.7,42.6,1,0,15,1,1,0.01108,0,normal,0
LG-1009,2025-01-07 15:43:00,6.457825,3.364516,12.5,42.5,1,0,15,1,1,0.01041,0,normal,0
LG-1009,2025-01-07 15:43:30,6.456121,3.365192,24.5,42.5,1,0,15,1,1,0.00944,0,normal,0
LG-1009,2025-01-07 15:44:00,6.455438,3.365536,10.2,42.4,1,0,15,1,1,0.00917,0,normal,0
LG-1009,2025-01-07 15:44:30,6.454467,3.366002,14.4,42.4,1,0,15,1,1,0.00888,0,normal,0
LG-1009,2025-01-07 15:45:00,6.453236,3.36654,17.9,42.4,1,0,15,1,1,0.00865,0,normal,0
LG-1009,2025-01-07 15:45:30,6.452194,3.366938,14.9,42.3,1,0,15,1,1,0.00856,0,normal,0
LG-1009,2025-01-07 15:46:00,6.450945,3.367391,17.7,42.3,1,0,15,1,1,0.00861,0,normal,0
LG-1009,2025-01-07 15:46:30,6.45028,3.36764,9.5,42.3,1,0,15,1,1,0.00873,0,normal,0
LG-1009,2025-01-08 11:59:00,6.448182,3.361633,0.0,42.3,0,1,11,2,1,0.00276,0,normal,0
LG-1009,2025-01-08 11:59:30,6.44725,3.363941,33.1,42.2,1,0,11,2,1,0.00524,0,normal,0
LG-1009,2025-01-08 12:00:00,6.446477,3.365922,28.3,42.1,1,0,12,2,1,0.00737,0,normal,0
LG-1009,2025-01-08 12:00:30,6.448707,3.367259,34.7,42.0,1,0,12,2,1,0.00826,0,normal,0
LG-1009,2025-01-08 12:01:00,6.449206,3.36831,15.5,42.0,1,0,12,2,1,0.00931,0,normal,0
LG-1009,2025-01-08 12:01:30,6.451422,3.367343,32.3,41.9,1,0,12,2,1,0.00869,0,normal,0
LG-1009,2025-01-08 12:02:00,6.45461,3.366033,46.0,41.8,1,0,12,2,1,0.009,0,normal,0
LG-1009,2025-01-08 12:02:30,6.456213,3.365254,23.8,41.8,1,0,12,2,1,0.00955,0,normal,0
LG-1009,2025-01-08 12:03:00,6.457738,3.364634,22.0,41.7,1,0,12,2,1,0.0104,0,normal,0
LG-1009,2025-01-08 12:03:30,6.461076,3.364284,44.8,41.6,1,0,12,2,1,0.01318,0,normal,0
LG-1009,2025-01-08 12:04:00,6.463703,3.364229,35.1,41.5,1,0,12,2,1,0.01561,0,normal,0
LG-1009,2025-01-08 12:04:30,6.467484,3.363798,50.8,41.4,1,0,12,2,1,0.0191,0,normal,0
LG-1009,2025-01-08 12:05:00,6.471615,3.363014,56.1,41.3,1,0,12,2,1,0.02297,0,normal,0
LG-1009,2025-01-08 12:05:30,6.475627,3.364232,56.0,41.2,1,0,12,2,1,0.02419,0,normal,0
LG-1009,2025-01-08 12:06:00,6.478066,3.365413,36.2,41.1,1,0,12,2,1,0.02221,0,normal,0
LG-1009,2025-01-08 12:06:30,6.480122,3.366279,29.8,41.0,1,0,12,2,1,0.02061,0,normal,0
LG-1009,2025-01-08 12:07:00,6.483315,3.366124,42.7,40.9,1,0,12,2,1,0.01766,0,normal,0
LG-1009,2025-01-08 12:07:30,6.486304,3.364729,44.0,40.8,1,0,12,2,1,0.01437,0,normal,0
LG-1009,2025-01-08 12:08:00,6.489394,3.363614,43.9,40.7,1,0,12,2,1,0.01113,0,normal,0
LG-1009,2025-01-08 12:08:30,6.491662,3.36281,32.1,40.6,1,0,12,2,1,0.00877,0,normal,0
LG-1009,2025-01-08 12:09:00,6.493206,3.362228,22.0,40.6,1,0,12,2,1,0.00717,0,normal,0
LG-1009,2025-01-08 12:09:30,6.495209,3.361701,27.7,40.5,1,0,12,2,1,0.0053,0,normal,0
LG-1009,2025-01-08 12:10:00,6.497115,3.361783,25.5,40.4,1,0,12,2,1,0.00423,0,normal,0
LG-1009,2025-01-08 12:10:30,6.498896,3.362177,24.4,40.4,1,0,12,2,1,0.00418,0,normal,0
LG-1009,2025-01-08 12:11:00,6.502837,3.363555,55.7,40.3,1,0,12,2,1,0.00675,0,normal,0
LG-1009,2025-01-08 12:11:30,6.504261,3.364037,20.1,40.2,1,0,12,2,1,0.00801,0,normal,0
LG-1009,2025-01-08 12:12:00,6.507419,3.363532,42.7,40.1,1,0,12,2,1,0.01007,0,normal,0
LG-1009,2025-01-08 12:12:30,6.511551,3.363695,55.2,40.0,1,0,12,2,1,0.00899,0,normal,0
LG-1009,2025-01-08 12:13:00,6.51395,3.364459,33.6,39.9,1,0,12,2,1,0.00761,0,normal,0
LG-1009,2025-01-08 12:13:30,6.516807,3.365393,40.1,39.8,1,0,12,2,1,0.00685,0,normal,0
LG-1009,2025-01-08 12:14:00,6.519632,3.367394,46.1,39.7,1,0,12,2,1,0.00653,0,normal,0
LG-1009,2025-01-08 12:14:30,6.52198,3.367593,31.5,39.6,1,0,12,2,1,0.00825,0,normal,0
LG-1009,2025-01-08 12:15:00,6.524842,3.367551,38.2,39.5,1,0,12,2,1,0.0108,0,normal,0
LG-1009,2025-01-08 12:15:30,6.528695,3.367493,51.5,39.4,1,0,12,2,1,0.01442,0,normal,0
LG-1009,2025-01-08 12:16:00,6.532339,3.367406,48.7,39.3,1,0,12,2,1,0.01794,0,normal,0
LG-1009,2025-01-08 12:16:30,6.536169,3.367342,51.2,39.2,1,0,12,2,1,0.02168,0,normal,0
LG-1009,2025-01-08 12:17:00,6.540522,3.367276,58.2,39.1,1,0,12,2,1,0.02596,0,normal,0
LG-1009,2025-01-08 12:17:30,6.54307,3.367252,34.0,39.0,1,0,12,2,1,0.02847,0,normal,0
LG-1009,2025-01-08 12:18:00,6.54672,3.367165,48.8,38.9,1,0,12,2,1,0.02744,0,normal,0
LG-1009,2025-01-08 12:18:30,6.549947,3.367098,43.1,38.8,1,0,12,2,1,0.02658,0,normal,0
LG-1009,2025-01-08 12:19:00,6.553362,3.367052,45.6,38.7,1,0,12,2,1,0.0261,0,normal,0
LG-1009,2025-01-08 12:19:30,6.556991,3.366983,48.5,38.5,1,0,12,2,1,0.02606,0,normal,0
LG-1009,2025-01-08 12:20:00,6.560648,3.366874,48.9,38.4,1,0,12,2,1,0.02648,0,normal,0
LG-1009,2025-01-08 12:20:30,6.564704,3.366802,54.2,38.3,1,0,12,2,1,0.02757,0,normal,0
LG-1009,2025-01-08 12:21:00,6.567189,3.366828,33.2,38.2,1,0,12,2,1,0.02856,0,normal,0
LG-1009,2025-01-08 12:21:30,6.570513,3.367378,45.0,38.1,1,0,12,2,1,0.0306,0,normal,0
LG-1009,2025-01-08 12:22:00,6.572633,3.368218,30.4,38.0,1,0,12,2,1,0.03243,0,normal,0
LG-1009,2025-01-08 12:22:30,6.575323,3.369948,42.6,37.9,1,0,12,2,1,0.03444,0,normal,0
LG-1009,2025-01-08 12:23:00,6.578306,3.372071,48.8,37.8,1,0,12,2,1,0.03382,1,route_deviation,0
LG-1009,2025-01-08 12:23:30,6.581363,3.374294,50.4,37.7,1,0,12,2,1,0.03362,1,route_deviation,0
LG-1009,2025-01-08 12:24:00,6.583556,3.375857,35.9,37.6,1,0,12,2,1,0.03372,1,route_deviation,0
LG-1009,2025-01-08 12:24:30,6.585937,3.377603,39.4,37.5,1,0,12,2,1,0.03411,1,route_deviation,0
LG-1009,2025-01-08 12:25:00,6.585937,3.377603,0.0,45.9,0,1,12,2,1,0.03411,1,route_deviation,1
LG-1009,2025-01-08 12:25:30,6.585937,3.377603,0.0,53.5,0,2,12,2,1,0.03411,1,route_deviation,1
LG-1009,2025-01-08 12:26:00,6.585937,3.377603,0.0,61.6,0,3,12,2,1,0.03411,1,route_deviation,1
LG-1009,2025-01-08 12:26:30,6.585937,3.377603,0.0,72.2,0,4,12,2,1,0.03411,1,route_deviation,1
LG-1009,2025-01-08 12:27:00,6.585937,3.377603,0.0,80.5,0,5,12,2,1,0.03411,1,route_deviation,1
LG-1009,2025-01-08 12:27:30,6.585937,3.377603,0.0,91.2,0,6,12,2,1,0.03411,1,route_deviation,1
LG-1009,2025-01-08 12:28:00,6.585937,3.377603,0.0,91.2,0,7,12,2,1,0.03411,1,route_deviation,1
LG-1009,2025-01-08 12:28:30,6.585937,3.377603,0.0,91.2,0,8,12,2,1,0.03411,1,route_deviation,1
LG-1009,2025-01-08 12:29:00,6.585937,3.377603,0.0,91.2,0,9,12,2,1,0.03411,1,route_deviation,1
LG-1009,2025-01-08 12:29:30,6.585937,3.377603,0.0,91.2,1,10,12,2,1,0.03411,1,route_deviation,0
LG-1009,2025-01-08 12:30:00,6.585937,3.377603,0.0,91.2,1,11,12,2,1,0.03411,1,route_deviation,0
LG-1009,2025-01-08 12:30:30,6.585937,3.377603,0.0,91.2,1,12,12,2,1,0.03411,1,route_deviation,0
LG-1009,2025-01-08 12:31:00,6.585937,3.377603,0.0,91.2,1,13,12,2,1,0.03411,1,route_deviation,0
LG-1009,2025-01-08 12:31:30,6.585937,3.377603,0.0,91.2,1,14,12,2,1,0.03411,1,route_deviation,0
LG-1009,2025-01-08 12:32:00,6.585937,3.377603,0.0,91.2,1,15,12,2,1,0.03411,1,route_deviation,0
LG-1009,2025-01-08 12:32:30,6.585937,3.377603,0.0,91.2,1,16,12,2,1,0.03411,1,route_deviation,0
LG-1009,2025-01-08 12:33:00,6.585937,3.377603,0.0,91.2,1,17,12,2,1,0.03411,1,route_deviation,0
LG-1009,2025-01-08 12:33:30,6.588751,3.379691,46.7,91.1,1,0,12,2,1,0.03491,1,route_deviation,0
LG-1009,2025-01-08 12:34:00,6.591462,3.381657,44.6,91.0,1,0,12,2,1,0.03595,1,route_deviation,0
LG-1009,2025-01-08 12:34:30,6.594326,3.383725,47.1,90.9,1,0,12,2,1,0.03733,1,route_deviation,0
LG-1009,2025-01-08 12:35:00,6.597623,3.386184,54.8,90.8,1,0,12,2,1,0.03933,1,route_deviation,0
LG-1009,2025-01-08 12:35:30,6.600085,3.388086,41.5,90.7,1,0,12,2,1,0.0411,1,route_deviation,0
LG-1009,2025-01-08 12:36:00,6.601441,3.389047,22.2,90.6,1,0,12,2,1,0.04205,1,route_deviation,0
LG-1009,2025-01-08 12:36:30,6.603258,3.390385,30.1,90.6,1,0,12,2,1,0.04344,1,route_deviation,0
LG-1009,2025-01-08 12:37:00,6.606124,3.392458,47.1,90.5,1,0,12,2,1,0.04575,1,route_deviation,0
LG-1009,2025-01-08 12:37:30,6.608099,3.39448,37.6,90.4,1,0,12,2,1,0.04801,1,route_deviation,0
LG-1009,2025-01-08 12:38:00,6.607478,3.397341,38.9,90.3,1,0,12,2,1,0.05076,1,route_deviation,0
LG-1009,2025-01-08 12:38:30,6.60568,3.400001,42.7,90.2,1,0,12,2,1,0.05321,1,route_deviation,0
LG-1009,2025-01-08 12:39:00,6.604272,3.402167,34.3,90.1,1,0,12,2,1,0.05526,1,route_deviation,0
LG-1009,2025-01-08 12:39:30,6.60412,3.405549,44.9,90.0,1,0,12,2,1,0.05863,1,route_deviation,0
LG-1009,2025-01-08 12:40:00,6.606805,3.407919,47.7,89.9,1,0,12,2,1,0.06119,1,route_deviation,0
LG-1009,2025-01-08 12:40:30,6.609524,3.410206,47.3,89.8,1,0,12,2,1,0.06378,1,route_deviation,0
LG-1009,2025-01-08 12:41:00,6.611528,3.413124,47.1,89.7,1,0,12,2,1,0.06696,1,route_deviation,0
LG-1009,2025-01-08 12:41:30,6.612089,3.417146,53.9,89.5,1,0,12,2,1,0.07102,1,route_deviation,0
LG-1009,2025-01-08 12:42:00,6.610752,3.420035,42.3,89.4,1,0,12,2,1,0.07368,1,route_deviation,0
LG-1009,2025-01-08 12:42:30,6.608845,3.423878,57.0,89.3,1,0,12,2,1,0.07728,1,route_deviation,0
LG-1009,2025-01-08 12:43:00,6.608781,3.42567,23.8,89.3,1,0,12,2,1,0.07905,1,route_deviation,0
LG-1009,2025-01-08 12:43:30,6.609256,3.428947,43.9,89.2,1,0,12,2,1,0.08236,1,route_deviation,0
LG-1009,2025-01-08 12:44:00,6.609284,3.432486,47.0,89.0,1,0,12,2,1,0.08589,1,route_deviation,0
LG-1009,2025-01-08 12:44:30,6.608939,3.435325,38.0,89.0,1,0,12,2,1,0.08868,1,route_deviation,0
LG-1009,2025-01-08 12:45:00,6.608715,3.437621,30.6,88.9,1,0,12,2,1,0.09095,1,route_deviation,0
LG-1009,2025-01-08 12:45:30,6.609944,3.440335,39.6,88.8,1,0,12,2,1,0.09376,1,route_deviation,0
LG-1009,2025-01-08 12:46:00,6.6121,3.441651,33.7,88.7,1,0,12,2,1,0.0953,1,route_deviation,0
LG-1009,2025-01-08 12:46:30,6.615098,3.44437,53.9,88.6,1,0,12,2,1,0.09839,1,route_deviation,0
LG-1009,2025-01-08 12:47:00,6.6162,3.446592,33.0,88.5,1,0,12,2,1,0.10075,1,route_deviation,0
LG-1009,2025-01-08 12:47:30,6.6177,3.447881,26.3,88.4,1,0,12,2,1,0.10225,1,route_deviation,0
LG-1009,2025-01-08 12:48:00,6.619912,3.450116,41.9,88.3,1,0,12,2,1,0.10484,1,route_deviation,0
LG-1009,2025-01-08 12:48:30,6.621305,3.452295,34.4,88.3,1,0,12,2,1,0.10723,1,route_deviation,0
LG-1009,2025-01-08 12:49:00,6.621128,3.454012,22.9,88.2,1,0,12,2,1,0.10889,1,route_deviation,0
LG-1009,2025-01-08 12:49:30,6.620436,3.45705,41.4,88.1,1,0,12,2,1,0.11175,1,route_deviation,0
LG-1009,2025-01-08 12:50:00,6.618774,3.459567,40.1,88.0,1,0,12,2,1,0.11396,1,route_deviation,0
LG-1009,2025-01-08 12:50:30,6.618504,3.461491,25.8,88.0,1,0,12,2,1,0.11582,1,route_deviation,0
LG-1009,2025-01-08 12:51:00,6.619213,3.46461,42.5,87.9,1,0,12,2,1,0.11901,1,route_deviation,0
LG-1009,2025-01-08 12:51:30,6.618606,3.467657,41.2,87.8,1,0,12,2,1,0.12193,1,route_deviation,0
LG-1009,2025-01-08 12:52:00,6.619633,3.471206,49.1,87.7,1,0,12,2,1,0.1256,1,route_deviation,0
LG-1009,2025-01-08 12:52:30,6.61942,3.473718,33.4,87.6,1,0,12,2,1,0.12805,1,route_deviation,0
LG-1009,2025-01-08 12:53:00,6.619337,3.475907,29.1,87.5,1,0,12,2,1,0.13021,1,route_deviation,0
LG-1009,2025-01-08 12:53:30,6.620428,3.479985,56.0,87.4,1,0,12,2,1,0.1344,1,route_deviation,0
LG-1009,2025-01-08 12:54:00,6.622584,3.482143,40.6,87.3,1,0,12,2,1,0.13686,1,route_deviation,0
LG-1009,2025-01-08 12:54:30,6.623853,3.48302,20.6,87.2,1,0,12,2,1,0.13793,1,route_deviation,0
LG-1009,2025-01-08 12:55:00,6.625452,3.486179,47.0,87.1,1,0,12,2,1,0.14131,1,route_deviation,0
LG-1009,2025-01-08 12:55:30,6.625118,3.488191,27.1,87.1,1,0,12,2,1,0.14324,1,route_deviation,0
LG-1009,2025-01-08 12:56:00,6.624606,3.491918,49.9,86.9,1,0,12,2,1,0.14683,1,route_deviation,0
LG-1009,2025-01-08 12:56:30,6.623896,3.495366,46.7,86.8,1,0,12,2,1,0.15012,1,route_deviation,0
LG-1009,2025-01-08 12:57:00,6.622191,3.499311,57.1,86.7,1,0,12,2,1,0.15378,1,route_deviation,0
LG-1009,2025-01-08 12:57:30,6.620428,3.503216,56.9,86.6,1,0,12,2,1,0.15656,1,route_deviation,0
LG-1009,2025-01-08 12:58:00,6.619899,3.504759,21.7,86.5,1,0,12,2,1,0.15586,1,route_deviation,0
LG-1009,2025-01-08 12:58:30,6.61849,3.507048,35.7,86.4,1,0,12,2,1,0.15422,1,route_deviation,0
LG-1009,2025-01-09 11:16:00,6.454685,3.395184,0.0,86.4,0,1,11,3,1,0.00036,0,normal,0
LG-1009,2025-01-09 11:16:30,6.454202,3.395263,6.5,86.4,1,0,11,3,1,0.00084,0,normal,0
LG-1009,2025-01-09 11:17:00,6.453701,3.395345,6.8,86.4,1,0,11,3,1,0.00134,0,normal,0
LG-1009,2025-01-09 11:17:30,6.453047,3.39547,8.9,86.4,1,0,11,3,1,0.00201,0,normal,0
LG-1009,2025-01-09 11:18:00,6.452474,3.394823,11.5,86.4,1,0,11,3,1,0.00253,0,normal,0
LG-1009,2025-01-09 11:18:30,6.452677,3.393949,11.9,86.3,1,0,11,3,1,0.00255,0,normal,0
LG-1009,2025-01-09 11:19:00,6.452876,3.392824,15.2,86.3,1,0,11,3,1,0.00304,0,normal,0
LG-1009,2025-01-09 11:19:30,6.453263,3.391711,15.7,86.3,1,0,11,3,1,0.00372,0,normal,0
LG-1009,2025-01-09 11:20:00,6.453823,3.390775,14.5,86.2,1,0,11,3,1,0.00439,0,normal,0
LG-1009,2025-01-09 11:20:30,6.454012,3.390016,10.4,86.2,1,0,11,3,1,0.00508,0,normal,0
LG-1009,2025-01-09 11:21:00,6.454107,3.388884,15.1,86.2,1,0,11,3,1,0.00618,0,normal,0
LG-1009,2025-01-09 11:21:30,6.45438,3.387843,14.3,86.1,1,0,11,3,1,0.00718,0,normal,0
LG-1009,2025-01-09 11:22:00,6.454884,3.386868,14.6,86.1,1,0,11,3,1,0.00813,0,normal,0
LG-1009,2025-01-09 11:22:30,6.455235,3.385686,16.4,86.1,1,0,11,3,1,0.00932,0,normal,0
LG-1009,2025-01-09 11:23:00,6.455441,3.384738,12.9,86.0,1,0,11,3,1,0.01027,0,normal,0
LG-1009,2025-01-09 11:23:30,6.45568,3.383865,12.0,86.0,1,0,11,3,1,0.01116,0,normal,0
LG-1009,2025-01-09 11:24:00,6.456164,3.382739,16.3,86.0,1,0,11,3,1,0.01232,0,normal,0
LG-1009,2025-01-09 11:24:30,6.456652,3.382376,8.1,85.9,1,0,11,3,1,0.01273,0,normal,0
LG-1009,2025-01-09 11:25:00,6.457748,3.382752,15.5,85.9,1,0,11,3,1,0.01255,0,normal,0
LG-1009,2025-01-09 11:25:30,6.458225,3.382858,6.5,85.9,1,0,11,3,1,0.01256,0,normal,0
LG-1009,2025-01-09 11:26:00,6.458666,3.382872,5.9,85.9,1,0,11,3,1,0.01267,0,normal,0
LG-1009,2025-01-09 11:26:30,6.459564,3.382752,12.1,85.9,1,0,11,3,1,0.01307,0,normal,0
LG-1009,2025-01-09 11:27:00,6.460057,3.382636,6.8,85.8,1,0,11,3,1,0.01336,0,normal,0
LG-1009,2025-01-09 11:27:30,6.461295,3.382242,17.3,85.8,1,0,11,3,1,0.01423,0,normal,0
LG-1009,2025-01-09 11:28:00,6.461675,3.382008,6.0,85.8,1,0,11,3,1,0.01461,0,normal,0
LG-1009,2025-01-09 11:28:30,6.462583,3.38143,14.3,85.7,1,0,11,3,1,0.01555,0,normal,0
LG-1009,2025-01-09 11:29:00,6.463136,3.381077,8.8,85.7,1,0,11,3,1,0.01613,0,normal,0
LG-1009,2025-01-09 11:29:30,6.46423,3.380381,17.3,85.7,1,0,11,3,1,0.01729,0,normal,0
LG-1009,2025-01-09 11:30:00,6.464887,3.379963,10.4,85.7,1,0,11,3,1,0.018,0,normal,0
LG-1009,2025-01-09 11:30:30,6.465279,3.379712,6.2,85.6,1,0,11,3,1,0.01842,0,normal,0
LG-1009,2025-01-09 11:31:00,6.465672,3.379462,6.2,85.6,1,0,11,3,1,0.01885,0,normal,0
LG-1009,2025-01-09 11:31:30,6.466457,3.378963,12.4,85.6,1,0,11,3,1,0.01971,0,normal,0
LG-1009,2025-01-09 11:32:00,6.467632,3.378386,17.5,85.6,1,0,11,3,1,0.02087,0,normal,0
LG-1009,2025-01-09 11:32:30,6.468877,3.377991,17.4,85.5,1,0,11,3,1,0.02195,0,normal,0
LG-1009,2025-01-09 11:33:00,6.469584,3.377773,9.9,85.5,1,0,11,3,1,0.02257,0,normal,0
LG-1009,2025-01-09 11:33:30,6.470414,3.377517,11.6,85.5,1,0,11,3,1,0.02331,0,normal,0
LG-1009,2025-01-09 11:34:00,6.470918,3.377355,7.1,85.5,1,0,11,3,1,0.02376,0,normal,0
LG-1009,2025-01-09 11:34:30,6.471769,3.377051,12.1,85.4,1,0,11,3,1,0.02456,0,normal,0
LG-1009,2025-01-09 11:35:00,6.472694,3.376757,13.0,85.4,1,0,11,3,1,0.02541,0,normal,0
LG-1009,2025-01-09 11:35:30,6.473325,3.37655,8.9,85.4,1,0,11,3,1,0.026,0,normal,0
LG-1009,2025-01-09 11:36:00,6.474222,3.376156,13.1,85.3,1,0,11,3,1,0.02692,0,normal,0
LG-1009,2025-01-09 11:36:30,6.475281,3.375519,16.5,85.3,1,0,11,3,1,0.02812,0,normal,0
LG-1009,2025-01-09 11:37:00,6.475628,3.375245,5.9,85.3,1,0,11,3,1,0.02856,0,normal,0
LG-1009,2025-01-09 11:37:30,6.476098,3.374807,8.6,85.3,1,0,11,3,1,0.02841,0,normal,0
LG-1009,2025-01-09 11:38:00,6.476507,3.374331,8.3,85.3,1,0,11,3,1,0.0278,0,normal,0
LG-1009,2025-01-09 11:38:30,6.476846,3.373897,7.3,85.2,1,0,11,3,1,0.02727,0,normal,0
LG-1009,2025-01-09 11:39:00,6.477207,3.373432,7.8,85.2,1,0,11,3,1,0.0267,0,normal,0
LG-1009,2025-01-09 11:39:30,6.477816,3.372646,13.2,85.2,1,0,11,3,1,0.02575,0,normal,0
LG-1009,2025-01-09 11:40:00,6.478143,3.372226,7.1,85.2,1,0,11,3,1,0.02525,0,normal,0
LG-1009,2025-01-09 11:40:30,6.478833,3.371378,14.6,85.1,1,0,11,3,1,0.0242,0,normal,0
LG-1009,2025-01-09 11:41:00,6.479557,3.37039,16.3,85.1,1,0,11,3,1,0.02306,0,normal,0
LG-1009,2025-01-09 11:41:30,6.480331,3.369396,16.8,85.1,1,0,11,3,1,0.02187,0,normal,0
LG-1009,2025-01-09 11:42:00,6.480962,3.368588,13.6,85.0,1,0,11,3,1,0.02092,0,normal,0
LG-1009,2025-01-09 11:42:30,6.481373,3.368129,8.2,85.0,1,0,11,3,1,0.02033,0,normal,0
LG-1009,2025-01-09 11:43:00,6.481732,3.367757,6.9,85.0,1,0,11,3,1,0.01983,0,normal,0
LG-1009,2025-01-09 11:43:30,6.482203,3.367314,8.6,85.0,1,0,11,3,1,0.01921,0,normal,0
LG-1009,2025-01-09 11:44:00,6.483194,3.366487,17.2,84.9,1,0,11,3,1,0.01794,0,normal,0
LG-1009,2025-01-09 11:44:30,6.483194,3.366487,0.0,84.9,1,1,11,3,1,0.01794,0,normal,0
LG-1009,2025-01-09 11:45:00,6.483194,3.366487,0.0,84.9,1,2,11,3,1,0.01794,0,normal,0
LG-1009,2025-01-09 11:45:30,6.483194,3.366487,0.0,84.9,1,3,11,3,1,0.01794,0,normal,0
LG-1009,2025-01-09 11:46:00,6.483194,3.366487,0.0,84.9,1,4,11,3,1,0.01794,0,normal,0
LG-1009,2025-01-09 11:46:30,6.483194,3.366487,0.0,84.9,1,5,11,3,1,0.01794,0,normal,0
LG-1009,2025-01-09 11:47:00,6.484261,3.365761,17.2,84.9,1,0,11,3,1,0.01666,0,normal,0
LG-1009,2025-01-09 11:47:30,6.484934,3.365368,10.4,84.9,1,0,11,3,1,0.01588,0,normal,0
LG-1009,2025-01-09 11:48:00,6.485577,3.365027,9.7,84.8,1,0,11,3,1,0.01515,0,normal,0
LG-1009,2025-01-09 11:48:30,6.486403,3.364689,11.9,84.8,1,0,11,3,1,0.01426,0,normal,0
LG-1009,2025-01-09 11:49:00,6.48706,3.364451,9.3,84.8,1,0,11,3,1,0.01357,0,normal,0
LG-1009,2025-01-09 11:49:30,6.488289,3.364006,17.4,84.8,1,0,11,3,1,0.01228,0,normal,0
LG-1009,2025-01-09 11:50:00,6.488889,3.363792,8.5,84.7,1,0,11,3,1,0.01165,0,normal,0
LG-1009,2025-01-09 11:50:30,6.489613,3.363537,10.2,84.7,1,0,11,3,1,0.0109,0,normal,0
LG-1009,2025-01-09 11:51:00,6.490384,3.363255,11.0,84.7,1,0,11,3,1,0.01009,0,normal,0
LG-1009,2025-01-09 11:51:30,6.490906,3.363074,7.4,84.7,1,0,11,3,1,0.00955,0,normal,0
LG-1009,2025-01-09 11:52:00,6.491642,3.362817,10.4,84.6,1,0,11,3,1,0.00879,0,normal,0
LG-1009,2025-01-09 11:52:30,6.492761,3.362388,16.0,84.6,1,0,11,3,1,0.00763,0,normal,0
LG-1009,2025-01-09 11:53:00,6.493293,3.362197,7.6,84.6,1,0,11,3,1,0.00708,0,normal,0
LG-1009,2025-01-09 11:53:30,6.494201,3.361894,12.8,84.6,1,0,11,3,1,0.00618,0,normal,0
LG-1009,2025-01-09 11:54:00,6.494983,3.361728,10.7,84.5,1,0,11,3,1,0.00548,0,normal,0
LG-1009,2025-01-09 11:54:30,6.495573,3.361671,7.9,84.5,1,0,11,3,1,0.00502,0,normal,0
LG-1009,2025-01-09 11:55:00,6.496025,3.361658,6.0,84.5,1,0,11,3,1,0.00472,0,normal,0
LG-1009,2025-01-09 11:55:30,6.496704,3.361721,9.1,84.5,1,0,11,3,1,0.00437,0,normal,0
LG-1009,2025-01-09 11:56:00,6.497195,3.361795,6.6,84.5,1,0,11,3,1,0.0042,0,normal,0
LG-1009,2025-01-09 11:56:30,6.497957,3.36193,10.3,84.4,1,0,11,3,1,0.00407,0,normal,0
LG-1009,2025-01-09 11:57:00,6.499075,3.362229,15.4,84.4,1,0,11,3,1,0.00423,0,normal,0
LG-1009,2025-01-09 11:57:30,6.500095,3.362572,14.4,84.4,1,0,11,3,1,0.0047,0,normal,0
LG-1009,2025-01-09 11:58:00,6.501299,3.363004,17.1,84.3,1,0,11,3,1,0.00551,0,normal,0
LG-1009,2025-01-09 11:58:30,6.50207,3.36328,10.9,84.3,1,0,11,3,1,0.00611,0,normal,0
LG-1009,2025-01-09 11:59:00,6.503074,3.363639,14.2,84.3,1,0,11,3,1,0.00696,0,normal,0
LG-1009,2025-01-09 11:59:30,6.504045,3.36398,13.7,84.2,1,0,11,3,1,0.00782,0,normal,0
LG-1009,2025-01-09 12:00:00,6.504667,3.364086,8.4,84.2,1,0,12,3,1,0.00832,0,normal,0
LG-1009,2025-01-09 12:00:30,6.505369,3.364011,9.4,84.2,1,0,12,3,1,0.00876,0,normal,0
LG-1009,2025-01-09 12:01:00,6.506257,3.363814,12.1,84.2,1,0,12,3,1,0.0093,0,normal,0
LG-1009,2025-01-09 12:01:30,6.50737,3.363544,15.3,84.1,1,0,12,3,1,0.01004,0,normal,0
LG-1009,2025-01-09 12:02:00,6.508198,3.363357,11.3,84.1,1,0,12,3,1,0.01064,0,normal,0
LG-1009,2025-01-09 12:02:30,6.508828,3.363229,8.6,84.1,1,0,12,3,1,0.01073,0,normal,0
LG-1009,2025-01-09 12:03:00,6.51014,3.36326,17.5,84.0,1,0,12,3,1,0.01,0,normal,0
LG-1009,2025-01-09 12:03:30,6.510664,3.363406,7.3,84.0,1,0,12,3,1,0.00963,0,normal,0
LG-1009,2025-01-09 12:04:00,6.511891,3.363789,17.2,84.0,1,0,12,3,1,0.00878,0,normal,0
LG-1009,2025-01-09 12:04:30,6.51299,3.364147,15.4,84.0,1,0,12,3,1,0.00811,0,normal,0
LG-1009,2025-01-09 12:05:00,6.514093,3.364568,15.8,83.9,1,0,12,3,1,0.00749,0,normal,0
LG-1009,2025-01-09 12:05:30,6.515172,3.364944,15.3,83.9,1,0,12,3,1,0.00706,0,normal,0
LG-1009,2025-01-09 12:06:00,6.515766,3.365141,8.4,83.9,1,0,12,3,1,0.0069,0,normal,0
LG-1009,2025-01-09 12:06:30,6.516476,3.365783,12.8,83.8,1,0,12,3,1,0.00639,0,normal,0
LG-1009,2025-01-09 12:07:00,6.516121,3.3668,14.3,83.8,1,0,12,3,1,0.00532,0,normal,0
LG-1009,2025-01-09 12:07:30,6.516323,3.367878,14.6,83.8,1,0,12,3,1,0.00433,0,normal,0
LG-1009,2025-01-09 12:08:00,6.516549,3.368513,8.9,83.7,1,0,12,3,1,0.00382,0,normal,0
LG-1009,2025-01-09 12:08:30,6.516084,3.368791,7.2,83.7,1,0,12,3,1,0.00339,0,normal,0
LG-1009,2025-01-09 12:09:00,6.515442,3.36912,9.6,83.7,1,0,12,3,1,0.00291,0,normal,0
LG-1009,2025-01-09 12:09:30,6.514675,3.369499,11.4,83.7,1,0,12,3,1,0.00252,0,normal,0
LG-1009,2025-01-09 12:10:00,6.513782,3.369815,12.6,83.7,1,0,12,3,1,0.0025,0,normal,0
LG-1009,2025-01-09 12:10:30,6.512692,3.370264,15.7,83.6,1,0,12,3,1,0.00289,0,normal,0
LG-1009,2025-01-09 12:11:00,6.513016,3.370595,6.2,83.6,1,0,12,3,1,0.00243,0,normal,0
LG-1009,2025-01-09 12:11:30,6.514009,3.370709,13.4,83.6,1,0,12,3,1,0.00163,0,normal,0
LG-1009,2025-01-09 12:12:00,6.514057,3.371381,8.9,83.5,1,0,12,3,1,0.00113,0,normal,0
LG-1009,2025-01-09 12:12:30,6.514267,3.372169,10.8,83.5,1,0,12,3,1,0.00075,0,normal,0
LG-1009,2025-01-09 12:13:00,6.514741,3.372309,6.6,83.5,1,0,12,3,1,0.0004,0,normal,0
LG-1009,2025-01-09 12:13:30,6.514741,3.372309,0.0,83.5,0,1,12,3,1,0.0004,0,normal,0
LG-1009,2025-01-09 12:14:00,6.514741,3.372309,0.0,83.5,0,2,12,3,1,0.0004,0,normal,0
LG-1009,2025-01-09 12:14:30,6.514741,3.372309,0.0,83.5,0,3,12,3,1,0.0004,0,normal,0
LG-1009,2025-01-09 12:15:00,6.514741,3.372309,0.0,83.5,0,4,12,3,1,0.0004,0,normal,0
LG-1009,2025-01-09 12:15:30,6.514741,3.372309,0.0,83.5,0,5,12,3,1,0.0004,0,normal,0
LG-1009,2025-01-10 15:30:00,6.555736,3.342065,0.0,83.5,0,1,15,4,1,0.00129,0,normal,0
LG-1009,2025-01-10 15:30:30,6.556463,3.34294,15.1,83.5,1,0,15,4,1,0.00243,0,normal,0
LG-1009,2025-01-10 15:31:00,6.556425,3.344033,14.5,83.4,1,0,15,4,1,0.00335,0,normal,0
LG-1009,2025-01-10 15:31:30,6.556447,3.344878,11.2,83.4,1,0,15,4,1,0.00414,0,normal,0
LG-1009,2025-01-10 15:32:00,6.556485,3.346782,25.3,83.4,1,0,15,4,1,0.00597,0,normal,0
LG-1009,2025-01-10 15:32:30,6.556498,3.348198,18.8,83.3,1,0,15,4,1,0.00735,0,normal,0
LG-1009,2025-01-10 15:33:00,6.556494,3.349738,20.4,83.3,1,0,15,4,1,0.00887,0,normal,0
LG-1009,2025-01-10 15:33:30,6.556391,3.351013,17.0,83.2,1,0,15,4,1,0.01011,0,normal,0
LG-1009,2025-01-10 15:34:00,6.555256,3.351914,19.3,83.2,1,0,15,4,1,0.01092,0,normal,0
LG-1009,2025-01-10 15:34:30,6.553573,3.352613,24.3,83.1,1,0,15,4,1,0.0117,0,normal,0
LG-1009,2025-01-10 15:35:00,6.552507,3.353053,15.4,83.1,1,0,15,4,1,0.01231,0,normal,0
LG-1009,2025-01-10 15:35:30,6.55107,3.353647,20.7,83.0,1,0,15,4,1,0.01324,0,normal,0
LG-1009,2025-01-10 15:36:00,6.550187,3.354006,12.7,83.0,1,0,15,4,1,0.01387,0,normal,0
LG-1009,2025-01-10 15:36:30,6.548791,3.354565,20.1,83.0,1,0,15,4,1,0.01492,0,normal,0
LG-1009,2025-01-10 15:37:00,6.547708,3.35502,15.7,82.9,1,0,15,4,1,0.0158,0,normal,0
LG-1009,2025-01-10 15:37:30,6.547092,3.355261,8.8,82.9,1,0,15,4,1,0.01631,0,normal,0
LG-1009,2025-01-10 15:38:00,6.545335,3.355988,25.4,82.8,1,0,15,4,1,0.01783,0,normal,0
LG-1009,2025-01-10 15:38:30,6.543679,3.35666,23.9,82.8,1,0,15,4,1,0.01932,0,normal,0
LG-1009,2025-01-10 15:39:00,6.5427,3.356976,13.7,82.8,1,0,15,4,1,0.02016,0,normal,0
LG-1009,2025-01-10 15:39:30,6.540913,3.356339,25.3,82.7,1,0,15,4,1,0.02083,0,normal,0
LG-1009,2025-01-10 15:40:00,6.540041,3.355723,14.2,82.7,1,0,15,4,1,0.02099,0,normal,0
LG-1009,2025-01-10 15:40:30,6.539027,3.354991,16.7,82.6,1,0,15,4,1,0.02123,0,normal,0
LG-1009,2025-01-10 15:41:00,6.537545,3.354033,23.5,82.6,1,0,15,4,1,0.02178,0,normal,0
LG-1009,2025-01-10 15:41:30,6.536658,3.353468,14.0,82.5,1,0,15,4,1,0.02218,0,normal,0
LG-1009,2025-01-10 15:42:00,6.535609,3.352804,16.6,82.5,1,0,15,4,1,0.0227,0,normal,0
LG-1009,2025-01-10 15:42:30,6.534205,3.352272,20.0,82.5,1,0,15,4,1,0.02365,0,normal,0
LG-1009,2025-01-10 15:43:00,6.533389,3.352358,11.0,82.4,1,0,15,4,1,0.02441,0,normal,0
LG-1009,2025-01-10 15:43:30,6.532235,3.352707,16.1,82.4,1,0,15,4,1,0.0256,0,normal,0
LG-1009,2025-01-10 15:44:00,6.531223,3.353011,14.1,82.4,1,0,15,4,1,0.02498,0,normal,0
LG-1009,2025-01-10 15:44:30,6.529746,3.353436,20.5,82.3,1,0,15,4,1,0.02371,0,normal,0
LG-1009,2025-01-10 15:45:00,6.528954,3.353688,11.1,82.3,1,0,15,4,1,0.02302,0,normal,0
LG-1009,2025-01-10 15:45:30,6.528043,3.353978,12.8,82.3,1,0,15,4,1,0.02225,0,normal,0
LG-1009,2025-01-10 15:46:00,6.526896,3.355008,20.5,82.2,1,0,15,4,1,0.02074,0,normal,0
LG-1009,2025-01-10 15:46:30,6.526678,3.355835,11.4,82.2,1,0,15,4,1,0.01994,0,normal,0
LG-1009,2025-01-10 15:47:00,6.526459,3.357019,16.0,82.1,1,0,15,4,1,0.01886,0,normal,0
LG-1009,2025-01-10 15:47:30,6.526274,3.358592,21.0,82.1,1,0,15,4,1,0.01752,0,normal,0
LG-1009,2025-01-10 15:48:00,6.525614,3.360072,21.5,82.0,1,0,15,4,1,0.01597,0,normal,0
LG-1009,2025-01-10 15:48:30,6.525145,3.360691,10.3,82.0,1,0,15,4,1,0.01519,0,normal,0
LG-1009,2025-01-10 15:49:00,6.524068,3.36209,23.5,82.0,1,0,15,4,1,0.01343,0,normal,0
LG-1009,2025-01-10 15:49:30,6.522909,3.36318,21.2,81.9,1,0,15,4,1,0.01185,0,normal,0
LG-1009,2025-01-10 15:50:00,6.521964,3.363737,14.6,81.9,1,0,15,4,1,0.01081,0,normal,0
LG-1009,2025-01-10 15:50:30,6.520524,3.364542,22.0,81.8,1,0,15,4,1,0.00928,0,normal,0
LG-1009,2025-01-10 15:51:00,6.519107,3.365281,21.3,81.8,1,0,15,4,1,0.00787,0,normal,0
LG-1009,2025-01-10 15:51:30,6.517673,3.365344,19.2,81.7,1,0,15,4,1,0.00717,0,normal,0
LG-1009,2025-01-10 15:52:00,6.516332,3.36503,18.4,81.7,1,0,15,4,1,0.0071,0,normal,0
LG-1009,2025-01-10 15:52:30,6.514798,3.364533,21.5,81.6,1,0,15,4,1,0.00747,0,normal,0
LG-1009,2025-01-10 15:53:00,6.512921,3.363988,26.1,81.6,1,0,15,4,1,0.00828,0,normal,0
LG-1009,2025-01-10 15:53:30,6.511578,3.36356,18.8,81.5,1,0,15,4,1,0.00911,0,normal,0
LG-1009,2025-01-10 15:54:00,6.509936,3.363098,22.8,81.5,1,0,15,4,1,0.01024,0,normal,0
LG-1009,2025-01-10 15:54:30,6.508327,3.36323,21.6,81.4,1,0,15,4,1,0.01069,0,normal,0
LG-1009,2025-01-10 15:55:00,6.506598,3.36361,23.6,81.4,1,0,15,4,1,0.00944,0,normal,0
LG-1009,2025-01-10 15:55:30,6.504744,3.364002,25.3,81.3,1,0,15,4,1,0.00831,0,normal,0
LG-1009,2025-01-10 15:56:00,6.503859,3.363836,12.0,81.3,1,0,15,4,1,0.00759,0,normal,0
LG-1009,2025-01-10 15:56:30,6.503045,3.363532,11.6,81.3,1,0,15,4,1,0.00685,0,normal,0
LG-1009,2025-01-10 15:57:00,6.501722,3.363017,18.9,81.2,1,0,15,4,1,0.00571,0,normal,0
LG-1009,2025-01-10 15:57:30,6.500559,3.362589,16.5,81.2,1,0,15,4,1,0.00485,0,normal,0
LG-1009,2025-01-10 15:58:00,6.499235,3.362139,18.7,81.1,1,0,15,4,1,0.00415,0,normal,0
LG-1009,2025-01-10 15:58:30,6.497593,3.361718,22.6,81.1,1,0,15,4,1,0.00398,0,normal,0
LG-1009,2025-01-10 15:59:00,6.495736,3.361534,24.9,81.0,1,0,15,4,1,0.00481,0,normal,0
LG-1009,2025-01-10 15:59:30,6.494548,3.361677,16.0,81.0,1,0,15,4,1,0.00577,0,normal,0
LG-1009,2025-01-10 16:00:00,6.493033,3.362157,21.2,80.9,1,0,16,4,1,0.00727,0,normal,0
LG-1009,2025-01-10 16:00:30,6.492179,3.362472,12.1,80.9,1,0,16,4,1,0.00816,0,normal,0
LG-1009,2025-01-10 16:01:00,6.490911,3.362938,18.0,80.9,1,0,16,4,1,0.00948,0,normal,0
LG-1009,2025-01-10 16:01:30,6.490269,3.363167,9.1,80.8,1,0,16,4,1,0.01015,0,normal,0
LG-1009,2025-01-10 16:02:00,6.489032,3.363603,17.5,80.8,1,0,16,4,1,0.01143,0,normal,0
LG-1009,2025-01-10 16:02:30,6.48775,3.364072,18.2,80.8,1,0,16,4,1,0.01278,0,normal,0
LG-1009,2025-01-10 16:03:00,6.486234,3.364625,21.5,80.7,1,0,16,4,1,0.01438,0,normal,0
LG-1009,2025-01-10 16:03:30,6.486234,3.364625,0.0,80.7,1,1,16,4,1,0.01438,0,normal,0
LG-1009,2025-01-10 16:04:00,6.486234,3.364625,0.0,80.7,1,2,16,4,1,0.01438,0,normal,0
LG-1009,2025-01-10 16:04:30,6.486234,3.364625,0.0,80.7,1,3,16,4,1,0.01438,0,normal,0
LG-1009,2025-01-10 16:05:00,6.486234,3.364625,0.0,80.7,1,4,16,4,1,0.01438,0,normal,0
LG-1009,2025-01-10 16:05:30,6.486234,3.364625,0.0,80.7,1,5,16,4,1,0.01438,0,normal,0
LG-1009,2025-01-10 16:06:00,6.486234,3.364625,0.0,80.7,1,6,16,4,1,0.01438,0,normal,0
LG-1009,2025-01-10 16:06:30,6.484812,3.365101,20.0,80.7,1,0,16,4,1,0.01587,0,normal,0
LG-1009,2025-01-10 16:07:00,6.483806,3.365596,15.0,80.6,1,0,16,4,1,0.01699,0,normal,0
LG-1009,2025-01-10 16:07:30,6.483219,3.365899,8.8,80.6,1,0,16,4,1,0.01765,0,normal,0
LG-1009,2025-01-10 16:08:00,6.482463,3.366168,10.7,80.6,1,0,16,4,1,0.01844,0,normal,0
LG-1009,2025-01-10 16:08:30,6.480554,3.366249,25.5,80.5,1,0,16,4,1,0.02021,0,normal,0
LG-1009,2025-01-10 16:09:00,6.47881,3.365629,24.7,80.5,1,0,16,4,1,0.02158,0,normal,0
LG-1009,2025-01-10 16:09:30,6.477842,3.365156,14.4,80.4,1,0,16,4,1,0.02234,0,normal,0
LG-1009,2025-01-10 16:10:00,6.476951,3.364721,13.2,80.4,1,0,16,4,1,0.02305,0,normal,0
LG-1009,2025-01-10 16:10:30,6.475852,3.364184,16.3,80.4,1,0,16,4,1,0.02396,0,normal,0
LG-1009,2025-01-10 16:11:00,6.474455,3.363502,20.7,80.3,1,0,16,4,1,0.02515,0,normal,0
LG-1009,2025-01-10 16:11:30,6.473427,3.363066,14.9,80.3,1,0,16,4,1,0.02476,0,normal,0
LG-1009,2025-01-10 16:12:00,6.472707,3.362895,9.9,80.3,1,0,16,4,1,0.02402,0,normal,0
LG-1009,2025-01-10 16:12:30,6.471533,3.362912,15.7,80.2,1,0,16,4,1,0.02287,0,normal,0
LG-1009,2025-01-10 16:13:00,6.470552,3.36306,13.3,80.2,1,0,16,4,1,0.02193,0,normal,0
LG-1009,2025-01-10 16:13:30,6.469489,3.363238,14.4,80.2,1,0,16,4,1,0.02092,0,normal,0
LG-1009,2025-01-10 16:14:00,6.468639,3.363401,11.6,80.1,1,0,16,4,1,0.02013,0,normal,0
LG-1009,2025-01-10 16:14:30,6.467151,3.363676,20.2,80.1,1,0,16,4,1,0.01874,0,normal,0
LG-1009,2025-01-10 16:15:00,6.465827,3.363889,17.9,80.0,1,0,16,4,1,0.01752,0,normal,0
LG-1009,2025-01-10 16:15:30,6.464831,3.364023,13.4,80.0,1,0,16,4,1,0.01661,0,normal,0
LG-1009,2025-01-10 16:16:00,6.463455,3.364062,18.4,80.0,1,0,16,4,1,0.01532,0,normal,0
LG-1009,2025-01-10 16:16:30,6.462162,3.364134,17.3,79.9,1,0,16,4,1,0.01413,0,normal,0
LG-1009,2025-01-10 16:17:00,6.46047,3.36418,22.6,79.9,1,0,16,4,1,0.01259,0,normal,0
LG-1009,2025-01-10 16:17:30,6.458577,3.364327,25.4,79.8,1,0,16,4,1,0.01096,0,normal,0
LG-1009,2025-01-10 16:18:00,6.457779,3.364529,11.0,79.8,1,0,16,4,1,0.01037,0,normal,0
LG-1009,2025-01-10 16:18:30,6.456104,3.365201,24.1,79.7,1,0,16,4,1,0.00943,0,normal,0
LG-1009,2025-01-10 16:19:00,6.454695,3.365901,21.0,79.7,1,0,16,4,1,0.00895,0,normal,0
LG-1009,2025-01-10 16:19:30,6.453268,3.366526,20.8,79.6,1,0,16,4,1,0.00865,0,normal,0
LG-1009,2025-01-10 16:20:00,6.452202,3.366935,15.2,79.6,1,0,16,4,1,0.00856,0,normal,0
LG-1009,2025-01-10 16:20:30,6.451166,3.367311,14.7,79.6,1,0,16,4,1,0.00859,0,normal,0
LG-1009,2025-01-10 16:21:00,6.450545,3.367537,8.8,79.5,1,0,16,4,1,0.00868,0,normal,0
LG-1009,2025-01-10 16:21:30,6.448763,3.367851,24.2,79.5,1,0,16,4,1,0.00885,0,normal,0
LG-1009,2025-01-10 16:22:00,6.448084,3.366849,16.1,79.5,1,0,16,4,1,0.0079,0,normal,0
LG-1009,2025-01-10 16:22:30,6.446991,3.36641,15.7,79.4,1,0,16,4,1,0.00768,0,normal,0
LG-1009,2025-01-10 16:23:00,6.446635,3.365518,12.8,79.4,1,0,16,4,1,0.00693,0,normal,0
LG-1009,2025-01-10 16:23:30,6.446891,3.36486,9.4,79.4,1,0,16,4,1,0.00623,0,normal,0
LG-1009,2025-01-10 16:24:00,6.447211,3.36404,11.7,79.3,1,0,16,4,1,0.00535,0,normal,0
LG-1009,2025-01-10 16:24:30,6.447767,3.362682,19.5,79.3,1,0,16,4,1,0.00388,0,normal,0
LG-1009,2025-01-10 16:25:00,6.44826,3.361453,17.6,79.2,1,0,16,4,1,0.00256,0,normal,0
LG-1009,2025-01-10 16:25:30,6.448907,3.359902,22.3,79.2,1,0,16,4,1,0.00091,0,normal,0
LG-1009,2025-01-10 16:26:00,6.449238,3.359099,11.5,79.2,1,0,16,4,1,0.00026,0,normal,0
LG-1009,2025-01-10 16:26:30,6.449238,3.359099,0.0,79.2,0,1,16,4,1,0.00026,0,normal,0
LG-1009,2025-01-10 16:27:00,6.449238,3.359099,0.0,79.2,0,2,16,4,1,0.00026,0,normal,0
LG-1009,2025-01-10 16:27:30,6.449238,3.359099,0.0,79.2,0,3,16,4,1,0.00026,0,normal,0
LG-1009,2025-01-10 16:28:00,6.449238,3.359099,0.0,79.2,0,4,16,4,1,0.00026,0,normal,0
LG-1009,2025-01-10 16:28:30,6.449238,3.359099,0.0,79.2,0,5,16,4,1,0.00026,0,normal,0
LG-1009,2025-01-10 16:29:00,6.449238,3.359099,0.0,79.2,0,6,16,4,1,0.00026,0,normal,0
LG-1009,2025-01-10 16:29:30,6.449238,3.359099,0.0,79.2,0,7,16,4,1,0.00026,0,normal,0
LG-1009,2025-01-11 09:49:00,6.448836,3.360077,0.0,79.2,0,1,9,5,1,0.00109,0,normal,0
LG-1009,2025-01-11 09:49:30,6.448487,3.360929,12.2,79.1,1,0,9,5,1,0.002,0,normal,0
LG-1009,2025-01-11 09:50:00,6.447935,3.36225,19.0,79.1,1,0,9,5,1,0.00342,0,normal,0
LG-1009,2025-01-11 09:50:30,6.447487,3.363373,16.1,79.1,1,0,9,5,1,0.00463,0,normal,0
LG-1009,2025-01-11 09:51:00,6.446528,3.365791,34.6,79.0,1,0,9,5,1,0.00723,0,normal,0
LG-1009,2025-01-11 09:51:30,6.447303,3.366528,14.2,78.9,1,0,9,5,1,0.00772,0,normal,0
LG-1009,2025-01-11 09:52:00,6.448467,3.367013,16.8,78.9,1,0,9,5,1,0.00803,0,normal,0
LG-1009,2025-01-11 09:52:30,6.448681,3.368053,14.1,78.9,1,0,9,5,1,0.00906,0,normal,0
LG-1009,2025-01-11 09:53:00,6.449905,3.367921,16.4,78.8,1,0,9,5,1,0.00897,0,normal,0
LG-1009,2025-01-11 09:53:30,6.451712,3.367235,25.8,78.8,1,0,9,5,1,0.00867,0,normal,0
LG-1009,2025-01-11 09:54:00,6.45379,3.366399,29.9,78.7,1,0,9,5,1,0.00881,0,normal,0
LG-1009,2025-01-11 09:54:30,6.455163,3.365769,20.2,78.7,1,0,9,5,1,0.00915,0,normal,0
LG-1009,2025-01-11 09:55:00,6.456942,3.364929,26.3,78.6,1,0,9,5,1,0.00991,0,normal,0
LG-1009,2025-01-11 09:55:30,6.458577,3.364419,22.9,78.5,1,0,9,5,1,0.011,0,normal,0
LG-1009,2025-01-11 09:56:00,6.460923,3.364286,31.4,78.5,1,0,9,5,1,0.01304,0,normal,0
LG-1009,2025-01-11 09:56:30,6.462791,3.36426,25.0,78.4,1,0,9,5,1,0.01476,0,normal,0
LG-1009,2025-01-11 09:57:00,6.46417,3.364212,18.4,78.4,1,0,9,5,1,0.01604,0,normal,0
LG-1009,2025-01-11 09:57:30,6.466255,3.363964,28.0,78.3,1,0,9,5,1,0.01796,0,normal,0
LG-1009,2025-01-11 09:58:00,6.468534,3.363614,30.8,78.2,1,0,9,5,1,0.02007,0,normal,0
LG-1009,2025-01-11 09:58:30,6.470182,3.363255,22.5,78.2,1,0,9,5,1,0.02161,0,normal,0
LG-1009,2025-01-11 09:59:00,6.472755,3.363039,34.5,78.1,1,0,9,5,1,0.0241,0,normal,0
LG-1009,2025-01-11 09:59:30,6.474987,3.363923,32.0,78.0,1,0,9,5,1,0.02473,0,normal,0
LG-1009,2025-01-11 10:00:00,6.476083,3.364453,16.3,78.0,1,0,10,5,1,0.02381,0,normal,0
LG-1009,2025-01-11 10:00:30,6.478108,3.365433,30.0,77.9,1,0,10,5,1,0.02218,0,normal,0
LG-1009,2025-01-11 10:01:00,6.479865,3.366207,25.6,77.9,1,0,10,5,1,0.02082,0,normal,0
LG-1009,2025-01-11 10:01:30,6.481647,3.366446,24.0,77.8,1,0,10,5,1,0.0193,0,normal,0
LG-1009,2025-01-11 10:02:00,6.483378,3.366099,23.6,77.7,1,0,10,5,1,0.0176,0,normal,0
LG-1009,2025-01-11 10:02:30,6.4855,3.36506,31.5,77.7,1,0,10,5,1,0.01523,0,normal,0
LG-1009,2025-01-11 10:03:00,6.48731,3.36436,25.9,77.6,1,0,10,5,1,0.01331,0,normal,0
LG-1009,2025-01-11 10:03:30,6.489017,3.363747,24.2,77.6,1,0,10,5,1,0.01152,0,normal,0
LG-1009,2025-01-11 10:04:00,6.489921,3.363426,12.8,77.5,1,0,10,5,1,0.01058,0,normal,0
LG-1009,2025-01-11 10:04:30,6.489921,3.363426,0.0,77.5,1,1,10,5,1,0.01058,0,normal,0
LG-1009,2025-01-11 10:05:00,6.489921,3.363426,0.0,77.5,1,2,10,5,1,0.01058,0,normal,0
LG-1009,2025-01-11 10:05:30,6.489921,3.363426,0.0,77.5,1,3,10,5,1,0.01058,0,normal,0
LG-1009,2025-01-11 10:06:00,6.489921,3.363426,0.0,77.5,1,4,10,5,1,0.01058,0,normal,0
LG-1009,2025-01-11 10:06:30,6.489921,3.363426,0.0,77.5,1,5,10,5,1,0.01058,0,normal,0
LG-1009,2025-01-11 10:07:00,6.491484,3.362876,22.1,77.5,1,0,10,5,1,0.00896,0,normal,0
LG-1009,2025-01-11 10:07:30,6.49379,3.362018,32.8,77.4,1,0,10,5,1,0.00658,0,normal,0
LG-1009,2025-01-11 10:08:00,6.495867,3.361659,28.2,77.3,1,0,10,5,1,0.00482,0,normal,0
LG-1009,2025-01-11 10:08:30,6.496825,3.361739,12.8,77.3,1,0,10,5,1,0.00433,0,normal,0
LG-1009,2025-01-11 10:09:00,6.499183,3.36226,32.3,77.2,1,0,10,5,1,0.00426,0,normal,0
LG-1009,2025-01-11 10:09:30,6.50137,3.363029,30.9,77.2,1,0,10,5,1,0.00556,0,normal,0
LG-1009,2025-01-11 10:10:00,6.503092,3.363646,24.4,77.1,1,0,10,5,1,0.00697,0,normal,0
LG-1009,2025-01-11 10:10:30,6.503952,3.363952,12.2,77.1,1,0,10,5,1,0.00774,0,normal,0
LG-1009,2025-01-11 10:11:00,6.505778,3.363931,24.4,77.0,1,0,10,5,1,0.00901,0,normal,0
LG-1009,2025-01-11 10:11:30,6.50672,3.363704,12.9,77.0,1,0,10,5,1,0.0096,0,normal,0
LG-1009,2025-01-11 10:12:00,6.508115,3.363375,19.1,76.9,1,0,10,5,1,0.01058,0,normal,0
LG-1009,2025-01-11 10:12:30,6.510067,3.363246,26.1,76.9,1,0,10,5,1,0.01005,0,normal,0
LG-1009,2025-01-11 10:13:00,6.512428,3.363964,32.9,76.8,1,0,10,5,1,0.00844,0,normal,0
LG-1009,2025-01-11 10:13:30,6.513844,3.364453,20.0,76.8,1,0,10,5,1,0.00764,0,normal,0
LG-1009,2025-01-11 10:14:00,6.516061,3.365293,31.7,76.7,1,0,10,5,1,0.00679,0,normal,0
LG-1009,2025-01-11 10:14:30,6.518445,3.365478,31.9,76.6,1,0,10,5,1,0.00738,0,normal,0
LG-1009,2025-01-11 10:15:00,6.519335,3.365308,12.1,76.6,1,0,10,5,1,0.00797,0,normal,0
LG-1009,2025-01-11 10:15:30,6.520455,3.364669,17.2,76.5,1,0,10,5,1,0.00914,0,normal,0
LG-1009,2025-01-11 10:16:00,6.522295,3.363627,28.2,76.5,1,0,10,5,1,0.0111,0,normal,0
LG-1009,2025-01-11 10:16:30,6.524006,3.362277,29.0,76.4,1,0,10,5,1,0.01325,0,normal,0
LG-1009,2025-01-11 10:17:00,6.524969,3.361051,20.7,76.4,1,0,10,5,1,0.01481,0,normal,0
LG-1009,2025-01-11 10:17:30,6.526159,3.359419,26.9,76.3,1,0,10,5,1,0.01682,0,normal,0
LG-1009,2025-01-11 10:18:00,6.526472,3.357508,25.7,76.2,1,0,10,5,1,0.01848,0,normal,0
LG-1009,2025-01-11 10:18:30,6.526831,3.355373,28.7,76.2,1,0,10,5,1,0.02041,0,normal,0
LG-1009,2025-01-11 10:19:00,6.528288,3.353962,27.0,76.1,1,0,10,5,1,0.0224,0,normal,0
LG-1009,2025-01-11 10:19:30,6.528288,3.353962,0.1,76.1,1,188,10,5,1,0.0224,1,excessive_idle,0
LG-1009,2025-01-11 10:20:00,6.528288,3.353962,0.2,76.1,1,205,10,5,1,0.0224,1,excessive_idle,0
LG-1009,2025-01-11 10:20:30,6.528288,3.353962,1.4,76.1,1,206,10,5,1,0.0224,1,excessive_idle,0
LG-1009,2025-01-11 10:21:00,6.528288,3.353962,1.4,76.1,1,207,10,5,1,0.0224,1,excessive_idle,0
LG-1009,2025-01-11 10:21:30,6.528288,3.353962,0.2,76.1,1,209,10,5,1,0.0224,1,excessive_idle,0
LG-1009,2025-01-11 10:22:00,6.528288,3.353962,0.9,76.1,1,219,10,5,1,0.0224,1,excessive_idle,0
LG-1009,2025-01-11 10:22:30,6.528288,3.353962,0.6,76.1,1,220,10,5,1,0.0224,1,excessive_idle,0
LG-1009,2025-01-11 10:23:00,6.528288,3.353962,0.4,76.1,1,221,10,5,1,0.0224,1,excessive_idle,0
LG-1009,2025-01-11 10:23:30,6.528288,3.353962,0.2,76.1,1,222,10,5,1,0.0224,1,excessive_idle,0
LG-1009,2025-01-11 10:24:00,6.528288,3.353962,1.0,76.1,1,223,10,5,1,0.0224,1,excessive_idle,0
LG-1009,2025-01-11 10:24:30,6.528288,3.353962,1.0,76.1,1,237,10,5,1,0.0224,1,excessive_idle,0
LG-1009,2025-01-11 10:25:00,6.528288,3.353962,0.1,76.1,1,238,10,5,1,0.0224,1,excessive_idle,0
LG-1009,2025-01-11 10:25:30,6.528288,3.353962,1.0,76.1,1,239,10,5,1,0.0224,1,excessive_idle,0
LG-1009,2025-01-11 10:26:00,6.528288,3.353962,0.7,76.1,1,240,10,5,1,0.0224,1,excessive_idle,0
LG-1009,2025-01-11 10:26:30,6.530594,3.353263,32.2,76.0,1,0,10,5,1,0.02438,0,normal,0
LG-1009,2025-01-11 10:27:00,6.532235,3.352791,22.8,76.0,1,0,10,5,1,0.02564,0,normal,0
LG-1009,2025-01-11 10:27:30,6.533976,3.352345,24.0,75.9,1,0,10,5,1,0.02389,0,normal,0
LG-1009,2025-01-11 10:28:00,6.535538,3.352829,21.8,75.9,1,0,10,5,1,0.02277,0,normal,0
LG-1009,2025-01-11 10:28:30,6.536374,3.353378,13.3,75.8,1,0,10,5,1,0.02236,0,normal,0
LG-1009,2025-01-11 10:29:00,6.538273,3.354584,30.0,75.8,1,0,10,5,1,0.02155,0,normal,0
LG-1009,2025-01-11 10:29:30,6.53918,3.355195,14.6,75.7,1,0,10,5,1,0.02125,0,normal,0
LG-1009,2025-01-11 10:30:00,6.540447,3.356112,20.8,75.7,1,0,10,5,1,0.02098,0,normal,0
LG-1009,2025-01-11 10:30:30,6.541748,3.356945,20.6,75.6,1,0,10,5,1,0.02073,0,normal,0
LG-1009,2025-01-11 10:31:00,6.543079,3.356974,17.8,75.6,1,0,10,5,1,0.01993,0,normal,0
LG-1009,2025-01-11 10:31:30,6.544547,3.356399,21.0,75.5,1,0,10,5,1,0.01861,0,normal,0
LG-1009,2025-01-11 10:32:00,6.546359,3.355671,26.1,75.5,1,0,10,5,1,0.01703,0,normal,0
LG-1009,2025-01-11 10:32:30,6.547677,3.355148,18.9,75.4,1,0,10,5,1,0.01593,0,normal,0
LG-1009,2025-01-11 10:33:00,6.548764,3.354699,15.7,75.4,1,0,10,5,1,0.01505,0,normal,0
LG-1009,2025-01-11 10:33:30,6.550975,3.353785,31.9,75.3,1,0,10,5,1,0.0134,0,normal,0
LG-1009,2025-01-11 10:34:00,6.553352,3.352806,34.3,75.2,1,0,10,5,1,0.01192,0,normal,0
LG-1009,2025-01-11 10:34:30,6.554898,3.35216,22.4,75.2,1,0,10,5,1,0.01116,0,normal,0
LG-1009,2025-01-11 10:35:00,6.556234,3.35161,19.3,75.1,1,0,10,5,1,0.01068,0,normal,0
LG-1009,2025-01-11 10:35:30,6.557118,3.351243,12.8,75.1,1,0,10,5,1,0.01046,0,normal,0
LG-1009,2025-01-11 10:36:00,6.55799,3.350897,12.5,75.1,1,0,10,5,1,0.01034,0,normal,0
LG-1009,2025-01-11 10:36:30,6.559451,3.350352,20.8,75.0,1,0,10,5,1,0.01036,0,normal,0
LG-1009,2025-01-11 10:37:00,6.561769,3.349422,33.3,75.0,1,0,10,5,1,0.0108,0,normal,0
LG-1009,2025-01-11 10:37:30,6.563754,3.348597,28.7,74.9,1,0,10,5,1,0.01159,0,normal,0
LG-1009,2025-01-11 10:38:00,6.565125,3.348027,19.8,74.9,1,0,10,5,1,0.01232,0,normal,0
LG-1009,2025-01-11 10:38:30,6.567504,3.347068,34.2,74.8,1,0,10,5,1,0.0139,0,normal,0
LG-1009,2025-01-11 10:39:00,6.569019,3.346488,21.7,74.7,1,0,10,5,1,0.01505,0,normal,0
LG-1009,2025-01-11 10:39:30,6.570268,3.345956,18.1,74.7,1,0,10,5,1,0.01605,0,normal,0
LG-1009,2025-01-11 10:40:00,6.571769,3.34535,21.6,74.6,1,0,10,5,1,0.01732,0,normal,0
LG-1009,2025-01-11 10:40:30,6.572924,3.344891,16.6,74.6,1,0,10,5,1,0.01834,0,normal,0
LG-1009,2025-01-11 10:41:00,6.575167,3.343978,32.3,74.5,1,0,10,5,1,0.02039,0,normal,0
LG-1009,2025-01-11 10:41:30,6.576558,3.343404,20.1,74.5,1,0,10,5,1,0.02169,0,normal,0
LG-1009,2025-01-11 10:42:00,6.578433,3.342642,27.0,74.4,1,0,10,5,1,0.02298,0,normal,0
LG-1009,2025-01-11 10:42:30,6.579869,3.342051,20.7,74.4,1,0,10,5,1,0.0217,0,normal,0
LG-1009,2025-01-11 10:43:00,6.582144,3.341144,32.7,74.3,1,0,10,5,1,0.01974,0,normal,0
LG-1009,2025-01-11 10:43:30,6.583993,3.340391,26.6,74.2,1,0,10,5,1,0.01825,0,normal,0
LG-1009,2025-01-11 10:44:00,6.585592,3.339739,23.0,74.2,1,0,10,5,1,0.01703,0,normal,0
LG-1009,2025-01-11 10:44:30,6.586616,3.339325,14.7,74.1,1,0,10,5,1,0.0163,0,normal,0
LG-1009,2025-01-11 10:45:00,6.588887,3.338409,32.7,74.1,1,0,10,5,1,0.01485,0,normal,0
LG-1009,2025-01-11 10:45:30,6.590591,3.337744,24.4,74.0,1,0,10,5,1,0.01393,0,normal,0
LG-1009,2025-01-11 10:46:00,6.59186,3.337223,18.3,74.0,1,0,10,5,1,0.01338,0,normal,0
LG-1009,2025-01-11 10:46:30,6.594082,3.336295,32.1,73.9,1,0,10,5,1,0.01275,0,normal,0
LG-1009,2025-01-11 10:47:00,6.594986,3.335949,12.9,73.8,1,0,10,5,1,0.01258,0,normal,0
LG-1009,2025-01-11 10:47:30,6.595853,3.336444,13.3,73.8,1,0,10,5,1,0.01174,0,normal,0
LG-1009,2025-01-11 10:48:00,6.595956,3.33825,24.0,73.8,1,0,10,5,1,0.0101,0,normal,0
LG-1009,2025-01-11 10:48:30,6.596233,3.339676,19.3,73.7,1,0,10,5,1,0.00874,0,normal,0
