vehicle_id,timestamp,lat,lng,speed_kmh,fuel_level_pct,engine_on,idle_minutes,hour,day_of_week,is_working_hour,zone_distance_deg,is_anomaly,anomaly_type
LG-1000,2025-01-01 06:37:00,6.48866,3.364282,0.1,86.5,1,98,6,2,0,0.0121,1,excessive_idle
LG-1000,2025-01-01 09:23:00,6.505262,3.338193,41.0,79.6,0,0,9,2,1,0.02077,0,normal
LG-1000,2025-01-01 09:29:00,6.784659,3.746429,46.5,59.2,1,0,2,2,0,0.39058,1,private_use
LG-1000,2025-01-01 10:20:00,6.504927,3.316758,37.7,76.4,1,2,10,2,1,0.04167,0,normal
LG-1000,2025-01-01 10:27:00,6.604757,3.327104,58.3,65.0,1,0,10,2,1,0.02025,0,normal
LG-1000,2025-01-01 13:24:00,6.595736,3.331666,24.3,59.5,1,0,13,2,1,0.01621,0,normal
LG-1000,2025-01-01 13:35:00,6.486151,3.38232,55.5,69.9,1,5,13,2,1,0.02751,0,normal
LG-1000,2025-01-01 15:45:00,6.447001,3.398672,58.3,49.5,1,0,15,2,1,0.0088,0,normal
LG-1000,2025-01-01 20:38:00,6.432567,3.409956,1.3,38.4,0,0,20,2,0,0.01195,0,normal
LG-1000,2025-01-01 21:39:00,6.414016,3.002077,67.5,64.0,0,5,21,2,0,0.36593,1,route_deviation
LG-1000,2025-01-01 23:00:00,6.493588,3.38375,0.4,36.0,0,5,23,2,0,0.02631,0,normal
LG-1000,2025-01-01 23:58:00,6.519743,3.361025,0.3,37.8,0,5,23,2,0,0.02096,0,normal
LG-1000,2025-01-02 00:19:00,6.629233,3.344454,2.7,81.5,0,0,0,3,0,0.02835,0,normal
LG-1000,2025-01-02 02:27:00,6.436471,3.421318,2.1,10.2,1,79,2,3,0,0.00848,1,fuel_theft
LG-1000,2025-01-02 03:36:00,6.620605,3.352279,1.6,100.0,0,0,3,3,0,0.0203,0,normal
LG-1000,2025-01-02 03:39:00,6.398395,3.436905,1.3,69.0,0,0,3,3,0,0.03361,0,normal
LG-1000,2025-01-02 05:55:00,6.471338,3.414915,0.2,65.7,0,0,5,3,0,0.02576,0,normal
LG-1000,2025-01-02 06:48:00,6.461361,3.50763,1.8,81.3,1,147,6,3,0,0.01482,1,excessive_idle
LG-1000,2025-01-02 09:17:00,6.580377,3.343427,13.0,59.5,1,0,9,3,1,0.02093,0,normal
LG-1000,2025-01-02 09:55:00,6.58414,3.353599,50.1,64.1,1,0,9,3,1,0.0181,0,normal
LG-1000,2025-01-02 10:36:00,6.495904,3.518619,15.5,60.0,1,0,10,3,1,0.03109,0,normal
LG-1000,2025-01-02 10:42:00,6.599363,3.343207,61.5,84.6,1,2,10,3,1,0.00413,0,normal
LG-1000,2025-01-02 11:49:00,6.462457,3.397136,46.4,70.0,1,0,11,3,1,0.00776,0,normal
LG-1000,2025-01-02 11:58:00,6.431956,3.421787,52.8,53.9,1,5,11,3,1,0.00403,0,normal
LG-1000,2025-01-02 12:40:00,6.437599,3.443101,58.8,72.1,1,0,12,3,1,0.0241,0,normal
LG-1000,2025-01-02 16:39:00,6.488131,3.345194,33.4,73.0,1,0,16,3,1,0.0168,0,normal
LG-1000,2025-01-02 16:56:00,6.494316,3.334216,20.9,48.5,1,0,16,3,1,0.02424,0,normal
LG-1000,2025-01-02 18:20:00,6.463361,3.393265,24.7,65.7,1,2,18,3,1,0.00854,0,normal
LG-1000,2025-01-02 20:46:00,6.59101,3.338738,1.7,39.4,0,0,20,3,0,0.01296,0,normal
LG-1000,2025-01-02 20:56:00,6.489759,3.37338,0.8,68.2,0,0,20,3,0,0.01794,0,normal
LG-1000,2025-01-02 22:05:00,6.471305,3.534385,1.0,12.6,1,82,22,3,0,0.0139,1,fuel_theft
LG-1000,2025-01-02 22:32:00,6.466362,3.531072,3.0,17.8,1,75,22,3,0,0.00917,1,fuel_theft
LG-1000,2025-01-03 03:25:00,6.439503,3.402629,0.6,71.7,0,0,3,4,0,0.01727,0,normal
LG-1000,2025-01-03 03:56:00,6.465547,3.491526,3.2,87.5,0,8,3,4,0,0.03048,0,normal
LG-1000,2025-01-03 05:42:00,6.497502,3.366578,1.7,83.6,0,8,5,4,0,0.00871,0,normal
LG-1000,2025-01-03 05:45:00,6.461165,3.406738,0.2,74.0,0,8,5,4,0,0.01326,0,normal
LG-1000,2025-01-03 07:59:00,6.591453,3.351816,14.4,67.9,0,0,7,4,1,0.01069,0,normal
LG-1000,2025-01-03 08:04:00,6.455639,3.393699,55.6,82.1,1,0,8,4,1,0.00145,0,normal
LG-1000,2025-01-03 08:30:00,6.481351,3.345438,46.0,91.8,1,0,8,4,1,0.02166,0,normal
LG-1000,2025-01-03 10:25:00,6.803335,3.731959,31.9,84.3,1,5,23,4,0,0.39819,1,private_use
LG-1000,2025-01-03 11:32:00,6.487719,3.361332,58.2,68.3,1,0,11,4,1,0.01176,0,normal
LG-1000,2025-01-03 12:27:00,6.47074,3.38486,50.4,59.4,1,2,12,4,1,0.01872,0,normal
LG-1000,2025-01-03 12:28:00,6.506648,3.356422,53.0,63.6,1,0,12,4,1,0.00781,0,normal
LG-1000,2025-01-03 16:54:00,6.582849,3.381965,34.7,37.9,1,0,16,4,1,0.0394,0,normal
LG-1000,2025-01-03 17:50:00,6.469644,3.530843,21.4,52.9,1,5,17,4,1,0.00999,0,normal
LG-1000,2025-01-03 18:07:00,6.437773,3.430324,51.4,70.4,1,0,18,4,1,0.01351,0,normal
LG-1000,2025-01-03 19:21:00,6.594894,3.342735,3.3,45.7,0,0,19,4,0,0.00745,0,normal
LG-1000,2025-01-03 22:03:00,6.422077,3.526534,4.0,71.9,0,2,22,4,0,0.04316,0,normal
LG-1000,2025-01-03 22:38:00,6.459305,3.494957,3.4,49.7,0,0,22,4,0,0.02764,0,normal
LG-1000,2025-01-03 22:52:00,6.467599,3.398554,1.3,50.0,0,0,22,4,0,0.01309,0,normal
LG-1000,2025-01-03 23:25:00,6.466286,3.412112,4.4,32.0,0,0,23,4,0,0.0205,0,normal
LG-1000,2025-01-04 00:02:00,6.497637,3.357538,2.6,94.4,0,0,0,5,0,0.00144,0,normal
LG-1000,2025-01-04 00:39:00,6.612257,3.361108,0.5,100.0,0,2,0,5,0,0.01805,0,normal
LG-1000,2025-01-04 01:04:00,6.491337,3.341894,4.8,81.9,0,0,1,5,0,0.01784,0,normal
LG-1000,2025-01-04 02:49:00,6.60208,3.32757,2.5,89.5,0,0,2,5,0,0.01946,0,normal
LG-1000,2025-01-04 03:30:00,6.493038,3.358843,2.6,62.9,0,0,3,5,0,0.00602,0,normal
LG-1000,2025-01-04 05:26:00,6.490606,3.364976,3.5,73.9,0,0,5,5,0,0.01091,0,normal
LG-1000,2025-01-04 06:44:00,6.485351,3.510825,1.7,74.7,0,0,6,5,0,0.02322,0,normal
LG-1000,2025-01-04 07:47:00,6.524313,3.369732,1.7,81.4,0,0,7,5,0,0.0279,0,normal
LG-1000,2025-01-04 08:46:00,6.468475,3.536478,52.0,64.6,1,8,8,5,1,0.01489,0,normal
LG-1000,2025-01-04 09:31:00,6.508834,3.341731,13.9,83.3,0,0,9,5,1,0.01901,0,normal
LG-1000,2025-01-04 10:40:00,6.453892,3.537136,42.8,63.2,1,0,10,5,1,0.01877,0,normal
LG-1000,2025-01-04 12:24:00,6.471858,3.393586,57.7,66.2,1,0,12,5,1,0.01692,0,normal
LG-1000,2025-01-04 13:21:00,6.494505,3.339751,59.4,54.5,1,0,13,5,1,0.01879,0,normal
LG-1000,2025-01-04 15:24:00,6.397387,3.425774,3.4,59.7,0,12,15,5,0,0.03098,0,normal
LG-1000,2025-01-04 15:35:00,6.590516,3.331794,1.3,68.4,0,0,15,5,0,0.01847,0,normal
LG-1000,2025-01-04 16:57:00,6.438149,3.411327,2.4,12.8,1,43,16,5,0,0.01402,1,fuel_theft
LG-1000,2025-01-04 20:39:00,6.462006,3.504781,0.7,62.3,0,2,20,5,0,0.01748,0,normal
LG-1000,2025-01-04 21:32:00,6.506057,3.368023,1.4,36.5,0,0,21,5,0,0.01226,0,normal
LG-1000,2025-01-04 21:57:00,6.59367,3.368099,0.4,45.7,0,0,21,5,0,0.02234,0,normal
LG-1000,2025-01-05 00:49:00,6.448697,3.439143,3.9,99.8,0,2,0,6,0,0.02752,0,normal
LG-1000,2025-01-05 01:09:00,6.43475,3.42945,4.4,96.0,0,0,1,6,0,0.01081,0,normal
LG-1000,2025-01-05 04:25:00,6.44414,3.543581,3.2,63.0,0,0,4,6,0,0.03001,0,normal
LG-1000,2025-01-05 05:15:00,6.453804,3.421963,2.9,63.9,0,5,5,6,0,0.02582,0,normal
LG-1000,2025-01-05 06:34:00,6.605394,3.323167,0.7,64.0,0,0,6,6,0,0.02424,0,normal
LG-1000,2025-01-05 07:40:00,6.470175,3.391314,4.2,62.5,0,0,7,6,0,0.01562,0,normal
LG-1000,2025-01-05 11:46:00,6.61168,3.329278,4.1,58.7,0,0,11,6,0,0.02069,0,normal
LG-1000,2025-01-05 11:50:00,6.465584,3.509324,2.8,63.9,0,0,11,6,0,0.01269,0,normal
LG-1000,2025-01-05 12:30:00,6.418191,3.42423,0.3,63.0,1,193,12,6,0,0.01033,1,excessive_idle
LG-1000,2025-01-05 13:47:00,6.486308,3.361545,1.5,80.7,0,5,13,6,0,0.01318,0,normal
LG-1000,2025-01-05 15:14:00,6.426804,3.39569,0.4,44.0,0,5,15,6,0,0.02534,0,normal
LG-1000,2025-01-05 16:30:00,6.769181,3.634955,37.5,76.7,1,0,22,6,0,0.32448,1,private_use
LG-1000,2025-01-05 17:38:00,6.478652,3.526259,4.5,71.6,0,0,17,6,0,0.0143,0,normal
LG-1000,2025-01-05 20:10:00,6.416809,3.402245,1.5,57.2,0,0,20,6,0,0.02184,0,normal
LG-1000,2025-01-05 20:10:00,6.607766,3.343079,4.0,69.1,0,0,20,6,0,0.00782,0,normal
LG-1000,2025-01-05 20:20:00,6.777787,3.614324,70.3,58.6,1,5,22,6,0,0.32049,1,private_use
LG-1000,2025-01-05 21:15:00,6.476851,3.500674,1.1,42.4,0,5,21,6,0,0.0244,0,normal
LG-1000,2025-01-05 21:36:00,6.587272,3.36171,1.0,58.4,0,0,21,6,0,0.02012,0,normal
LG-1000,2025-01-05 22:17:00,6.44964,3.374569,1.1,35.4,0,8,22,6,0,0.02112,0,normal
LG-1000,2025-01-05 23:35:00,6.602961,3.359356,3.2,44.3,0,0,23,6,0,0.01251,0,normal
LG-1000,2025-01-06 01:19:00,6.465001,3.511177,0.2,70.6,0,0,1,0,0,0.01082,0,normal
LG-1000,2025-01-06 02:01:00,6.488064,3.348188,1.2,84.7,0,5,2,0,0,0.01469,0,normal
LG-1000,2025-01-06 03:51:00,6.474462,3.532903,4.7,80.9,0,0,3,0,0,0.01444,0,normal
LG-1000,2025-01-06 05:39:00,6.417112,3.402767,1.2,72.4,0,0,5,0,0,0.02124,0,normal
LG-1000,2025-01-06 06:51:00,6.493732,3.508396,2.3,14.3,1,58,6,0,0,0.03179,1,fuel_theft
LG-1000,2025-01-06 07:20:00,6.456012,3.407692,22.4,86.2,1,0,7,0,1,0.01273,0,normal
LG-1000,2025-01-06 10:12:00,6.472653,3.354403,22.4,78.4,1,5,10,0,1,0.02659,0,normal
LG-1000,2025-01-06 11:52:00,6.516363,3.379545,39.2,59.4,1,8,11,0,1,0.02767,0,normal
LG-1000,2025-01-06 14:42:00,6.595546,3.329762,36.7,54.7,1,2,14,0,1,0.01808,0,normal
LG-1000,2025-01-06 15:13:00,6.492892,3.529028,2.9,21.9,1,67,15,0,1,0.02876,1,fuel_theft
LG-1000,2025-01-06 16:43:00,6.493197,3.369493,38.7,55.4,1,2,16,0,1,0.01287,0,normal
LG-1000,2025-01-06 17:07:00,6.508273,3.381278,57.6,63.7,1,0,17,0,1,0.02506,0,normal
LG-1000,2025-01-06 17:11:00,6.450274,3.405126,21.4,58.5,1,5,17,0,1,0.01117,0,normal
LG-1000,2025-01-06 17:18:00,6.489849,3.392495,58.8,41.7,1,0,17,0,1,0.03494,0,normal
LG-1000,2025-01-06 18:16:00,6.481036,3.367581,25.8,68.5,1,12,18,0,1,0.02036,0,normal
LG-1000,2025-01-06 18:18:00,6.626385,3.336288,21.1,67.6,1,0,18,0,1,0.02755,0,normal
LG-1000,2025-01-06 19:02:00,6.754085,3.706552,62.1,55.0,1,0,2,0,0,0.34297,1,private_use
LG-1000,2025-01-06 20:01:00,6.409269,3.426003,1.9,60.6,0,0,20,0,0,0.01939,0,normal
LG-1000,2025-01-06 21:40:00,6.354857,3.064666,68.0,48.2,0,0,21,0,0,0.32684,1,route_deviation
LG-1000,2025-01-06 21:51:00,6.519519,3.345218,1.1,45.1,0,0,21,0,0,0.02417,0,normal
LG-1000,2025-01-06 23:06:00,6.393195,3.406545,2.1,8.8,1,27,23,0,0,0.03769,1,fuel_theft
LG-1000,2025-01-06 23:10:00,6.425813,3.415119,0.7,52.5,0,0,23,0,0,0.00627,0,normal
LG-1000,2025-01-06 23:46:00,6.442726,3.369256,2.2,9.1,1,89,23,0,0,0.02852,1,fuel_theft
LG-1000,2025-01-07 00:05:00,6.580157,3.368873,1.9,68.3,0,0,0,1,0,0.03021,0,normal
LG-1000,2025-01-07 00:08:00,6.426496,3.419285,2.5,82.8,0,0,0,1,0,0.00228,0,normal
LG-1000,2025-01-07 00:11:00,6.440468,3.525554,2.5,86.4,0,0,0,1,0,0.02479,0,normal
LG-1000,2025-01-07 00:28:00,6.467681,3.512756,0.6,89.4,0,0,0,1,0,0.00963,0,normal
LG-1000,2025-01-07 01:09:00,6.591231,3.350321,0.9,99.6,0,0,1,1,0,0.01032,0,normal
LG-1000,2025-01-07 03:52:00,6.608429,3.349184,0.9,96.9,1,194,3,1,0,0.00774,1,excessive_idle
LG-1000,2025-01-07 05:09:00,6.448355,3.394404,1.6,83.7,0,2,5,1,0,0.00667,0,normal
LG-1000,2025-01-07 05:09:00,6.770746,3.647209,61.6,60.1,1,0,5,1,0,0.33039,1,private_use
LG-1000,2025-01-07 05:31:00,6.441627,3.383885,1.1,70.4,0,0,5,1,0,0.01739,0,normal
LG-1000,2025-01-07 07:28:00,6.49929,3.379005,23.8,84.8,1,0,7,1,1,0.02101,0,normal
LG-1000,2025-01-07 07:43:00,6.605231,3.350705,25.4,82.4,1,0,7,1,1,0.00562,0,normal
LG-1000,2025-01-07 09:19:00,6.506372,3.388958,16.3,85.3,1,0,9,1,1,0.03182,0,normal
LG-1000,2025-01-07 11:54:00,6.467791,3.530364,23.2,66.3,1,0,11,1,1,0.00882,0,normal
LG-1000,2025-01-07 12:56:00,6.617506,3.357134,32.8,68.7,1,0,12,1,1,0.01937,0,normal
LG-1000,2025-01-07 14:13:00,6.501052,3.351276,62.9,69.2,1,0,14,1,1,0.00703,0,normal
LG-1000,2025-01-07 14:38:00,6.458587,3.561521,12.5,75.7,1,0,14,1,1,0.04004,0,normal
LG-1000,2025-01-07 15:24:00,6.616574,3.338843,56.2,58.7,1,0,15,1,1,0.01758,0,normal
LG-1000,2025-01-07 18:07:00,6.589432,3.371861,28.8,66.3,1,0,18,1,1,0.02742,0,normal
LG-1000,2025-01-07 20:36:00,6.488856,3.371478,2.7,57.0,0,0,20,1,0,0.01687,0,normal
LG-1000,2025-01-07 22:02:00,6.50029,3.322987,3.2,55.8,0,0,22,1,0,0.03504,0,normal
LG-1000,2025-01-07 22:18:00,6.457786,3.516065,2.8,49.6,0,0,22,1,0,0.00934,0,normal
LG-1000,2025-01-08 00:06:00,6.58034,3.36908,3.2,76.4,0,0,0,2,0,0.03024,0,normal
LG-1000,2025-01-08 08:34:00,6.423581,3.383259,36.1,76.4,1,0,8,2,1,0.03354,0,normal
LG-1000,2025-01-08 10:17:00,6.424408,3.408938,63.2,79.2,1,0,10,2,1,0.01259,0,normal
LG-1000,2025-01-08 13:31:00,6.474984,3.538279,13.1,57.4,1,0,13,2,1,0.0191,0,normal
LG-1000,2025-01-08 14:40:00,6.595789,3.325568,53.2,49.9,1,0,14,2,1,0.02206,0,normal
LG-1000,2025-01-08 18:45:00,6.47468,3.390272,57.7,76.4,1,5,18,2,1,0.02024,0,normal
LG-1000,2025-01-08 18:53:00,6.506588,3.380524,28.8,55.6,1,0,18,2,1,0.02377,0,normal
LG-1000,2025-01-08 22:00:00,6.567787,3.352186,1.0,48.0,0,0,22,2,0,0.03362,0,normal
LG-1000,2025-01-09 01:22:00,6.46952,3.393696,2.9,98.1,0,5,1,3,0,0.01458,0,normal
LG-1000,2025-01-09 03:32:00,6.450263,3.412677,3.8,93.7,0,2,3,3,0,0.0183,0,normal
LG-1000,2025-01-09 05:40:00,6.721215,3.623221,67.6,84.3,1,0,23,3,0,0.27548,1,private_use
LG-1000,2025-01-09 06:03:00,6.459213,3.395693,4.7,88.6,0,0,6,3,0,0.00427,0,normal
LG-1000,2025-01-09 09:16:00,6.481312,3.534947,11.6,80.7,1,0,9,3,1,0.02083,0,normal
LG-1000,2025-01-09 11:30:00,6.6121,3.356554,11.6,64.0,1,0,11,3,1,0.01465,0,normal
LG-1000,2025-01-09 11:39:00,6.481984,3.512334,10.4,61.1,1,0,11,3,1,0.01954,0,normal
LG-1000,2025-01-09 12:14:00,6.449774,3.552731,64.2,60.2,1,2,12,3,1,0.0343,0,normal
LG-1000,2025-01-09 13:33:00,6.420705,3.420193,2.5,13.2,1,32,13,3,1,0.00734,1,fuel_theft
LG-1000,2025-01-09 14:14:00,6.383364,3.16384,62.9,53.3,1,0,14,3,1,0.22599,1,route_deviation
LG-1000,2025-01-09 16:27:00,6.457913,3.502134,57.5,49.8,1,0,16,3,1,0.02109,0,normal
LG-1000,2025-01-09 22:11:00,6.459057,3.381365,0.5,9.4,1,26,22,3,0,0.01423,1,fuel_theft
LG-1000,2025-01-10 00:38:00,6.496885,3.380977,2.4,100.0,0,0,0,4,0,0.02307,0,normal
LG-1000,2025-01-10 00:43:00,6.460213,3.525258,1.4,98.2,1,188,0,4,0,0.00579,1,excessive_idle
LG-1000,2025-01-10 01:14:00,6.493216,3.354453,0.9,98.6,0,0,1,4,0,0.00679,0,normal
LG-1000,2025-01-10 02:06:00,6.477031,3.395448,1.0,65.3,0,0,2,4,0,0.02204,0,normal
LG-1000,2025-01-10 04:11:00,6.468388,3.526873,2.3,90.2,0,0,4,4,0,0.00594,0,normal
LG-1000,2025-01-10 04:59:00,6.58035,3.356527,2.8,14.9,1,35,4,4,0,0.02274,1,fuel_theft
LG-1000,2025-01-10 05:27:00,6.593758,3.360058,4.7,73.2,0,0,5,4,0,0.01493,0,normal
LG-1000,2025-01-10 06:10:00,6.51084,3.367127,0.8,9.1,1,47,6,4,0,0.01495,1,fuel_theft
LG-1000,2025-01-10 08:17:00,6.481488,3.531432,44.2,77.7,1,0,8,4,1,0.019,0,normal
LG-1000,2025-01-10 08:22:00,6.59002,3.346058,40.1,86.2,1,5,8,4,1,0.01102,0,normal
LG-1000,2025-01-10 08:54:00,6.462942,3.533042,37.3,79.6,1,2,8,4,1,0.01123,0,normal
LG-1000,2025-01-10 10:01:00,6.456286,3.487864,41.8,54.7,1,8,10,4,1,0.03523,0,normal
LG-1000,2025-01-10 10:15:00,6.445206,3.403226,26.9,75.3,1,0,10,4,1,0.01279,0,normal
LG-1000,2025-01-10 10:20:00,6.449274,3.377062,35.4,56.6,1,0,10,4,1,0.01883,0,normal
LG-1000,2025-01-10 11:49:00,6.474299,3.382598,37.7,89.8,1,0,11,4,1,0.02294,0,normal
LG-1000,2025-01-10 12:12:00,6.496606,3.353666,16.0,70.5,1,0,12,4,1,0.00495,0,normal
LG-1000,2025-01-10 12:55:00,6.476466,3.399227,55.6,50.9,1,0,12,4,1,0.02188,0,normal
LG-1000,2025-01-10 14:26:00,6.446255,3.404306,19.0,64.5,0,5,14,4,1,0.01277,0,normal
LG-1000,2025-01-10 15:55:00,6.462427,3.498609,34.8,65.2,1,0,15,4,1,0.02353,0,normal
LG-1000,2025-01-10 18:15:00,6.499389,3.327958,62.2,63.7,1,2,18,4,1,0.03004,0,normal
LG-1000,2025-01-10 19:43:00,6.491952,3.355498,4.4,68.0,0,0,19,4,0,0.00748,0,normal
LG-1000,2025-01-10 20:45:00,6.48354,3.526671,3.9,65.8,0,0,20,4,0,0.01912,0,normal
LG-1000,2025-01-10 23:32:00,6.448845,3.391191,2.2,25.9,0,0,23,4,0,0.00724,0,normal
LG-1000,2025-01-10 23:49:00,6.431828,3.441259,0.6,32.7,0,0,23,4,0,0.02062,0,normal
LG-1000,2025-01-11 01:00:00,6.784785,3.703,45.9,83.3,1,0,4,5,0,0.36746,1,private_use
LG-1000,2025-01-11 01:31:00,6.461324,3.39359,1.6,11.6,1,46,1,5,0,0.00648,1,fuel_theft
LG-1000,2025-01-11 02:06:00,6.502423,3.395762,3.0,100.0,0,0,2,5,0,0.03792,0,normal
LG-1000,2025-01-11 03:55:00,6.433725,3.527836,1.4,80.2,0,5,3,5,0,0.03182,0,normal
LG-1000,2025-01-11 06:09:00,6.582118,3.36272,0.9,69.5,0,0,6,5,0,0.02457,0,normal
LG-1000,2025-01-11 06:15:00,6.460627,3.367214,1.0,60.8,0,12,6,5,0,0.02835,0,normal
LG-1000,2025-01-11 07:43:00,6.45395,3.389429,1.7,61.6,0,0,7,5,0,0.00567,0,normal
LG-1000,2025-01-11 08:45:00,6.433857,3.428445,34.7,64.1,1,5,8,5,1,0.00947,0,normal
LG-1000,2025-01-11 09:08:00,6.507373,3.360273,25.1,90.3,1,0,9,5,1,0.00868,0,normal
LG-1000,2025-01-11 11:45:00,6.453518,3.513308,11.4,64.6,1,0,11,5,1,0.0144,0,normal
LG-1000,2025-01-11 13:50:00,6.406902,3.436318,35.8,73.2,1,0,13,5,1,0.02607,0,normal
LG-1000,2025-01-11 19:40:00,6.468079,3.386573,3.6,55.4,0,0,19,5,0,0.01556,0,normal
LG-1000,2025-01-11 20:22:00,6.501027,3.36475,3.9,46.6,0,0,20,5,0,0.00705,0,normal
LG-1000,2025-01-11 21:44:00,6.463523,3.518342,0.8,18.3,1,46,21,5,0,0.00395,1,fuel_theft
LG-1000,2025-01-11 23:32:00,6.407271,3.413022,1.1,47.1,0,0,23,5,0,0.02221,0,normal
LG-1000,2025-01-12 07:11:00,6.432179,3.42121,0.8,82.4,0,8,7,6,0,0.00418,0,normal
LG-1000,2025-01-12 07:24:00,6.459189,3.534987,1.6,10.9,1,41,7,6,0,0.01423,1,fuel_theft
LG-1000,2025-01-12 09:24:00,6.502579,3.381667,3.6,82.6,0,0,9,6,0,0.02394,0,normal
LG-1000,2025-01-12 09:34:00,6.448412,3.522983,1.7,18.1,1,73,9,6,0,0.01662,1,fuel_theft
LG-1000,2025-01-12 10:05:00,6.60226,3.336597,1.0,57.6,0,0,10,6,0,0.01048,0,normal
LG-1000,2025-01-12 12:30:00,6.437901,3.449747,2.3,60.0,0,0,12,6,0,0.0304,0,normal
LG-1000,2025-01-12 14:34:00,6.593293,3.333668,2.0,79.8,0,0,14,6,0,0.0154,0,normal
LG-1000,2025-01-12 15:54:00,6.467423,3.546722,3.9,52.0,0,0,15,6,0,0.02484,0,normal
LG-1000,2025-01-12 17:08:00,6.420781,3.442567,4.3,77.8,0,0,17,6,0,0.02274,0,normal
LG-1000,2025-01-12 18:15:00,6.610931,3.356754,3.3,35.6,0,0,18,6,0,0.01392,0,normal
LG-1000,2025-01-12 19:41:00,6.573126,3.339585,4.7,58.9,0,0,19,6,0,0.02884,0,normal
LG-1000,2025-01-12 21:42:00,6.445017,3.398482,1.9,42.1,0,0,21,6,0,0.01057,0,normal
LG-1000,2025-01-12 22:51:00,6.460106,3.543412,3.7,26.2,0,0,22,6,0,0.02196,0,normal
LG-1000,2025-01-13 02:12:00,6.43704,3.418263,4.7,100.0,0,0,2,0,0,0.00945,0,normal
LG-1000,2025-01-13 03:36:00,6.435037,3.369979,3.1,79.0,0,0,3,0,0,0.03201,0,normal
LG-1000,2025-01-13 05:06:00,6.459476,3.527123,4.1,70.0,0,8,5,0,0,0.00753,0,normal
LG-1000,2025-01-13 05:07:00,6.607029,3.335567,2.0,68.0,0,8,5,0,0,0.01293,0,normal
LG-1000,2025-01-13 05:19:00,6.456293,3.412802,2.5,81.2,0,2,5,0,0,0.01785,0,normal
LG-1000,2025-01-13 05:50:00,6.61342,3.342551,3.2,70.1,0,0,5,0,0,0.01319,0,normal
LG-1000,2025-01-13 06:08:00,6.41098,3.196156,62.2,90.3,0,0,6,0,0,0.18423,1,route_deviation
LG-1000,2025-01-13 06:20:00,6.457599,3.524121,3.7,77.8,0,0,6,0,0,0.0077,0,normal
LG-1000,2025-01-13 06:36:00,6.503361,3.352681,4.4,83.4,0,0,6,0,0,0.00688,0,normal
LG-1000,2025-01-13 09:12:00,6.444981,3.385836,22.5,53.2,1,0,9,0,1,0.01358,0,normal
LG-1000,2025-01-13 10:11:00,6.608621,3.349929,59.9,82.9,1,0,10,0,1,0.00816,0,normal
LG-1000,2025-01-13 18:03:00,6.451017,3.399924,34.1,63.5,1,12,18,0,1,0.00633,0,normal
LG-1000,2025-01-14 03:57:00,6.451464,3.516865,4.5,70.2,0,5,3,1,0,0.01448,0,normal
LG-1000,2025-01-14 06:35:00,6.604233,3.333075,0.2,71.5,0,0,6,1,0,0.0143,0,normal
LG-1000,2025-01-14 06:56:00,6.644714,3.320345,2.0,57.7,0,0,6,1,0,0.0512,0,normal
LG-1000,2025-01-14 06:57:00,6.591705,3.354067,2.0,92.6,0,0,6,1,0,0.01168,0,normal
LG-1000,2025-01-14 08:20:00,6.573063,3.331964,51.2,88.7,1,0,8,1,1,0.03173,0,normal
LG-1000,2025-01-14 09:47:00,6.502347,3.367252,27.6,80.9,1,0,9,1,1,0.00984,0,normal
LG-1000,2025-01-14 10:04:00,6.433453,3.432357,43.7,86.1,1,0,10,1,1,0.0126,0,normal
LG-1000,2025-01-14 10:30:00,6.597119,3.369174,28.3,64.3,1,5,10,1,1,0.02251,0,normal
LG-1000,2025-01-14 10:58:00,6.424677,3.430712,10.1,53.8,0,0,10,1,1,0.01027,0,normal
LG-1000,2025-01-14 12:45:00,6.459656,3.533063,34.7,59.5,1,0,12,1,1,0.01229,0,normal
LG-1000,2025-01-14 12:56:00,6.60413,3.364996,59.8,68.0,1,0,12,1,1,0.01827,0,normal
LG-1000,2025-01-14 13:46:00,6.45142,3.524311,2.0,21.8,1,36,13,1,1,0.01378,1,fuel_theft
LG-1000,2025-01-14 17:10:00,6.443151,3.416435,22.0,73.1,1,0,17,1,1,0.01582,0,normal
LG-1000,2025-01-14 18:19:00,6.481658,3.404882,1.5,21.0,1,56,18,1,1,0.02843,1,fuel_theft
LG-1000,2025-01-14 19:06:00,6.428815,3.413923,4.2,35.3,0,0,19,1,0,0.00712,0,normal
LG-1000,2025-01-14 19:12:00,6.460495,3.381282,1.4,71.6,0,0,19,1,0,0.01478,0,normal
LG-1000,2025-01-14 20:11:00,6.47879,3.39833,3.0,54.5,0,5,20,1,0,0.02402,0,normal
LG-1000,2025-01-14 23:00:00,6.441316,3.437832,4.7,54.2,0,2,23,1,0,0.02146,0,normal
LG-1000,2025-01-14 23:25:00,6.49579,3.524579,2.0,33.9,0,12,23,1,0,0.0309,0,normal
LG-1000,2025-01-15 01:57:00,6.441974,3.426774,2.7,21.9,1,30,1,2,0,0.01512,1,fuel_theft
LG-1000,2025-01-15 08:55:00,6.46885,3.496283,46.1,54.6,1,0,8,2,1,0.026,0,normal
LG-1000,2025-01-15 11:05:00,6.585691,3.319102,10.3,82.4,1,2,11,2,1,0.03182,0,normal
LG-1000,2025-01-15 12:09:00,6.462276,3.398576,2.0,13.2,1,69,12,2,1,0.00811,1,fuel_theft
LG-1000,2025-01-15 12:17:00,6.435364,3.404161,44.2,66.7,1,5,12,2,1,0.01838,0,normal
LG-1000,2025-01-15 15:37:00,6.455797,3.535214,37.6,59.6,1,0,15,2,1,0.0161,0,normal
LG-1000,2025-01-15 16:01:00,6.435696,3.418742,21.2,41.5,1,0,16,2,1,0.00802,0,normal
LG-1000,2025-01-15 16:15:00,6.44553,3.531234,13.4,40.9,1,8,16,2,1,0.02155,0,normal
LG-1000,2025-01-15 16:48:00,6.506876,3.386157,48.9,76.7,1,2,16,2,1,0.02924,0,normal
LG-1000,2025-01-15 19:46:00,6.593602,3.376031,2.0,20.4,1,84,19,2,0,0.02996,1,fuel_theft
LG-1000,2025-01-16 00:54:00,6.781355,3.583062,53.9,70.6,1,0,5,3,0,0.29707,1,private_use
LG-1000,2025-01-16 01:11:00,6.422774,3.422373,1.0,70.0,0,0,1,3,0,0.0054,0,normal
LG-1000,2025-01-16 01:22:00,6.575328,3.343771,4.3,71.5,0,0,1,3,0,0.02587,0,normal
LG-1000,2025-01-16 02:10:00,6.473111,3.390062,2.0,98.6,0,0,2,3,0,0.01877,0,normal
LG-1000,2025-01-16 13:15:00,6.442299,3.378866,59.2,53.7,1,0,13,3,1,0.02053,0,normal
LG-1000,2025-01-16 14:46:00,6.458921,3.492947,31.8,52.6,1,0,14,3,1,0.02968,0,normal
LG-1000,2025-01-16 16:16:00,6.585636,3.345588,33.3,71.1,1,12,16,3,1,0.01543,0,normal
LG-1000,2025-01-16 17:43:00,6.583114,3.338253,50.3,56.4,1,0,17,3,1,0.01991,0,normal
LG-1000,2025-01-16 21:04:00,6.496828,3.338922,3.5,44.5,0,0,21,3,0,0.0192,0,normal
LG-1000,2025-01-16 21:31:00,6.431346,3.442498,4.4,69.4,0,0,21,3,0,0.02176,0,normal
LG-1000,2025-01-16 23:05:00,6.452063,3.420501,4.3,37.5,0,8,23,3,0,0.02407,0,normal
LG-1000,2025-01-17 00:59:00,6.46226,3.391088,4.3,100.0,0,0,0,4,0,0.00825,0,normal
LG-1000,2025-01-17 04:24:00,6.411314,3.438867,0.3,95.8,0,2,4,4,0,0.02445,0,normal
LG-1000,2025-01-17 04:30:00,6.45721,3.387952,4.5,98.7,0,0,4,4,0,0.00739,0,normal
LG-1000,2025-01-17 06:32:00,6.600979,3.361792,2.2,94.3,0,0,6,4,0,0.01479,0,normal
LG-1000,2025-01-17 06:32:00,6.488905,3.350889,1.6,94.1,0,0,6,4,0,0.01235,0,normal
LG-1000,2025-01-17 08:19:00,6.455367,3.390599,58.9,83.7,1,0,8,4,1,0.00442,0,normal
LG-1000,2025-01-17 12:21:00,6.473731,3.378701,52.9,63.1,1,0,12,4,1,0.02483,0,normal
LG-1000,2025-01-17 18:00:00,6.361724,3.194383,90.9,61.8,0,8,18,4,1,0.21358,1,route_deviation
LG-1000,2025-01-17 18:45:00,6.417108,3.426546,2.4,17.8,1,84,18,4,1,0.01222,1,fuel_theft
LG-1000,2025-01-17 20:50:00,6.461705,3.530474,4.4,45.3,0,0,20,4,0,0.00909,0,normal
LG-1000,2025-01-17 21:05:00,6.384449,2.924576,73.8,54.0,0,0,21,4,0,0.44831,1,route_deviation
LG-1000,2025-01-17 21:36:00,6.477138,3.523432,2.4,69.5,0,0,21,4,0,0.01222,0,normal
LG-1000,2025-01-17 22:06:00,6.45868,3.536679,0.2,32.0,0,0,22,4,0,0.01598,0,normal
LG-1000,2025-01-17 22:46:00,6.432297,3.522541,3.1,38.1,0,0,22,4,0,0.03271,0,normal
LG-1000,2025-01-17 22:59:00,6.458734,3.41013,0.2,53.6,0,0,22,4,0,0.01558,0,normal
LG-1000,2025-01-18 02:19:00,6.62455,3.33203,2.1,84.4,0,0,2,5,0,0.02791,0,normal
LG-1000,2025-01-18 07:27:00,6.417589,3.39368,1.1,73.0,0,2,7,5,0,0.02924,0,normal
LG-1000,2025-01-18 07:29:00,6.437452,3.510142,1.6,74.4,0,0,7,5,0,0.02999,0,normal
LG-1000,2025-01-18 07:33:00,6.425496,3.433252,2.4,94.8,0,2,7,5,0,0.0125,0,normal
LG-1000,2025-01-18 08:22:00,6.481122,3.380928,23.0,65.4,0,0,8,5,1,0.02907,0,normal
LG-1000,2025-01-18 14:44:00,6.469141,3.380225,32.6,61.0,1,0,14,5,1,0.02045,0,normal
LG-1000,2025-01-18 16:09:00,6.59425,3.330864,4.6,45.6,0,0,16,5,0,0.01749,0,normal
LG-1000,2025-01-18 19:28:00,6.452806,3.51577,2.2,33.5,0,5,19,5,0,0.01369,0,normal
LG-1000,2025-01-18 19:29:00,6.449405,3.422281,2.5,59.5,0,8,19,5,0,0.02144,0,normal
LG-1000,2025-01-18 19:40:00,6.483222,3.355836,0.4,45.3,0,0,19,5,0,0.01593,0,normal
LG-1000,2025-01-18 20:23:00,6.451553,3.504333,2.6,48.9,0,8,20,5,0,0.0222,0,normal
LG-1000,2025-01-18 21:33:00,6.611668,3.3589,0.2,53.3,0,0,21,5,0,0.01598,0,normal
LG-1000,2025-01-18 22:54:00,6.617827,3.345783,2.4,58.9,0,2,22,5,0,0.01687,0,normal
LG-1000,2025-01-18 23:19:00,6.470574,3.359755,4.9,34.3,0,0,23,5,0,0.02848,0,normal
LG-1000,2025-01-19 04:46:00,6.444027,3.424493,3.8,70.3,0,0,4,6,0,0.0164,0,normal
LG-1000,2025-01-19 07:48:00,6.469919,3.338166,4.2,92.3,0,0,7,6,0,0.0352,0,normal
LG-1000,2025-01-19 07:56:00,6.461489,3.395929,4.4,81.5,0,2,7,6,0,0.00656,0,normal
LG-1000,2025-01-19 08:06:00,6.404108,3.407307,0.8,70.2,0,8,8,6,0,0.02754,0,normal
LG-1000,2025-01-19 08:45:00,6.6043,3.367388,1.6,59.5,0,0,8,6,0,0.02065,0,normal
LG-1000,2025-01-19 10:00:00,6.447607,3.387847,3.6,86.3,0,0,10,6,0,0.01029,0,normal
LG-1000,2025-01-19 11:21:00,6.46962,3.384404,0.9,77.1,0,12,11,6,0,0.01806,0,normal
LG-1000,2025-01-19 14:57:00,6.481244,3.382641,3.0,80.9,0,0,14,6,0,0.02901,0,normal
LG-1000,2025-01-19 16:53:00,6.493718,3.365985,0.2,45.5,0,0,16,6,0,0.00957,0,normal
LG-1000,2025-01-19 17:22:00,6.354673,3.137009,85.6,41.7,0,0,17,6,0,0.26395,1,route_deviation
LG-1000,2025-01-19 19:33:00,6.617027,3.34847,4.8,62.7,0,2,19,6,0,0.01609,0,normal
LG-1000,2025-01-19 20:27:00,6.598161,3.35193,0.7,74.1,0,0,20,6,0,0.00569,0,normal
LG-1000,2025-01-20 00:31:00,6.473143,3.537368,2.4,88.9,0,0,0,0,0,0.01739,0,normal
LG-1000,2025-01-20 01:42:00,6.434752,3.408085,2.0,98.6,0,0,1,0,0,0.01457,0,normal
LG-1000,2025-01-20 03:18:00,6.395225,2.912893,64.0,79.5,0,2,3,0,0,0.45704,1,route_deviation
LG-1000,2025-01-20 04:31:00,6.431442,3.432034,4.2,61.3,0,5,4,0,0,0.01156,0,normal
LG-1000,2025-01-20 07:02:00,6.591337,3.355831,46.2,83.8,1,0,7,0,1,0.01309,0,normal
LG-1000,2025-01-20 07:13:00,6.438225,3.389232,2.5,8.3,1,74,7,0,1,0.01774,1,fuel_theft
LG-1000,2025-01-20 07:23:00,6.517556,3.357241,55.2,72.7,1,8,7,0,1,0.01857,0,normal
LG-1000,2025-01-20 08:13:00,6.591451,3.355117,55.2,55.0,0,0,8,0,1,0.01253,0,normal
LG-1000,2025-01-20 12:31:00,6.463879,3.52059,23.7,48.2,1,0,12,0,1,0.0018,0,normal
LG-1000,2025-01-20 14:00:00,6.435784,3.388646,36.9,83.4,1,0,14,0,1,0.02024,0,normal
LG-1000,2025-01-20 14:35:00,6.470772,3.523417,30.7,59.4,1,0,14,0,1,0.00594,0,normal
LG-1000,2025-01-20 17:09:00,6.518517,3.367501,60.7,45.6,1,8,17,0,1,0.02171,0,normal
LG-1000,2025-01-20 17:17:00,6.450013,3.522552,31.2,48.8,1,0,17,0,1,0.015,0,normal
LG-1000,2025-01-20 18:51:00,6.482569,3.533263,49.9,36.9,1,8,18,0,1,0.02087,0,normal
LG-1000,2025-01-20 18:59:00,6.612095,3.35929,37.4,37.1,1,2,18,0,1,0.01656,0,normal
LG-1000,2025-01-20 21:24:00,6.45732,3.426287,0.8,37.4,0,12,21,0,0,0.02979,0,normal
LG-1000,2025-01-20 21:33:00,6.602724,3.349429,0.6,35.2,0,0,21,0,0,0.00298,0,normal
LG-1000,2025-01-20 23:19:00,6.585207,3.341983,4.7,66.3,0,0,23,0,0,0.01657,0,normal
LG-1000,2025-01-21 02:24:00,6.371966,3.020392,86.5,79.4,0,0,2,1,0,0.36072,1,route_deviation
LG-1000,2025-01-21 03:46:00,6.514685,3.34502,0.4,79.1,0,8,3,1,0,0.02036,0,normal
LG-1000,2025-01-21 05:31:00,6.440565,3.545955,1.4,72.5,0,0,5,1,0,0.03422,0,normal
LG-1000,2025-01-21 05:59:00,6.423983,3.412364,0.8,85.0,0,0,5,1,0,0.00952,0,normal
LG-1000,2025-01-21 07:23:00,6.480041,3.530072,62.6,66.5,0,0,7,1,1,0.01707,0,normal
LG-1000,2025-01-21 07:35:00,6.471846,3.394325,64.9,61.4,1,0,7,1,1,0.01686,0,normal
LG-1000,2025-01-21 09:26:00,6.432777,3.417588,46.3,58.1,1,0,9,1,1,0.00587,0,normal
LG-1000,2025-01-21 09:50:00,6.60628,3.34469,47.0,78.0,1,8,9,1,1,0.00576,0,normal
LG-1000,2025-01-21 10:29:00,6.42953,3.422185,0.1,18.8,1,83,10,1,1,0.00194,1,fuel_theft
LG-1000,2025-01-21 12:22:00,6.49792,3.376896,44.8,52.7,1,0,12,1,1,0.01893,0,normal
LG-1000,2025-01-21 12:41:00,6.646893,3.330709,42.7,55.1,1,0,12,1,1,0.0487,0,normal
LG-1000,2025-01-21 14:21:00,6.399566,2.936591,102.6,49.8,1,0,14,1,1,0.43298,1,route_deviation
LG-1000,2025-01-21 19:23:00,6.451163,3.407814,3.3,55.7,0,5,19,1,0,0.01338,0,normal
LG-1000,2025-01-21 20:19:00,6.418978,3.446602,3.3,79.1,0,0,20,1,0,0.02714,0,normal
LG-1000,2025-01-21 20:44:00,6.444876,3.420799,3.7,72.4,0,0,20,1,0,0.01688,0,normal
LG-1000,2025-01-22 00:15:00,6.498516,3.517944,2.3,78.2,0,0,0,2,0,0.03376,0,normal
LG-1000,2025-01-22 00:15:00,6.404956,3.398842,2.8,63.6,0,12,0,2,0,0.03197,0,normal
LG-1000,2025-01-22 00:24:00,6.707771,3.701176,29.7,98.6,1,0,2,2,0,0.30173,1,private_use
LG-1000,2025-01-22 01:29:00,6.468527,3.540232,3.6,97.5,0,0,1,2,0,0.01857,0,normal
LG-1000,2025-01-22 02:10:00,6.456503,3.390739,4.3,66.9,0,0,2,2,0,0.00452,0,normal
LG-1000,2025-01-22 05:08:00,6.439122,3.393125,3.6,81.0,0,2,5,2,0,0.01599,0,normal
LG-1000,2025-01-22 10:47:00,6.490507,3.355345,31.1,69.8,0,0,10,2,1,0.0089,0,normal
LG-1000,2025-01-22 13:48:00,6.592088,3.325309,51.7,74.5,1,0,13,2,1,0.02345,0,normal
LG-1000,2025-01-22 16:37:00,6.395715,3.424606,48.5,50.9,1,0,16,2,1,0.03249,0,normal
LG-1000,2025-01-22 17:00:00,6.429703,3.382607,45.1,63.6,1,0,17,2,1,0.02817,0,normal
LG-1000,2025-01-22 17:26:00,6.487565,3.345112,60.2,73.2,1,0,17,2,1,0.01723,0,normal
LG-1000,2025-01-22 19:59:00,6.593166,3.358718,1.8,35.9,0,8,19,2,0,0.0141,0,normal
LG-1000,2025-01-22 20:49:00,6.465078,3.524931,1.3,54.0,0,0,20,2,0,0.00293,0,normal
LG-1000,2025-01-22 20:54:00,6.55933,3.341787,0.6,62.5,0,0,20,2,0,0.04199,0,normal
LG-1000,2025-01-23 01:33:00,6.520706,3.355654,1.1,72.1,0,12,1,3,0,0.02183,0,normal
LG-1000,2025-01-23 02:03:00,6.460641,3.372724,3.5,70.2,0,0,2,3,0,0.02298,0,normal
LG-1000,2025-01-23 04:56:00,6.453461,3.419632,5.0,73.2,0,0,4,3,0,0.02468,0,normal
LG-1000,2025-01-23 05:48:00,6.517719,3.354212,4.5,87.8,0,2,5,3,0,0.0191,0,normal
LG-1000,2025-01-23 08:24:00,6.478626,3.40233,1.3,12.8,1,72,8,3,1,0.02474,1,fuel_theft
LG-1000,2025-01-23 09:02:00,6.465864,3.395945,37.3,56.6,1,2,9,3,1,0.01091,0,normal
LG-1000,2025-01-23 09:10:00,6.457761,3.40944,17.5,78.0,1,5,9,3,1,0.0147,0,normal
LG-1000,2025-01-23 09:59:00,6.42646,3.447974,64.3,55.7,1,0,9,3,1,0.02702,0,normal
LG-1000,2025-01-23 10:30:00,6.626782,3.312206,22.1,57.9,1,0,10,3,1,0.04331,0,normal
LG-1000,2025-01-23 13:14:00,6.352503,2.933189,91.0,53.6,1,5,13,3,1,0.44936,1,route_deviation
LG-1000,2025-01-23 14:23:00,6.498353,3.387963,25.0,49.4,1,0,14,3,1,0.02997,0,normal
LG-1000,2025-01-23 16:05:00,6.509462,3.392161,41.2,45.7,1,0,16,3,1,0.03573,0,normal
LG-1000,2025-01-23 18:27:00,6.616233,3.322125,10.0,52.3,1,0,18,3,1,0.02917,0,normal
LG-1000,2025-01-23 18:28:00,6.444674,3.408467,64.4,56.7,1,0,18,3,1,0.01697,0,normal
LG-1000,2025-01-23 18:52:00,6.433776,3.429348,52.3,71.4,1,0,18,3,1,0.01015,0,normal
LG-1000,2025-01-23 20:03:00,6.422143,3.448717,1.0,16.9,1,54,20,3,0,0.02833,1,fuel_theft
LG-1000,2025-01-23 22:14:00,6.493439,3.344428,1.9,69.5,0,0,22,3,0,0.01467,0,normal
LG-1000,2025-01-23 23:39:00,6.486901,3.33876,4.0,34.8,0,0,23,3,0,0.02273,0,normal
LG-1000,2025-01-24 02:53:00,6.432287,3.44059,3.9,89.0,0,0,2,4,0,0.02005,0,normal
LG-1000,2025-01-24 03:35:00,6.601154,3.347004,0.8,74.8,0,0,3,4,0,0.00015,0,normal
LG-1000,2025-01-24 05:44:00,6.432086,3.410292,1.2,70.5,0,5,5,4,0,0.01146,0,normal
LG-1000,2025-01-24 09:11:00,6.621073,3.362786,11.7,69.7,1,8,9,4,1,0.02554,0,normal
LG-1000,2025-01-24 09:33:00,6.357017,3.097359,80.9,83.8,1,8,9,4,1,0.2968,1,route_deviation
LG-1000,2025-01-24 09:44:00,6.508726,3.335618,37.7,71.9,1,2,9,4,1,0.0244,0,normal
LG-1000,2025-01-24 10:26:00,6.365435,3.013586,79.3,52.7,1,0,10,4,1,0.36941,1,route_deviation
LG-1000,2025-01-24 11:13:00,6.429502,3.398565,17.6,59.6,1,5,11,4,1,0.02249,0,normal
LG-1000,2025-01-24 12:38:00,6.606751,3.345033,32.2,67.5,1,0,12,4,1,0.00608,0,normal
LG-1000,2025-01-24 12:47:00,6.612862,3.369476,45.9,85.2,1,0,12,4,1,0.02541,0,normal
LG-1000,2025-01-24 13:30:00,6.446718,3.508828,54.2,72.9,1,0,13,4,1,0.02253,0,normal
LG-1000,2025-01-24 13:58:00,6.441115,3.437221,56.0,56.4,1,0,13,4,1,0.02086,0,normal
LG-1000,2025-01-24 15:19:00,6.47424,3.538935,17.1,63.0,1,0,15,4,1,0.01929,0,normal
LG-1000,2025-01-24 15:33:00,6.6145,3.336096,47.7,41.9,1,0,15,4,1,0.01735,0,normal
LG-1000,2025-01-24 18:54:00,6.498736,3.347602,38.1,62.0,1,5,18,4,1,0.0104,0,normal
LG-1000,2025-01-24 19:37:00,6.446084,3.372792,1.0,44.6,0,12,19,4,0,0.02393,0,normal
LG-1000,2025-01-24 21:33:00,6.465811,3.434285,2.9,67.2,0,0,21,4,0,0.04008,0,normal
LG-1000,2025-01-24 22:57:00,6.598466,3.349946,5.0,36.9,0,0,22,4,0,0.00389,0,normal
LG-1000,2025-01-24 23:00:00,6.564425,3.339843,4.3,43.2,0,0,23,4,0,0.03727,0,normal
LG-1000,2025-01-24 23:21:00,6.415748,3.420363,2.6,68.9,0,5,23,4,0,0.01227,0,normal
LG-1000,2025-01-25 04:50:00,6.50484,3.361235,2.5,96.7,0,5,4,5,0,0.00668,0,normal
LG-1000,2025-01-25 04:53:00,6.504482,3.405683,2.9,76.4,0,8,4,5,0,0.048,0,normal
LG-1000,2025-01-25 08:19:00,6.493377,3.369344,11.1,66.7,1,5,8,5,1,0.01266,0,normal
LG-1000,2025-01-25 09:25:00,6.50256,3.337809,23.7,79.8,1,5,9,5,1,0.0205,0,normal
LG-1000,2025-01-25 09:48:00,6.491337,3.364149,32.3,86.4,1,0,9,5,1,0.00983,0,normal
LG-1000,2025-01-25 10:17:00,6.44371,3.400035,13.9,90.8,1,2,10,5,1,0.01236,0,normal
LG-1000,2025-01-25 11:12:00,6.449965,3.520354,10.1,89.0,1,0,11,5,1,0.01512,0,normal
LG-1000,2025-01-25 12:19:00,6.622612,3.346373,51.0,48.9,1,0,12,5,1,0.02162,0,normal
LG-1000,2025-01-25 12:22:00,6.429514,3.438007,30.5,84.7,1,0,12,5,1,0.01707,0,normal
LG-1000,2025-01-25 14:57:00,6.611946,3.323194,23.9,73.3,1,2,14,5,1,0.0262,0,normal
LG-1000,2025-01-25 17:01:00,6.442004,3.395208,3.8,57.5,0,5,17,5,0,0.013,0,normal
LG-1000,2025-01-25 17:05:00,6.444136,3.426351,2.2,53.4,0,0,17,5,0,0.017,0,normal
LG-1000,2025-01-25 17:16:00,6.489288,3.382665,1.8,56.9,0,0,17,5,0,0.02651,0,normal
LG-1000,2025-01-25 21:34:00,6.485511,3.522775,3.6,65.1,0,0,21,5,0,0.02053,0,normal
LG-1000,2025-01-26 00:23:00,6.50344,3.352421,2.4,81.4,0,0,0,6,0,0.00713,0,normal
LG-1000,2025-01-26 00:32:00,6.419499,3.411536,2.7,100.0,0,5,0,6,0,0.01272,0,normal
LG-1000,2025-01-26 02:04:00,6.600615,3.340958,0.7,9.7,1,66,2,6,0,0.00605,1,fuel_theft
LG-1000,2025-01-26 03:01:00,6.58402,3.361416,2.5,75.8,0,0,3,6,0,0.02227,0,normal
LG-1000,2025-01-26 03:24:00,6.625354,3.352396,2.0,93.3,0,5,3,6,0,0.02494,0,normal
LG-1000,2025-01-26 03:48:00,6.448158,3.504238,2.5,99.9,0,0,3,6,0,0.02448,0,normal
LG-1000,2025-01-26 04:34:00,6.456004,3.546301,2.8,61.4,0,5,4,6,0,0.02591,0,normal
LG-1000,2025-01-26 04:52:00,6.583194,3.341551,1.4,89.3,0,0,4,6,0,0.01862,0,normal
LG-1000,2025-01-26 07:35:00,6.416931,2.94375,71.3,73.5,0,0,7,6,0,0.4223,1,route_deviation
LG-1000,2025-01-26 08:46:00,6.594034,3.331789,2.3,58.7,0,0,8,6,0,0.01673,0,normal
LG-1000,2025-01-26 09:36:00,6.355994,3.076968,100.5,59.7,0,0,9,6,0,0.31532,1,route_deviation
LG-1000,2025-01-26 09:49:00,6.447564,3.511318,1.7,83.4,0,2,9,6,0,0.02045,0,normal
LG-1000,2025-01-26 15:19:00,6.373365,3.047059,89.3,50.3,0,5,15,6,0,0.33536,1,route_deviation
LG-1000,2025-01-26 16:30:00,6.753179,3.74414,61.7,60.3,1,0,0,6,0,0.36386,1,private_use
LG-1000,2025-01-26 18:03:00,6.46212,3.393034,3.5,47.9,0,0,18,6,0,0.00739,0,normal
LG-1000,2025-01-26 22:31:00,6.600317,3.339693,0.7,58.8,0,0,22,6,0,0.00734,0,normal
LG-1000,2025-01-27 03:55:00,6.609327,3.347663,2.1,71.7,0,0,3,0,0,0.00835,0,normal
LG-1000,2025-01-27 05:45:00,6.470846,3.383672,1.2,87.4,0,2,5,0,0,0.01948,0,normal
LG-1000,2025-01-27 13:57:00,6.501328,3.402739,40.6,52.6,1,8,13,0,1,0.0448,0,normal
LG-1000,2025-01-27 14:44:00,6.477192,3.392149,29.8,43.7,1,0,14,0,1,0.02237,0,normal
LG-1000,2025-01-27 14:50:00,6.773057,3.586894,43.4,79.9,1,0,22,0,0,0.29522,1,private_use
LG-1000,2025-01-27 15:02:00,6.454473,3.533489,26.2,63.9,1,8,15,0,1,0.01558,0,normal
LG-1000,2025-01-27 15:15:00,6.434478,3.419764,55.7,50.4,1,5,15,0,1,0.00659,0,normal
LG-1000,2025-01-27 17:01:00,6.473994,3.525065,11.4,57.0,1,0,17,0,1,0.0095,0,normal
LG-1000,2025-01-27 20:17:00,6.404494,3.410135,4.7,46.8,0,0,20,0,0,0.0259,0,normal
LG-1000,2025-01-28 03:02:00,6.467443,3.365104,4.0,72.1,0,0,3,1,0,0.03235,0,normal
LG-1000,2025-01-28 06:18:00,6.4542,3.394539,4.6,87.1,0,0,6,1,0,0.00092,0,normal
LG-1000,2025-01-28 06:26:00,6.442574,3.542458,0.8,80.3,0,0,6,1,0,0.03036,0,normal
LG-1000,2025-01-28 07:11:00,6.467271,3.374035,29.6,66.0,1,0,7,1,1,0.02429,0,normal
LG-1000,2025-01-28 09:51:00,6.585879,3.333244,27.8,63.9,1,0,9,1,1,0.02044,0,normal
LG-1000,2025-01-28 13:01:00,6.501927,3.367441,59.3,61.5,1,0,13,1,1,0.00988,0,normal
LG-1000,2025-01-28 13:48:00,6.449353,3.435938,20.6,68.9,1,8,13,1,1,0.02606,0,normal
LG-1000,2025-01-28 14:27:00,6.41344,3.154351,109.7,59.7,1,2,14,1,1,0.22089,1,route_deviation
LG-1000,2025-01-28 17:46:00,6.403609,3.431873,29.4,71.3,1,0,17,1,1,0.0267,0,normal
LG-1000,2025-01-28 18:17:00,6.474929,3.413685,48.9,66.4,1,8,18,1,1,0.02732,0,normal
LG-1000,2025-01-28 18:33:00,6.459786,3.413887,0.2,19.4,1,58,18,1,1,0.01948,1,fuel_theft
LG-1000,2025-01-28 19:30:00,6.42782,3.416276,2.0,9.1,1,68,19,1,0,0.00473,1,fuel_theft
LG-1000,2025-01-28 19:32:00,6.524067,3.365401,2.5,64.1,0,5,19,1,0,0.02614,0,normal
LG-1000,2025-01-28 19:59:00,6.421392,3.440838,1.8,56.9,0,0,19,1,0,0.02091,0,normal
LG-1000,2025-01-28 20:04:00,6.60534,3.341665,0.9,70.4,0,0,20,1,0,0.00688,0,normal
LG-1000,2025-01-28 20:07:00,6.471268,3.368522,2.2,69.0,0,0,20,1,0,0.02966,0,normal
LG-1000,2025-01-28 20:26:00,6.487089,3.341505,0.2,59.4,0,5,20,1,0,0.02035,0,normal
LG-1000,2025-01-28 21:15:00,6.470558,3.525689,0.0,55.2,0,0,21,1,0,0.00667,0,normal
LG-1000,2025-01-28 21:53:00,6.457998,3.535017,1.8,10.3,1,38,21,1,0,0.01478,1,fuel_theft
LG-1000,2025-01-28 22:10:00,6.450892,3.389948,1.4,53.1,0,0,22,1,0,0.00651,0,normal
LG-1000,2025-01-29 01:00:00,6.486501,3.39038,2.1,98.3,0,0,1,2,0,0.03184,0,normal
LG-1000,2025-01-29 03:21:00,6.484922,3.547236,4.7,84.0,0,0,3,2,0,0.03215,0,normal
LG-1000,2025-01-29 04:13:00,6.489959,3.341607,5.0,72.7,0,0,4,2,0,0.01872,0,normal
LG-1000,2025-01-29 05:13:00,6.464892,3.389046,2.0,66.5,0,0,5,2,0,0.01155,0,normal
LG-1000,2025-01-29 05:20:00,6.481095,3.387767,3.6,73.3,0,0,5,2,0,0.02708,0,normal
LG-1000,2025-01-29 05:31:00,6.466834,3.37849,1.0,88.2,0,5,5,2,0,0.02031,0,normal
LG-1000,2025-01-29 08:32:00,6.622018,3.34972,47.0,71.0,1,0,8,2,1,0.02119,0,normal
LG-1000,2025-01-29 08:38:00,6.506195,3.362807,2.2,12.9,1,72,8,2,1,0.00865,1,fuel_theft
LG-1000,2025-01-29 09:22:00,6.511852,3.370627,16.5,85.6,1,0,9,2,1,0.01802,0,normal
LG-1000,2025-01-29 11:02:00,6.585168,3.359588,24.0,53.8,1,0,11,2,1,0.02023,0,normal
LG-1000,2025-01-29 11:54:00,6.465595,3.536411,64.9,58.2,1,0,11,2,1,0.01442,0,normal
LG-1000,2025-01-29 12:18:00,6.459081,3.521923,17.9,48.6,1,0,12,2,1,0.00592,0,normal
LG-1000,2025-01-29 14:16:00,6.43719,3.391457,45.7,46.8,1,0,14,2,1,0.01816,0,normal
LG-1000,2025-01-29 14:18:00,6.585604,3.339648,29.0,47.4,1,0,14,2,1,0.01706,0,normal
LG-1000,2025-01-29 14:50:00,6.748619,3.662761,72.2,60.1,1,0,22,2,0,0.31663,1,private_use
LG-1000,2025-01-29 20:25:00,6.498612,3.362709,0.7,14.6,1,64,20,2,0,0.00472,1,fuel_theft
LG-1000,2025-01-29 21:16:00,6.488975,3.362442,1.7,17.1,1,70,21,2,0,0.01096,1,fuel_theft
LG-1000,2025-01-29 21:52:00,6.497236,3.376213,3.7,63.1,0,0,21,2,0,0.0183,0,normal
LG-1000,2025-01-29 23:02:00,6.43451,3.424778,1.7,75.1,0,0,23,2,0,0.00753,0,normal
LG-1000,2025-01-30 02:26:00,6.45998,3.3987,3.0,100.0,0,0,2,3,0,0.0062,0,normal
LG-1000,2025-01-30 04:47:00,6.430659,3.425368,4.9,88.0,0,0,4,3,0,0.00511,0,normal
LG-1000,2025-01-30 05:18:00,6.597903,3.362371,3.5,91.0,0,0,5,3,0,0.01568,0,normal
LG-1000,2025-01-30 11:03:00,6.41154,3.431511,55.8,81.7,1,0,11,3,1,0.01953,0,normal
LG-1000,2025-01-30 11:18:00,6.488382,3.508858,59.8,81.3,1,0,11,3,1,0.02682,0,normal
LG-1000,2025-01-30 13:08:00,6.602131,3.344482,63.2,45.7,1,0,13,3,1,0.00276,0,normal
LG-1000,2025-01-30 14:20:00,6.434109,3.426806,21.1,71.3,1,0,14,3,1,0.00843,0,normal
LG-1000,2025-01-30 18:32:00,6.403932,2.917997,89.5,75.7,1,12,18,3,1,0.45016,1,route_deviation
LG-1000,2025-01-30 18:32:00,6.510119,3.371637,50.6,45.1,1,0,18,3,1,0.0176,0,normal
LG-1000,2025-01-30 19:00:00,6.430966,3.376225,2.3,55.4,0,5,19,3,0,0.0305,0,normal
LG-1000,2025-01-30 20:05:00,6.506951,3.34743,0.7,68.4,0,5,20,3,0,0.01323,0,normal
LG-1000,2025-01-30 20:40:00,6.500476,3.391587,1.4,49.8,0,2,20,3,0,0.03362,0,normal
LG-1000,2025-01-30 23:20:00,6.439391,3.37255,4.3,38.5,0,0,23,3,0,0.02734,0,normal
LG-1000,2025-01-31 02:29:00,6.471415,3.517196,4.9,79.1,0,0,2,4,0,0.00801,0,normal
LG-1000,2025-01-31 04:01:00,6.585619,3.338933,0.2,21.2,1,39,4,4,0,0.01737,1,fuel_theft
LG-1000,2025-01-31 04:03:00,6.46542,3.398839,2.7,84.1,0,2,4,4,0,0.0111,0,normal
LG-1000,2025-01-31 04:37:00,6.501386,3.356517,1.0,66.3,0,0,4,4,0,0.00281,0,normal
LG-1000,2025-01-31 05:58:00,6.426953,3.400998,2.2,69.9,0,0,5,4,0,0.02003,0,normal
LG-1001,2025-01-01 06:46:00,6.465108,3.535445,1.2,86.8,0,0,6,2,0,0.01345,0,normal
LG-1001,2025-01-01 06:55:00,6.47096,3.510504,4.1,93.8,0,0,6,2,0,0.01295,0,normal
LG-1001,2025-01-01 07:40:00,6.625206,3.362814,34.8,69.7,1,0,7,2,1,0.02891,0,normal
LG-1001,2025-01-01 08:59:00,6.466909,3.533347,30.5,55.4,1,0,8,2,1,0.01151,0,normal
LG-1001,2025-01-01 11:47:00,6.450312,3.403778,13.3,50.2,1,0,11,2,1,0.00995,0,normal
LG-1001,2025-01-01 12:52:00,6.619057,3.355777,17.4,87.0,1,0,12,2,1,0.02008,0,normal
LG-1001,2025-01-01 13:27:00,6.427928,2.959357,63.9,74.5,1,8,13,2,1,0.40493,1,route_deviation
LG-1001,2025-01-01 13:35:00,6.481274,3.38092,27.7,71.1,1,0,13,2,1,0.02897,0,normal
LG-1001,2025-01-01 14:34:00,6.507421,3.376498,21.5,63.1,1,0,14,2,1,0.02032,0,normal
LG-1001,2025-01-01 15:19:00,6.452514,3.394888,1.2,74.2,1,111,15,2,1,0.00249,1,excessive_idle
LG-1001,2025-01-01 17:07:00,6.589703,3.360087,27.9,70.2,1,0,17,2,1,0.01729,0,normal
LG-1001,2025-01-01 18:35:00,6.785101,3.630297,59.8,60.3,1,0,3,2,0,0.33786,1,private_use
LG-1001,2025-01-01 18:49:00,6.456041,3.546756,0.2,54.8,1,230,18,2,1,0.02633,1,excessive_idle
LG-1001,2025-01-01 19:10:00,6.490018,3.349672,1.3,39.8,0,0,19,2,0,0.01225,0,normal
LG-1001,2025-01-01 19:38:00,6.419645,3.420508,4.2,42.6,0,0,19,2,0,0.00837,0,normal
LG-1001,2025-01-01 19:43:00,6.475892,3.395251,1.2,64.3,0,0,19,2,0,0.02089,0,normal
LG-1001,2025-01-01 20:49:00,6.443023,3.387503,2.7,42.3,0,0,20,2,0,0.01413,0,normal
LG-1001,2025-01-01 22:21:00,6.424815,3.411091,3.4,41.9,0,0,22,2,0,0.01041,0,normal
LG-1001,2025-01-01 22:22:00,6.46483,3.417234,3.9,63.6,0,0,22,2,0,0.02431,0,normal
LG-1001,2025-01-02 03:09:00,6.426311,3.407336,4.5,91.1,0,0,3,3,0,0.01377,0,normal
LG-1001,2025-01-02 04:03:00,6.582804,3.339083,2.7,60.7,0,0,4,3,0,0.01984,0,normal
LG-1001,2025-01-02 06:02:00,6.631339,3.334786,4.7,77.6,0,0,6,3,0,0.03271,0,normal
LG-1001,2025-01-02 06:21:00,6.46835,3.389301,4.6,72.8,0,0,6,3,0,0.01452,0,normal
LG-1001,2025-01-02 06:58:00,6.604703,3.339948,1.6,84.6,0,0,6,3,0,0.00796,0,normal
LG-1001,2025-01-02 07:11:00,6.421453,3.420615,48.1,66.8,1,0,7,3,1,0.00656,0,normal
LG-1001,2025-01-02 10:06:00,6.490354,3.351547,14.4,65.5,1,0,10,3,1,0.01079,0,normal
LG-1001,2025-01-02 10:58:00,6.485938,3.38428,15.9,59.6,1,5,10,3,1,0.02935,0,normal
LG-1001,2025-01-02 12:23:00,6.50534,3.365063,52.4,84.2,1,8,12,3,1,0.00949,0,normal
LG-1001,2025-01-02 12:36:00,6.535521,3.352033,21.1,83.2,1,0,12,3,1,0.03701,0,normal
LG-1001,2025-01-02 12:48:00,6.839755,3.63084,31.4,67.9,1,8,22,3,0,0.3709,1,private_use
LG-1001,2025-01-02 12:56:00,6.48167,3.413708,31.6,55.9,1,0,12,3,1,0.03258,0,normal
LG-1001,2025-01-02 13:36:00,6.429535,3.395064,58.6,77.2,1,0,13,3,1,0.02547,0,normal
LG-1001,2025-01-02 14:37:00,6.436635,3.513262,43.9,80.4,1,0,14,3,1,0.02968,0,normal
LG-1001,2025-01-02 17:44:00,6.604053,3.339386,23.2,38.5,1,0,17,3,1,0.0082,0,normal
LG-1001,2025-01-02 18:25:00,6.450226,3.428198,36.4,42.0,1,2,18,3,1,0.02336,0,normal
LG-1001,2025-01-02 20:28:00,6.495317,3.377258,1.1,66.6,0,12,20,3,0,0.01961,0,normal
LG-1001,2025-01-03 00:23:00,6.578947,3.358041,2.5,100.0,0,5,0,4,0,0.02466,0,normal
LG-1001,2025-01-03 02:46:00,6.43105,3.429615,0.7,87.1,0,5,2,4,0,0.00914,0,normal
LG-1001,2025-01-03 05:06:00,6.461578,3.510715,4.5,98.1,0,0,5,4,0,0.01179,0,normal
LG-1001,2025-01-03 05:42:00,6.508185,3.372378,1.4,60.5,0,0,5,4,0,0.01706,0,normal
LG-1001,2025-01-03 07:25:00,6.462934,3.384619,38.8,80.0,1,5,7,4,1,0.01307,0,normal
LG-1001,2025-01-03 09:10:00,6.615866,3.334358,43.9,66.4,1,0,9,4,1,0.01951,0,normal
LG-1001,2025-01-03 13:08:00,6.46729,3.378705,21.8,51.3,1,0,13,4,1,0.02041,0,normal
LG-1001,2025-01-03 13:24:00,6.586095,3.320991,19.6,61.7,1,0,13,4,1,0.02998,0,normal
LG-1001,2025-01-03 13:32:00,6.413172,3.064823,66.4,60.1,1,8,13,4,1,0.30548,1,route_deviation
LG-1001,2025-01-03 13:33:00,6.475274,3.496889,17.7,59.5,1,0,13,4,1,0.02713,0,normal
LG-1001,2025-01-03 13:54:00,6.597066,3.38369,36.5,53.4,1,0,13,4,1,0.0369,0,normal
LG-1001,2025-01-03 15:21:00,6.517587,3.338058,49.5,47.8,1,8,15,4,1,0.02726,0,normal
LG-1001,2025-01-03 15:45:00,6.620729,3.364988,2.6,17.2,1,49,15,4,1,0.0267,1,fuel_theft
LG-1001,2025-01-03 21:31:00,6.497544,3.379395,1.1,68.9,0,0,21,4,0,0.02144,0,normal
LG-1001,2025-01-04 00:39:00,6.470897,3.528917,1.4,100.0,0,5,0,5,0,0.00909,0,normal
LG-1001,2025-01-04 01:19:00,6.443283,3.408497,2.3,87.5,0,0,1,5,0,0.01787,0,normal
LG-1001,2025-01-04 03:55:00,6.49443,3.521356,4.0,94.0,0,0,3,5,0,0.02944,0,normal
LG-1001,2025-01-04 05:58:00,6.463434,3.539382,2.6,70.6,0,0,5,5,0,0.01745,0,normal
LG-1001,2025-01-04 05:59:00,6.601083,3.334636,3.2,87.3,0,0,5,5,0,0.01236,0,normal
LG-1001,2025-01-04 08:03:00,6.597152,3.345959,12.0,78.4,1,0,8,5,1,0.00399,0,normal
LG-1001,2025-01-04 08:29:00,6.521814,3.340689,64.4,61.7,1,0,8,5,1,0.02864,0,normal
LG-1001,2025-01-04 13:03:00,6.450292,3.422552,46.7,75.4,1,0,13,5,1,0.02235,0,normal
LG-1001,2025-01-04 22:26:00,6.46214,3.516731,4.9,63.0,0,0,22,5,0,0.00599,0,normal
LG-1001,2025-01-04 22:35:00,6.458609,3.522379,1.4,66.5,0,0,22,5,0,0.0064,0,normal
LG-1001,2025-01-05 01:36:00,6.503764,3.355207,3.6,94.4,0,0,1,6,0,0.00552,0,normal
LG-1001,2025-01-05 02:17:00,6.804401,3.556447,50.1,72.8,1,0,4,6,0,0.29196,1,private_use
LG-1001,2025-01-05 03:17:00,6.431787,3.432298,0.6,72.3,0,0,3,6,0,0.01192,0,normal
LG-1001,2025-01-05 03:42:00,6.596655,3.363482,1.0,72.7,0,0,3,6,0,0.01704,0,normal
LG-1001,2025-01-05 05:28:00,6.523686,3.358888,3.3,76.4,0,0,5,6,0,0.0247,0,normal
LG-1001,2025-01-05 07:23:00,6.442911,3.405232,4.7,72.1,0,0,7,6,0,0.01584,0,normal
LG-1001,2025-01-05 07:38:00,6.483098,3.369936,3.7,57.2,0,2,7,6,0,0.01988,0,normal
LG-1001,2025-01-05 08:07:00,6.611825,3.363256,2.9,73.4,0,5,8,6,0,0.01953,0,normal
LG-1001,2025-01-05 10:07:00,6.482635,3.495554,4.2,71.3,0,2,10,6,0,0.03179,0,normal
LG-1001,2025-01-05 10:56:00,6.356254,2.909495,105.9,85.1,0,2,10,6,0,0.47067,1,route_deviation
LG-1001,2025-01-05 11:12:00,6.464956,3.511709,0.9,78.9,0,0,11,6,0,0.01029,0,normal
LG-1001,2025-01-05 12:34:00,6.597337,3.334342,4.7,48.5,0,0,12,6,0,0.01318,0,normal
LG-1001,2025-01-05 14:18:00,6.594687,3.355643,4.8,70.3,0,0,14,6,0,0.0107,0,normal
LG-1001,2025-01-05 14:20:00,6.520376,3.34047,2.8,70.4,0,0,14,6,0,0.02764,0,normal
LG-1001,2025-01-05 14:26:00,6.457848,3.416616,3.4,63.3,0,5,14,6,0,0.0218,0,normal
LG-1001,2025-01-05 15:23:00,6.483225,3.582387,2.3,41.3,0,0,15,6,0,0.06308,0,normal
LG-1001,2025-01-05 15:50:00,6.455826,3.533461,2.7,42.7,0,0,15,6,0,0.01468,0,normal
LG-1001,2025-01-05 17:02:00,6.603665,3.340768,1.1,65.7,0,5,17,6,0,0.00678,0,normal
LG-1001,2025-01-05 19:07:00,6.5936,3.333045,3.9,44.9,0,0,19,6,0,0.0158,0,normal
LG-1001,2025-01-05 23:16:00,6.463222,3.519029,2.5,41.3,0,0,23,6,0,0.00346,0,normal
LG-1001,2025-01-05 23:22:00,6.489144,3.513608,0.8,53.5,0,0,23,6,0,0.02556,0,normal
LG-1001,2025-01-06 02:17:00,6.451393,3.402769,1.5,98.9,0,0,2,0,0,0.00857,0,normal
LG-1001,2025-01-06 03:29:00,6.458996,3.356998,4.3,66.1,0,0,3,0,0,0.03821,0,normal
LG-1001,2025-01-06 06:07:00,6.573405,3.324746,4.0,76.1,0,0,6,0,0,0.03545,0,normal
LG-1001,2025-01-06 07:18:00,6.464334,3.375524,44.3,61.7,1,0,7,0,1,0.0216,0,normal
LG-1001,2025-01-06 07:57:00,6.606243,3.34007,44.6,78.9,0,0,7,0,1,0.00869,0,normal
LG-1001,2025-01-06 07:58:00,6.429391,3.111392,62.5,95.0,0,0,7,0,1,0.25624,1,route_deviation
LG-1001,2025-01-06 08:16:00,6.416366,3.427156,46.1,86.7,1,0,8,0,1,0.01316,0,normal
LG-1001,2025-01-06 10:05:00,6.430846,3.430939,23.2,53.3,1,0,10,0,1,0.01034,0,normal
LG-1001,2025-01-06 12:41:00,6.519735,3.352693,41.0,50.6,1,0,12,0,1,0.0214,0,normal
LG-1001,2025-01-06 13:44:00,6.524858,3.367932,38.9,66.8,1,8,13,0,1,0.0277,0,normal
LG-1001,2025-01-06 16:14:00,6.471838,3.41294,18.8,81.8,1,0,16,0,1,0.0246,0,normal
LG-1001,2025-01-06 19:00:00,6.450548,3.437932,2.5,65.1,0,0,19,0,0,0.0282,0,normal
LG-1001,2025-01-06 19:10:00,6.434386,3.427035,2.7,10.6,1,33,19,0,0,0.00879,1,fuel_theft
LG-1001,2025-01-06 19:16:00,6.463562,3.496379,2.3,47.7,0,12,19,0,0,0.02566,0,normal
LG-1001,2025-01-06 21:50:00,6.429141,3.42806,4.9,71.5,0,0,21,0,0,0.00715,0,normal
LG-1001,2025-01-06 22:15:00,6.441579,3.405916,3.6,37.8,0,0,22,0,0,0.0173,0,normal
LG-1001,2025-01-06 22:41:00,6.495092,3.372218,3.6,44.1,0,2,22,0,0,0.01474,0,normal
LG-1001,2025-01-06 23:12:00,6.514736,3.381553,3.9,54.0,0,0,23,0,0,0.02833,0,normal
LG-1001,2025-01-06 23:56:00,6.450291,3.489206,0.5,36.0,0,0,23,0,0,0.03594,0,normal
LG-1001,2025-01-07 00:31:00,6.465523,3.403291,0.8,76.7,0,0,0,1,0,0.0134,0,normal
LG-1001,2025-01-07 02:54:00,6.490424,3.375662,0.0,76.5,0,0,2,1,0,0.01963,0,normal
LG-1001,2025-01-07 07:26:00,6.603843,3.36199,44.0,89.0,1,5,7,1,1,0.01526,0,normal
LG-1001,2025-01-07 08:48:00,6.362354,2.93717,106.3,77.6,1,0,8,1,1,0.44246,1,route_deviation
LG-1001,2025-01-07 09:15:00,6.494754,3.36588,59.7,77.8,1,0,9,1,1,0.00895,0,normal
LG-1001,2025-01-07 09:52:00,6.446995,3.407459,32.9,83.9,1,12,9,1,1,0.01481,0,normal
LG-1001,2025-01-07 10:14:00,6.45652,3.531447,22.4,78.0,0,0,10,1,1,0.01269,0,normal
LG-1001,2025-01-07 10:27:00,6.44231,3.371105,58.4,82.0,1,2,10,1,1,0.02706,0,normal
LG-1001,2025-01-07 12:22:00,6.459068,3.535879,39.7,55.7,1,0,12,1,1,0.01509,0,normal
LG-1001,2025-01-07 12:58:00,6.499626,3.379244,49.6,86.2,1,0,12,1,1,0.02125,0,normal
LG-1001,2025-01-07 14:03:00,6.455256,3.523888,32.9,82.5,1,2,14,1,1,0.00993,0,normal
LG-1001,2025-01-07 15:59:00,6.407913,3.41582,27.2,74.9,1,5,15,1,1,0.02074,0,normal
LG-1001,2025-01-07 16:54:00,6.445747,3.43797,18.5,41.4,1,0,16,1,1,0.02455,0,normal
LG-1001,2025-01-07 17:09:00,6.439449,3.38704,21.4,38.9,1,0,17,1,1,0.01747,0,normal
LG-1001,2025-01-07 18:51:00,6.805774,3.743763,63.2,54.1,1,0,4,1,0,0.40658,1,private_use
LG-1001,2025-01-07 21:19:00,6.500866,3.367761,1.2,45.3,1,239,21,1,0,0.00994,1,excessive_idle
LG-1001,2025-01-07 22:42:00,6.503628,3.332696,2.8,51.7,0,0,22,1,0,0.02572,0,normal
LG-1001,2025-01-07 22:44:00,6.447828,3.394267,4.9,50.6,0,2,22,1,0,0.00721,0,normal
LG-1001,2025-01-07 22:46:00,6.498551,3.325146,1.2,43.5,0,0,22,1,0,0.03286,0,normal
LG-1001,2025-01-08 06:00:00,6.602936,3.350981,3.2,79.7,0,0,6,2,0,0.00443,0,normal
LG-1001,2025-01-08 07:43:00,6.402773,3.42269,37.0,93.3,1,5,7,2,1,0.02528,0,normal
LG-1001,2025-01-08 09:43:00,6.594154,3.342967,58.5,90.5,1,0,9,2,1,0.00795,0,normal
LG-1001,2025-01-08 10:47:00,6.419468,3.413107,32.0,88.2,0,0,10,2,1,0.01162,0,normal
LG-1001,2025-01-08 11:26:00,6.448621,3.397116,46.3,54.3,1,0,11,2,1,0.00672,0,normal
LG-1001,2025-01-08 12:58:00,6.574568,3.337311,29.6,53.7,1,0,12,2,1,0.02815,0,normal
LG-1001,2025-01-08 13:50:00,6.62259,3.34947,34.3,64.9,1,5,13,2,1,0.02173,0,normal
LG-1001,2025-01-08 14:40:00,6.437378,3.408697,22.2,58.1,1,12,14,2,1,0.01547,0,normal
LG-1001,2025-01-08 16:25:00,6.427353,3.42277,56.7,49.3,1,0,16,2,1,0.00188,0,normal
LG-1001,2025-01-08 20:34:00,6.464347,3.548941,1.0,69.5,0,2,20,2,0,0.02695,0,normal
LG-1001,2025-01-09 01:02:00,6.596965,3.353577,0.4,90.4,0,0,1,3,0,0.00772,0,normal
LG-1001,2025-01-09 02:23:00,6.483609,3.358588,3.8,91.9,0,0,2,3,0,0.0154,0,normal
LG-1001,2025-01-09 02:35:00,6.473846,3.39911,1.6,64.5,0,0,2,3,0,0.01929,0,normal
LG-1001,2025-01-09 07:15:00,6.497069,3.342917,56.1,84.4,1,0,7,3,1,0.01521,0,normal
LG-1001,2025-01-09 07:42:00,6.414954,3.412864,36.6,65.5,1,0,7,3,1,0.01537,0,normal
LG-1001,2025-01-09 08:17:00,6.471125,3.505505,28.4,57.3,1,0,8,3,1,0.0176,0,normal
LG-1001,2025-01-09 09:26:00,6.483632,3.384442,34.4,64.0,1,0,9,3,1,0.03052,0,normal
LG-1001,2025-01-09 11:55:00,6.456341,3.441776,25.2,69.4,1,0,11,3,1,0.03514,0,normal
LG-1001,2025-01-09 15:16:00,6.456811,3.424615,29.1,81.5,1,0,15,3,1,0.02904,0,normal
LG-1001,2025-01-09 16:29:00,6.573066,3.349351,0.4,9.4,1,29,16,3,1,0.02803,1,fuel_theft
LG-1001,2025-01-09 17:50:00,6.499049,3.359442,60.9,79.7,1,0,17,3,1,0.00144,0,normal
LG-1001,2025-01-09 20:34:00,6.439053,3.392899,4.6,50.0,0,0,20,3,0,0.01609,0,normal
LG-1001,2025-01-09 22:17:00,6.475142,3.528815,3.7,36.7,0,0,22,3,0,0.01222,0,normal
LG-1001,2025-01-10 01:14:00,6.41729,3.409259,4.3,86.9,0,0,1,4,0,0.01589,0,normal
LG-1001,2025-01-10 02:23:00,6.514143,3.374552,2.8,64.6,0,8,2,4,0,0.02243,0,normal
LG-1001,2025-01-10 03:25:00,6.630646,3.332645,3.5,91.3,0,0,3,4,0,0.03294,0,normal
LG-1001,2025-01-10 03:52:00,6.418601,3.410731,0.7,98.1,0,0,3,4,0,0.01392,0,normal
LG-1001,2025-01-10 04:39:00,6.450291,3.380507,0.9,65.1,0,0,4,4,0,0.01524,0,normal
LG-1001,2025-01-10 07:39:00,6.472428,3.407309,13.5,55.1,1,0,7,4,1,0.02134,0,normal
LG-1001,2025-01-10 09:58:00,6.607835,3.365386,43.2,65.7,1,0,9,4,1,0.01962,0,normal
LG-1001,2025-01-10 10:09:00,6.789544,3.72785,57.9,61.6,1,8,1,4,0,0.38432,1,private_use
LG-1001,2025-01-10 11:06:00,6.597335,3.36177,0.4,18.1,1,42,11,4,1,0.01522,1,fuel_theft
LG-1001,2025-01-10 13:09:00,6.428633,3.414796,28.6,69.2,1,0,13,4,1,0.00624,0,normal
LG-1001,2025-01-10 13:13:00,6.454016,3.385639,37.9,49.3,1,0,13,4,1,0.00941,0,normal
LG-1001,2025-01-10 14:09:00,6.446558,3.394894,63.9,60.6,1,0,14,4,1,0.00844,0,normal
LG-1001,2025-01-10 14:36:00,6.415345,3.399599,53.5,48.6,1,0,14,4,1,0.02486,0,normal
LG-1001,2025-01-10 15:02:00,6.46932,3.371896,22.2,73.4,1,0,15,4,1,0.02718,0,normal
LG-1001,2025-01-10 17:57:00,6.474493,3.527677,30.9,66.7,1,5,17,4,1,0.01106,0,normal
LG-1001,2025-01-10 19:33:00,6.610912,3.350001,2.2,51.8,0,0,19,4,0,0.01036,0,normal
LG-1001,2025-01-10 21:21:00,6.439727,3.534477,4.6,36.4,0,0,21,4,0,0.02819,0,normal
LG-1001,2025-01-11 00:27:00,6.457431,3.401235,3.9,100.0,0,0,0,5,0,0.00669,0,normal
LG-1001,2025-01-11 02:58:00,6.496329,3.352212,2.5,77.8,0,0,2,5,0,0.00637,0,normal
LG-1001,2025-01-11 04:01:00,6.510218,3.3643,2.0,95.2,0,0,4,5,0,0.01287,0,normal
LG-1001,2025-01-11 04:17:00,6.46733,3.530606,4.6,86.4,0,2,4,5,0,0.00892,0,normal
LG-1001,2025-01-11 06:00:00,6.441536,3.430459,3.1,81.3,0,0,6,5,0,0.01651,0,normal
LG-1001,2025-01-11 08:21:00,6.454985,3.387647,28.1,80.8,1,0,8,5,1,0.00735,0,normal
LG-1001,2025-01-11 08:24:00,6.608887,3.317128,42.0,90.0,1,8,8,5,1,0.0309,0,normal
LG-1001,2025-01-11 08:27:00,6.496896,3.341661,30.6,66.3,1,0,8,5,1,0.01647,0,normal
LG-1001,2025-01-11 09:46:00,6.490195,3.337101,1.4,15.1,1,63,9,5,1,0.02268,1,fuel_theft
LG-1001,2025-01-11 09:58:00,6.421333,3.43017,21.6,87.4,1,0,9,5,1,0.01134,0,normal
LG-1001,2025-01-11 10:08:00,6.431048,3.451659,23.5,54.6,1,0,10,5,1,0.03081,0,normal
LG-1001,2025-01-11 10:29:00,6.468233,3.398227,12.9,66.9,1,2,10,5,1,0.01362,0,normal
LG-1001,2025-01-11 14:48:00,6.598102,3.352829,36.4,55.2,1,0,14,5,1,0.00651,0,normal
LG-1001,2025-01-11 14:52:00,6.477373,3.414363,32.1,68.1,1,0,14,5,1,0.02959,0,normal
LG-1001,2025-01-11 16:31:00,6.454774,3.411867,2.6,64.8,0,0,16,5,0,0.01687,0,normal
LG-1001,2025-01-11 17:09:00,6.453619,3.378367,0.4,39.6,0,0,17,5,0,0.01669,0,normal
LG-1001,2025-01-11 17:31:00,6.42366,3.414014,3.2,60.1,0,0,17,5,0,0.00822,0,normal
LG-1001,2025-01-11 18:00:00,6.427438,3.410214,3.5,44.2,0,0,18,5,0,0.0108,0,normal
LG-1001,2025-01-11 18:48:00,6.589437,3.338927,0.6,54.2,0,0,18,5,0,0.0141,0,normal
LG-1001,2025-01-11 19:20:00,6.42704,3.428334,1.5,77.3,0,0,19,5,0,0.0074,0,normal
LG-1001,2025-01-11 23:26:00,6.43888,3.42963,2.1,49.6,0,0,23,5,0,0.01389,0,normal
LG-1001,2025-01-12 01:56:00,6.44027,3.409854,1.8,76.9,0,0,1,6,0,0.01658,0,normal
LG-1001,2025-01-12 02:50:00,6.427206,3.438426,3.4,98.0,0,0,2,6,0,0.01744,0,normal
LG-1001,2025-01-12 04:05:00,6.444715,3.533329,0.2,80.5,0,8,4,6,0,0.02323,0,normal
LG-1001,2025-01-12 08:01:00,6.521044,3.349375,3.5,63.9,0,0,8,6,0,0.02367,0,normal
LG-1001,2025-01-12 11:06:00,6.432515,3.423374,2.8,74.5,0,0,11,6,0,0.0051,0,normal
LG-1001,2025-01-12 15:56:00,6.571686,3.37304,4.7,57.0,0,0,15,6,0,0.03921,0,normal
LG-1001,2025-01-12 17:42:00,6.588363,3.343447,3.4,49.7,0,0,17,6,0,0.01313,0,normal
LG-1001,2025-01-12 21:32:00,6.410705,3.40655,2.2,40.5,0,0,21,6,0,0.02254,0,normal
LG-1001,2025-01-12 22:22:00,6.404304,3.415992,1.3,48.0,0,0,22,6,0,0.02422,0,normal
LG-1001,2025-01-12 23:44:00,6.439142,3.420105,0.1,29.8,0,12,23,6,0,0.01118,0,normal
LG-1001,2025-01-13 00:05:00,6.49844,3.353224,1.0,68.6,0,0,0,0,0,0.00481,0,normal
LG-1001,2025-01-13 01:09:00,6.484948,3.493027,1.4,97.0,0,0,1,0,0,0.03518,0,normal
LG-1001,2025-01-13 01:37:00,6.486891,3.369361,3.6,75.7,0,0,1,0,0,0.0166,0,normal
LG-1001,2025-01-13 04:43:00,6.441351,3.4405,1.9,98.8,0,0,4,0,0,0.02363,0,normal
LG-1001,2025-01-13 07:17:00,6.794069,3.595368,55.8,57.3,1,0,4,0,0,0.31458,1,private_use
LG-1001,2025-01-13 08:06:00,6.437811,3.412803,64.6,85.0,1,0,8,0,1,0.01278,0,normal
LG-1001,2025-01-13 10:38:00,6.463649,3.525318,40.1,60.7,1,0,10,0,1,0.00358,0,normal
LG-1001,2025-01-13 14:02:00,6.630974,3.364803,58.2,81.5,1,0,14,0,1,0.03486,0,normal
LG-1001,2025-01-13 14:22:00,6.633801,3.363159,51.6,59.3,1,0,14,0,1,0.03656,0,normal
LG-1001,2025-01-13 14:28:00,6.596415,3.356626,42.1,59.7,1,0,14,0,1,0.01066,0,normal
LG-1001,2025-01-13 17:09:00,6.579228,3.350438,58.4,58.8,1,8,17,0,1,0.02204,0,normal
LG-1001,2025-01-13 17:18:00,6.737152,3.58108,52.9,56.5,1,2,0,0,0,0.2708,1,private_use
LG-1001,2025-01-13 17:45:00,6.44426,3.379024,53.9,75.8,1,0,17,0,1,0.01925,0,normal
LG-1001,2025-01-13 18:09:00,6.479329,3.394877,32.7,73.7,1,2,18,0,1,0.02433,0,normal
LG-1001,2025-01-13 22:38:00,6.415632,3.419343,1.6,34.5,0,0,22,0,0,0.01248,0,normal
LG-1001,2025-01-14 04:14:00,6.612829,3.359333,1.6,66.8,0,0,4,1,0,0.01709,0,normal
LG-1001,2025-01-14 05:13:00,6.457203,3.404479,2.1,16.0,1,73,5,1,0,0.00973,1,fuel_theft
LG-1001,2025-01-14 05:29:00,6.46948,3.432925,3.9,69.9,0,2,5,1,0,0.0406,0,normal
LG-1001,2025-01-14 05:31:00,6.433458,3.429772,2.7,86.5,0,12,5,1,0,0.01033,0,normal
LG-1001,2025-01-14 08:04:00,6.443175,3.377476,17.0,82.3,1,2,8,1,1,0.02114,0,normal
LG-1001,2025-01-14 08:43:00,6.790131,3.559001,54.2,71.9,1,5,5,1,0,0.2841,1,private_use
LG-1001,2025-01-14 10:26:00,6.577624,3.356748,18.5,84.9,1,0,10,1,1,0.02533,0,normal
LG-1001,2025-01-14 10:33:00,6.464497,3.525126,19.8,71.6,1,0,10,1,1,0.00317,0,normal
LG-1001,2025-01-14 13:13:00,6.475221,3.358461,62.9,66.9,1,0,13,1,1,0.02378,0,normal
LG-1001,2025-01-14 16:25:00,6.478286,3.401321,32.0,75.6,1,0,16,1,1,0.02413,0,normal
LG-1001,2025-01-14 18:26:00,6.632806,3.340243,37.8,63.7,1,8,18,1,1,0.03252,0,normal
LG-1001,2025-01-14 21:51:00,6.496546,3.353558,4.0,73.8,0,2,21,1,0,0.00507,0,normal
LG-1001,2025-01-14 22:53:00,6.419586,3.426397,0.0,64.8,0,0,22,1,0,0.01,0,normal
LG-1001,2025-01-14 23:35:00,6.465176,3.404605,4.6,66.1,0,0,23,1,0,0.01399,0,normal
LG-1001,2025-01-15 04:58:00,6.426106,3.421154,1.6,65.4,0,2,4,2,0,0.0019,0,normal
LG-1001,2025-01-15 05:16:00,6.488043,3.353801,0.6,18.3,1,48,5,2,0,0.01173,1,fuel_theft
LG-1001,2025-01-15 05:31:00,6.776872,3.724078,59.4,81.7,1,0,3,2,0,0.37162,1,private_use
LG-1001,2025-01-15 06:20:00,6.496872,3.356787,0.2,63.3,0,0,6,2,0,0.00245,0,normal
LG-1001,2025-01-15 06:42:00,6.449485,3.536825,0.8,84.3,0,0,6,2,0,0.02146,0,normal
LG-1001,2025-01-15 10:26:00,6.479066,3.373661,23.7,67.0,1,5,10,2,1,0.02535,0,normal
LG-1001,2025-01-15 12:41:00,6.623168,3.354323,62.6,50.7,1,0,12,2,1,0.02335,0,normal
LG-1001,2025-01-15 14:39:00,6.585383,3.340335,35.9,57.3,1,0,14,2,1,0.01698,0,normal
LG-1001,2025-01-15 15:01:00,6.426757,3.39772,2.3,21.8,1,35,15,2,1,0.02331,1,fuel_theft
LG-1001,2025-01-15 15:33:00,6.453168,3.385617,63.5,71.7,1,0,15,2,1,0.00956,0,normal
LG-1001,2025-01-15 15:52:00,6.517377,3.347993,39.5,62.0,1,12,15,2,1,0.02093,0,normal
LG-1001,2025-01-15 16:21:00,6.46666,3.405672,56.1,62.2,1,0,16,2,1,0.01581,0,normal
LG-1001,2025-01-15 19:54:00,6.421904,3.414061,0.6,32.4,0,0,19,2,0,0.00924,0,normal
LG-1001,2025-01-15 20:24:00,6.457414,3.552607,0.6,67.0,0,0,20,2,0,0.03153,0,normal
LG-1001,2025-01-15 22:54:00,6.425648,3.441041,1.8,53.5,0,0,22,2,0,0.02018,0,normal
LG-1001,2025-01-16 00:42:00,6.442484,3.51096,1.3,74.4,0,0,0,3,0,0.02508,0,normal
LG-1001,2025-01-16 03:23:00,6.466107,3.519147,3.3,81.4,0,5,3,3,0,0.00306,0,normal
LG-1001,2025-01-16 05:34:00,6.435636,3.395931,0.6,64.4,0,0,5,3,0,0.01939,0,normal
LG-1001,2025-01-16 06:17:00,6.51995,3.357606,1.2,72.0,0,0,6,3,0,0.02095,0,normal
LG-1001,2025-01-16 06:38:00,6.59243,3.356537,1.9,90.7,1,234,6,3,0,0.01282,1,excessive_idle
LG-1001,2025-01-16 08:12:00,6.368191,3.152831,91.1,62.2,1,0,8,3,1,0.24332,1,route_deviation
LG-1001,2025-01-16 08:14:00,6.473115,3.311343,35.6,68.5,1,2,8,3,1,0.05336,0,normal
LG-1001,2025-01-16 09:30:00,6.479575,3.381197,58.8,88.6,1,0,9,3,1,0.02819,0,normal
LG-1001,2025-01-16 10:54:00,6.573282,3.330722,34.8,85.4,1,0,10,3,1,0.03214,0,normal
LG-1001,2025-01-16 11:21:00,6.509454,3.355847,55.9,80.8,1,0,11,3,1,0.01067,0,normal
LG-1001,2025-01-16 14:09:00,6.454095,3.439944,20.1,55.5,1,0,14,3,1,0.03225,0,normal
LG-1001,2025-01-16 19:39:00,6.462007,3.521928,1.8,46.8,0,5,19,3,0,0.00299,0,normal
LG-1001,2025-01-16 20:59:00,6.529975,3.359201,1.7,66.3,0,0,20,3,0,0.031,0,normal
LG-1001,2025-01-16 23:53:00,6.610736,3.330736,3.3,41.2,0,0,23,3,0,0.01896,0,normal
LG-1001,2025-01-17 01:27:00,6.446768,3.421376,1.6,85.3,0,0,1,4,0,0.01877,0,normal
LG-1001,2025-01-17 02:27:00,6.449075,3.386532,3.4,74.9,0,0,2,4,0,0.01033,0,normal
LG-1001,2025-01-17 05:36:00,6.609471,3.328817,2.6,93.8,0,0,5,4,0,0.02006,0,normal
LG-1001,2025-01-17 06:34:00,6.409571,3.420271,3.2,66.0,0,2,6,4,0,0.01844,0,normal
LG-1001,2025-01-17 07:08:00,6.610205,3.318817,63.5,90.1,1,0,7,4,1,0.02965,0,normal
LG-1001,2025-01-17 07:44:00,6.489915,3.3584,37.5,84.9,0,0,7,4,1,0.00909,0,normal
LG-1001,2025-01-17 08:12:00,6.628206,3.350617,51.7,70.4,1,0,8,4,1,0.02745,0,normal
LG-1001,2025-01-17 09:29:00,6.453846,3.417693,33.2,79.9,1,5,9,4,1,0.02272,0,normal
LG-1001,2025-01-17 09:32:00,6.836192,3.664392,73.0,53.7,1,0,4,4,0,0.39504,1,private_use
LG-1001,2025-01-17 13:39:00,6.436752,3.455044,17.0,82.5,1,0,13,4,1,0.03515,0,normal
LG-1001,2025-01-17 14:55:00,6.515137,3.351297,24.0,68.5,1,5,14,4,1,0.01747,0,normal
LG-1001,2025-01-17 15:35:00,6.439274,3.407027,57.6,42.9,1,0,15,4,1,0.01795,0,normal
LG-1001,2025-01-17 15:47:00,6.61382,3.313966,48.9,57.4,1,0,15,4,1,0.03543,0,normal
LG-1001,2025-01-17 16:37:00,6.453754,3.352116,61.4,56.9,1,0,16,4,1,0.0429,0,normal
LG-1001,2025-01-17 19:44:00,6.433275,3.413625,2.1,69.9,0,0,19,4,0,0.00907,0,normal
LG-1001,2025-01-17 20:03:00,6.448117,3.402807,3.8,56.5,0,5,20,4,0,0.01041,0,normal
LG-1001,2025-01-17 23:07:00,6.46724,3.517735,0.1,55.7,0,5,23,4,0,0.00482,0,normal
LG-1001,2025-01-18 01:12:00,6.600415,3.343344,0.1,68.6,0,5,1,5,0,0.0037,0,normal
LG-1001,2025-01-18 03:02:00,6.592564,3.331835,1.8,87.0,0,0,3,5,0,0.01735,0,normal
LG-1001,2025-01-18 03:28:00,6.501744,3.389594,1.0,74.6,1,100,3,5,0,0.03171,1,excessive_idle
LG-1001,2025-01-18 03:57:00,6.438296,3.393358,1.7,21.3,1,56,3,5,0,0.01678,1,fuel_theft
LG-1001,2025-01-18 05:15:00,6.462063,3.509364,4.5,74.8,0,5,5,5,0,0.01297,0,normal
LG-1001,2025-01-18 08:24:00,6.446062,3.358857,1.7,9.3,1,66,8,5,1,0.03723,1,fuel_theft
LG-1001,2025-01-18 08:28:00,6.464919,3.368274,43.4,60.3,1,0,8,5,1,0.02851,0,normal
LG-1001,2025-01-18 09:15:00,6.4412,3.40362,58.7,66.5,1,5,9,5,1,0.01627,0,normal
LG-1001,2025-01-18 10:42:00,6.525562,3.365205,62.8,56.5,1,0,10,5,1,0.02752,0,normal
LG-1001,2025-01-18 12:31:00,6.479586,3.359836,40.9,85.5,1,0,12,5,1,0.0195,0,normal
LG-1001,2025-01-18 13:57:00,6.525366,3.342556,41.3,57.2,1,0,13,5,1,0.03056,0,normal
LG-1001,2025-01-18 18:01:00,6.368539,3.138075,82.5,52.7,0,0,18,5,0,0.25571,1,route_deviation
LG-1001,2025-01-18 20:29:00,6.469976,3.524768,4.4,56.9,0,2,20,5,0,0.00569,0,normal
LG-1001,2025-01-18 21:27:00,6.606663,3.353468,2.3,19.6,1,49,21,5,0,0.0086,1,fuel_theft
LG-1001,2025-01-19 00:41:00,6.499785,3.366344,0.6,69.1,0,0,0,6,0,0.00838,0,normal
LG-1001,2025-01-19 03:34:00,6.465642,3.498576,0.9,93.0,0,0,3,6,0,0.02343,0,normal
LG-1001,2025-01-19 04:05:00,6.43665,3.426932,4.2,79.1,0,0,4,6,0,0.01049,0,normal
LG-1001,2025-01-19 06:09:00,6.57412,3.339945,0.0,90.4,0,0,6,6,0,0.02779,0,normal
LG-1001,2025-01-19 07:12:00,6.42664,3.402466,4.5,56.1,0,0,7,6,0,0.01858,0,normal
LG-1001,2025-01-19 07:37:00,6.446464,3.532091,1.3,59.9,0,2,7,6,0,0.0211,0,normal
LG-1001,2025-01-19 11:38:00,6.509303,3.367093,1.6,81.5,0,5,11,6,0,0.01374,0,normal
LG-1001,2025-01-19 11:59:00,6.44672,3.397369,0.3,50.1,0,2,11,6,0,0.00861,0,normal
LG-1001,2025-01-19 12:44:00,6.456092,3.506942,3.7,70.4,0,0,12,6,0,0.0175,0,normal
LG-1001,2025-01-19 13:23:00,6.582946,3.331498,1.1,87.0,0,8,13,6,0,0.0238,0,normal
LG-1001,2025-01-19 18:04:00,6.444754,3.416763,4.8,39.9,0,2,18,6,0,0.01728,0,normal
LG-1001,2025-01-19 20:19:00,6.631672,3.337609,3.2,41.0,0,5,20,6,0,0.03208,0,normal
LG-1001,2025-01-19 22:15:00,6.51347,3.340995,0.3,8.2,1,70,22,6,0,0.02233,1,fuel_theft
LG-1001,2025-01-19 22:41:00,6.472983,3.520208,0.4,57.2,0,0,22,6,0,0.00818,0,normal
LG-1001,2025-01-19 23:24:00,6.465083,3.505716,2.0,45.6,0,0,23,6,0,0.01628,0,normal
LG-1001,2025-01-19 23:34:00,6.416483,3.421512,2.3,60.8,0,0,23,6,0,0.01153,0,normal
LG-1001,2025-01-20 00:30:00,6.599235,3.341748,4.0,83.8,0,0,0,0,0,0.00554,0,normal
LG-1001,2025-01-20 01:09:00,6.456022,3.530496,2.8,76.4,0,5,1,0,0,0.01236,0,normal
LG-1001,2025-01-20 01:28:00,6.527772,3.328061,1.8,95.9,0,5,1,0,0,0.04152,0,normal
LG-1001,2025-01-20 03:15:00,6.618893,3.346187,2.6,62.0,0,0,3,0,0,0.01791,0,normal
LG-1001,2025-01-20 03:42:00,6.517409,3.345247,0.9,97.2,0,0,3,0,0,0.0224,0,normal
LG-1001,2025-01-20 04:03:00,6.587609,3.343131,2.2,82.1,0,0,4,0,0,0.01394,0,normal
LG-1001,2025-01-20 05:29:00,6.449127,3.525851,1.8,10.8,1,86,5,0,0,0.01633,1,fuel_theft
LG-1001,2025-01-20 05:38:00,6.477859,3.367109,3.2,76.7,0,5,5,0,0,0.02302,0,normal
LG-1001,2025-01-20 06:06:00,6.607202,3.344934,3.0,89.4,0,0,6,0,0,0.00654,0,normal
LG-1001,2025-01-20 06:42:00,6.438915,3.508912,3.1,60.3,0,0,6,0,0,0.02918,0,normal
LG-1001,2025-01-20 09:56:00,6.46162,3.389768,45.8,80.0,1,0,9,0,1,0.00844,0,normal
LG-1001,2025-01-20 12:35:00,6.46104,3.504484,1.4,18.0,1,49,12,0,1,0.01796,1,fuel_theft
LG-1001,2025-01-20 12:41:00,6.596177,3.331135,17.6,74.7,1,0,12,0,1,0.01658,0,normal
LG-1001,2025-01-20 12:44:00,6.417472,3.418405,25.7,88.4,1,0,12,0,1,0.01084,0,normal
LG-1001,2025-01-20 13:12:00,6.438284,3.380246,0.4,14.5,1,82,13,0,1,0.0223,1,fuel_theft
LG-1001,2025-01-20 14:33:00,6.515074,3.330843,51.0,62.9,1,12,14,0,1,0.03156,0,normal
LG-1001,2025-01-20 14:49:00,6.485405,3.519863,36.3,56.9,1,5,14,0,1,0.02052,0,normal
LG-1001,2025-01-20 17:19:00,6.490473,3.357013,44.6,72.5,1,0,17,0,1,0.00858,0,normal
LG-1001,2025-01-20 17:46:00,6.469519,3.338484,17.0,65.9,1,0,17,0,1,0.03536,0,normal
LG-1001,2025-01-20 19:35:00,6.494825,3.334938,1.5,59.1,0,0,19,0,0,0.02344,0,normal
LG-1001,2025-01-20 19:43:00,6.479604,3.342501,2.5,41.7,0,2,19,0,0,0.02483,0,normal
LG-1001,2025-01-20 22:04:00,6.435962,3.374751,4.9,37.2,0,0,22,0,0,0.02779,0,normal
LG-1001,2025-01-20 22:07:00,6.449949,3.424956,1.6,63.2,0,0,22,0,0,0.0223,0,normal
LG-1001,2025-01-21 01:38:00,6.506253,3.352212,0.3,78.9,0,0,1,1,0,0.00928,0,normal
LG-1001,2025-01-21 03:18:00,6.627973,3.378254,2.1,77.4,0,0,3,1,0,0.04128,0,normal
LG-1001,2025-01-21 05:19:00,6.422892,3.430809,1.3,85.8,0,0,5,1,0,0.01106,0,normal
LG-1001,2025-01-21 07:03:00,6.503122,3.360902,63.5,70.0,1,0,7,1,1,0.00504,0,normal
LG-1001,2025-01-21 07:11:00,6.82954,3.554739,74.7,73.5,1,0,1,1,0,0.30885,1,private_use
LG-1001,2025-01-21 08:30:00,6.45253,3.524178,38.6,58.3,1,0,8,1,1,0.01266,0,normal
LG-1001,2025-01-21 09:15:00,6.626102,3.319911,46.3,64.4,1,5,9,1,1,0.03693,0,normal
LG-1001,2025-01-21 13:53:00,6.453774,3.432795,42.5,80.9,1,0,13,1,1,0.02834,0,normal
LG-1001,2025-01-21 14:08:00,6.361711,3.080682,106.1,59.2,1,5,14,1,1,0.30944,1,route_deviation
LG-1001,2025-01-21 14:50:00,6.480602,3.345255,63.5,69.9,1,0,14,1,1,0.02238,0,normal
LG-1001,2025-01-21 16:41:00,6.491306,3.379695,29.8,47.4,0,0,16,1,1,0.02302,0,normal
LG-1001,2025-01-21 18:47:00,6.437884,3.454017,45.9,62.9,1,0,18,1,1,0.03446,0,normal
LG-1001,2025-01-21 21:06:00,6.451586,3.552777,2.2,69.0,0,2,21,1,0,0.03357,0,normal
LG-1001,2025-01-21 21:11:00,6.618283,3.340519,1.2,53.3,0,0,21,1,0,0.01846,0,normal
LG-1001,2025-01-21 21:23:00,6.511961,3.367101,3.7,62.3,0,0,21,1,0,0.01584,0,normal
LG-1001,2025-01-21 23:59:00,6.516211,3.337968,3.6,38.4,0,0,23,1,0,0.02641,0,normal
LG-1001,2025-01-22 00:05:00,6.5872,3.361654,1.3,100.0,1,144,0,2,0,0.02013,1,excessive_idle
LG-1001,2025-01-22 02:33:00,6.489652,3.348679,0.2,82.8,0,0,2,2,0,0.0132,0,normal
LG-1001,2025-01-22 02:34:00,6.468614,3.383537,1.9,70.8,0,0,2,2,0,0.0178,0,normal
LG-1001,2025-01-22 02:48:00,6.629253,3.353331,2.4,92.0,0,2,2,2,0,0.02895,0,normal
LG-1001,2025-01-22 04:52:00,6.610498,3.338758,0.5,70.9,0,0,4,2,0,0.01258,0,normal
LG-1001,2025-01-22 05:32:00,6.468597,3.38748,1.1,9.3,1,31,5,2,0,0.01554,1,fuel_theft
LG-1001,2025-01-22 06:53:00,6.458729,3.524679,4.6,78.5,0,0,6,2,0,0.00682,0,normal
LG-1001,2025-01-22 10:04:00,6.485427,3.349543,44.3,87.6,1,0,10,2,1,0.01599,0,normal
LG-1001,2025-01-22 10:23:00,6.463782,3.40705,17.6,62.4,1,0,10,2,1,0.01491,0,normal
LG-1001,2025-01-22 12:17:00,6.454599,3.544277,46.2,78.4,1,0,12,2,1,0.02459,0,normal
LG-1001,2025-01-22 14:28:00,6.450643,3.390413,22.9,66.0,1,0,14,2,1,0.00633,0,normal
LG-1001,2025-01-22 16:11:00,6.441405,3.386412,60.3,79.1,1,0,16,2,1,0.01608,0,normal
LG-1001,2025-01-22 17:13:00,6.460498,3.414256,26.1,61.7,1,0,17,2,1,0.02003,0,normal
LG-1001,2025-01-22 18:29:00,6.495687,3.351164,52.0,56.7,1,0,18,2,1,0.0076,0,normal
LG-1001,2025-01-22 18:46:00,6.455186,3.527084,32.4,64.0,1,5,18,2,1,0.01105,0,normal
LG-1001,2025-01-22 19:44:00,6.567344,3.335706,3.0,42.1,0,0,19,2,0,0.0355,0,normal
LG-1001,2025-01-22 20:19:00,6.41963,3.470408,2.2,21.0,1,60,20,2,0,0.05011,1,fuel_theft
LG-1001,2025-01-22 20:27:00,6.390049,3.062172,87.6,49.9,0,0,20,2,0,0.31525,1,route_deviation
LG-1001,2025-01-22 23:17:00,6.492361,3.372393,3.2,61.2,0,0,23,2,0,0.01585,0,normal
LG-1001,2025-01-23 05:36:00,6.569145,3.347857,1.3,95.9,0,0,5,3,0,0.03187,0,normal
LG-1001,2025-01-23 05:49:00,6.405522,3.455343,1.4,64.6,0,2,5,3,0,0.04104,0,normal
LG-1001,2025-01-23 09:07:00,6.63063,3.324112,19.0,60.4,1,2,9,3,1,0.03744,0,normal
LG-1001,2025-01-23 10:31:00,6.585721,3.344095,16.4,86.8,1,5,10,3,1,0.01555,0,normal
LG-1001,2025-01-23 10:32:00,6.484693,3.377155,14.6,82.2,1,8,10,3,1,0.02391,0,normal
LG-1001,2025-01-23 11:51:00,6.518808,3.370901,36.2,55.8,1,0,11,3,1,0.02364,0,normal
LG-1001,2025-01-23 17:41:00,6.503579,3.531337,22.4,43.6,1,0,17,3,1,0.03969,0,normal
LG-1001,2025-01-23 18:16:00,6.426911,3.419971,38.0,39.6,1,0,18,3,1,0.0015,0,normal
LG-1001,2025-01-23 22:29:00,6.467482,3.391175,1.7,74.4,0,0,22,3,0,0.01305,0,normal
LG-1001,2025-01-23 22:56:00,6.595567,3.346235,0.3,60.1,1,236,22,3,0,0.00549,1,excessive_idle
LG-1001,2025-01-23 23:07:00,6.514162,3.363807,3.8,53.8,0,5,23,3,0,0.01624,0,normal
LG-1001,2025-01-24 01:30:00,6.491378,3.333313,2.6,95.4,0,0,1,4,0,0.02584,0,normal
LG-1001,2025-01-24 06:45:00,6.496568,3.360031,0.5,67.2,0,0,6,4,0,0.00317,0,normal
LG-1001,2025-01-24 06:50:00,6.427547,3.406309,0.3,67.1,0,0,6,4,0,0.0147,0,normal
LG-1001,2025-01-24 08:51:00,6.464717,3.423663,44.4,58.6,1,2,8,4,1,0.03027,0,normal
LG-1001,2025-01-24 09:14:00,6.414944,3.422298,20.4,89.2,0,5,9,4,1,0.01312,0,normal
LG-1001,2025-01-24 10:54:00,6.591228,3.350993,16.6,51.7,1,0,10,4,1,0.01056,0,normal
LG-1001,2025-01-24 11:27:00,6.594236,3.34991,63.9,58.7,1,0,11,4,1,0.00736,0,normal
LG-1001,2025-01-24 13:33:00,6.621621,3.363899,58.3,44.9,1,0,13,4,1,0.02666,0,normal
LG-1001,2025-01-24 15:03:00,6.477296,3.3665,16.3,42.2,1,0,15,4,1,0.02331,0,normal
LG-1001,2025-01-24 16:08:00,6.424476,3.398955,23.6,48.1,1,0,16,4,1,0.02232,0,normal
LG-1001,2025-01-24 16:55:00,6.425591,3.414895,62.0,77.3,1,0,16,4,1,0.00656,0,normal
LG-1001,2025-01-24 19:08:00,6.440953,3.43903,2.5,43.2,0,0,19,4,0,0.0222,0,normal
LG-1001,2025-01-24 20:46:00,6.496974,3.528583,1.8,58.5,0,8,20,4,0,0.03264,0,normal
LG-1001,2025-01-25 03:11:00,6.362481,3.163679,81.2,75.7,0,0,3,5,0,0.23748,1,route_deviation
LG-1001,2025-01-25 03:25:00,6.477305,3.365389,2.1,78.5,0,0,3,5,0,0.02292,0,normal
LG-1001,2025-01-25 05:03:00,6.515248,3.366939,1.4,76.3,0,0,5,5,0,0.01854,0,normal
LG-1001,2025-01-25 07:32:00,6.411775,3.420084,1.9,79.7,0,0,7,5,0,0.01625,0,normal
LG-1001,2025-01-25 09:37:00,6.629854,3.342141,46.5,61.6,1,0,9,5,1,0.02926,0,normal
LG-1001,2025-01-25 10:08:00,6.591538,3.365366,46.0,88.5,1,2,10,5,1,0.02066,0,normal
LG-1001,2025-01-25 14:55:00,6.62931,3.346737,43.7,82.6,1,0,14,5,1,0.02831,0,normal
LG-1001,2025-01-25 21:19:00,6.621265,3.357696,4.1,35.8,0,0,21,5,0,0.02291,0,normal
LG-1001,2025-01-25 21:54:00,6.450956,3.413831,3.2,40.6,0,5,21,5,0,0.01926,0,normal
LG-1001,2025-01-25 22:09:00,6.46312,3.39806,1.2,34.3,0,0,22,5,0,0.00868,0,normal
LG-1001,2025-01-25 23:00:00,6.424476,3.404261,4.8,66.2,0,0,23,5,0,0.01711,0,normal
LG-1001,2025-01-26 00:03:00,6.497761,3.364079,4.9,91.4,0,0,0,6,0,0.0062,0,normal
LG-1001,2025-01-26 01:53:00,6.469949,3.517397,3.0,96.0,0,0,1,6,0,0.00676,0,normal
LG-1001,2025-01-26 02:01:00,6.458811,3.502426,2.5,67.6,0,0,2,6,0,0.02053,0,normal
LG-1001,2025-01-26 03:21:00,6.612292,3.363079,0.3,98.1,0,0,3,6,0,0.01965,0,normal
LG-1001,2025-01-26 09:49:00,6.432135,3.413581,1.5,75.9,1,117,9,6,0,0.00849,1,excessive_idle
LG-1001,2025-01-26 09:51:00,6.598615,3.355553,1.4,78.4,0,0,9,6,0,0.00888,0,normal
LG-1001,2025-01-26 10:52:00,6.50883,3.353451,1.0,77.8,0,0,10,6,0,0.01083,0,normal
LG-1001,2025-01-26 11:33:00,6.460604,3.546914,0.9,67.4,0,0,11,6,0,0.0253,0,normal
LG-1001,2025-01-26 11:58:00,6.416866,3.423588,3.8,84.3,0,8,11,6,0,0.01143,0,normal
LG-1001,2025-01-26 14:07:00,6.450016,3.395111,2.6,79.2,0,0,14,6,0,0.00499,0,normal
LG-1001,2025-01-26 14:44:00,6.806711,3.559622,34.4,51.4,1,0,4,6,0,0.29585,1,private_use
LG-1001,2025-01-26 15:20:00,6.457715,3.417447,0.9,72.0,0,0,15,6,0,0.02261,0,normal
LG-1001,2025-01-26 16:12:00,6.465569,3.40645,0.0,76.5,0,0,16,6,0,0.01558,0,normal
LG-1001,2025-01-26 18:20:00,6.417192,3.080257,90.1,65.4,0,0,18,6,0,0.28954,1,route_deviation
LG-1001,2025-01-26 20:19:00,6.819674,3.642974,27.6,35.3,1,0,2,6,0,0.36799,1,private_use
LG-1001,2025-01-26 23:15:00,6.357053,3.185787,94.2,38.4,0,0,23,6,0,0.22317,1,route_deviation
LG-1001,2025-01-26 23:46:00,6.450154,3.540362,3.0,45.1,0,0,23,6,0,0.02361,0,normal
LG-1001,2025-01-27 01:01:00,6.433224,3.406726,3.3,92.5,0,2,1,0,0,0.0152,0,normal
LG-1001,2025-01-27 03:14:00,6.431693,3.416418,1.0,83.9,0,0,3,0,0,0.00589,0,normal
LG-1001,2025-01-27 04:04:00,6.463946,3.501009,0.7,94.2,0,0,4,0,0,0.02102,0,normal
LG-1001,2025-01-27 04:16:00,6.608074,3.332995,2.7,93.2,0,0,4,0,0,0.01569,0,normal
LG-1001,2025-01-27 06:08:00,6.499134,3.363745,2.3,86.0,0,0,6,0,0,0.00575,0,normal
LG-1001,2025-01-27 08:35:00,6.606021,3.357143,58.7,78.0,1,0,8,0,1,0.01132,0,normal
LG-1001,2025-01-27 08:53:00,6.435406,3.412312,57.1,83.5,1,5,8,0,1,0.01142,0,normal
LG-1001,2025-01-27 13:48:00,6.628763,3.361267,34.8,73.8,1,0,13,0,1,0.03121,0,normal
LG-1001,2025-01-27 14:29:00,6.785865,3.557683,46.5,81.8,1,2,23,0,0,0.28029,1,private_use
LG-1001,2025-01-27 14:35:00,6.479095,3.413085,28.7,76.3,1,0,14,0,1,0.03013,0,normal
LG-1001,2025-01-27 15:15:00,6.363751,3.015756,108.7,59.1,1,0,15,0,1,0.368,1,route_deviation
LG-1001,2025-01-27 15:16:00,6.451363,3.42061,57.9,63.4,1,0,15,0,1,0.02337,0,normal
LG-1001,2025-01-27 15:22:00,6.47981,3.527062,42.1,62.1,1,0,15,0,1,0.01565,0,normal
LG-1001,2025-01-27 16:42:00,6.409793,3.421138,44.1,57.3,1,0,16,0,1,0.01821,0,normal
LG-1001,2025-01-27 17:33:00,6.455538,3.43111,42.7,58.9,1,2,17,0,1,0.02934,0,normal
LG-1001,2025-01-27 18:23:00,6.493087,3.363162,2.8,19.8,1,31,18,0,1,0.00785,1,fuel_theft
LG-1001,2025-01-27 20:19:00,6.487912,3.371205,3.0,61.1,0,0,20,0,0,0.01724,0,normal
LG-1001,2025-01-27 23:21:00,6.452973,3.408136,2.7,29.5,0,0,23,0,0,0.01329,0,normal
LG-1001,2025-01-27 23:58:00,6.507709,3.337328,0.3,47.0,0,0,23,0,0,0.02243,0,normal
LG-1001,2025-01-28 02:00:00,6.439372,3.423446,2.2,88.9,0,0,2,1,0,0.01163,0,normal
LG-1001,2025-01-28 06:33:00,6.617403,3.340991,4.2,92.4,0,5,6,1,0,0.01747,0,normal
LG-1001,2025-01-28 08:54:00,6.597451,3.350085,0.0,86.2,1,179,8,1,1,0.0047,1,excessive_idle
LG-1001,2025-01-28 11:09:00,6.488237,3.35443,40.6,83.6,1,8,11,1,1,0.01134,0,normal
LG-1001,2025-01-28 13:24:00,6.600982,3.354639,0.4,14.2,1,54,13,1,1,0.00764,1,fuel_theft
LG-1001,2025-01-28 15:35:00,6.570573,3.355052,43.0,57.7,1,5,15,1,1,0.03147,0,normal
LG-1001,2025-01-28 16:21:00,6.448305,3.385697,1.4,19.6,1,89,16,1,1,0.01146,1,fuel_theft
LG-1001,2025-01-28 19:24:00,6.619176,3.325012,4.1,68.4,0,0,19,1,0,0.02853,0,normal
LG-1001,2025-01-28 20:31:00,6.422923,3.436938,0.5,56.4,0,2,20,1,0,0.01673,0,normal
LG-1001,2025-01-28 22:51:00,6.468771,3.408571,4.7,71.0,0,0,22,1,0,0.01933,0,normal
LG-1001,2025-01-28 23:27:00,6.408296,3.404078,0.2,31.0,0,0,23,1,0,0.02597,0,normal
LG-1001,2025-01-29 01:12:00,6.460516,3.512376,3.6,69.1,0,2,1,2,0,0.01062,0,normal
LG-1001,2025-01-29 01:40:00,6.427429,3.429311,4.7,69.1,0,0,1,2,0,0.00833,0,normal
LG-1001,2025-01-29 04:45:00,6.413922,3.41088,1.0,94.1,0,0,4,2,0,0.01734,0,normal
LG-1001,2025-01-29 05:04:00,6.457049,3.394029,0.9,63.6,0,0,5,2,0,0.00227,0,normal
LG-1001,2025-01-29 05:42:00,6.475092,3.364678,0.2,67.2,0,2,5,2,0,0.02482,0,normal
LG-1001,2025-01-29 06:31:00,6.448053,3.512275,3.1,74.5,0,8,6,2,0,0.01954,0,normal
LG-1001,2025-01-29 07:30:00,6.435192,3.347071,30.8,79.5,1,0,7,2,1,0.05186,0,normal
LG-1001,2025-01-29 07:54:00,6.49065,3.366303,26.2,75.0,1,0,7,2,1,0.01178,0,normal
LG-1001,2025-01-29 08:35:00,6.437473,3.405355,44.4,66.3,1,8,8,2,1,0.01829,0,normal
LG-1001,2025-01-29 10:16:00,6.431587,3.428848,20.5,67.4,1,0,10,2,1,0.00863,0,normal
LG-1001,2025-01-29 10:46:00,6.457652,3.381422,26.9,74.9,1,5,10,2,1,0.01383,0,normal
LG-1001,2025-01-29 11:25:00,6.434779,3.50673,49.3,56.0,1,0,11,2,1,0.03386,0,normal
LG-1001,2025-01-29 11:51:00,6.437212,3.404995,17.6,54.7,1,2,11,2,1,0.01847,0,normal
LG-1001,2025-01-29 12:25:00,6.470546,3.402087,38.3,70.2,1,0,12,2,1,0.01708,0,normal
LG-1001,2025-01-29 13:05:00,6.441516,3.393914,43.3,77.3,1,0,13,2,1,0.01353,0,normal
LG-1001,2025-01-29 13:52:00,6.45053,3.392584,53.1,57.0,1,0,13,2,1,0.00508,0,normal
LG-1001,2025-01-29 14:13:00,6.437803,3.413336,60.1,49.9,1,0,14,2,1,0.01244,0,normal
LG-1001,2025-01-29 15:11:00,6.484518,3.333085,63.3,65.7,1,0,15,2,1,0.02882,0,normal
LG-1001,2025-01-29 18:40:00,6.453794,3.384976,61.9,44.1,1,0,18,2,1,0.0101,0,normal
LG-1001,2025-01-29 19:06:00,6.451685,3.42758,2.3,71.6,0,0,19,2,0,0.02458,0,normal
LG-1001,2025-01-29 20:00:00,6.439096,3.535772,2.6,63.9,0,0,20,2,0,0.02934,0,normal
LG-1001,2025-01-29 20:36:00,6.453725,3.396816,4.8,47.9,0,0,20,2,0,0.00222,0,normal
LG-1001,2025-01-30 00:07:00,6.434493,3.397627,0.7,93.2,0,0,0,3,0,0.02068,0,normal
LG-1001,2025-01-30 00:59:00,6.586653,3.377896,1.3,70.2,0,0,0,3,0,0.03407,0,normal
LG-1001,2025-01-30 02:38:00,6.482717,3.394741,1.9,72.6,0,2,2,3,0,0.02772,0,normal
LG-1001,2025-01-30 03:19:00,6.498955,3.373293,2.0,15.4,1,71,3,3,0,0.01529,1,fuel_theft
LG-1001,2025-01-30 04:49:00,6.434059,3.3754,0.7,77.1,0,5,4,3,0,0.02868,0,normal
LG-1001,2025-01-30 06:56:00,6.563819,3.355525,3.2,85.4,0,0,6,3,0,0.03815,0,normal
LG-1001,2025-01-30 10:39:00,6.509628,3.33727,18.6,88.6,1,0,10,3,1,0.0233,0,normal
LG-1001,2025-01-30 10:59:00,6.477059,3.413507,60.4,68.6,1,0,10,3,1,0.02879,0,normal
LG-1001,2025-01-30 12:05:00,6.436434,3.435552,17.4,67.2,1,0,12,3,1,0.01682,0,normal
LG-1001,2025-01-30 12:22:00,6.46851,3.411393,57.6,57.4,0,0,12,3,1,0.02124,0,normal
LG-1001,2025-01-30 12:41:00,6.444717,3.380239,2.9,11.4,1,74,12,3,1,0.01799,1,fuel_theft
LG-1001,2025-01-30 16:02:00,6.456818,3.369409,17.7,64.6,1,0,16,3,1,0.02566,0,normal
LG-1001,2025-01-30 16:02:00,6.477966,3.504174,22.7,41.8,1,0,16,3,1,0.02204,0,normal
LG-1001,2025-01-30 16:55:00,6.504172,3.366898,55.3,51.5,1,0,16,3,1,0.01029,0,normal
LG-1001,2025-01-30 18:49:00,6.590976,3.350852,43.1,42.5,1,0,18,3,1,0.01074,0,normal
LG-1001,2025-01-30 20:21:00,6.596151,3.353202,3.3,61.2,0,5,20,3,0,0.00787,0,normal
LG-1001,2025-01-30 20:36:00,6.601732,3.364718,3.1,60.4,0,0,20,3,0,0.01773,0,normal
LG-1001,2025-01-30 21:22:00,6.600181,3.350457,1.1,41.6,0,0,21,3,0,0.00355,0,normal
LG-1001,2025-01-30 23:45:00,6.442177,3.393646,2.4,54.2,0,5,23,3,0,0.01289,0,normal
LG-1001,2025-01-31 00:55:00,6.610922,3.333866,3.7,100.0,0,12,0,4,0,0.01646,0,normal
LG-1001,2025-01-31 00:56:00,6.480804,3.366348,0.3,95.0,0,0,0,4,0,0.02002,0,normal
LG-1001,2025-01-31 01:17:00,6.438146,3.396137,3.4,92.0,0,0,1,4,0,0.01689,0,normal
LG-1001,2025-01-31 02:24:00,6.610533,3.357267,0.5,78.9,0,0,2,4,0,0.01401,0,normal
LG-1002,2025-01-01 07:05:00,6.445257,3.423285,44.9,86.7,1,0,7,2,1,0.01741,0,normal
LG-1002,2025-01-01 09:51:00,6.42491,3.402887,40.4,85.0,1,0,9,2,1,0.01837,0,normal
LG-1002,2025-01-01 10:25:00,6.466971,3.51353,41.9,60.1,1,0,10,2,1,0.0087,0,normal
LG-1002,2025-01-01 15:00:00,6.501655,3.375443,60.6,49.9,1,2,15,2,1,0.01764,0,normal
LG-1002,2025-01-01 15:35:00,6.726759,3.573662,56.8,69.7,1,0,23,2,0,0.25921,1,private_use
LG-1002,2025-01-01 18:04:00,6.47299,3.384807,57.9,58.4,1,2,18,2,1,0.02068,0,normal
LG-1002,2025-01-01 19:20:00,6.470779,3.371526,1.2,43.6,1,186,19,2,0,0.02828,1,excessive_idle
LG-1002,2025-01-02 02:51:00,6.479999,3.492518,1.0,74.1,0,0,2,3,0,0.03308,0,normal
LG-1002,2025-01-02 03:17:00,6.595686,3.355819,0.9,71.0,0,0,3,3,0,0.0103,0,normal
LG-1002,2025-01-02 04:10:00,6.516274,3.390313,2.3,99.0,0,0,4,3,0,0.03664,0,normal
LG-1002,2025-01-02 10:25:00,6.462863,3.371315,20.4,87.3,1,0,10,3,1,0.02496,0,normal
LG-1002,2025-01-02 12:11:00,6.829324,3.626778,33.8,62.3,1,0,0,3,0,0.36112,1,private_use
LG-1002,2025-01-02 13:04:00,6.444022,3.383043,35.8,53.6,1,0,13,3,1,0.01623,0,normal
LG-1002,2025-01-02 16:04:00,6.496039,3.36634,27.0,66.1,1,12,16,3,1,0.00885,0,normal
LG-1002,2025-01-02 18:58:00,6.418507,3.412629,14.7,50.2,1,0,18,3,1,0.01266,0,normal
LG-1002,2025-01-02 21:07:00,6.479319,3.349168,0.3,33.0,0,0,21,3,0,0.02157,0,normal
LG-1002,2025-01-02 21:26:00,6.398657,2.905295,74.3,46.3,0,0,21,3,0,0.46369,1,route_deviation
LG-1002,2025-01-02 23:10:00,6.45898,3.402317,4.2,58.3,0,2,23,3,0,0.00833,0,normal
LG-1002,2025-01-02 23:47:00,6.477774,3.372053,4.7,52.1,0,8,23,3,0,0.02546,0,normal
LG-1002,2025-01-03 00:02:00,6.424904,3.416301,3.5,77.5,0,0,0,4,0,0.00563,0,normal
LG-1002,2025-01-03 00:06:00,6.467846,3.535561,3.5,80.6,0,0,0,4,0,0.01386,0,normal
LG-1002,2025-01-03 00:44:00,6.50177,3.352095,2.0,98.0,0,5,0,4,0,0.00652,0,normal
LG-1002,2025-01-03 01:46:00,6.495155,3.3529,2.4,93.0,0,0,1,4,0,0.00639,0,normal
LG-1002,2025-01-03 04:54:00,6.473388,3.357365,0.2,96.2,0,0,4,4,0,0.02562,0,normal
LG-1002,2025-01-03 06:58:00,6.417301,3.41616,4.2,86.4,0,2,6,4,0,0.01174,0,normal
LG-1002,2025-01-03 14:17:00,6.609541,3.360064,1.7,49.3,1,215,14,4,1,0.01561,1,excessive_idle
LG-1002,2025-01-03 14:19:00,6.424651,3.391671,47.2,61.0,1,0,14,4,1,0.02952,0,normal
LG-1002,2025-01-03 15:38:00,6.428283,3.390237,59.4,76.6,1,2,15,4,1,0.02714,0,normal
LG-1002,2025-01-03 16:27:00,6.441593,3.389105,29.9,72.7,1,0,16,4,1,0.01465,0,normal
LG-1002,2025-01-03 19:19:00,6.529755,3.341345,1.6,52.6,0,0,19,4,0,0.03497,0,normal
LG-1002,2025-01-03 20:54:00,6.475762,3.376161,4.2,71.0,0,0,20,4,0,0.02803,0,normal
LG-1002,2025-01-03 21:46:00,6.458175,3.406382,3.2,54.5,0,0,21,4,0,0.01182,0,normal
LG-1002,2025-01-03 22:03:00,6.465171,3.516596,0.8,73.5,0,2,22,4,0,0.00541,0,normal
LG-1002,2025-01-04 01:45:00,6.427906,3.406738,4.2,94.7,0,0,1,5,0,0.01426,0,normal
LG-1002,2025-01-04 04:56:00,6.501186,3.339703,1.0,94.1,0,0,4,5,0,0.01843,0,normal
LG-1002,2025-01-04 13:08:00,6.59344,3.350649,20.6,63.6,1,0,13,5,1,0.00839,0,normal
LG-1002,2025-01-04 13:43:00,6.487524,3.345547,42.7,48.5,1,0,13,5,1,0.01693,0,normal
LG-1002,2025-01-04 16:09:00,6.357325,3.166164,78.8,63.3,0,0,16,5,0,0.23848,1,route_deviation
LG-1002,2025-01-04 17:06:00,6.607876,3.382402,4.6,74.4,0,0,17,5,0,0.03606,0,normal
LG-1002,2025-01-04 17:08:00,6.436033,3.421862,0.3,58.5,0,0,17,5,0,0.00808,0,normal
LG-1002,2025-01-04 17:23:00,6.492892,3.383869,3.1,51.4,0,12,17,5,0,0.02658,0,normal
LG-1002,2025-01-04 17:25:00,6.487119,3.389654,4.2,52.9,0,0,17,5,0,0.03256,0,normal
LG-1002,2025-01-04 18:07:00,6.582239,3.313351,3.6,59.7,0,0,18,5,0,0.03853,0,normal
LG-1002,2025-01-04 19:08:00,6.424823,3.411093,1.2,68.6,0,0,19,5,0,0.0104,0,normal
LG-1002,2025-01-04 20:54:00,6.414311,2.97055,96.9,57.1,0,0,20,5,0,0.3966,1,route_deviation
LG-1002,2025-01-04 21:30:00,6.473453,3.529464,0.8,50.6,0,0,21,5,0,0.01128,0,normal
LG-1002,2025-01-04 22:11:00,6.457938,3.390454,0.5,31.0,0,0,22,5,0,0.00541,0,normal
LG-1002,2025-01-04 23:13:00,6.592559,3.335945,4.0,29.6,0,0,23,5,0,0.01391,0,normal
LG-1002,2025-01-05 00:06:00,6.432176,3.407807,0.0,69.5,0,0,0,6,0,0.01384,0,normal
LG-1002,2025-01-05 01:00:00,6.465047,3.513491,0.1,100.0,0,0,1,6,0,0.00851,0,normal
LG-1002,2025-01-05 01:52:00,6.411507,3.407214,2.1,100.0,0,0,1,6,0,0.0215,0,normal
LG-1002,2025-01-05 03:05:00,6.455127,3.516966,0.8,76.1,0,0,3,6,0,0.01108,0,normal
LG-1002,2025-01-05 04:40:00,6.443265,3.368548,0.0,95.7,0,0,4,6,0,0.02894,0,normal
LG-1002,2025-01-05 04:40:00,6.44248,3.411523,1.1,85.3,0,2,4,6,0,0.01731,0,normal
LG-1002,2025-01-05 06:49:00,6.436738,3.365444,1.6,83.6,0,0,6,6,0,0.03474,0,normal
LG-1002,2025-01-05 10:49:00,6.504051,3.526652,0.8,10.4,1,53,10,6,0,0.03933,1,fuel_theft
LG-1002,2025-01-05 12:27:00,6.442303,3.527197,3.0,56.5,0,0,12,6,0,0.02328,0,normal
LG-1002,2025-01-05 12:52:00,6.60324,3.345566,1.8,50.5,0,8,12,6,0,0.00266,0,normal
LG-1002,2025-01-05 14:00:00,6.46645,3.373183,1.8,57.1,0,5,14,6,0,0.02464,0,normal
LG-1002,2025-01-05 15:46:00,6.439449,3.400718,2.6,54.5,0,0,15,6,0,0.01657,0,normal
LG-1002,2025-01-05 17:56:00,6.833747,3.604798,42.9,69.5,1,0,23,6,0,0.34732,1,private_use
LG-1002,2025-01-05 18:08:00,6.435551,3.390005,0.7,44.0,0,0,18,6,0,0.02008,0,normal
LG-1002,2025-01-05 18:15:00,6.450287,3.531639,1.2,45.6,0,0,18,6,0,0.01759,0,normal
LG-1002,2025-01-05 18:25:00,6.573729,3.357305,2.4,40.4,0,8,18,6,0,0.02915,0,normal
LG-1002,2025-01-06 02:15:00,6.613308,3.324752,1.2,94.6,0,0,2,0,0,0.02543,0,normal
LG-1002,2025-01-06 05:06:00,6.430488,3.399242,2.6,61.3,0,0,5,0,0,0.0219,0,normal
LG-1002,2025-01-06 08:24:00,6.448015,3.388764,54.8,60.6,1,0,8,0,1,0.00936,0,normal
LG-1002,2025-01-06 09:48:00,6.483208,3.392536,0.9,18.0,1,31,9,0,1,0.02832,1,fuel_theft
LG-1002,2025-01-06 10:44:00,6.366464,3.148286,67.7,83.0,1,5,10,0,1,0.24808,1,route_deviation
LG-1002,2025-01-06 10:51:00,6.437894,3.40789,14.6,72.2,1,2,10,0,1,0.01642,0,normal
LG-1002,2025-01-06 11:50:00,6.440206,3.421631,13.6,63.1,1,0,11,0,1,0.01222,0,normal
LG-1002,2025-01-06 14:05:00,6.36956,3.043439,85.4,65.5,1,0,14,0,1,0.34015,1,route_deviation
LG-1002,2025-01-06 18:14:00,6.426646,3.400611,1.8,36.0,1,226,18,0,1,0.02043,1,excessive_idle
LG-1002,2025-01-06 23:45:00,6.485047,3.360741,2.3,56.9,0,0,23,0,0,0.01422,0,normal
LG-1002,2025-01-07 00:08:00,6.502156,3.335128,3.1,84.7,0,0,0,1,0,0.02309,0,normal
LG-1002,2025-01-07 02:45:00,6.61113,3.315747,2.3,78.0,0,0,2,1,0,0.03285,0,normal
LG-1002,2025-01-07 03:52:00,6.445323,3.506503,2.7,78.8,0,0,3,1,0,0.02505,0,normal
LG-1002,2025-01-07 05:08:00,6.426027,3.42257,0.2,61.8,0,0,5,1,0,0.00252,0,normal
LG-1002,2025-01-07 05:36:00,6.583248,3.339688,2.1,81.8,0,0,5,1,0,0.0192,0,normal
LG-1002,2025-01-07 08:48:00,6.575862,3.329857,31.7,80.8,0,0,8,1,1,0.03043,0,normal
LG-1002,2025-01-07 10:22:00,6.623466,3.33415,55.9,67.0,1,0,10,1,1,0.02588,0,normal
LG-1002,2025-01-07 12:35:00,6.447688,3.396272,62.2,62.3,1,0,12,1,1,0.00742,0,normal
LG-1002,2025-01-07 12:59:00,6.416672,3.395395,32.7,49.8,1,0,12,1,1,0.028,0,normal
LG-1002,2025-01-07 13:17:00,6.464119,3.424422,31.1,82.5,1,2,13,1,1,0.0308,0,normal
LG-1002,2025-01-07 15:24:00,6.457386,3.402866,32.0,67.9,1,0,15,1,1,0.00822,0,normal
LG-1002,2025-01-07 15:51:00,6.445577,3.437698,37.6,43.0,1,8,15,1,1,0.02424,0,normal
LG-1002,2025-01-07 16:20:00,6.461779,3.385984,1.1,39.2,1,123,16,1,1,0.01128,1,excessive_idle
LG-1002,2025-01-07 17:06:00,6.611979,3.372273,38.5,61.8,1,0,17,1,1,0.02756,0,normal
LG-1002,2025-01-07 17:33:00,6.430893,3.404289,44.4,72.6,1,5,17,1,1,0.01696,0,normal
LG-1002,2025-01-07 17:35:00,6.405855,3.008117,67.9,58.4,1,0,17,1,1,0.36207,1,route_deviation
LG-1002,2025-01-07 18:56:00,6.433452,3.429633,44.2,65.0,1,0,18,1,1,0.01021,0,normal
LG-1002,2025-01-07 19:13:00,6.422765,3.071671,82.9,59.1,0,2,19,1,0,0.2963,1,route_deviation
LG-1002,2025-01-07 20:53:00,6.421546,3.423122,5.0,65.9,0,0,20,1,0,0.00679,0,normal
LG-1002,2025-01-07 22:47:00,6.586624,3.352553,4.3,68.9,0,0,22,1,0,0.01541,0,normal
LG-1002,2025-01-07 22:48:00,6.49653,3.387991,0.3,36.4,0,2,22,1,0,0.03009,0,normal
LG-1002,2025-01-07 23:28:00,6.496017,3.371873,4.0,39.6,0,0,23,1,0,0.01419,0,normal
LG-1002,2025-01-08 00:24:00,6.420314,3.434875,2.8,100.0,0,0,0,2,0,0.01586,0,normal
LG-1002,2025-01-08 00:55:00,6.500583,3.362061,3.3,89.8,0,2,0,2,0,0.00436,0,normal
LG-1002,2025-01-08 05:52:00,6.607395,3.343665,4.5,82.7,0,0,5,2,0,0.00721,0,normal
LG-1002,2025-01-08 06:45:00,6.459316,3.380559,2.4,80.1,0,5,6,2,0,0.01507,0,normal
LG-1002,2025-01-08 09:44:00,6.453538,3.390421,16.0,91.4,1,0,9,2,1,0.00481,0,normal
LG-1002,2025-01-08 11:18:00,6.497545,3.336274,10.4,82.2,1,0,11,2,1,0.02177,0,normal
LG-1002,2025-01-08 13:09:00,6.480399,3.526814,60.4,79.3,1,0,13,2,1,0.01613,0,normal
LG-1002,2025-01-08 14:56:00,6.737218,3.719421,43.7,79.7,1,0,5,2,0,0.33627,1,private_use
LG-1002,2025-01-08 17:57:00,6.478934,3.356053,57.6,75.7,1,0,17,2,1,0.02016,0,normal
LG-1002,2025-01-08 18:54:00,6.451201,3.401148,29.9,50.6,1,0,18,2,1,0.00723,0,normal
LG-1002,2025-01-08 19:00:00,6.613481,3.349925,4.1,68.2,0,0,19,2,0,0.01282,0,normal
LG-1002,2025-01-08 20:41:00,6.447142,3.42884,3.8,37.8,0,0,20,2,0,0.02068,0,normal
LG-1002,2025-01-08 22:14:00,6.789922,3.617179,47.8,32.0,1,2,3,2,0,0.32968,1,private_use
LG-1002,2025-01-08 23:03:00,6.449668,3.386469,0.6,29.6,0,0,23,2,0,0.01006,0,normal
LG-1002,2025-01-08 23:06:00,6.435217,3.384048,1.9,53.1,0,0,23,2,0,0.02261,0,normal
LG-1002,2025-01-08 23:38:00,6.500973,3.339953,4.7,63.3,0,0,23,2,0,0.01815,0,normal
LG-1002,2025-01-09 00:21:00,6.455843,3.417682,4.6,90.0,0,0,0,3,0,0.0227,0,normal
LG-1002,2025-01-09 02:45:00,6.498257,3.358701,3.8,71.3,0,0,2,3,0,0.00102,0,normal
LG-1002,2025-01-09 03:52:00,6.460566,3.50038,4.4,72.6,0,0,3,3,0,0.02207,0,normal
LG-1002,2025-01-09 05:02:00,6.459395,3.533669,0.5,85.1,0,0,5,3,0,0.01295,0,normal
LG-1002,2025-01-09 05:06:00,6.447431,3.507235,0.6,61.4,0,0,5,3,0,0.02295,0,normal
LG-1002,2025-01-09 05:24:00,6.481381,3.508078,3.3,64.6,0,0,5,3,0,0.0215,0,normal
LG-1002,2025-01-09 05:30:00,6.50037,3.34267,3.5,80.2,0,0,5,3,0,0.01539,0,normal
LG-1002,2025-01-09 07:16:00,6.465458,3.520808,34.8,93.0,1,5,7,3,1,0.00128,0,normal
LG-1002,2025-01-09 07:56:00,6.465781,3.531229,32.7,80.3,1,0,7,3,1,0.00926,0,normal
LG-1002,2025-01-09 09:07:00,6.499551,3.342013,14.9,73.2,1,0,9,3,1,0.016,0,normal
LG-1002,2025-01-09 10:28:00,6.62007,3.327988,44.9,51.7,1,2,10,3,1,0.02693,0,normal
LG-1002,2025-01-09 11:18:00,6.712845,3.626516,27.5,65.8,1,0,4,3,0,0.26898,1,private_use
LG-1002,2025-01-09 15:32:00,6.506588,3.368185,48.2,81.4,1,2,15,3,1,0.0127,0,normal
LG-1002,2025-01-09 15:59:00,6.478633,3.504918,62.8,69.2,1,0,15,3,1,0.02185,0,normal
LG-1002,2025-01-09 17:50:00,6.592958,3.370066,14.5,55.8,1,0,17,3,1,0.02443,0,normal
LG-1002,2025-01-09 18:09:00,6.496507,3.394316,28.2,40.7,1,0,18,3,1,0.0364,0,normal
LG-1002,2025-01-09 18:42:00,6.496325,3.374459,54.2,78.2,1,0,18,3,1,0.01668,0,normal
LG-1002,2025-01-09 19:13:00,6.501798,3.334751,1.5,67.7,0,0,19,3,0,0.02342,0,normal
LG-1002,2025-01-09 20:59:00,6.406009,3.445514,1.7,69.5,0,5,20,3,0,0.03293,0,normal
LG-1002,2025-01-10 00:28:00,6.455538,3.42359,2.8,80.6,0,0,0,4,0,0.02766,0,normal
LG-1002,2025-01-10 04:32:00,6.462796,3.38448,0.2,70.7,0,5,4,4,0,0.01309,0,normal
LG-1002,2025-01-10 05:57:00,6.468613,3.509076,1.4,97.6,0,0,5,4,0,0.01342,0,normal
LG-1002,2025-01-10 08:13:00,6.595612,3.335633,0.7,70.7,1,132,8,4,1,0.01258,1,excessive_idle
LG-1002,2025-01-10 10:47:00,6.477687,3.40872,58.5,62.1,1,0,10,4,1,0.02651,0,normal
LG-1002,2025-01-10 12:53:00,6.596413,3.34207,40.1,70.9,1,0,12,4,1,0.00673,0,normal
LG-1002,2025-01-10 16:16:00,6.500098,3.347485,31.4,47.6,1,5,16,4,1,0.01057,0,normal
LG-1002,2025-01-10 16:24:00,6.70344,3.739559,64.4,72.5,1,0,4,4,0,0.32278,1,private_use
LG-1002,2025-01-10 16:43:00,6.458778,3.541458,38.0,71.6,1,0,16,4,1,0.02043,0,normal
LG-1002,2025-01-10 17:17:00,6.594313,3.353603,11.7,51.9,1,8,17,4,1,0.0094,0,normal
LG-1002,2025-01-10 20:51:00,6.421231,3.418518,0.4,59.0,0,0,20,4,0,0.00721,0,normal
LG-1002,2025-01-10 21:27:00,6.57315,3.366081,0.8,58.1,0,2,21,4,0,0.03376,0,normal
LG-1002,2025-01-10 23:56:00,6.505294,3.367295,0.4,13.3,1,52,23,4,0,0.01123,1,fuel_theft
LG-1002,2025-01-11 00:08:00,6.45383,3.387484,1.8,16.5,1,56,0,5,0,0.00761,1,fuel_theft
LG-1002,2025-01-11 03:11:00,6.787465,3.747474,43.3,92.7,1,0,1,5,0,0.39347,1,private_use
LG-1002,2025-01-11 04:19:00,6.6117,3.33359,0.1,92.1,0,0,4,5,0,0.01716,0,normal
LG-1002,2025-01-11 04:23:00,6.619524,3.371955,4.2,82.1,0,0,4,5,0,0.03108,0,normal
LG-1002,2025-01-11 05:05:00,6.448842,3.389403,0.7,76.2,0,0,5,5,0,0.00832,0,normal
LG-1002,2025-01-11 05:10:00,6.449542,3.523429,1.6,58.7,0,0,5,5,0,0.01552,0,normal
LG-1002,2025-01-11 05:16:00,6.475413,3.340025,2.7,75.4,0,0,5,5,0,0.02966,0,normal
LG-1002,2025-01-11 11:22:00,6.470092,3.515612,49.5,62.4,1,0,11,5,1,0.00817,0,normal
LG-1002,2025-01-11 12:18:00,6.602491,3.336372,25.9,85.5,1,0,12,5,1,0.01073,0,normal
LG-1002,2025-01-11 12:37:00,6.500708,3.363414,15.2,74.0,1,0,12,5,1,0.00568,0,normal
LG-1002,2025-01-11 12:56:00,6.595631,3.335675,32.0,79.0,1,0,12,5,1,0.01253,0,normal
LG-1002,2025-01-11 13:15:00,6.462803,3.447952,40.9,51.0,1,0,13,5,1,0.04402,0,normal
LG-1002,2025-01-11 17:12:00,6.426986,3.406196,4.3,66.2,0,0,17,5,0,0.01484,0,normal
LG-1002,2025-01-11 17:28:00,6.471332,3.509628,4.1,61.1,0,0,17,5,0,0.0139,0,normal
LG-1002,2025-01-11 18:12:00,6.448838,3.395117,1.3,48.7,0,0,18,5,0,0.00616,0,normal
LG-1002,2025-01-11 20:16:00,6.500515,3.359499,2.9,56.8,0,2,20,5,0,0.00213,0,normal
LG-1002,2025-01-11 20:21:00,6.405224,3.023794,102.0,46.5,0,0,20,5,0,0.34711,1,route_deviation
LG-1002,2025-01-11 20:54:00,6.450965,3.40296,2.7,69.0,0,0,20,5,0,0.00892,0,normal
LG-1002,2025-01-11 20:54:00,6.487084,3.362498,2.5,53.1,0,0,20,5,0,0.01274,0,normal
LG-1002,2025-01-11 22:31:00,6.466733,3.527417,2.2,62.8,0,2,22,5,0,0.00569,0,normal
LG-1002,2025-01-11 23:15:00,6.45892,3.519156,4.5,45.7,0,0,23,5,0,0.00671,0,normal
LG-1002,2025-01-12 00:56:00,6.443937,3.412114,4.4,87.5,0,8,0,6,0,0.01825,0,normal
LG-1002,2025-01-12 07:33:00,6.609219,3.338031,1.0,79.0,0,0,7,6,0,0.01217,0,normal
LG-1002,2025-01-12 09:02:00,6.423832,3.431011,0.9,77.6,0,2,9,6,0,0.01084,0,normal
LG-1002,2025-01-12 10:50:00,6.433136,3.436957,3.6,84.0,0,0,10,6,0,0.01676,0,normal
LG-1002,2025-01-12 12:15:00,6.497065,3.343319,2.9,50.6,0,0,12,6,0,0.01481,0,normal
LG-1002,2025-01-12 12:35:00,6.611812,3.347706,3.9,81.9,0,0,12,6,0,0.01084,0,normal
LG-1002,2025-01-12 12:42:00,6.575207,3.351418,4.8,61.3,0,0,12,6,0,0.02617,0,normal
LG-1002,2025-01-12 13:45:00,6.486576,3.382367,4.9,57.1,0,0,13,6,0,0.02735,0,normal
LG-1002,2025-01-12 15:58:00,6.802365,3.550889,67.0,49.4,1,0,5,6,0,0.28656,1,private_use
LG-1002,2025-01-12 18:26:00,6.533681,3.353783,0.7,14.6,1,50,18,6,0,0.03494,1,fuel_theft
LG-1002,2025-01-12 19:47:00,6.465954,3.379382,0.9,16.2,1,47,19,6,0,0.01908,1,fuel_theft
LG-1002,2025-01-12 21:22:00,6.47111,3.390373,2.2,67.4,0,0,21,6,0,0.01676,0,normal
LG-1002,2025-01-12 22:36:00,6.597579,3.367101,3.7,70.4,0,0,22,6,0,0.02039,0,normal
LG-1002,2025-01-12 22:37:00,6.48906,3.347407,0.1,32.4,0,5,22,6,0,0.01453,0,normal
LG-1002,2025-01-13 01:41:00,6.460071,3.37046,2.1,100.0,0,0,1,0,0,0.02506,0,normal
LG-1002,2025-01-13 02:05:00,6.461217,3.494216,4.7,88.5,0,0,2,0,0,0.02804,0,normal
LG-1002,2025-01-13 03:40:00,6.392481,3.415216,1.8,87.0,0,0,3,0,0,0.03599,0,normal
LG-1002,2025-01-13 03:43:00,6.611839,3.35132,3.0,89.6,0,5,3,0,0,0.01167,0,normal
LG-1002,2025-01-13 05:18:00,6.433159,3.435965,2.1,76.5,0,0,5,0,0,0.01583,0,normal
LG-1002,2025-01-13 06:07:00,6.456604,3.405019,1.4,89.2,0,0,6,0,0,0.01015,0,normal
LG-1002,2025-01-13 07:09:00,6.422175,3.45961,63.8,66.2,1,2,7,0,1,0.03905,0,normal
LG-1002,2025-01-13 08:42:00,6.517362,3.362904,38.4,92.1,1,0,8,0,1,0.01901,0,normal
LG-1002,2025-01-13 09:55:00,6.427421,3.423679,22.7,78.0,1,0,9,0,1,0.00274,0,normal
LG-1002,2025-01-13 11:16:00,6.458654,3.396455,39.5,77.8,1,0,11,0,1,0.00393,0,normal
LG-1002,2025-01-13 12:14:00,6.479685,3.372318,57.4,54.6,1,0,12,0,1,0.02404,0,normal
LG-1002,2025-01-13 12:20:00,6.473268,3.545591,41.3,76.0,1,12,12,0,1,0.025,0,normal
LG-1002,2025-01-13 12:26:00,6.457119,3.505447,39.0,83.1,1,2,12,0,1,0.01833,0,normal
LG-1002,2025-01-13 12:49:00,6.57978,3.36911,51.9,62.5,1,0,12,0,1,0.03065,0,normal
LG-1002,2025-01-13 14:37:00,6.588076,3.340037,24.7,83.7,1,0,14,0,1,0.01468,0,normal
LG-1002,2025-01-13 15:32:00,6.471028,3.527864,31.2,76.7,1,0,15,0,1,0.00841,0,normal
LG-1002,2025-01-13 15:34:00,6.473604,3.363878,31.3,45.0,1,0,15,0,1,0.02607,0,normal
LG-1002,2025-01-13 15:35:00,6.432533,3.424606,63.0,58.5,1,0,15,0,1,0.00579,0,normal
LG-1002,2025-01-13 17:04:00,6.427513,3.429137,25.7,47.8,1,5,17,0,1,0.00815,0,normal
LG-1002,2025-01-13 17:09:00,6.446926,3.380226,64.2,64.9,1,0,17,0,1,0.01684,0,normal
LG-1002,2025-01-13 20:11:00,6.494833,3.339774,0.5,51.4,0,0,20,0,0,0.0187,0,normal
LG-1002,2025-01-13 21:21:00,6.455877,3.381722,3.9,37.7,0,0,21,0,0,0.01331,0,normal
LG-1002,2025-01-13 21:42:00,6.610632,3.357326,4.7,50.4,0,12,21,0,0,0.01412,0,normal
LG-1002,2025-01-13 22:32:00,6.416646,3.416049,2.4,47.1,0,0,22,0,0,0.01239,0,normal
LG-1002,2025-01-13 23:29:00,6.50815,3.368876,4.7,51.2,0,0,23,0,0,0.01421,0,normal
LG-1002,2025-01-14 00:28:00,6.430129,3.379079,4.7,85.7,0,0,0,1,0,0.02953,0,normal
LG-1002,2025-01-14 02:08:00,6.48883,3.361631,4.7,65.9,0,5,2,1,0,0.0108,0,normal
LG-1002,2025-01-14 03:35:00,6.403589,3.05,67.5,78.3,0,2,3,1,0,0.32244,1,route_deviation
LG-1002,2025-01-14 04:55:00,6.468468,3.532197,1.6,98.6,0,0,4,1,0,0.01077,0,normal
LG-1002,2025-01-14 05:49:00,6.427098,3.428673,4.6,90.9,0,12,5,1,0,0.00773,0,normal
LG-1002,2025-01-14 10:39:00,6.453233,3.440971,63.4,85.6,1,0,10,1,1,0.03218,0,normal
LG-1002,2025-01-14 10:41:00,6.450791,3.415587,62.4,85.9,0,0,10,1,1,0.02101,0,normal
LG-1002,2025-01-14 13:28:00,6.447096,3.494877,40.5,83.1,1,0,13,1,1,0.0325,0,normal
LG-1002,2025-01-14 13:48:00,6.357237,2.93801,68.2,82.9,1,0,13,1,1,0.44327,1,route_deviation
LG-1002,2025-01-14 16:44:00,6.45793,3.413106,12.8,71.4,1,0,16,1,1,0.01834,0,normal
LG-1002,2025-01-14 18:18:00,6.473854,3.323185,13.6,68.7,1,8,18,1,1,0.04295,0,normal
LG-1002,2025-01-14 20:52:00,6.457174,3.393459,5.0,38.8,0,2,20,1,0,0.00266,0,normal
LG-1002,2025-01-14 21:33:00,6.483913,3.535202,0.6,75.9,0,0,21,1,0,0.02307,0,normal
LG-1002,2025-01-14 23:32:00,6.492829,3.348593,3.0,33.3,0,5,23,1,0,0.01125,0,normal
LG-1002,2025-01-15 00:42:00,6.461071,3.394121,2.8,81.1,0,0,0,2,0,0.00613,0,normal
LG-1002,2025-01-15 05:14:00,6.49816,3.343975,3.1,66.7,0,8,5,2,0,0.01405,0,normal
LG-1002,2025-01-15 06:42:00,6.424744,3.424629,4.9,63.7,0,0,6,2,0,0.00488,0,normal
LG-1002,2025-01-15 09:23:00,6.441868,3.402704,19.1,66.8,1,0,9,2,1,0.01523,0,normal
LG-1002,2025-01-15 10:29:00,6.505746,3.346505,60.5,67.5,1,12,10,2,1,0.01333,0,normal
LG-1002,2025-01-15 12:45:00,6.763571,3.602812,30.3,57.5,1,0,5,2,0,0.3031,1,private_use
LG-1002,2025-01-15 20:00:00,6.578658,3.389387,0.9,53.2,0,0,20,2,0,0.04792,0,normal
LG-1002,2025-01-15 20:22:00,6.441131,3.38409,2.6,68.5,0,0,20,2,0,0.01765,0,normal
LG-1002,2025-01-15 22:04:00,6.417668,3.410779,1.5,32.8,0,0,22,2,0,0.01453,0,normal
LG-1002,2025-01-15 22:07:00,6.472373,3.395252,4.8,31.7,0,5,22,2,0,0.01737,0,normal
LG-1002,2025-01-16 01:10:00,6.599995,3.342376,4.9,81.4,0,0,1,3,0,0.00473,0,normal
LG-1002,2025-01-16 02:16:00,6.467006,3.532941,2.4,69.1,0,12,2,3,0,0.01112,0,normal
LG-1002,2025-01-16 02:33:00,6.492161,3.345363,0.4,9.9,1,69,2,3,0,0.01437,1,fuel_theft
LG-1002,2025-01-16 07:26:00,6.600053,3.345246,22.3,70.1,1,0,7,3,1,0.00199,0,normal
LG-1002,2025-01-16 07:37:00,6.35233,3.095168,104.5,62.1,1,0,7,3,1,0.30099,1,route_deviation
LG-1002,2025-01-16 08:04:00,6.475159,3.509356,49.9,84.3,1,2,8,3,1,0.01622,0,normal
LG-1002,2025-01-16 08:15:00,6.413301,3.406765,18.2,77.7,1,0,8,3,1,0.02046,0,normal
LG-1002,2025-01-16 10:41:00,6.507096,3.347562,49.5,78.7,1,0,10,3,1,0.01321,0,normal
LG-1002,2025-01-16 16:01:00,6.5836,3.327528,56.7,75.1,1,5,16,3,1,0.02611,0,normal
LG-1002,2025-01-16 16:34:00,6.485242,3.527558,26.6,56.9,1,0,16,3,1,0.02099,0,normal
LG-1002,2025-01-16 17:31:00,6.425548,3.519217,14.2,61.5,1,0,17,3,1,0.03955,0,normal
LG-1002,2025-01-16 19:46:00,6.467417,3.369427,0.5,45.5,0,0,19,3,0,0.02843,0,normal
LG-1002,2025-01-16 20:56:00,6.431733,3.444554,1.6,33.4,0,0,20,3,0,0.02385,0,normal
LG-1002,2025-01-17 00:35:00,6.416782,3.396709,3.0,78.6,0,0,0,4,0,0.02676,0,normal
LG-1002,2025-01-17 02:21:00,6.451498,3.405098,4.4,83.9,0,0,2,4,0,0.01069,0,normal
LG-1002,2025-01-17 04:12:00,6.591853,3.345153,3.7,79.9,0,0,4,4,0,0.00933,0,normal
LG-1002,2025-01-17 04:20:00,6.447082,3.388504,0.9,63.9,0,0,4,4,0,0.01024,0,normal
LG-1002,2025-01-17 05:02:00,6.443086,3.380036,1.5,59.4,0,0,5,4,0,0.01913,0,normal
LG-1002,2025-01-17 05:11:00,6.463108,3.413498,2.3,9.7,1,46,5,4,0,0.0202,1,fuel_theft
LG-1002,2025-01-17 05:25:00,6.43154,3.384567,3.3,68.9,0,0,5,4,0,0.02568,0,normal
LG-1002,2025-01-17 06:26:00,6.471926,3.516353,1.3,61.0,1,94,6,4,0,0.00894,1,excessive_idle
LG-1002,2025-01-17 08:09:00,6.620642,3.35707,32.3,76.7,1,0,8,4,1,0.02207,0,normal
LG-1002,2025-01-17 08:53:00,6.482071,3.335769,19.5,85.4,1,0,8,4,1,0.02794,0,normal
LG-1002,2025-01-17 09:15:00,6.438746,3.404057,53.6,80.0,1,2,9,4,1,0.01861,0,normal
LG-1002,2025-01-17 09:29:00,6.469438,3.562266,26.4,67.2,1,0,9,4,1,0.04051,0,normal
LG-1002,2025-01-17 10:04:00,6.604144,3.348089,53.1,66.4,1,0,10,4,1,0.00333,0,normal
LG-1002,2025-01-17 10:40:00,6.48694,3.529724,48.8,56.8,0,0,10,4,1,0.02326,0,normal
LG-1002,2025-01-17 10:58:00,6.468002,3.516846,20.7,51.2,1,0,10,4,1,0.00597,0,normal
LG-1002,2025-01-17 12:47:00,6.471694,3.409765,56.7,48.7,1,5,12,4,1,0.02229,0,normal
LG-1002,2025-01-17 15:06:00,6.481058,3.327938,18.6,51.4,1,0,15,4,1,0.03501,0,normal
LG-1002,2025-01-17 18:22:00,6.460584,3.513204,47.1,66.9,1,0,18,4,1,0.00984,0,normal
LG-1002,2025-01-17 18:49:00,6.484184,3.533124,39.0,71.5,1,0,18,4,1,0.02218,0,normal
LG-1002,2025-01-17 21:06:00,6.466216,3.529718,4.9,41.2,0,12,21,4,0,0.00781,0,normal
LG-1002,2025-01-17 23:09:00,6.485458,3.521974,2.4,36.0,0,0,23,4,0,0.02046,0,normal
LG-1002,2025-01-17 23:17:00,6.471111,3.382706,4.1,39.3,0,0,23,4,0,0.02027,0,normal
LG-1002,2025-01-17 23:27:00,6.514935,3.384102,2.8,49.2,0,0,23,4,0,0.03058,0,normal
LG-1002,2025-01-17 23:51:00,6.406133,3.417519,4.2,50.1,0,0,23,4,0,0.02214,0,normal
LG-1002,2025-01-18 03:06:00,6.519073,3.361072,2.1,75.2,0,8,3,5,0,0.02031,0,normal
LG-1002,2025-01-18 03:34:00,6.448473,3.397842,0.7,89.0,0,0,3,5,0,0.00712,0,normal
LG-1002,2025-01-18 03:47:00,6.464491,3.361712,4.7,77.5,0,0,3,5,0,0.03461,0,normal
LG-1002,2025-01-18 04:26:00,6.592091,3.34704,2.4,88.6,0,0,4,5,0,0.00891,0,normal
LG-1002,2025-01-18 06:13:00,6.606484,3.366202,3.4,88.4,0,0,6,5,0,0.01997,0,normal
LG-1002,2025-01-18 06:18:00,6.524927,3.359709,2.3,71.0,0,0,6,5,0,0.02598,0,normal
LG-1002,2025-01-18 06:40:00,6.466297,3.536501,4.6,76.2,0,0,6,5,0,0.01456,0,normal
LG-1002,2025-01-18 06:53:00,6.482634,3.406827,4.7,58.4,0,0,6,5,0,0.03006,0,normal
LG-1002,2025-01-18 10:07:00,6.428733,3.378165,64.9,77.9,1,0,10,5,1,0.0312,0,normal
LG-1002,2025-01-18 10:57:00,6.421037,3.453708,48.2,58.1,1,0,10,5,1,0.03344,0,normal
LG-1002,2025-01-18 12:44:00,6.45995,3.390543,53.4,56.5,1,2,12,5,1,0.00666,0,normal
LG-1002,2025-01-18 13:28:00,6.451639,3.360917,51.8,79.0,1,0,13,5,1,0.03425,0,normal
LG-1002,2025-01-18 16:16:00,6.46459,3.517415,4.5,76.9,0,0,16,5,0,0.0046,0,normal
LG-1002,2025-01-18 16:39:00,6.469904,3.544722,4.5,67.5,0,8,16,5,0,0.02325,0,normal
LG-1002,2025-01-18 17:42:00,6.456157,3.524417,3.3,45.0,0,0,17,5,0,0.00917,0,normal
LG-1002,2025-01-18 21:43:00,6.477694,3.329081,3.3,29.8,0,0,21,5,0,0.03592,0,normal
LG-1002,2025-01-18 23:05:00,6.434154,3.419762,2.3,44.3,0,0,23,5,0,0.00628,0,normal
LG-1002,2025-01-18 23:10:00,6.476251,3.423716,0.0,41.6,0,0,23,5,0,0.03572,0,normal
LG-1002,2025-01-19 00:18:00,6.597735,3.356721,1.0,76.6,1,140,0,6,0,0.01025,1,excessive_idle
LG-1002,2025-01-19 03:50:00,6.458083,3.5313,4.4,82.2,0,5,3,6,0,0.01159,0,normal
LG-1002,2025-01-19 04:56:00,6.4542,3.36888,1.0,68.5,0,0,4,6,0,0.02613,0,normal
LG-1002,2025-01-19 05:30:00,6.4564,3.525076,4.6,94.5,0,0,5,6,0,0.00913,0,normal
LG-1002,2025-01-19 07:30:00,6.426543,3.421946,4.4,79.4,0,8,7,6,0,0.00174,0,normal
LG-1002,2025-01-19 08:02:00,6.445848,3.414151,2.2,63.8,0,0,8,6,0,0.01912,0,normal
LG-1002,2025-01-19 08:33:00,6.373878,3.147737,95.0,74.3,0,8,8,6,0,0.24468,1,route_deviation
LG-1002,2025-01-19 12:40:00,6.481527,3.515562,1.8,78.6,0,0,12,6,0,0.01774,0,normal
LG-1002,2025-01-19 12:46:00,6.843957,3.676763,73.8,74.7,1,0,1,6,0,0.40934,1,private_use
LG-1002,2025-01-19 13:33:00,6.588758,3.347541,2.5,60.2,0,0,13,6,0,0.01225,0,normal
LG-1002,2025-01-19 16:56:00,6.470675,3.395012,0.5,57.7,0,2,16,6,0,0.01567,0,normal
LG-1002,2025-01-19 17:37:00,6.614774,3.369802,0.5,61.9,0,0,17,6,0,0.02664,0,normal
LG-1002,2025-01-19 18:07:00,6.45507,3.423383,1.2,76.1,0,8,18,6,0,0.02717,0,normal
LG-1002,2025-01-19 18:55:00,6.445981,3.420619,4.6,48.4,0,0,18,6,0,0.01799,0,normal
LG-1002,2025-01-19 20:00:00,6.490683,3.364368,1.6,72.6,0,0,20,6,0,0.01047,0,normal
LG-1002,2025-01-19 21:05:00,6.495269,3.385766,4.9,53.3,0,0,21,6,0,0.02802,0,normal
LG-1002,2025-01-19 21:49:00,6.505375,3.330442,3.7,40.5,0,0,21,6,0,0.02829,0,normal
LG-1002,2025-01-19 22:29:00,6.484582,3.354417,0.9,42.6,0,0,22,6,0,0.01486,0,normal
LG-1002,2025-01-20 04:25:00,6.422022,3.424595,1.1,90.3,0,0,4,0,0,0.00698,0,normal
LG-1002,2025-01-20 04:55:00,6.507813,3.350515,3.9,80.5,0,2,4,0,0,0.01156,0,normal
LG-1002,2025-01-20 05:45:00,6.471419,3.400315,1.8,94.6,0,2,5,0,0,0.01726,0,normal
LG-1002,2025-01-20 07:20:00,6.507518,3.374893,41.9,75.3,1,8,7,0,1,0.01892,0,normal
LG-1002,2025-01-20 07:51:00,6.609058,3.343828,25.8,64.6,1,0,7,0,1,0.00866,0,normal
LG-1002,2025-01-20 09:20:00,6.488272,3.395133,21.0,52.6,1,0,9,0,1,0.03327,0,normal
LG-1002,2025-01-20 13:30:00,6.480582,3.333,15.7,61.7,1,2,13,0,1,0.03105,0,normal
LG-1002,2025-01-20 15:04:00,6.507007,3.358367,44.6,59.6,1,0,15,0,1,0.00802,0,normal
LG-1002,2025-01-20 19:03:00,6.477865,3.51105,2.9,52.4,0,12,19,0,0,0.01689,0,normal
LG-1002,2025-01-20 20:09:00,6.609194,3.358886,0.1,68.7,0,0,20,0,0,0.01444,0,normal
LG-1002,2025-01-20 23:06:00,6.448098,3.412188,3.0,62.9,0,0,23,0,0,0.01852,0,normal
LG-1002,2025-01-21 00:27:00,6.490261,3.351032,3.7,72.3,0,0,0,1,0,0.01118,0,normal
LG-1002,2025-01-21 01:54:00,6.456547,3.520184,4.2,80.1,0,0,1,1,0,0.00865,0,normal
LG-1002,2025-01-21 02:39:00,6.47156,3.384713,0.9,87.0,0,5,2,1,0,0.0195,0,normal
LG-1002,2025-01-21 04:05:00,6.421545,3.399984,0.5,81.8,0,0,4,1,0,0.02198,0,normal
LG-1002,2025-01-21 05:33:00,6.607229,3.341259,3.2,63.3,0,0,5,1,0,0.00847,0,normal
LG-1002,2025-01-21 06:04:00,6.495926,3.347138,2.3,81.1,0,2,6,1,0,0.01129,0,normal
LG-1002,2025-01-21 07:18:00,6.471208,3.519159,23.5,93.8,1,0,7,1,1,0.00683,0,normal
LG-1002,2025-01-21 07:59:00,6.497757,3.369919,23.4,84.0,1,0,7,1,1,0.01198,0,normal
LG-1002,2025-01-21 13:18:00,6.478961,3.360493,0.0,62.2,1,209,13,1,1,0.02019,1,excessive_idle
LG-1002,2025-01-21 14:10:00,6.462485,3.386891,0.5,75.9,1,162,14,1,1,0.01104,1,excessive_idle
LG-1002,2025-01-21 16:13:00,6.473954,3.512465,19.9,46.9,1,0,16,1,1,0.01308,0,normal
LG-1002,2025-01-21 19:27:00,6.48269,3.35555,0.6,59.9,0,0,19,1,0,0.01649,0,normal
LG-1002,2025-01-21 22:14:00,6.528317,3.386468,0.8,37.0,0,0,22,1,0,0.04087,0,normal
LG-1002,2025-01-21 22:40:00,6.462015,3.383569,2.3,60.0,0,5,22,1,0,0.01341,0,normal
LG-1002,2025-01-21 23:08:00,6.454418,3.537301,2.4,20.6,1,37,23,1,0,0.0186,1,fuel_theft
LG-1002,2025-01-21 23:17:00,6.453491,3.390065,1.9,63.7,0,0,23,1,0,0.00516,0,normal
LG-1002,2025-01-22 02:25:00,6.489582,3.38031,3.1,97.7,0,0,2,2,0,0.02422,0,normal
LG-1002,2025-01-22 04:19:00,6.472488,3.509766,1.1,93.1,0,0,4,2,0,0.01434,0,normal
LG-1002,2025-01-22 05:31:00,6.476618,3.504763,1.7,73.7,0,0,5,2,0,0.02079,0,normal
LG-1002,2025-01-22 05:53:00,6.416422,3.416895,0.6,77.1,0,0,5,2,0,0.01228,0,normal
LG-1002,2025-01-22 06:05:00,6.446176,3.400972,0.2,88.4,0,0,6,2,0,0.01065,0,normal
LG-1002,2025-01-22 06:53:00,6.435156,3.419918,3.6,81.3,0,5,6,2,0,0.00724,0,normal
LG-1002,2025-01-22 08:37:00,6.469145,3.477384,58.4,85.5,1,0,8,2,1,0.04481,0,normal
LG-1002,2025-01-22 09:15:00,6.513447,3.3569,31.4,56.3,1,0,9,2,1,0.01449,0,normal
LG-1002,2025-01-22 09:47:00,6.626767,3.325408,53.2,90.5,1,2,9,2,1,0.03362,0,normal
LG-1002,2025-01-22 10:08:00,6.449729,3.367717,11.4,73.1,1,0,10,2,1,0.02779,0,normal
LG-1002,2025-01-22 16:23:00,6.606721,3.346747,48.9,57.5,1,0,16,2,1,0.00573,0,normal
LG-1002,2025-01-22 16:42:00,6.367523,3.099315,87.8,81.6,1,2,16,2,1,0.29018,1,route_deviation
LG-1002,2025-01-22 18:53:00,6.42652,3.433966,47.1,58.1,1,0,18,2,1,0.01305,0,normal
LG-1002,2025-01-22 23:04:00,6.448954,3.384743,4.7,61.8,0,8,23,2,0,0.01191,0,normal
LG-1002,2025-01-22 23:19:00,6.424862,3.431655,1.0,62.9,1,186,23,2,0,0.01111,1,excessive_idle
LG-1002,2025-01-23 00:50:00,6.448176,3.41161,1.7,86.0,0,0,0,3,0,0.01796,0,normal
LG-1002,2025-01-23 02:29:00,6.450481,3.392819,3.7,82.6,0,0,2,3,0,0.00502,0,normal
LG-1002,2025-01-23 06:05:00,6.461492,3.380348,2.4,92.1,0,0,6,3,0,0.01603,0,normal
LG-1002,2025-01-23 08:54:00,6.590039,3.348238,24.3,71.5,1,0,8,3,1,0.01103,0,normal
LG-1002,2025-01-23 10:02:00,6.487474,3.366054,22.4,64.5,1,0,10,3,1,0.01406,0,normal
LG-1002,2025-01-23 10:10:00,6.499001,3.368631,55.5,74.9,1,0,10,3,1,0.01063,0,normal
LG-1002,2025-01-23 11:09:00,6.476884,3.366902,11.8,71.9,1,0,11,3,1,0.02384,0,normal
LG-1002,2025-01-23 15:36:00,6.589224,3.345641,17.7,46.2,1,0,15,3,1,0.01185,0,normal
LG-1002,2025-01-23 18:40:00,6.465449,3.396778,37.4,45.2,1,0,18,3,1,0.0106,0,normal
LG-1002,2025-01-23 21:12:00,6.438154,3.396667,1.5,49.7,0,0,21,3,0,0.01693,0,normal
LG-1002,2025-01-23 23:44:00,6.508324,3.355971,3.2,62.7,0,0,23,3,0,0.00954,0,normal
LG-1002,2025-01-24 00:42:00,6.452636,3.527508,2.4,79.9,0,0,0,4,0,0.01354,0,normal
LG-1002,2025-01-24 01:14:00,6.414534,3.431336,4.3,88.8,0,0,1,4,0,0.01698,0,normal
LG-1002,2025-01-24 03:57:00,6.428822,3.44012,3.7,90.4,0,0,3,4,0,0.01914,0,normal
LG-1002,2025-01-24 06:18:00,6.410341,3.420447,5.0,66.6,0,0,6,4,0,0.01767,0,normal
LG-1002,2025-01-24 07:17:00,6.443598,3.379217,35.7,64.1,1,2,7,4,1,0.01947,0,normal
LG-1002,2025-01-24 08:39:00,6.406166,3.414069,61.5,91.4,1,0,8,4,1,0.02291,0,normal
LG-1002,2025-01-24 10:04:00,6.49892,3.512802,23.5,75.7,1,0,10,4,1,0.03515,0,normal
LG-1002,2025-01-24 11:24:00,6.57495,3.335112,62.4,87.3,1,0,11,4,1,0.02863,0,normal
LG-1002,2025-01-24 11:29:00,6.399602,3.412275,26.3,69.9,1,0,11,4,1,0.02971,0,normal
LG-1002,2025-01-24 11:40:00,6.590617,3.311666,13.0,80.9,1,0,11,4,1,0.03683,0,normal
LG-1002,2025-01-24 12:37:00,6.512596,3.366705,45.0,83.7,1,0,12,4,1,0.01614,0,normal
LG-1002,2025-01-24 13:06:00,6.414226,3.416994,17.8,74.5,0,0,13,4,1,0.01434,0,normal
LG-1002,2025-01-24 14:19:00,6.43773,3.413049,12.9,82.5,1,0,14,4,1,0.01257,0,normal
LG-1002,2025-01-24 15:28:00,6.426948,3.39272,49.9,41.9,1,0,15,4,1,0.02814,0,normal
LG-1002,2025-01-24 16:14:00,6.849038,3.588042,34.4,52.4,1,0,5,4,0,0.34587,1,private_use
LG-1002,2025-01-24 18:42:00,6.586062,3.31967,58.7,49.6,0,5,18,4,1,0.03115,0,normal
LG-1002,2025-01-24 21:03:00,6.462018,3.538751,4.5,35.7,0,2,21,4,0,0.01701,0,normal
LG-1002,2025-01-24 21:08:00,6.450369,3.514698,3.1,46.4,0,0,21,4,0,0.01635,0,normal
LG-1002,2025-01-24 21:21:00,6.425745,3.410144,2.8,62.6,0,0,21,4,0,0.01109,0,normal
LG-1002,2025-01-25 03:34:00,6.456911,3.517619,1.2,73.2,0,0,3,5,0,0.0092,0,normal
LG-1002,2025-01-25 06:00:00,6.46962,3.399498,0.8,91.1,0,2,6,5,0,0.0153,0,normal
LG-1002,2025-01-25 07:21:00,6.47601,3.354341,0.4,90.5,0,0,7,5,0,0.02328,0,normal
LG-1002,2025-01-25 09:48:00,6.444837,3.382572,33.0,56.0,0,0,9,5,1,0.01605,0,normal
LG-1002,2025-01-25 10:53:00,6.491452,3.369656,10.4,56.7,1,8,10,5,1,0.01389,0,normal
LG-1002,2025-01-25 12:18:00,6.475242,3.503504,24.6,59.2,1,0,12,5,1,0.02114,0,normal
LG-1002,2025-01-25 13:03:00,6.438197,3.520859,60.9,50.1,1,0,13,5,1,0.02683,0,normal
LG-1002,2025-01-25 13:38:00,6.468768,3.53504,50.0,66.9,1,0,13,5,1,0.01357,0,normal
LG-1002,2025-01-25 13:39:00,6.449499,3.382972,47.4,49.8,1,0,13,5,1,0.01323,0,normal
LG-1002,2025-01-25 13:40:00,6.472622,3.355622,34.5,59.0,1,0,13,5,1,0.02649,0,normal
LG-1002,2025-01-25 14:44:00,6.513928,3.341482,12.1,67.1,0,0,14,5,1,0.02226,0,normal
LG-1002,2025-01-25 15:25:00,6.585484,3.363911,1.3,82.3,0,0,15,5,0,0.02295,0,normal
LG-1002,2025-01-25 22:55:00,6.507701,3.344617,3.1,55.4,0,2,22,5,0,0.01596,0,normal
LG-1002,2025-01-25 23:53:00,6.601317,3.358621,1.6,58.2,0,0,23,5,0,0.01163,0,normal
LG-1002,2025-01-26 02:17:00,6.71096,3.710934,41.7,98.8,1,8,2,6,0,0.31015,1,private_use
LG-1002,2025-01-26 04:30:00,6.470997,3.379337,1.4,71.5,0,0,4,6,0,0.02239,0,normal
LG-1002,2025-01-26 07:14:00,6.442001,3.416725,0.5,8.3,1,41,7,6,0,0.01464,1,fuel_theft
LG-1002,2025-01-26 10:03:00,6.515275,3.374243,1.7,57.4,0,2,10,6,0,0.02299,0,normal
LG-1002,2025-01-26 16:12:00,6.471786,3.524936,4.2,78.6,0,0,16,6,0,0.00739,0,normal
LG-1002,2025-01-26 17:53:00,6.48479,3.540249,3.6,66.9,0,0,17,6,0,0.02692,0,normal
LG-1002,2025-01-27 01:16:00,6.484581,3.51675,3.5,85.3,0,0,1,0,0,0.02027,0,normal
LG-1002,2025-01-27 01:20:00,6.611554,3.342946,4.0,89.0,0,0,1,0,0,0.01131,0,normal
LG-1002,2025-01-27 02:48:00,6.48477,3.381002,2.0,78.2,0,0,2,0,0,0.02705,0,normal
LG-1002,2025-01-27 03:43:00,6.474998,3.520077,2.1,78.4,0,0,3,0,0,0.01018,0,normal
LG-1002,2025-01-27 05:14:00,6.635961,3.315469,2.0,61.3,0,0,5,0,0,0.04708,0,normal
LG-1002,2025-01-27 05:34:00,6.557878,3.331198,3.7,87.8,0,0,5,0,0,0.04593,0,normal
LG-1002,2025-01-27 06:32:00,6.464948,3.389947,4.4,95.5,0,0,6,0,0,0.01116,0,normal
LG-1002,2025-01-27 07:12:00,6.415027,3.399409,26.1,83.7,0,0,7,0,1,0.02519,0,normal
LG-1002,2025-01-27 08:41:00,6.451923,3.401987,48.2,68.3,1,0,8,0,1,0.00763,0,normal
LG-1002,2025-01-27 09:25:00,6.469586,3.498879,59.1,60.5,1,0,9,0,1,0.02357,0,normal
LG-1002,2025-01-27 10:53:00,6.439094,3.395616,53.8,67.1,1,0,10,0,1,0.01592,0,normal
LG-1002,2025-01-27 14:11:00,6.427766,3.42043,29.6,63.1,1,0,14,0,1,0.00062,0,normal
LG-1002,2025-01-27 14:24:00,6.483032,3.424375,0.9,42.9,1,146,14,0,1,0.0406,1,excessive_idle
LG-1002,2025-01-27 15:45:00,6.377409,2.97674,79.2,63.9,1,2,15,0,1,0.40018,1,route_deviation
LG-1002,2025-01-27 18:27:00,6.47757,3.534239,15.5,70.0,0,0,18,0,1,0.01754,0,normal
LG-1002,2025-01-27 21:48:00,6.440999,3.374039,1.4,61.1,0,0,21,0,0,0.02521,0,normal
LG-1002,2025-01-27 23:18:00,6.445957,3.417581,0.5,24.3,0,0,23,0,0,0.01828,0,normal
LG-1002,2025-01-27 23:52:00,6.458723,3.41381,1.5,66.0,0,0,23,0,0,0.01918,0,normal
LG-1002,2025-01-27 23:54:00,6.426826,3.400225,3.1,49.8,0,0,23,0,0,0.02081,0,normal
LG-1002,2025-01-28 00:55:00,6.598265,3.364759,3.5,92.3,0,2,0,1,0,0.01797,0,normal
LG-1002,2025-01-28 00:56:00,6.460046,3.401373,3.5,65.3,0,2,0,1,0,0.00813,0,normal
LG-1002,2025-01-28 01:10:00,6.445694,3.373921,3.0,98.3,0,8,1,1,0,0.02304,0,normal
LG-1002,2025-01-28 03:16:00,6.505193,3.37098,2.5,100.0,0,0,3,1,0,0.01438,0,normal
LG-1002,2025-01-28 03:50:00,6.427992,3.421654,2.4,94.7,0,5,3,1,0,0.00065,0,normal
LG-1002,2025-01-28 03:50:00,6.503117,3.393939,3.6,92.2,0,0,3,1,0,0.03617,0,normal
LG-1002,2025-01-28 04:55:00,6.419273,3.427833,0.9,85.8,0,5,4,1,0,0.01108,0,normal
LG-1002,2025-01-28 06:23:00,6.472966,3.523747,4.6,95.8,0,0,6,1,0,0.00816,0,normal
LG-1002,2025-01-28 06:24:00,6.426114,3.426471,2.3,91.7,0,0,6,1,0,0.00579,0,normal
LG-1002,2025-01-28 06:28:00,6.443494,3.549574,1.4,13.4,1,40,6,1,0,0.03497,1,fuel_theft
LG-1002,2025-01-28 08:23:00,6.471166,3.395448,31.0,70.8,1,2,8,1,1,0.01617,0,normal
LG-1002,2025-01-28 09:50:00,6.602137,3.357046,20.6,77.1,1,2,9,1,1,0.01011,0,normal
LG-1002,2025-01-28 09:59:00,6.445822,3.519063,2.6,21.9,1,44,9,1,1,0.0194,1,fuel_theft
LG-1002,2025-01-28 12:38:00,6.41946,3.420399,31.8,56.6,1,2,12,1,1,0.00856,0,normal
LG-1002,2025-01-28 14:30:00,6.467554,3.345195,1.2,19.7,1,38,14,1,1,0.03395,1,fuel_theft
LG-1002,2025-01-28 15:19:00,6.502841,3.358278,30.3,57.4,1,0,15,1,1,0.00385,0,normal
LG-1002,2025-01-28 15:24:00,6.478318,3.359546,20.3,51.1,1,0,15,1,1,0.02074,0,normal
LG-1002,2025-01-28 16:07:00,6.450174,3.407178,19.0,62.7,1,0,16,1,1,0.0131,0,normal
LG-1002,2025-01-28 16:36:00,6.466951,3.519365,23.7,69.3,1,0,16,1,1,0.00328,0,normal
LG-1002,2025-01-28 18:22:00,6.448313,3.533906,39.2,47.0,1,0,18,1,1,0.0205,0,normal
LG-1002,2025-01-28 19:36:00,6.486848,3.354792,4.2,45.3,0,0,19,1,0,0.01257,0,normal
LG-1002,2025-01-28 20:38:00,6.498054,3.339268,4.3,63.2,0,12,20,1,0,0.01876,0,normal
LG-1002,2025-01-28 23:50:00,6.600958,3.327319,2.2,35.2,0,0,23,1,0,0.01968,0,normal
LG-1002,2025-01-29 00:25:00,6.425257,3.423644,1.2,97.2,0,0,0,2,0,0.00381,0,normal
LG-1002,2025-01-29 02:16:00,6.494761,3.389985,3.9,84.6,0,0,2,2,0,0.03226,0,normal
LG-1002,2025-01-29 03:36:00,6.602349,3.358443,1.8,70.4,0,0,3,2,0,0.01152,0,normal
LG-1002,2025-01-29 03:53:00,6.79914,3.724608,34.7,68.1,1,0,23,2,0,0.39077,1,private_use
LG-1002,2025-01-29 05:39:00,6.408034,3.401776,3.6,93.0,0,0,5,2,0,0.02772,0,normal
LG-1002,2025-01-29 06:12:00,6.46442,3.519212,1.6,90.7,0,0,6,2,0,0.00285,0,normal
LG-1002,2025-01-29 06:43:00,6.481138,3.377464,0.5,63.9,0,0,6,2,0,0.02642,0,normal
LG-1002,2025-01-29 07:05:00,6.456472,3.508283,0.1,69.6,1,164,7,2,1,0.01615,1,excessive_idle
LG-1002,2025-01-29 07:10:00,6.610634,3.370121,0.9,18.7,1,53,7,2,1,0.02505,1,fuel_theft
LG-1002,2025-01-29 10:19:00,6.601403,3.328101,41.5,80.1,1,0,10,2,1,0.0189,0,normal
LG-1002,2025-01-29 10:21:00,6.488989,3.515157,36.8,61.3,1,0,10,2,1,0.02495,0,normal
LG-1002,2025-01-29 11:17:00,6.440582,3.39314,53.0,84.6,1,0,11,2,1,0.01454,0,normal
LG-1002,2025-01-29 11:18:00,6.434442,3.385845,36.7,64.9,1,0,11,2,1,0.0225,0,normal
LG-1002,2025-01-29 13:17:00,6.640396,3.339239,55.7,63.5,1,0,13,2,1,0.04015,0,normal
LG-1002,2025-01-29 13:59:00,6.602803,3.332102,2.5,13.8,1,54,13,2,1,0.01501,1,fuel_theft
LG-1002,2025-01-29 14:10:00,6.495077,3.360628,62.6,81.0,1,2,14,2,1,0.00472,0,normal
LG-1002,2025-01-29 14:59:00,6.419944,3.38896,47.9,67.3,1,8,14,2,1,0.03304,0,normal
LG-1002,2025-01-29 16:14:00,6.417142,3.420737,42.7,72.0,1,8,16,2,1,0.01086,0,normal
LG-1002,2025-01-29 21:34:00,6.581914,3.351606,2.1,72.5,0,0,21,2,0,0.01963,0,normal
LG-1002,2025-01-29 22:57:00,6.437837,3.43285,0.3,62.0,0,0,22,2,0,0.0154,0,normal
LG-1002,2025-01-30 01:27:00,6.489909,3.343858,3.1,70.7,0,0,1,3,0,0.01681,0,normal
LG-1002,2025-01-30 01:32:00,6.487382,3.372298,4.6,72.2,0,0,1,3,0,0.01842,0,normal
LG-1002,2025-01-30 03:08:00,6.531591,3.362173,4.3,82.0,0,0,3,3,0,0.03286,0,normal
LG-1002,2025-01-30 05:50:00,6.605977,3.372705,0.7,73.2,0,0,5,3,0,0.02618,0,normal
LG-1002,2025-01-30 08:19:00,6.614605,3.34791,52.4,78.7,1,0,8,3,1,0.01364,0,normal
LG-1002,2025-01-30 08:28:00,6.436138,3.428406,57.5,66.0,1,0,8,3,1,0.011,0,normal
LG-1002,2025-01-30 10:11:00,6.605756,3.352491,1.5,9.3,1,71,10,3,1,0.00726,1,fuel_theft
LG-1002,2025-01-30 10:19:00,6.449026,3.517949,22.7,79.3,1,0,10,3,1,0.01648,0,normal
LG-1002,2025-01-30 11:28:00,6.505981,3.369204,20.8,76.4,1,0,11,3,1,0.0132,0,normal
LG-1002,2025-01-30 12:03:00,6.405877,3.14087,95.9,68.8,1,0,12,3,1,0.23626,1,route_deviation
LG-1002,2025-01-30 12:09:00,6.459209,3.396839,57.3,51.1,1,0,12,3,1,0.00459,0,normal
LG-1002,2025-01-30 13:00:00,6.471885,3.534906,60.3,66.8,1,0,13,3,1,0.01463,0,normal
LG-1002,2025-01-30 13:06:00,6.49106,3.516524,44.3,67.5,1,0,13,3,1,0.02663,0,normal
LG-1002,2025-01-30 13:21:00,6.47701,3.371361,27.2,79.0,1,0,13,3,1,0.02573,0,normal
LG-1002,2025-01-30 13:26:00,6.457149,3.479093,44.0,47.9,1,0,13,3,1,0.04362,0,normal
LG-1002,2025-01-30 15:38:00,6.516246,3.35734,16.5,59.1,1,0,15,3,1,0.01726,0,normal
LG-1002,2025-01-30 17:20:00,6.460606,3.543,52.5,46.7,1,0,17,3,1,0.02145,0,normal
LG-1002,2025-01-30 20:45:00,6.490491,3.509954,1.7,49.8,0,0,20,3,0,0.02819,0,normal
LG-1002,2025-01-30 23:03:00,6.598373,3.371145,4.4,27.9,0,0,23,3,0,0.02429,0,normal
LG-1002,2025-01-30 23:17:00,6.499037,3.342117,4.8,59.8,0,0,23,3,0,0.01588,0,normal
LG-1002,2025-01-30 23:25:00,6.449592,3.422721,0.8,35.2,0,2,23,3,0,0.02166,0,normal
LG-1002,2025-01-31 00:12:00,6.418128,3.414744,1.0,69.6,0,0,0,4,0,0.01169,0,normal
LG-1002,2025-01-31 02:28:00,6.411021,3.413064,3.3,88.7,0,8,2,4,0,0.01874,0,normal
LG-1002,2025-01-31 03:24:00,6.463815,3.514437,4.5,72.7,0,0,3,4,0,0.00766,0,normal
LG-1002,2025-01-31 03:34:00,6.471647,3.399079,2.9,82.8,0,0,3,4,0,0.01714,0,normal
LG-1003,2025-01-01 11:16:00,6.478025,3.531254,36.3,65.6,1,0,11,2,1,0.01598,0,normal
LG-1003,2025-01-01 14:08:00,6.444631,3.404332,37.3,69.8,1,0,14,2,1,0.01395,0,normal
LG-1003,2025-01-01 14:15:00,6.470758,3.507521,45.9,47.8,0,0,14,2,1,0.01558,0,normal
LG-1003,2025-01-01 15:41:00,6.483881,3.371124,37.0,78.2,1,0,15,2,1,0.02002,0,normal
LG-1003,2025-01-01 16:55:00,6.50543,3.353303,14.9,76.6,1,0,16,2,1,0.00796,0,normal
LG-1003,2025-01-01 19:38:00,6.604325,3.373289,4.6,51.8,0,2,19,2,0,0.0265,0,normal
LG-1003,2025-01-01 19:53:00,6.611215,3.353308,3.1,52.1,0,0,19,2,0,0.01201,0,normal
LG-1003,2025-01-01 22:24:00,6.524938,3.361759,4.0,49.1,0,0,22,2,0,0.02621,0,normal
LG-1003,2025-01-01 22:38:00,6.487398,3.345853,4.4,51.5,0,0,22,2,0,0.0168,0,normal
LG-1003,2025-01-01 22:48:00,6.469656,3.401817,2.5,64.0,0,0,22,2,0,0.01616,0,normal
LG-1003,2025-01-01 22:57:00,6.370852,3.156578,71.7,45.9,0,2,22,2,0,0.23873,1,route_deviation
LG-1003,2025-01-02 00:04:00,6.449914,3.538911,1.4,94.3,0,0,0,3,0,0.02266,0,normal
LG-1003,2025-01-02 00:22:00,6.468121,3.512526,2.7,71.2,0,0,0,3,0,0.00998,0,normal
LG-1003,2025-01-02 02:10:00,6.445939,3.496084,1.0,64.0,0,0,2,3,0,0.03217,0,normal
LG-1003,2025-01-02 03:10:00,6.439701,3.415593,3.4,92.4,0,0,3,3,0,0.01289,0,normal
LG-1003,2025-01-02 05:51:00,6.604435,3.336995,5.0,91.8,0,0,5,3,0,0.01058,0,normal
LG-1003,2025-01-02 07:45:00,6.5089,3.3764,22.7,84.3,1,0,7,3,1,0.02089,0,normal
LG-1003,2025-01-02 08:57:00,6.484753,3.426287,30.6,71.9,1,2,8,3,1,0.04318,0,normal
LG-1003,2025-01-02 09:48:00,6.426315,3.418861,60.4,64.6,1,0,9,3,1,0.00272,0,normal
LG-1003,2025-01-02 10:08:00,6.463599,3.359057,20.7,57.6,1,0,10,3,1,0.03542,0,normal
LG-1003,2025-01-02 11:00:00,6.616059,3.352564,19.8,80.7,0,0,11,3,1,0.01605,0,normal
LG-1003,2025-01-02 11:04:00,6.479484,3.497955,62.9,65.6,1,0,11,3,1,0.02807,0,normal
LG-1003,2025-01-02 11:48:00,6.482001,3.347338,58.0,68.0,1,0,11,3,1,0.02007,0,normal
LG-1003,2025-01-02 12:12:00,6.479788,3.410043,17.5,77.7,1,0,12,3,1,0.029,0,normal
LG-1003,2025-01-02 13:35:00,6.427615,3.415591,56.8,59.8,1,0,13,3,1,0.00542,0,normal
LG-1003,2025-01-02 14:47:00,6.417025,3.448155,48.6,73.5,1,0,14,3,1,0.02929,0,normal
LG-1003,2025-01-02 15:24:00,6.502668,3.372379,34.7,59.2,1,8,15,3,1,0.01484,0,normal
LG-1003,2025-01-02 15:26:00,6.613063,3.336605,36.7,48.0,1,0,15,3,1,0.01592,0,normal
LG-1003,2025-01-02 18:47:00,6.492221,3.530857,20.7,62.4,1,5,18,3,1,0.02863,0,normal
LG-1003,2025-01-02 18:50:00,6.478952,3.510371,39.8,49.2,1,0,18,3,1,0.01816,0,normal
LG-1003,2025-01-02 19:24:00,6.497924,3.354418,2.7,45.7,0,0,19,3,0,0.00374,0,normal
LG-1003,2025-01-02 19:52:00,6.460078,3.525648,3.2,78.8,0,0,19,3,0,0.00613,0,normal
LG-1003,2025-01-02 20:08:00,6.460596,3.510251,1.8,33.1,0,0,20,3,0,0.01255,0,normal
LG-1003,2025-01-02 22:07:00,6.483439,3.358191,1.4,64.1,0,8,22,3,0,0.01556,0,normal
LG-1003,2025-01-02 22:16:00,6.435009,3.401667,2.5,45.1,0,8,22,3,0,0.02056,0,normal
LG-1003,2025-01-03 03:35:00,6.356853,3.080524,109.9,94.6,0,0,3,4,0,0.31177,1,route_deviation
LG-1003,2025-01-03 04:46:00,6.580827,3.344479,3.9,92.8,0,0,4,4,0,0.02033,0,normal
LG-1003,2025-01-03 05:09:00,6.500099,3.359899,3.5,69.5,0,0,5,4,0,0.00219,0,normal
LG-1003,2025-01-03 05:50:00,6.499383,3.374884,2.9,89.1,0,0,5,4,0,0.01689,0,normal
LG-1003,2025-01-03 08:36:00,6.506619,3.361606,28.8,69.3,1,12,8,4,1,0.00843,0,normal
LG-1003,2025-01-03 10:56:00,6.498565,3.345422,37.5,79.5,1,0,10,4,1,0.01259,0,normal
LG-1003,2025-01-03 12:57:00,6.372155,3.133233,76.2,56.2,1,0,12,4,1,0.25809,1,route_deviation
LG-1003,2025-01-03 13:23:00,6.614338,3.352293,62.4,50.4,1,0,13,4,1,0.01435,0,normal
LG-1003,2025-01-03 16:10:00,6.478575,3.3613,27.8,70.6,1,0,16,4,1,0.02069,0,normal
LG-1003,2025-01-03 17:11:00,6.502725,3.326209,10.8,71.1,1,2,17,4,1,0.03201,0,normal
LG-1003,2025-01-03 17:30:00,6.490949,3.342979,21.8,62.3,1,0,17,4,1,0.01704,0,normal
LG-1003,2025-01-03 19:07:00,6.60031,3.350728,3.4,37.0,0,0,19,4,0,0.00379,0,normal
LG-1003,2025-01-03 19:10:00,6.469915,3.514974,3.3,71.7,0,2,19,4,0,0.00857,0,normal
LG-1003,2025-01-03 19:23:00,6.464476,3.377196,2.3,41.7,0,0,19,4,0,0.02017,0,normal
LG-1003,2025-01-03 20:24:00,6.49557,3.346373,1.5,62.9,0,0,20,4,0,0.01212,0,normal
LG-1003,2025-01-03 20:56:00,6.513121,3.365778,1.1,37.2,0,0,20,4,0,0.01612,0,normal
LG-1003,2025-01-03 22:47:00,6.454481,3.386271,2.4,62.3,0,0,22,4,0,0.00874,0,normal
LG-1003,2025-01-04 02:08:00,6.443059,3.396462,3.5,100.0,0,0,2,5,0,0.01203,0,normal
LG-1003,2025-01-04 02:24:00,6.492378,3.386457,4.9,82.4,0,5,2,5,0,0.02922,0,normal
LG-1003,2025-01-04 02:37:00,6.51987,3.351825,3.2,96.6,0,2,2,5,0,0.02176,0,normal
LG-1003,2025-01-04 02:37:00,6.447977,3.400462,2.8,74.8,0,0,2,5,0,0.0089,0,normal
LG-1003,2025-01-04 03:31:00,6.521441,3.390413,1.2,80.2,0,0,3,5,0,0.03942,0,normal
LG-1003,2025-01-04 05:36:00,6.438753,3.384952,3.2,63.4,0,0,5,5,0,0.0191,0,normal
LG-1003,2025-01-04 05:52:00,6.446814,3.409448,2.8,85.1,0,0,5,5,0,0.01661,0,normal
LG-1003,2025-01-04 08:24:00,6.494973,3.364275,19.0,63.9,1,0,8,5,1,0.00746,0,normal
LG-1003,2025-01-04 08:56:00,6.468445,3.39883,15.9,74.5,1,8,8,5,1,0.01398,0,normal
LG-1003,2025-01-04 09:34:00,6.460473,3.48878,50.3,77.9,0,2,9,5,1,0.03353,0,normal
LG-1003,2025-01-04 10:30:00,6.594603,3.381361,39.1,85.3,1,0,10,5,1,0.03495,0,normal
LG-1003,2025-01-04 11:32:00,6.446354,3.408208,18.9,82.6,1,0,11,5,1,0.01579,0,normal
LG-1003,2025-01-04 12:32:00,6.46177,3.345329,64.5,65.7,1,2,12,5,1,0.03933,0,normal
LG-1003,2025-01-04 13:03:00,6.478498,3.538585,55.7,45.0,1,0,13,5,1,0.02138,0,normal
LG-1003,2025-01-04 13:43:00,6.467019,3.512307,2.8,18.6,1,58,13,5,1,0.0099,1,fuel_theft
LG-1003,2025-01-04 14:53:00,6.627296,3.354111,18.1,51.9,1,5,14,5,1,0.02724,0,normal
LG-1003,2025-01-04 15:32:00,6.440285,3.434065,2.9,73.4,0,0,15,5,0,0.01793,0,normal
LG-1003,2025-01-04 16:10:00,6.46323,3.385345,2.4,57.2,0,5,16,5,0,0.01269,0,normal
LG-1003,2025-01-04 16:26:00,6.415069,3.409498,1.4,53.2,0,0,16,5,0,0.01731,0,normal
LG-1003,2025-01-04 21:01:00,6.61086,3.360443,0.8,63.6,1,107,21,5,0,0.01667,1,excessive_idle
LG-1003,2025-01-04 21:24:00,6.501555,3.333787,4.7,43.2,0,2,21,5,0,0.02435,0,normal
LG-1003,2025-01-04 21:28:00,6.603186,3.347122,1.4,54.2,0,0,21,5,0,0.00219,0,normal
LG-1003,2025-01-04 23:40:00,6.481147,3.369255,4.5,46.0,0,0,23,5,0,0.0211,0,normal
LG-1003,2025-01-05 00:23:00,6.435414,3.414802,1.5,17.2,1,35,0,6,0,0.00966,1,fuel_theft
LG-1003,2025-01-05 00:46:00,6.421169,3.409536,4.4,65.8,0,0,0,6,0,0.01334,0,normal
LG-1003,2025-01-05 01:49:00,6.492759,3.354987,4.8,70.3,0,2,1,6,0,0.00693,0,normal
LG-1003,2025-01-05 07:54:00,6.704555,3.694993,74.0,56.6,1,5,0,6,0,0.29549,1,private_use
LG-1003,2025-01-05 08:08:00,6.488044,3.361634,3.2,87.0,0,0,8,6,0,0.01154,0,normal
LG-1003,2025-01-05 10:51:00,6.59535,3.371666,0.5,75.2,0,0,10,6,0,0.0253,0,normal
LG-1003,2025-01-05 12:29:00,6.59506,3.366316,4.4,58.6,0,0,12,6,0,0.02021,0,normal
LG-1003,2025-01-05 12:55:00,6.51433,3.375927,0.6,82.7,0,0,12,6,0,0.02359,0,normal
LG-1003,2025-01-05 13:37:00,6.502969,3.351234,0.6,44.0,0,0,13,6,0,0.00784,0,normal
LG-1003,2025-01-05 15:04:00,6.405366,3.42725,4.0,59.6,0,0,15,6,0,0.02348,0,normal
LG-1003,2025-01-05 15:44:00,6.386418,3.188873,65.5,50.0,0,2,15,6,0,0.20317,1,route_deviation
LG-1003,2025-01-05 17:28:00,6.603335,3.338,1.9,56.3,0,0,17,6,0,0.0093,0,normal
LG-1003,2025-01-05 17:57:00,6.840411,3.719186,71.1,41.0,1,0,23,6,0,0.42405,1,private_use
LG-1003,2025-01-05 19:41:00,6.420165,3.41213,2.5,58.8,0,0,19,6,0,0.01183,0,normal
LG-1003,2025-01-05 20:57:00,6.497945,3.364084,4.5,40.0,0,0,20,6,0,0.00617,0,normal
LG-1003,2025-01-05 21:52:00,6.461338,3.489497,4.8,68.6,0,2,21,6,0,0.03271,0,normal
LG-1003,2025-01-05 21:54:00,6.479952,3.511885,0.6,40.1,0,0,21,6,0,0.01805,0,normal
LG-1003,2025-01-05 22:25:00,6.453437,3.385471,2.2,62.8,0,0,22,6,0,0.00966,0,normal
LG-1003,2025-01-05 23:43:00,6.402448,3.430575,2.1,50.8,0,0,23,6,0,0.02729,0,normal
LG-1003,2025-01-06 01:19:00,6.490693,3.36407,0.1,100.0,0,0,1,0,0,0.01029,0,normal
LG-1003,2025-01-06 06:44:00,6.470762,3.524116,4.0,73.2,0,0,6,0,0,0.00614,0,normal
LG-1003,2025-01-06 07:41:00,6.47492,3.508532,24.9,78.6,1,8,7,0,1,0.01673,0,normal
LG-1003,2025-01-06 07:49:00,6.398492,3.141403,72.9,62.2,1,0,7,0,1,0.23878,1,route_deviation
LG-1003,2025-01-06 09:09:00,6.42872,3.456307,2.4,9.3,1,50,9,0,1,0.03531,1,fuel_theft
LG-1003,2025-01-06 09:11:00,6.449488,3.422245,57.7,92.1,1,0,9,0,1,0.02152,0,normal
LG-1003,2025-01-06 09:32:00,6.496519,3.350926,13.5,80.5,1,12,9,0,1,0.0075,0,normal
LG-1003,2025-01-06 09:34:00,6.574751,3.367241,44.4,55.6,1,0,9,0,1,0.03315,0,normal
LG-1003,2025-01-06 12:08:00,6.444455,3.498399,10.5,74.6,1,0,12,0,1,0.03129,0,normal
LG-1003,2025-01-06 14:12:00,6.460112,3.397449,56.4,77.6,1,0,14,0,1,0.00567,0,normal
LG-1003,2025-01-06 15:20:00,6.58309,3.368041,22.5,64.4,1,0,15,0,1,0.02763,0,normal
LG-1003,2025-01-06 23:37:00,6.508934,3.355276,4.6,37.2,0,8,23,0,0,0.0103,0,normal
LG-1003,2025-01-07 00:18:00,6.465678,3.541445,2.2,20.0,1,66,0,1,0,0.01946,1,fuel_theft
LG-1003,2025-01-07 00:52:00,6.49499,3.348303,2.9,100.0,0,0,0,1,0,0.01049,0,normal
LG-1003,2025-01-07 02:56:00,6.443565,3.386439,3.1,67.2,0,2,2,1,0,0.01428,0,normal
LG-1003,2025-01-07 03:41:00,6.619486,3.374451,3.1,70.5,0,0,3,1,0,0.0331,0,normal
LG-1003,2025-01-07 04:22:00,6.449315,3.541219,3.2,80.6,0,0,4,1,0,0.02481,0,normal
LG-1003,2025-01-07 04:28:00,6.440988,3.534867,4.5,94.8,0,0,4,1,0,0.02724,0,normal
LG-1003,2025-01-07 05:05:00,6.4719,3.413944,1.1,62.7,0,0,5,1,0,0.02539,0,normal
LG-1003,2025-01-07 06:12:00,6.468929,3.414478,0.9,69.1,0,0,6,1,0,0.02395,0,normal
LG-1003,2025-01-07 06:30:00,6.472787,3.424333,1.0,60.1,0,0,6,1,0,0.0343,0,normal
LG-1003,2025-01-07 06:43:00,6.597308,3.369227,2.2,65.3,0,2,6,1,0,0.02253,0,normal
LG-1003,2025-01-07 07:16:00,6.469823,3.525087,23.1,66.6,1,0,7,1,1,0.00573,0,normal
LG-1003,2025-01-07 07:29:00,6.400261,3.41791,50.8,82.0,1,0,7,1,1,0.02791,0,normal
LG-1003,2025-01-07 08:30:00,6.482829,3.34556,47.5,85.4,1,0,8,1,1,0.0204,0,normal
LG-1003,2025-01-07 12:48:00,6.414032,3.43047,50.9,83.4,1,0,12,1,1,0.01688,0,normal
LG-1003,2025-01-07 14:42:00,6.501542,3.363718,26.4,69.5,1,0,14,1,1,0.00626,0,normal
LG-1003,2025-01-07 15:53:00,6.490388,3.360577,47.8,42.6,0,5,15,1,1,0.00899,0,normal
LG-1003,2025-01-07 15:57:00,6.426869,3.428304,45.0,48.7,1,0,15,1,1,0.00739,0,normal
LG-1003,2025-01-07 16:07:00,6.477228,3.515348,25.5,43.8,1,0,16,1,1,0.01392,0,normal
LG-1003,2025-01-07 19:40:00,6.458412,3.393125,0.3,59.2,0,0,19,1,0,0.00389,0,normal
LG-1003,2025-01-07 20:37:00,6.412797,3.399866,4.4,67.0,0,2,20,1,0,0.02603,0,normal
LG-1003,2025-01-07 21:27:00,6.490766,3.347039,3.2,57.7,0,5,21,1,0,0.01371,0,normal
LG-1003,2025-01-07 22:22:00,6.599474,3.338291,2.9,68.7,0,0,22,1,0,0.00884,0,normal
LG-1003,2025-01-07 23:48:00,6.46709,3.413631,4.9,65.7,0,12,23,1,0,0.02221,0,normal
LG-1003,2025-01-08 03:26:00,6.494535,3.344731,4.6,88.2,0,2,3,2,0,0.014,0,normal
LG-1003,2025-01-08 05:05:00,6.42627,3.435245,1.8,65.8,0,2,5,2,0,0.01435,0,normal
LG-1003,2025-01-08 06:58:00,6.59614,3.357406,3.4,81.5,0,0,6,2,0,0.01148,0,normal
LG-1003,2025-01-08 10:48:00,6.537393,3.346618,53.3,77.7,1,0,10,2,1,0.04004,0,normal
LG-1003,2025-01-08 12:27:00,6.489566,3.49334,16.0,78.5,1,0,12,2,1,0.03775,0,normal
LG-1003,2025-01-08 13:37:00,6.447556,3.404642,50.3,52.0,1,0,13,2,1,0.01218,0,normal
LG-1003,2025-01-08 18:08:00,6.631079,3.338932,46.6,51.9,1,5,18,2,1,0.03114,0,normal
LG-1003,2025-01-08 18:12:00,6.438354,3.405098,1.3,20.5,1,75,18,2,1,0.01898,1,fuel_theft
LG-1003,2025-01-08 18:20:00,6.490241,3.374124,31.7,46.2,1,2,18,2,1,0.01835,0,normal
LG-1003,2025-01-08 18:57:00,6.429432,3.421022,50.5,60.1,0,0,18,2,1,0.00143,0,normal
LG-1003,2025-01-08 22:12:00,6.509763,3.371103,5.0,35.4,0,8,22,2,0,0.01696,0,normal
LG-1003,2025-01-09 00:51:00,6.749039,3.565256,53.4,93.1,1,0,0,3,0,0.26373,1,private_use
LG-1003,2025-01-09 01:32:00,6.606924,3.344588,1.6,93.4,0,0,1,3,0,0.0064,0,normal
LG-1003,2025-01-09 03:56:00,6.48589,3.529746,0.3,98.8,0,0,3,3,0,0.02228,0,normal
LG-1003,2025-01-09 06:18:00,6.496859,3.352418,0.5,94.4,0,0,6,3,0,0.00598,0,normal
LG-1003,2025-01-09 07:42:00,6.457879,3.422869,39.5,67.5,1,0,7,3,1,0.02802,0,normal
LG-1003,2025-01-09 08:25:00,6.443318,3.384834,33.3,85.8,1,0,8,3,1,0.01549,0,normal
LG-1003,2025-01-09 10:51:00,6.593183,3.370626,46.3,63.8,1,5,10,3,1,0.02489,0,normal
LG-1003,2025-01-09 11:48:00,6.419452,3.410502,43.9,77.0,1,0,11,3,1,0.01354,0,normal
LG-1003,2025-01-09 13:04:00,6.50443,3.37242,60.0,47.0,1,0,13,3,1,0.01541,0,normal
LG-1003,2025-01-09 13:27:00,6.442205,3.38129,24.5,78.5,1,0,13,3,1,0.01875,0,normal
LG-1003,2025-01-09 15:47:00,6.473541,3.385661,31.5,74.2,1,0,15,3,1,0.02076,0,normal
LG-1003,2025-01-09 17:27:00,6.444711,3.414898,59.0,61.8,1,0,17,3,1,0.01779,0,normal
LG-1003,2025-01-09 19:18:00,6.438355,3.392514,0.6,60.8,0,2,19,3,0,0.01683,0,normal
LG-1003,2025-01-09 19:35:00,6.473905,3.544774,0.4,69.3,0,0,19,3,0,0.02445,0,normal
LG-1003,2025-01-09 20:32:00,6.454978,3.400753,2.0,41.3,0,0,20,3,0,0.00575,0,normal
LG-1003,2025-01-09 21:04:00,6.469892,3.381085,4.4,34.3,0,0,21,3,0,0.02038,0,normal
LG-1003,2025-01-09 21:28:00,6.495,3.378899,1.9,40.8,0,0,21,3,0,0.02128,0,normal
LG-1003,2025-01-09 21:37:00,6.451699,3.510648,1.7,43.4,0,0,21,3,0,0.01749,0,normal
LG-1003,2025-01-09 22:34:00,6.438764,3.540102,4.1,31.9,0,0,22,3,0,0.03187,0,normal
LG-1003,2025-01-10 01:25:00,6.587393,3.340802,4.7,77.7,0,0,1,4,0,0.01495,0,normal
LG-1003,2025-01-10 03:48:00,6.415282,3.391663,0.6,76.0,1,154,3,4,0,0.03198,1,excessive_idle
LG-1003,2025-01-10 04:38:00,6.612465,3.350667,1.5,93.1,0,0,4,4,0,0.01204,0,normal
LG-1003,2025-01-10 06:16:00,6.423418,3.419537,3.2,82.7,0,0,6,4,0,0.00481,0,normal
LG-1003,2025-01-10 08:01:00,6.458784,3.521129,49.1,69.4,1,0,8,4,1,0.00628,0,normal
LG-1003,2025-01-10 08:40:00,6.422965,3.432867,1.7,14.7,1,66,8,4,1,0.01289,1,fuel_theft
LG-1003,2025-01-10 10:14:00,6.605234,3.298626,61.1,68.8,1,0,10,4,1,0.04856,0,normal
LG-1003,2025-01-10 11:53:00,6.510706,3.349565,26.4,85.0,1,0,11,4,1,0.01443,0,normal
LG-1003,2025-01-10 12:00:00,6.458838,3.385131,61.3,79.5,1,0,12,4,1,0.01059,0,normal
LG-1003,2025-01-10 17:05:00,6.505258,3.359203,10.8,70.3,1,0,17,4,1,0.00637,0,normal
LG-1003,2025-01-10 17:26:00,6.486715,3.366059,50.2,49.3,1,8,17,4,1,0.01469,0,normal
LG-1003,2025-01-10 20:33:00,6.437426,3.393643,4.3,51.8,0,0,20,4,0,0.01763,0,normal
LG-1003,2025-01-10 23:01:00,6.606619,3.35131,2.9,46.1,0,0,23,4,0,0.00708,0,normal
LG-1003,2025-01-10 23:38:00,6.369236,2.935007,66.0,52.7,0,0,23,4,0,0.44245,1,route_deviation
LG-1003,2025-01-11 01:39:00,6.500003,3.366449,1.2,85.4,0,2,1,5,0,0.00851,0,normal
LG-1003,2025-01-11 02:59:00,6.502221,3.362028,1.7,82.0,0,0,2,5,0,0.00516,0,normal
LG-1003,2025-01-11 04:47:00,6.490711,3.326059,2.5,82.1,0,2,4,5,0,0.033,0,normal
LG-1003,2025-01-11 06:32:00,6.467071,3.510598,2.2,20.7,1,77,6,5,0,0.01159,1,fuel_theft
LG-1003,2025-01-11 07:34:00,6.424415,3.420975,0.8,91.2,0,0,7,5,0,0.00358,0,normal
LG-1003,2025-01-11 07:37:00,6.461356,3.506439,0.6,72.2,0,0,7,5,0,0.01598,0,normal
LG-1003,2025-01-11 10:43:00,6.465342,3.403167,43.5,66.3,1,0,10,5,1,0.01318,0,normal
LG-1003,2025-01-11 11:29:00,6.487231,3.513831,63.1,73.5,1,0,11,5,1,0.02368,0,normal
LG-1003,2025-01-11 13:29:00,6.512287,3.374322,32.2,81.3,1,0,13,5,1,0.02105,0,normal
LG-1003,2025-01-11 14:36:00,6.587517,3.343844,0.2,64.5,1,109,14,5,1,0.01385,1,excessive_idle
LG-1003,2025-01-11 16:35:00,6.525686,3.356364,2.8,41.8,0,2,16,5,0,0.02674,0,normal
LG-1003,2025-01-11 17:06:00,6.424046,3.441341,4.9,78.3,0,0,17,5,0,0.02072,0,normal
LG-1003,2025-01-11 19:04:00,6.488982,3.366638,2.6,54.3,0,2,19,5,0,0.01323,0,normal
LG-1003,2025-01-11 20:22:00,6.47681,3.405698,4.5,48.5,0,0,20,5,0,0.02429,0,normal
LG-1003,2025-01-12 00:02:00,6.589253,3.350084,3.1,75.1,0,8,0,6,0,0.01214,0,normal
LG-1003,2025-01-12 02:04:00,6.471885,3.520262,0.8,88.4,0,0,2,6,0,0.0071,0,normal
LG-1003,2025-01-12 03:59:00,6.485551,3.387096,2.2,84.5,0,0,3,6,0,0.03156,0,normal
LG-1003,2025-01-12 04:28:00,6.512366,3.538987,2.7,67.5,0,0,4,6,0,0.05032,0,normal
LG-1003,2025-01-12 09:46:00,6.435512,3.386914,3.3,51.8,0,0,9,6,0,0.0211,0,normal
LG-1003,2025-01-12 12:40:00,6.605916,3.365093,4.4,67.2,0,0,12,6,0,0.01875,0,normal
LG-1003,2025-01-12 13:27:00,6.44697,3.401137,4.9,66.2,0,2,13,6,0,0.01011,0,normal
LG-1003,2025-01-12 14:03:00,6.433585,3.369939,4.3,47.5,0,0,14,6,0,0.03296,0,normal
LG-1003,2025-01-12 16:15:00,6.627126,3.344523,2.4,79.2,0,0,16,6,0,0.02624,0,normal
LG-1003,2025-01-12 20:25:00,6.403672,2.967379,108.2,44.2,0,0,20,6,0,0.40208,1,route_deviation
LG-1003,2025-01-12 21:39:00,6.617574,3.335839,0.7,69.6,0,0,21,6,0,0.01998,0,normal
LG-1003,2025-01-12 22:49:00,6.58685,3.325864,1.8,64.6,0,0,22,6,0,0.02543,0,normal
LG-1003,2025-01-12 23:12:00,6.436147,3.413689,1.8,31.0,0,0,23,6,0,0.01095,0,normal
LG-1003,2025-01-13 01:07:00,6.61474,3.356468,4.9,87.3,0,0,1,0,0,0.01669,0,normal
LG-1003,2025-01-13 02:30:00,6.404866,3.158934,60.1,94.0,0,0,2,0,0,0.2202,1,route_deviation
LG-1003,2025-01-13 02:57:00,6.453962,3.379403,0.8,95.2,0,0,2,0,0,0.01563,0,normal
LG-1003,2025-01-13 04:36:00,6.598918,3.329104,2.0,82.6,0,0,4,0,0,0.01802,0,normal
LG-1003,2025-01-13 05:32:00,6.469741,3.391775,3.4,75.6,0,0,5,0,0,0.01509,0,normal
LG-1003,2025-01-13 09:14:00,6.582301,3.320001,52.4,67.6,1,0,9,0,1,0.03284,0,normal
LG-1003,2025-01-13 15:36:00,6.460782,3.545275,56.5,73.4,1,5,15,0,1,0.02365,0,normal
LG-1003,2025-01-13 20:10:00,6.607784,3.343476,4.5,48.8,0,5,20,0,0,0.00765,0,normal
LG-1003,2025-01-13 20:32:00,6.471186,3.516378,1.4,60.7,0,0,20,0,0,0.00836,0,normal
LG-1003,2025-01-13 21:35:00,6.609713,3.359037,3.5,54.8,0,0,21,0,0,0.01486,0,normal
LG-1003,2025-01-13 21:55:00,6.607104,3.362736,4.0,40.3,0,2,21,0,0,0.01688,0,normal
LG-1003,2025-01-13 22:59:00,6.448985,3.409439,1.4,38.0,0,0,22,0,0,0.01564,0,normal
LG-1003,2025-01-13 23:02:00,6.503685,3.358386,3.9,57.3,0,0,23,0,0,0.0047,0,normal
LG-1003,2025-01-14 00:28:00,6.822497,3.551772,68.4,79.1,1,0,3,1,0,0.30165,1,private_use
LG-1003,2025-01-14 00:31:00,6.747727,3.566397,65.1,65.1,1,0,22,1,0,0.26394,1,private_use
LG-1003,2025-01-14 01:23:00,6.442179,3.399196,3.9,97.0,0,8,1,1,0,0.01349,0,normal
LG-1003,2025-01-14 01:50:00,6.47021,3.525302,4.1,82.3,0,2,1,1,0,0.00617,0,normal
LG-1003,2025-01-14 03:51:00,6.479792,3.364032,3.6,68.6,0,0,3,1,0,0.02013,0,normal
LG-1003,2025-01-14 04:39:00,6.747844,3.653393,62.4,90.8,1,0,2,1,0,0.31187,1,private_use
LG-1003,2025-01-14 05:00:00,6.59606,3.337732,4.2,77.6,0,5,5,1,0,0.0105,0,normal
LG-1003,2025-01-14 05:12:00,6.484835,3.367024,4.2,62.2,0,0,5,1,0,0.01679,0,normal
LG-1003,2025-01-14 06:29:00,6.483609,3.360547,5.0,69.9,0,2,6,1,0,0.0156,0,normal
LG-1003,2025-01-14 08:23:00,6.466677,3.528283,48.1,64.9,1,2,8,1,1,0.0065,0,normal
LG-1003,2025-01-14 09:39:00,6.430729,3.404771,64.9,82.7,1,0,9,1,1,0.01646,0,normal
LG-1003,2025-01-14 09:59:00,6.625018,3.354465,17.2,81.1,1,0,9,1,1,0.02515,0,normal
LG-1003,2025-01-14 12:19:00,6.731974,3.709684,65.4,48.7,1,0,22,1,0,0.32634,1,private_use
LG-1003,2025-01-14 13:47:00,6.61154,3.345944,60.6,54.0,1,5,13,1,1,0.01059,0,normal
LG-1003,2025-01-15 02:20:00,6.445784,3.3901,0.5,88.7,0,0,2,2,0,0.01044,0,normal
LG-1003,2025-01-15 03:26:00,6.456404,3.417184,4.6,68.0,0,0,3,2,0,0.02223,0,normal
LG-1003,2025-01-15 03:40:00,6.472105,3.405819,4.7,86.4,0,0,3,2,0,0.02024,0,normal
LG-1003,2025-01-15 05:21:00,6.592152,3.363888,4.9,88.8,0,0,5,2,0,0.01907,0,normal
LG-1003,2025-01-15 08:48:00,6.462953,3.521639,24.9,77.9,1,0,8,2,1,0.00208,0,normal
LG-1003,2025-01-15 13:54:00,6.412286,3.122764,60.5,49.8,1,0,13,2,1,0.25071,1,route_deviation
LG-1003,2025-01-15 14:30:00,6.443523,3.398207,20.3,60.5,1,0,14,2,1,0.01192,0,normal
LG-1003,2025-01-15 14:54:00,6.434536,3.420935,22.6,63.7,1,0,14,2,1,0.00654,0,normal
LG-1003,2025-01-15 15:41:00,6.715915,3.719366,64.1,67.8,1,5,2,2,0,0.31924,1,private_use
LG-1003,2025-01-15 15:48:00,6.476589,3.52781,48.8,75.0,1,0,15,2,1,0.01296,0,normal
LG-1003,2025-01-15 16:04:00,6.495775,3.3719,63.3,65.5,1,0,16,2,1,0.01427,0,normal
LG-1003,2025-01-15 16:44:00,6.603296,3.362723,38.1,67.8,1,0,16,2,1,0.01589,0,normal
LG-1003,2025-01-15 16:47:00,6.611608,3.349752,16.3,77.3,1,5,16,2,1,0.01096,0,normal
LG-1003,2025-01-15 17:30:00,6.606067,3.34615,57.0,56.2,1,0,17,2,1,0.00514,0,normal
LG-1003,2025-01-15 19:12:00,6.469971,3.505638,1.6,38.1,0,0,19,2,0,0.0171,0,normal
LG-1003,2025-01-15 20:14:00,6.601657,3.341489,2.3,64.1,0,2,20,2,0,0.00555,0,normal
LG-1003,2025-01-15 21:34:00,6.503284,3.35508,1.7,34.4,0,0,21,2,0,0.00518,0,normal
LG-1003,2025-01-15 23:44:00,6.464162,3.413894,4.7,66.0,0,0,23,2,0,0.021,0,normal
LG-1003,2025-01-15 23:54:00,6.505897,3.365833,4.6,31.5,0,0,23,2,0,0.01044,0,normal
LG-1003,2025-01-16 00:51:00,6.447162,3.419183,1.6,76.0,0,0,0,3,0,0.01925,0,normal
LG-1003,2025-01-16 01:42:00,6.60649,3.377313,0.1,93.5,0,2,1,3,0,0.03081,0,normal
LG-1003,2025-01-16 02:05:00,6.48691,3.348386,0.8,96.9,0,0,2,3,0,0.01545,0,normal
LG-1003,2025-01-16 03:56:00,6.619946,3.338475,2.7,71.8,0,2,3,3,0,0.02078,0,normal
LG-1003,2025-01-16 05:00:00,6.619431,3.338746,4.8,82.0,0,0,5,3,0,0.02019,0,normal
LG-1003,2025-01-16 05:05:00,6.427358,3.41079,3.1,81.8,0,0,5,3,0,0.01023,0,normal
LG-1003,2025-01-16 05:20:00,6.452902,3.513964,2.2,94.3,0,0,5,3,0,0.01452,0,normal
LG-1003,2025-01-16 07:41:00,6.597411,3.325649,47.6,56.1,1,0,7,3,1,0.02165,0,normal
LG-1003,2025-01-16 09:10:00,6.494889,3.336539,51.2,91.7,1,0,9,3,1,0.02185,0,normal
LG-1003,2025-01-16 09:21:00,6.708936,3.563341,45.1,81.6,1,0,23,3,0,0.24177,1,private_use
LG-1003,2025-01-16 10:04:00,6.45066,3.398101,51.2,63.8,1,0,10,3,1,0.00533,0,normal
LG-1003,2025-01-16 11:19:00,6.451721,3.408533,34.5,87.2,1,8,11,3,1,0.01392,0,normal
LG-1003,2025-01-16 11:40:00,6.510369,3.365188,25.3,75.9,1,0,11,3,1,0.01345,0,normal
LG-1003,2025-01-16 15:42:00,6.478662,3.509905,10.5,65.5,1,0,15,3,1,0.01825,0,normal
LG-1003,2025-01-16 19:04:00,6.491729,3.510064,4.1,74.7,0,0,19,3,0,0.02927,0,normal
LG-1003,2025-01-16 19:08:00,6.439401,3.409511,4.8,50.2,0,0,19,3,0,0.01619,0,normal
LG-1003,2025-01-16 21:38:00,6.435157,3.438792,4.6,37.2,0,0,21,3,0,0.01918,0,normal
LG-1003,2025-01-17 00:25:00,6.457566,3.5442,2.0,74.9,0,0,0,4,0,0.02341,0,normal
LG-1003,2025-01-17 01:40:00,6.438595,3.406542,1.2,86.8,0,0,1,4,0,0.01792,0,normal
LG-1003,2025-01-17 06:45:00,6.499531,3.521634,3.4,73.3,0,12,6,4,0,0.03453,0,normal
LG-1003,2025-01-17 09:18:00,6.442445,3.42518,16.2,69.6,1,0,9,4,1,0.01504,0,normal
LG-1003,2025-01-17 11:04:00,6.486822,3.393808,42.3,61.9,1,0,11,4,1,0.03184,0,normal
LG-1003,2025-01-17 11:28:00,6.471528,3.520957,11.1,87.5,1,5,11,4,1,0.00661,0,normal
LG-1003,2025-01-17 11:37:00,6.422994,3.41318,30.1,74.9,1,0,11,4,1,0.00929,0,normal
LG-1003,2025-01-17 17:56:00,6.634178,3.335544,21.8,60.6,1,0,17,4,1,0.0351,0,normal
LG-1003,2025-01-17 21:52:00,6.450081,3.392618,1.8,12.7,1,40,21,4,0,0.00547,1,fuel_theft
LG-1003,2025-01-17 23:12:00,6.56403,3.356223,4.6,48.8,0,8,23,4,0,0.0381,0,normal
LG-1003,2025-01-18 00:12:00,6.458487,3.391304,2.0,79.6,0,0,0,5,0,0.00508,0,normal
LG-1003,2025-01-18 01:51:00,6.741987,3.61535,22.6,87.0,1,0,5,5,0,0.29229,1,private_use
LG-1003,2025-01-18 05:45:00,6.483055,3.369344,5.0,67.6,0,8,5,5,0,0.01957,0,normal
LG-1003,2025-01-18 08:06:00,6.461817,3.407687,40.9,85.9,1,12,8,5,1,0.0144,0,normal
LG-1003,2025-01-18 12:04:00,6.411278,3.414644,29.2,87.0,1,0,12,5,1,0.01789,0,normal
LG-1003,2025-01-18 12:58:00,6.447432,3.520483,63.5,51.8,1,2,12,5,1,0.01763,0,normal
LG-1003,2025-01-18 13:59:00,6.463823,3.413271,0.1,56.7,1,178,13,5,1,0.02029,1,excessive_idle
LG-1003,2025-01-18 15:47:00,6.506304,3.358093,2.8,67.6,0,0,15,5,0,0.0073,0,normal
LG-1003,2025-01-18 17:44:00,6.58475,3.353124,2.3,48.8,0,2,17,5,0,0.01737,0,normal
LG-1003,2025-01-18 18:53:00,6.434401,3.399395,4.2,61.6,0,0,18,5,0,0.02106,0,normal
LG-1003,2025-01-18 20:03:00,6.394159,3.411475,2.8,64.7,0,0,20,5,0,0.03516,0,normal
LG-1003,2025-01-18 20:18:00,6.455464,3.408472,0.8,62.9,0,8,20,5,0,0.01348,0,normal
LG-1003,2025-01-18 20:44:00,6.417614,3.446397,4.3,51.1,0,0,20,5,0,0.02744,0,normal
LG-1003,2025-01-18 23:01:00,6.451485,3.380136,2.6,57.9,0,0,23,5,0,0.01527,0,normal
LG-1003,2025-01-19 02:36:00,6.417139,3.428054,0.2,85.2,0,0,2,6,0,0.01295,0,normal
LG-1003,2025-01-19 06:45:00,6.478113,3.39705,3.8,84.9,0,0,6,6,0,0.0232,0,normal
LG-1003,2025-01-19 11:27:00,6.472837,3.523014,1.2,74.6,0,0,11,6,0,0.0079,0,normal
LG-1003,2025-01-19 13:15:00,6.461761,3.531866,1.9,51.1,0,0,13,6,0,0.01038,0,normal
LG-1003,2025-01-19 14:17:00,6.460043,3.543404,0.3,69.6,0,0,14,6,0,0.02197,0,normal
LG-1003,2025-01-19 15:02:00,6.483293,3.379507,1.5,48.0,0,8,15,6,0,0.02663,0,normal
LG-1003,2025-01-19 15:24:00,6.442667,3.394058,3.0,55.1,0,5,15,6,0,0.01237,0,normal
LG-1003,2025-01-19 16:57:00,6.450525,3.52468,1.8,72.7,0,2,16,6,0,0.01472,0,normal
LG-1003,2025-01-19 17:38:00,6.498853,3.361469,1.6,49.6,0,0,17,6,0,0.00347,0,normal
LG-1003,2025-01-19 18:38:00,6.43249,3.404062,4.6,43.0,0,0,18,6,0,0.01752,0,normal
LG-1003,2025-01-19 19:12:00,6.435317,3.373112,4.9,60.9,0,0,19,6,0,0.02944,0,normal
LG-1003,2025-01-19 20:10:00,6.443812,3.398217,4.6,40.5,0,0,20,6,0,0.01164,0,normal
LG-1003,2025-01-19 21:19:00,6.430917,3.417187,0.9,55.7,0,0,21,6,0,0.0048,0,normal
LG-1003,2025-01-19 21:23:00,6.414241,3.420554,2.1,64.0,0,0,21,6,0,0.01377,0,normal
LG-1003,2025-01-19 22:04:00,6.460709,3.541001,4.4,49.3,0,2,22,6,0,0.01948,0,normal
LG-1003,2025-01-19 23:18:00,6.644249,3.309437,1.9,51.4,0,0,23,6,0,0.05728,0,normal
LG-1003,2025-01-19 23:55:00,6.775143,3.706936,27.9,32.0,1,0,3,6,0,0.3611,1,private_use
LG-1003,2025-01-20 00:14:00,6.462373,3.528817,1.0,77.4,0,0,0,0,0,0.00731,0,normal
LG-1003,2025-01-20 00:54:00,6.46603,3.50114,0.6,100.0,0,0,0,0,0,0.02089,0,normal
LG-1003,2025-01-20 05:04:00,6.429648,3.505369,0.1,79.6,0,0,5,0,0,0.03907,0,normal
LG-1003,2025-01-20 05:07:00,6.459423,3.395001,1.3,86.1,0,0,5,0,0,0.00442,0,normal
LG-1003,2025-01-20 06:05:00,6.478458,3.373066,1.2,62.2,0,0,6,0,0,0.02547,0,normal
LG-1003,2025-01-20 08:35:00,6.459075,3.421282,37.9,60.8,1,0,8,0,1,0.0266,0,normal
LG-1003,2025-01-20 09:54:00,6.439414,3.403131,48.9,56.5,1,0,9,0,1,0.01758,0,normal
LG-1003,2025-01-20 10:23:00,6.475657,3.550804,1.9,12.9,1,71,10,0,1,0.03071,1,fuel_theft
LG-1003,2025-01-20 10:28:00,6.47021,3.4002,37.7,86.5,1,0,10,0,1,0.01607,0,normal
LG-1003,2025-01-20 12:25:00,6.432253,3.401457,59.3,56.8,1,0,12,0,1,0.02,0,normal
LG-1003,2025-01-20 13:05:00,6.403986,3.420784,15.5,80.3,1,0,13,0,1,0.02402,0,normal
LG-1003,2025-01-20 13:06:00,6.460134,3.396504,32.4,70.4,0,0,13,0,1,0.00535,0,normal
LG-1003,2025-01-20 15:29:00,6.433242,3.406785,32.3,81.7,1,0,15,0,1,0.01515,0,normal
LG-1003,2025-01-20 16:49:00,6.44844,3.381953,35.1,74.8,1,0,16,0,1,0.0146,0,normal
LG-1003,2025-01-20 22:36:00,6.476689,3.341445,4.0,72.5,0,0,22,0,0,0.02778,0,normal
LG-1003,2025-01-20 23:57:00,6.487129,3.328084,1.9,46.5,1,231,23,0,0,0.03219,1,excessive_idle
LG-1003,2025-01-21 00:43:00,6.483097,3.343528,3.6,80.9,0,0,0,1,0,0.0215,0,normal
LG-1003,2025-01-21 04:13:00,6.423719,3.415716,2.6,61.3,0,2,4,1,0,0.0068,0,normal
LG-1003,2025-01-21 05:54:00,6.703083,3.670509,69.6,95.3,1,0,22,1,0,0.2806,1,private_use
LG-1003,2025-01-21 06:36:00,6.468447,3.434504,1.4,77.7,0,0,6,1,0,0.04173,0,normal
LG-1003,2025-01-21 09:03:00,6.443206,3.51174,40.9,85.6,1,0,9,1,1,0.02409,0,normal
LG-1003,2025-01-21 10:32:00,6.45008,3.520806,61.9,67.6,1,0,10,1,1,0.01497,0,normal
LG-1003,2025-01-21 11:06:00,6.42514,3.415632,11.1,53.7,1,12,11,1,1,0.00608,0,normal
LG-1003,2025-01-21 12:00:00,6.42709,3.432418,63.7,67.6,1,0,12,1,1,0.01145,0,normal
LG-1003,2025-01-21 14:56:00,6.409244,3.417305,63.2,78.4,1,0,14,1,1,0.01912,0,normal
LG-1003,2025-01-21 16:39:00,6.499457,3.357155,12.1,75.8,1,0,16,1,1,0.00096,0,normal
LG-1003,2025-01-21 17:38:00,6.437875,3.409546,54.8,44.3,1,0,17,1,1,0.01512,0,normal
LG-1003,2025-01-21 17:59:00,6.574002,3.338145,16.2,41.7,1,0,17,1,1,0.02841,0,normal
LG-1003,2025-01-21 19:48:00,6.454698,3.391305,1.2,72.6,1,229,19,1,0,0.00371,1,excessive_idle
LG-1003,2025-01-21 20:25:00,6.587999,3.35554,1.1,61.7,0,5,20,1,0,0.01556,0,normal
LG-1003,2025-01-22 04:58:00,6.4641,3.384952,1.5,74.5,0,0,4,2,0,0.01356,0,normal
LG-1003,2025-01-22 08:01:00,6.48662,3.355549,60.7,82.8,1,0,8,2,1,0.01262,0,normal
LG-1003,2025-01-22 08:39:00,6.599859,3.35918,11.5,66.9,1,0,8,2,1,0.01223,0,normal
LG-1003,2025-01-22 09:31:00,6.441279,3.361472,0.2,21.0,1,30,9,2,1,0.03623,1,fuel_theft
LG-1003,2025-01-22 09:52:00,6.478846,3.398257,57.3,90.9,1,5,9,2,1,0.02407,0,normal
LG-1003,2025-01-22 15:49:00,6.494994,3.363179,15.8,48.6,1,0,15,2,1,0.00655,0,normal
LG-1003,2025-01-22 16:32:00,6.521625,3.368093,24.8,65.2,1,0,16,2,1,0.02477,0,normal
LG-1003,2025-01-23 04:34:00,6.501059,3.352442,1.2,90.3,0,2,4,3,0,0.00593,0,normal
LG-1003,2025-01-23 07:55:00,6.580167,3.355727,45.6,77.2,1,0,7,3,1,0.02259,0,normal
LG-1003,2025-01-23 11:14:00,6.425772,3.424484,23.6,79.0,1,0,11,3,1,0.00414,0,normal
LG-1003,2025-01-23 12:14:00,6.503061,3.340794,64.6,63.5,1,0,12,3,1,0.01768,0,normal
LG-1003,2025-01-23 12:18:00,6.410069,2.920096,93.9,48.3,1,0,12,3,1,0.44684,1,route_deviation
LG-1003,2025-01-23 15:44:00,6.476582,3.523164,64.3,52.0,1,0,15,3,1,0.01164,0,normal
LG-1003,2025-01-23 17:51:00,6.476134,3.383257,52.0,67.1,1,0,17,3,1,0.02418,0,normal
LG-1003,2025-01-23 18:04:00,6.429455,3.430065,35.6,68.8,1,0,18,3,1,0.00918,0,normal
LG-1003,2025-01-23 19:47:00,6.59891,3.341925,2.7,70.3,0,0,19,3,0,0.00549,0,normal
LG-1003,2025-01-23 21:08:00,6.613669,3.343082,2.1,67.1,0,0,21,3,0,0.01326,0,normal
LG-1003,2025-01-23 21:09:00,6.479406,3.534473,1.3,59.5,0,5,21,3,0,0.01906,0,normal
LG-1003,2025-01-23 21:25:00,6.511726,3.385334,1.2,51.9,0,0,21,3,0,0.03015,0,normal
LG-1003,2025-01-23 21:58:00,6.472279,3.410769,1.5,27.3,0,0,21,3,0,0.02339,0,normal
LG-1003,2025-01-23 22:54:00,6.449747,3.388727,3.2,40.0,0,0,22,3,0,0.00818,0,normal
LG-1003,2025-01-23 23:57:00,6.563857,3.344985,2.1,39.0,0,0,23,3,0,0.0372,0,normal
LG-1003,2025-01-24 00:09:00,6.586507,3.328681,1.2,99.5,0,0,0,4,0,0.02336,0,normal
LG-1003,2025-01-24 00:44:00,6.593397,3.346212,0.2,96.9,0,0,0,4,0,0.00764,0,normal
LG-1003,2025-01-24 01:47:00,6.608118,3.362432,1.8,83.2,0,0,1,4,0,0.01699,0,normal
LG-1003,2025-01-24 04:03:00,6.397,3.413607,4.1,88.0,0,0,4,4,0,0.03187,0,normal
LG-1003,2025-01-24 05:04:00,6.823634,3.633898,35.6,81.6,1,0,2,4,0,0.36315,1,private_use
LG-1003,2025-01-24 05:57:00,6.43409,3.369177,0.5,69.2,0,2,5,4,0,0.03323,0,normal
LG-1003,2025-01-24 06:17:00,6.462956,3.372776,2.3,58.1,0,0,6,4,0,0.02361,0,normal
LG-1003,2025-01-24 06:20:00,6.423151,3.425081,4.1,58.3,0,0,6,4,0,0.00634,0,normal
LG-1003,2025-01-24 08:08:00,6.502833,3.338416,11.3,53.1,1,0,8,4,1,0.01996,0,normal
LG-1003,2025-01-24 09:47:00,6.474503,3.532811,47.1,65.8,1,2,9,4,1,0.01439,0,normal
LG-1003,2025-01-24 11:14:00,6.461107,3.522984,34.8,65.2,0,0,11,4,1,0.00402,0,normal
LG-1003,2025-01-24 11:49:00,6.358157,2.918875,70.4,67.4,1,0,11,4,1,0.46116,1,route_deviation
LG-1003,2025-01-24 11:58:00,6.43559,3.448898,21.4,49.7,0,12,11,4,1,0.02891,0,normal
LG-1003,2025-01-24 15:18:00,6.461109,3.490116,57.0,76.6,1,2,15,4,1,0.03212,0,normal
LG-1003,2025-01-24 20:00:00,6.580588,3.337645,1.6,49.9,0,12,20,4,0,0.02245,0,normal
LG-1003,2025-01-24 20:56:00,6.596319,3.347471,1.1,37.6,0,2,20,4,0,0.0047,0,normal
LG-1003,2025-01-24 21:40:00,6.453703,3.420487,0.2,46.3,0,12,21,4,0,0.02552,0,normal
LG-1003,2025-01-24 23:59:00,6.470747,3.397547,0.1,46.0,0,0,23,4,0,0.01595,0,normal
LG-1003,2025-01-25 04:59:00,6.502725,3.383302,0.7,96.0,0,0,4,5,0,0.02558,0,normal
LG-1003,2025-01-25 07:16:00,6.455203,3.386337,1.1,88.6,0,2,7,5,0,0.00867,0,normal
LG-1003,2025-01-25 08:06:00,6.460126,3.380655,10.3,62.1,1,0,8,5,1,0.01523,0,normal
LG-1003,2025-01-25 09:18:00,6.488009,3.35004,57.5,65.8,1,0,9,5,1,0.01357,0,normal
LG-1003,2025-01-25 10:08:00,6.452915,3.539769,64.1,83.0,1,0,10,5,1,0.02149,0,normal
LG-1003,2025-01-25 12:19:00,6.471602,3.528192,25.2,81.6,1,0,12,5,1,0.00905,0,normal
LG-1003,2025-01-25 12:25:00,6.441464,3.558232,21.7,56.8,1,0,12,5,1,0.04321,0,normal
LG-1003,2025-01-25 13:05:00,6.634958,3.346335,38.1,58.6,1,0,13,5,1,0.03396,0,normal
LG-1003,2025-01-25 14:05:00,6.593857,3.363428,58.9,84.7,1,0,14,5,1,0.01791,0,normal
LG-1003,2025-01-25 15:02:00,6.617672,3.348402,4.6,51.9,0,5,15,5,0,0.01673,0,normal
LG-1003,2025-01-25 15:15:00,6.484197,3.366023,4.0,80.2,0,2,15,5,0,0.01684,0,normal
LG-1003,2025-01-25 16:03:00,6.505028,3.368895,2.7,57.0,0,0,16,5,0,0.01245,0,normal
LG-1003,2025-01-25 17:22:00,6.59517,3.367332,3.3,45.3,0,0,17,5,0,0.02115,0,normal
LG-1003,2025-01-25 17:38:00,6.452667,3.38726,2.8,77.7,0,0,17,5,0,0.00808,0,normal
LG-1003,2025-01-25 20:50:00,6.584882,3.340266,4.4,62.7,0,0,20,5,0,0.01747,0,normal
LG-1003,2025-01-25 20:59:00,6.500946,3.369004,2.4,63.5,0,0,20,5,0,0.01118,0,normal
LG-1003,2025-01-25 21:47:00,6.637077,3.37179,3.0,68.9,0,0,21,5,0,0.04377,0,normal
LG-1003,2025-01-25 23:07:00,6.42232,3.433298,0.4,61.9,0,0,23,5,0,0.01355,0,normal
LG-1003,2025-01-26 00:17:00,6.612101,3.333791,4.0,75.8,0,2,0,6,0,0.01725,0,normal
LG-1003,2025-01-26 00:48:00,6.606919,3.353338,2.3,8.8,1,54,0,6,0,0.00867,1,fuel_theft
LG-1003,2025-01-26 01:42:00,6.521425,3.332738,3.5,94.5,0,2,1,6,0,0.03378,0,normal
LG-1003,2025-01-26 02:16:00,6.792699,3.674179,24.8,70.3,1,5,3,6,0,0.36131,1,private_use
LG-1003,2025-01-26 03:10:00,6.49126,3.489887,5.0,64.9,0,0,3,6,0,0.04148,0,normal
LG-1003,2025-01-26 04:10:00,6.397187,2.929441,78.5,84.1,0,8,4,6,0,0.44049,1,route_deviation
LG-1003,2025-01-26 05:06:00,6.40465,3.410463,4.7,64.6,0,0,5,6,0,0.02562,0,normal
LG-1003,2025-01-26 06:56:00,6.499152,3.348693,0.8,71.6,0,8,6,6,0,0.00931,0,normal
LG-1003,2025-01-26 07:08:00,6.426707,3.421914,4.2,55.8,0,0,7,6,0,0.00158,0,normal
LG-1003,2025-01-26 07:34:00,6.594049,3.361852,4.9,59.3,0,0,7,6,0,0.0164,0,normal
LG-1003,2025-01-26 10:38:00,6.507615,3.359501,0.4,75.5,0,5,10,6,0,0.00875,0,normal
LG-1003,2025-01-26 11:13:00,6.457204,3.380123,1.5,65.6,0,0,11,6,0,0.01504,0,normal
LG-1003,2025-01-26 18:50:00,6.607002,3.352858,2.4,71.0,0,5,18,6,0,0.00839,0,normal
LG-1003,2025-01-26 19:24:00,6.588406,3.352585,1.2,53.4,0,0,19,6,0,0.01378,0,normal
LG-1003,2025-01-26 20:33:00,6.446042,3.405063,3.4,56.2,0,0,20,6,0,0.01347,0,normal
LG-1003,2025-01-27 02:02:00,6.496255,3.34972,4.3,74.0,0,0,2,0,0,0.00872,0,normal
LG-1003,2025-01-27 02:55:00,6.456576,3.403336,0.1,71.0,0,2,2,0,0,0.00848,0,normal
LG-1003,2025-01-27 03:04:00,6.457863,3.515876,4.1,69.8,0,12,3,0,0,0.0094,0,normal
LG-1003,2025-01-27 03:35:00,6.594854,3.343406,2.7,98.1,0,0,3,0,0,0.00712,0,normal
LG-1003,2025-01-27 04:08:00,6.491171,3.540545,0.6,93.7,0,0,4,0,0,0.03208,0,normal
LG-1003,2025-01-27 06:02:00,6.456608,3.541375,2.2,70.9,0,0,6,0,0,0.02111,0,normal
LG-1003,2025-01-27 07:16:00,6.465298,3.504604,19.1,82.6,1,0,7,0,1,0.0174,0,normal
LG-1003,2025-01-27 08:24:00,6.412189,3.421547,52.8,71.9,1,0,8,0,1,0.01582,0,normal
LG-1003,2025-01-27 08:25:00,6.434626,3.389673,18.9,76.2,1,0,8,0,1,0.02106,0,normal
LG-1003,2025-01-27 08:36:00,6.418616,3.410166,0.1,15.0,1,48,8,0,1,0.01433,1,fuel_theft
LG-1003,2025-01-27 08:59:00,6.426669,3.407325,1.0,9.9,1,74,8,0,1,0.01374,1,fuel_theft
LG-1003,2025-01-27 09:29:00,6.587134,3.360385,36.3,60.8,1,8,9,0,1,0.01927,0,normal
LG-1003,2025-01-27 11:12:00,6.41259,3.409714,36.8,53.1,1,0,11,0,1,0.0191,0,normal
LG-1003,2025-01-27 13:48:00,6.443184,3.425971,18.6,76.9,1,0,13,0,1,0.01598,0,normal
LG-1003,2025-01-27 16:58:00,6.420686,3.451336,18.2,40.5,1,8,16,0,1,0.03121,0,normal
LG-1003,2025-01-27 18:52:00,6.447209,3.402054,43.2,70.6,1,0,18,0,1,0.01051,0,normal
LG-1003,2025-01-27 19:01:00,6.487089,3.35021,4.6,53.6,0,0,19,0,0,0.01423,0,normal
LG-1003,2025-01-27 20:13:00,6.441329,3.396448,4.8,60.8,0,8,20,0,0,0.01375,0,normal
LG-1003,2025-01-27 21:01:00,6.606071,3.359738,4.3,60.4,0,5,21,0,0,0.01371,0,normal
LG-1003,2025-01-27 21:19:00,6.442529,3.484612,2.1,34.2,0,0,21,0,0,0.04362,0,normal
LG-1003,2025-01-27 21:36:00,6.443151,3.507235,4.5,67.7,0,0,21,0,0,0.02637,0,normal
LG-1003,2025-01-27 22:19:00,6.472333,3.419288,3.9,46.6,0,0,22,0,0,0.02984,0,normal
LG-1003,2025-01-27 22:56:00,6.519267,3.370625,3.4,31.2,0,0,22,0,0,0.02388,0,normal
LG-1003,2025-01-28 00:28:00,6.617439,3.31587,0.3,92.1,0,0,0,1,0,0.0352,0,normal
LG-1003,2025-01-28 04:16:00,6.44057,3.392563,4.8,65.8,0,0,4,1,0,0.01463,0,normal
LG-1003,2025-01-28 04:53:00,6.611366,3.347533,2.7,81.6,0,0,4,1,0,0.01038,0,normal
LG-1003,2025-01-28 08:27:00,6.362704,3.129887,70.2,54.0,1,5,8,1,1,0.26573,1,route_deviation
LG-1003,2025-01-28 09:53:00,6.450892,3.397923,52.8,65.9,1,0,9,1,1,0.00504,0,normal
LG-1003,2025-01-28 13:41:00,6.617472,3.328206,36.7,66.2,1,5,13,1,1,0.02499,0,normal
LG-1003,2025-01-28 13:50:00,6.474008,3.404463,40.7,73.1,1,0,13,1,1,0.02123,0,normal
LG-1003,2025-01-28 14:00:00,6.522483,3.361417,51.4,65.2,1,0,14,1,1,0.02373,0,normal
LG-1003,2025-01-28 16:25:00,6.472591,3.522632,57.8,65.1,1,0,16,1,1,0.00762,0,normal
LG-1003,2025-01-28 16:29:00,6.600555,3.325343,58.3,40.2,0,0,16,1,1,0.02166,0,normal
LG-1003,2025-01-28 16:44:00,6.611499,3.346456,20.5,65.4,1,8,16,1,1,0.01051,0,normal
LG-1003,2025-01-28 18:13:00,6.453281,3.431196,49.8,71.9,1,0,18,1,1,0.02726,0,normal
LG-1003,2025-01-28 18:18:00,6.45348,3.378211,54.2,62.4,1,0,18,1,1,0.01686,0,normal
LG-1003,2025-01-28 19:52:00,6.442155,3.553678,0.8,65.2,0,0,19,1,0,0.03906,0,normal
LG-1003,2025-01-28 20:48:00,6.523441,3.345761,2.0,66.2,0,0,20,1,0,0.02733,0,normal
LG-1003,2025-01-28 21:29:00,6.446246,3.400986,1.4,19.2,1,55,21,1,0,0.01061,1,fuel_theft
LG-1003,2025-01-29 02:21:00,6.584164,3.350421,4.2,72.3,0,0,2,2,0,0.01718,0,normal
LG-1003,2025-01-29 04:41:00,6.428735,3.408674,3.6,61.0,0,0,4,2,0,0.01235,0,normal
LG-1003,2025-01-29 11:26:00,6.488455,3.503114,35.4,63.7,1,2,11,2,1,0.03011,0,normal
LG-1003,2025-01-29 13:33:00,6.428519,3.381579,23.6,68.6,1,0,13,2,1,0.02969,0,normal
LG-1003,2025-01-29 14:12:00,6.568464,3.370472,24.1,77.7,1,8,14,2,1,0.04012,0,normal
LG-1003,2025-01-29 14:15:00,6.451008,3.522037,40.0,50.3,1,0,14,2,1,0.01399,0,normal
LG-1003,2025-01-29 16:48:00,6.410601,3.432736,20.0,55.8,1,8,16,2,1,0.02099,0,normal
LG-1003,2025-01-29 17:05:00,6.491675,3.3559,48.5,43.6,1,0,17,2,1,0.00762,0,normal
LG-1003,2025-01-29 17:17:00,6.492559,3.390689,46.0,67.8,1,0,17,2,1,0.03332,0,normal
LG-1003,2025-01-29 17:22:00,6.451074,3.526156,10.3,62.9,1,8,17,2,1,0.01453,0,normal
LG-1003,2025-01-29 18:12:00,6.448561,3.510018,64.1,47.1,1,0,18,2,1,0.02034,0,normal
LG-1003,2025-01-29 19:14:00,6.46905,3.348744,4.7,61.7,0,0,19,2,0,0.03135,0,normal
LG-1003,2025-01-29 21:33:00,6.445637,3.450596,4.0,71.0,0,0,21,2,0,0.03445,0,normal
LG-1003,2025-01-29 21:47:00,6.506859,3.34602,0.3,69.0,0,0,21,2,0,0.01433,0,normal
LG-1003,2025-01-30 01:27:00,6.416472,3.421096,1.7,74.9,0,0,1,3,0,0.01153,0,normal
LG-1003,2025-01-30 02:22:00,6.496633,3.346722,2.8,73.2,0,0,2,3,0,0.01152,0,normal
LG-1003,2025-01-30 04:20:00,6.417529,3.414498,1.8,67.9,0,0,4,3,0,0.01233,0,normal
LG-1003,2025-01-30 04:56:00,6.438685,3.396698,1.5,75.0,0,0,4,3,0,0.0164,0,normal
LG-1003,2025-01-30 05:37:00,6.451046,3.514985,4.3,97.8,0,0,5,3,0,0.01562,0,normal
LG-1003,2025-01-30 08:55:00,6.43791,3.442426,15.7,65.2,1,0,8,3,1,0.02361,0,normal
LG-1003,2025-01-30 08:59:00,6.376954,3.060459,63.6,91.5,1,5,8,3,1,0.3216,1,route_deviation
LG-1003,2025-01-30 09:34:00,6.455275,3.388363,10.2,73.8,1,8,9,3,1,0.00664,0,normal
LG-1003,2025-01-30 12:52:00,6.829631,3.729038,31.6,57.2,1,5,2,3,0,0.41931,1,private_use
LG-1003,2025-01-30 13:15:00,6.768995,3.589037,31.9,77.0,1,0,5,3,0,0.29463,1,private_use
LG-1003,2025-01-30 13:16:00,6.45943,3.412498,37.0,66.4,1,0,13,3,1,0.01805,0,normal
LG-1003,2025-01-30 13:18:00,6.482635,3.344896,37.0,54.1,1,0,13,3,1,0.02097,0,normal
LG-1003,2025-01-30 19:12:00,6.583084,3.344641,2.4,37.2,0,0,19,3,0,0.01807,0,normal
LG-1003,2025-01-30 22:28:00,6.434451,3.409974,0.8,73.5,0,0,22,3,0,0.01277,0,normal
LG-1003,2025-01-30 23:04:00,6.466831,3.537284,1.9,15.9,1,86,23,3,0,0.01539,1,fuel_theft
LG-1003,2025-01-30 23:29:00,6.385731,3.150494,102.4,61.3,0,0,23,3,0,0.23641,1,route_deviation
LG-1003,2025-01-31 01:22:00,6.621598,3.328999,1.0,89.7,0,0,1,4,0,0.02736,0,normal
LG-1003,2025-01-31 02:16:00,6.781537,3.560818,24.3,65.7,1,0,4,4,0,0.27984,1,private_use
LG-1003,2025-01-31 04:52:00,6.422636,3.412825,0.0,11.2,1,41,4,4,0,0.00978,1,fuel_theft
LG-1003,2025-01-31 05:13:00,6.614404,3.335565,0.2,61.2,0,0,5,4,0,0.01762,0,normal
LG-1004,2025-01-01 06:07:00,6.724039,3.647929,59.7,84.4,1,0,22,2,0,0.28803,1,private_use
LG-1004,2025-01-01 06:11:00,6.474972,3.399228,2.3,65.8,0,0,6,2,0,0.02041,0,normal
LG-1004,2025-01-01 06:28:00,6.458193,3.404654,3.1,77.8,0,0,6,2,0,0.01017,0,normal
LG-1004,2025-01-01 08:16:00,6.493726,3.360597,17.8,79.4,1,0,8,2,1,0.00588,0,normal
LG-1004,2025-01-01 12:01:00,6.455984,3.412721,36.2,59.5,0,5,12,2,1,0.01775,0,normal
LG-1004,2025-01-01 17:30:00,6.449643,3.423663,58.5,57.4,1,0,17,2,1,0.02181,0,normal
LG-1004,2025-01-01 19:15:00,6.481606,3.514765,2.5,43.8,0,0,19,2,0,0.01811,0,normal
LG-1004,2025-01-01 19:31:00,6.459076,3.401258,4.9,51.5,0,0,19,2,0,0.00747,0,normal
LG-1004,2025-01-01 22:03:00,6.479154,3.521111,0.2,53.3,0,0,22,2,0,0.01418,0,normal
LG-1004,2025-01-01 23:38:00,6.428822,3.39216,3.0,45.2,0,0,23,2,0,0.02633,0,normal
LG-1004,2025-01-01 23:44:00,6.458258,3.388499,1.7,17.3,1,84,23,2,0,0.00727,1,fuel_theft
LG-1004,2025-01-02 01:08:00,6.618442,3.347196,3.5,87.8,0,5,1,3,0,0.01744,0,normal
LG-1004,2025-01-02 01:33:00,6.46485,3.372254,4.1,67.7,0,12,1,3,0,0.02479,0,normal
LG-1004,2025-01-02 03:12:00,6.489753,3.3682,0.6,61.0,0,0,3,3,0,0.01377,0,normal
LG-1004,2025-01-02 04:42:00,6.793625,3.583316,71.1,72.4,1,8,3,3,0,0.30488,1,private_use
LG-1004,2025-01-02 06:51:00,6.44125,3.39022,3.3,62.2,0,0,6,3,0,0.01456,0,normal
LG-1004,2025-01-02 07:03:00,6.435359,3.379475,29.6,82.0,1,0,7,3,1,0.02504,0,normal
LG-1004,2025-01-02 10:51:00,6.478331,3.405612,31.7,72.4,1,8,10,3,1,0.02563,0,normal
LG-1004,2025-01-02 11:40:00,6.611249,3.357206,51.1,74.3,1,0,11,3,1,0.01446,0,normal
LG-1004,2025-01-02 12:43:00,6.466955,3.399041,28.6,79.5,1,8,12,3,1,0.01262,0,normal
LG-1004,2025-01-02 13:41:00,6.489633,3.342946,48.1,50.1,1,0,13,3,1,0.01773,0,normal
LG-1004,2025-01-02 14:29:00,6.427902,3.123871,107.4,67.6,1,0,14,3,1,0.24469,1,route_deviation
LG-1004,2025-01-02 14:54:00,6.485157,3.333072,16.5,73.4,1,8,14,3,1,0.02851,0,normal
LG-1004,2025-01-02 15:36:00,6.517365,3.362552,50.9,79.6,1,2,15,3,1,0.01892,0,normal
LG-1004,2025-01-02 18:04:00,6.469987,3.35763,58.7,58.6,1,5,18,3,1,0.02902,0,normal
LG-1004,2025-01-02 18:12:00,6.590391,3.346229,16.4,68.7,1,5,18,3,1,0.01064,0,normal
LG-1004,2025-01-02 23:03:00,6.592985,3.35344,2.0,55.1,0,0,23,3,0,0.01028,0,normal
LG-1004,2025-01-02 23:20:00,6.76353,3.717607,37.7,48.1,1,8,0,3,0,0.35691,1,private_use
LG-1004,2025-01-03 02:46:00,6.621044,3.348223,3.9,68.0,0,0,2,4,0,0.02008,0,normal
LG-1004,2025-01-03 04:55:00,6.403161,3.403048,4.4,71.5,0,5,4,4,0,0.03065,0,normal
LG-1004,2025-01-03 07:15:00,6.435834,3.393228,51.1,61.4,1,0,7,4,1,0.01925,0,normal
LG-1004,2025-01-03 07:36:00,6.427909,3.398408,10.1,63.1,1,0,7,4,1,0.02259,0,normal
LG-1004,2025-01-03 07:49:00,6.470745,3.518242,53.4,74.3,0,0,7,4,1,0.00686,0,normal
LG-1004,2025-01-03 08:09:00,6.588981,3.351834,32.7,81.6,1,0,8,4,1,0.01295,0,normal
LG-1004,2025-01-03 10:24:00,6.46946,3.374786,0.3,16.9,1,79,10,4,1,0.02485,1,fuel_theft
LG-1004,2025-01-03 10:49:00,6.464184,3.515767,60.8,55.0,0,2,10,4,1,0.00629,0,normal
LG-1004,2025-01-03 12:25:00,6.608415,3.356144,54.5,54.5,1,12,12,4,1,0.01177,0,normal
LG-1004,2025-01-03 12:39:00,6.437159,3.419604,53.4,66.6,1,0,12,4,1,0.00926,0,normal
LG-1004,2025-01-03 14:19:00,6.463781,3.512592,12.2,76.6,1,0,14,4,1,0.00949,0,normal
LG-1004,2025-01-03 14:45:00,6.496216,3.328371,39.1,72.6,1,0,14,4,1,0.02976,0,normal
LG-1004,2025-01-03 15:06:00,6.44904,3.404844,49.8,66.8,1,0,15,4,1,0.01151,0,normal
LG-1004,2025-01-03 16:45:00,6.446223,3.433381,31.4,77.5,1,0,16,4,1,0.02203,0,normal
LG-1004,2025-01-03 17:25:00,6.432749,3.432511,63.8,55.9,1,0,17,4,1,0.01245,0,normal
LG-1004,2025-01-03 17:38:00,6.505286,3.356318,53.0,61.4,1,0,17,4,1,0.00651,0,normal
LG-1004,2025-01-03 18:25:00,6.455446,3.409821,56.5,67.3,1,5,18,4,1,0.01483,0,normal
LG-1004,2025-01-03 18:55:00,6.424253,3.421784,14.9,51.4,1,0,18,4,1,0.00383,0,normal
LG-1004,2025-01-03 19:06:00,6.499575,3.358937,1.6,53.7,0,8,19,4,0,0.0011,0,normal
LG-1004,2025-01-03 20:24:00,6.456361,3.544163,0.0,49.8,0,0,20,4,0,0.02379,0,normal
LG-1004,2025-01-03 21:25:00,6.613793,3.351278,3.0,41.3,0,0,21,4,0,0.01349,0,normal
LG-1004,2025-01-04 04:46:00,6.466593,3.411176,0.7,80.4,0,5,4,5,0,0.0199,0,normal
LG-1004,2025-01-04 08:12:00,6.499469,3.36447,26.0,62.1,1,0,8,5,1,0.00649,0,normal
LG-1004,2025-01-04 10:52:00,6.449876,3.517544,41.2,52.9,1,0,10,5,1,0.01577,0,normal
LG-1004,2025-01-04 11:59:00,6.42307,3.388817,11.8,59.3,1,8,11,5,1,0.03252,0,normal
LG-1004,2025-01-04 13:04:00,6.484422,3.360845,20.2,44.3,0,0,13,5,1,0.01485,0,normal
LG-1004,2025-01-04 15:01:00,6.494307,3.368846,2.2,76.6,0,5,15,5,0,0.01182,0,normal
LG-1004,2025-01-04 18:03:00,6.454364,3.415791,2.3,36.9,0,0,18,5,0,0.0208,0,normal
LG-1004,2025-01-04 18:37:00,6.433235,3.431536,0.9,75.2,0,0,18,5,0,0.01176,0,normal
LG-1004,2025-01-04 22:15:00,6.506192,3.360825,3.9,37.8,0,5,22,5,0,0.00773,0,normal
LG-1004,2025-01-04 23:10:00,6.491444,3.51149,2.1,51.8,0,0,23,5,0,0.02846,0,normal
LG-1004,2025-01-05 00:20:00,6.774446,3.617406,49.1,94.0,1,0,4,6,0,0.32125,1,private_use
LG-1004,2025-01-05 01:03:00,6.476423,3.513679,3.0,86.3,0,0,1,6,0,0.01413,0,normal
LG-1004,2025-01-05 05:02:00,6.588405,3.343645,1.6,76.0,0,0,5,6,0,0.01303,0,normal
LG-1004,2025-01-05 08:18:00,6.589895,3.379023,4.9,83.8,0,0,8,6,0,0.03389,0,normal
LG-1004,2025-01-05 09:59:00,6.465879,3.385404,0.9,73.9,0,0,9,6,0,0.01451,0,normal
LG-1004,2025-01-05 10:04:00,6.620653,3.365687,2.5,51.7,0,0,10,6,0,0.02712,0,normal
LG-1004,2025-01-05 10:36:00,6.468715,3.35536,1.3,82.5,0,0,10,6,0,0.0304,0,normal
LG-1004,2025-01-05 11:01:00,6.589588,3.3426,1.7,77.8,0,0,11,6,0,0.01223,0,normal
LG-1004,2025-01-05 13:03:00,6.467793,3.395817,4.6,47.9,0,12,13,6,0,0.01282,0,normal
LG-1004,2025-01-05 13:12:00,6.625948,3.357672,3.2,71.1,0,0,13,6,0,0.02714,0,normal
LG-1004,2025-01-05 13:27:00,6.457322,3.528773,0.7,76.3,0,8,13,6,0,0.01024,0,normal
LG-1004,2025-01-05 14:02:00,6.504283,3.363846,1.4,16.7,1,83,14,6,0,0.00788,1,fuel_theft
LG-1004,2025-01-05 16:43:00,6.594373,3.348637,2.0,69.0,0,0,16,6,0,0.00683,0,normal
LG-1004,2025-01-05 16:53:00,6.625953,3.369843,4.5,55.8,0,0,16,6,0,0.03383,0,normal
LG-1004,2025-01-05 17:34:00,6.390996,3.191531,98.0,72.6,0,0,17,6,0,0.19844,1,route_deviation
LG-1004,2025-01-05 21:19:00,6.599985,3.348327,0.8,70.5,0,0,21,6,0,0.00167,0,normal
LG-1004,2025-01-05 22:01:00,6.499536,3.38645,5.0,47.5,0,5,22,6,0,0.02845,0,normal
LG-1004,2025-01-05 23:50:00,6.470755,3.522383,1.5,51.1,0,0,23,6,0,0.00577,0,normal
LG-1004,2025-01-06 00:05:00,6.435112,3.378824,1.6,81.5,0,0,0,0,0,0.02564,0,normal
LG-1004,2025-01-06 00:30:00,6.507605,3.370566,2.5,73.2,0,0,0,0,0,0.01523,0,normal
LG-1004,2025-01-06 03:56:00,6.465319,3.504571,3.8,97.0,0,0,3,0,0,0.01743,0,normal
LG-1004,2025-01-06 05:19:00,6.45728,3.417026,3.2,70.8,0,2,5,0,0,0.02214,0,normal
LG-1004,2025-01-06 06:48:00,6.610596,3.358325,1.3,66.5,0,0,6,0,0,0.01484,0,normal
LG-1004,2025-01-06 09:22:00,6.442803,3.397109,0.2,19.9,1,78,9,0,1,0.01238,1,fuel_theft
LG-1004,2025-01-06 10:26:00,6.425779,3.420116,54.2,52.5,1,0,10,0,1,0.00239,0,normal
LG-1004,2025-01-06 13:31:00,6.469828,3.402132,25.9,50.9,1,2,13,0,1,0.01645,0,normal
LG-1004,2025-01-06 17:32:00,6.463522,3.51508,13.0,75.0,1,0,17,0,1,0.00708,0,normal
LG-1004,2025-01-06 19:06:00,6.447998,3.504272,2.5,47.8,0,12,19,0,0,0.02456,0,normal
LG-1004,2025-01-07 01:52:00,6.501569,3.365896,4.8,82.2,0,0,1,1,0,0.0083,0,normal
LG-1004,2025-01-07 02:16:00,6.583952,3.35258,2.8,75.1,0,0,2,1,0,0.01794,0,normal
LG-1004,2025-01-07 02:54:00,6.602757,3.363291,2.2,91.2,0,0,2,1,0,0.01639,0,normal
LG-1004,2025-01-07 03:57:00,6.603978,3.30772,1.3,89.6,0,2,3,1,0,0.03939,0,normal
LG-1004,2025-01-07 06:26:00,6.503387,3.366827,4.2,65.1,0,2,6,1,0,0.00986,0,normal
LG-1004,2025-01-07 10:00:00,6.436414,3.431901,32.4,71.2,1,0,10,1,1,0.01377,0,normal
LG-1004,2025-01-07 12:41:00,6.495484,3.377169,22.2,81.0,1,0,12,1,1,0.01949,0,normal
LG-1004,2025-01-07 12:55:00,6.451228,3.526141,40.2,59.1,1,0,12,1,1,0.01438,0,normal
LG-1004,2025-01-07 13:38:00,6.472093,3.540877,31.7,59.8,1,8,13,1,1,0.02017,0,normal
LG-1004,2025-01-07 17:14:00,6.464933,3.451466,50.0,75.2,1,0,17,1,1,0.04788,0,normal
LG-1004,2025-01-07 18:22:00,6.502614,3.523095,57.3,52.9,1,0,18,1,1,0.03763,0,normal
LG-1004,2025-01-07 21:17:00,6.479466,3.355943,4.3,44.4,0,0,21,1,0,0.01964,0,normal
LG-1004,2025-01-07 22:54:00,6.523943,3.377247,2.8,37.4,0,0,22,1,0,0.03151,0,normal
LG-1004,2025-01-07 23:26:00,6.494705,3.370457,1.2,60.0,0,0,23,1,0,0.01318,0,normal
LG-1004,2025-01-07 23:38:00,6.488987,3.35641,0.9,45.4,0,0,23,1,0,0.01014,0,normal
LG-1004,2025-01-07 23:50:00,6.475114,3.355896,3.2,63.5,0,0,23,1,0,0.02398,0,normal
LG-1004,2025-01-08 03:47:00,6.508291,3.346396,2.6,78.6,0,8,3,2,0,0.01487,0,normal
LG-1004,2025-01-08 04:42:00,6.617814,3.333824,3.3,74.0,0,0,4,2,0,0.02136,0,normal
LG-1004,2025-01-08 07:30:00,6.451804,3.39724,40.2,71.0,1,5,7,2,1,0.0039,0,normal
LG-1004,2025-01-08 10:05:00,6.436983,3.39956,0.6,72.1,1,222,10,2,1,0.01858,1,excessive_idle
LG-1004,2025-01-08 10:30:00,6.623422,3.330792,37.1,67.0,1,8,10,2,1,0.02767,0,normal
LG-1004,2025-01-08 13:14:00,6.40418,3.172154,68.8,51.1,1,8,13,2,1,0.20864,1,route_deviation
LG-1004,2025-01-08 13:25:00,6.430094,3.403652,28.4,54.2,1,2,13,2,1,0.01747,0,normal
LG-1004,2025-01-08 14:22:00,6.482772,3.394571,57.3,49.1,0,12,14,2,1,0.02778,0,normal
LG-1004,2025-01-08 14:42:00,6.444802,3.394144,61.6,84.3,1,0,14,2,1,0.01023,0,normal
LG-1004,2025-01-08 14:43:00,6.472759,3.541468,11.3,70.7,1,0,14,2,1,0.02096,0,normal
LG-1004,2025-01-08 17:14:00,6.407178,3.388765,54.7,68.0,1,0,17,2,1,0.03838,0,normal
LG-1004,2025-01-08 17:30:00,6.464539,3.385457,53.2,74.0,1,8,17,2,1,0.01349,0,normal
LG-1004,2025-01-08 18:04:00,6.45405,3.413829,64.0,58.4,1,0,18,2,1,0.01885,0,normal
LG-1004,2025-01-08 18:54:00,6.591754,3.348435,56.8,67.2,1,0,18,2,1,0.00936,0,normal
LG-1004,2025-01-08 21:19:00,6.498628,3.335089,0.6,63.6,0,0,21,2,0,0.02291,0,normal
LG-1004,2025-01-08 21:24:00,6.526606,3.371905,3.7,60.7,0,0,21,2,0,0.03091,0,normal
LG-1004,2025-01-08 21:55:00,6.536789,3.39263,0.2,40.3,0,0,21,2,0,0.05126,0,normal
LG-1004,2025-01-08 22:35:00,6.479992,3.529515,1.8,68.0,0,0,22,2,0,0.01677,0,normal
LG-1004,2025-01-08 22:35:00,6.45393,3.424435,3.8,34.5,0,0,22,2,0,0.02616,0,normal
LG-1004,2025-01-08 22:56:00,6.493863,3.359793,0.5,44.1,0,0,22,2,0,0.00544,0,normal
LG-1004,2025-01-09 00:39:00,6.604708,3.3485,1.0,85.9,0,2,0,3,0,0.004,0,normal
LG-1004,2025-01-09 04:39:00,6.597134,3.359001,4.0,71.3,0,8,4,3,0,0.01261,0,normal
LG-1004,2025-01-09 06:48:00,6.477727,3.39933,2.0,85.7,0,0,6,3,0,0.02314,0,normal
LG-1004,2025-01-09 10:13:00,6.350989,3.066615,90.0,81.2,1,2,10,3,1,0.32682,1,route_deviation
LG-1004,2025-01-09 11:14:00,6.489036,3.351194,17.6,58.0,1,0,11,3,1,0.01207,0,normal
LG-1004,2025-01-09 11:32:00,6.506373,3.366067,49.4,73.4,1,12,11,3,1,0.01093,0,normal
LG-1004,2025-01-09 11:57:00,6.62202,3.36315,33.3,54.1,1,8,11,3,1,0.02651,0,normal
LG-1004,2025-01-09 12:25:00,6.545499,3.336116,58.1,59.9,0,0,12,3,1,0.05139,0,normal
LG-1004,2025-01-09 14:45:00,6.474345,3.520333,1.9,74.5,1,156,14,3,1,0.00949,1,excessive_idle
LG-1004,2025-01-09 15:04:00,6.448927,3.40043,30.5,82.2,1,0,15,3,1,0.00815,0,normal
LG-1004,2025-01-09 17:01:00,6.447972,3.506829,17.6,45.4,1,0,17,3,1,0.02281,0,normal
LG-1004,2025-01-09 17:23:00,6.619197,3.343786,64.8,77.9,1,0,17,3,1,0.01848,0,normal
LG-1004,2025-01-09 19:08:00,6.464669,3.505054,4.7,39.8,0,0,19,3,0,0.01695,0,normal
LG-1004,2025-01-09 21:15:00,6.457346,3.529138,1.5,71.0,0,0,21,3,0,0.01047,0,normal
LG-1004,2025-01-09 22:01:00,6.611184,3.337165,3.4,26.5,0,0,22,3,0,0.01416,0,normal
LG-1004,2025-01-10 00:02:00,6.440996,3.387031,2.3,93.0,0,5,0,4,0,0.01611,0,normal
LG-1004,2025-01-10 02:21:00,6.486062,3.520883,0.5,99.8,0,0,2,4,0,0.02109,0,normal
LG-1004,2025-01-10 02:36:00,6.488275,3.509627,1.2,67.1,0,0,2,4,0,0.02636,0,normal
LG-1004,2025-01-10 08:16:00,6.462082,3.529948,35.5,67.0,1,2,8,4,1,0.00847,0,normal
LG-1004,2025-01-10 09:17:00,6.44379,3.536309,59.8,59.3,1,8,9,4,1,0.02559,0,normal
LG-1004,2025-01-10 09:29:00,6.610063,3.355209,42.2,59.7,1,2,9,4,1,0.01223,0,normal
LG-1004,2025-01-10 11:10:00,6.439541,3.403675,51.5,71.2,1,0,11,4,1,0.01773,0,normal
LG-1004,2025-01-10 11:20:00,6.624936,3.324469,32.0,83.1,1,0,11,4,1,0.03287,0,normal
LG-1004,2025-01-10 12:12:00,6.466062,3.399435,48.1,85.7,1,0,12,4,1,0.01192,0,normal
LG-1004,2025-01-10 17:19:00,6.398496,3.026494,69.8,46.3,1,0,17,4,1,0.34641,1,route_deviation
LG-1004,2025-01-10 17:57:00,6.478695,3.39233,52.7,59.8,1,5,17,4,1,0.02384,0,normal
LG-1004,2025-01-10 18:27:00,6.502364,3.342583,10.3,39.2,1,0,18,4,1,0.01578,0,normal
LG-1004,2025-01-10 21:51:00,6.417274,3.409878,3.6,56.0,0,2,21,4,0,0.01545,0,normal
LG-1004,2025-01-11 00:01:00,6.498411,3.362008,3.0,100.0,0,0,0,5,0,0.00405,0,normal
LG-1004,2025-01-11 01:39:00,6.415582,3.417851,4.6,68.4,0,0,1,5,0,0.01281,0,normal
LG-1004,2025-01-11 03:34:00,6.44557,3.529715,3.4,70.6,0,0,3,5,0,0.02091,0,normal
LG-1004,2025-01-11 07:09:00,6.460174,3.494105,1.8,58.1,0,0,7,5,0,0.02831,0,normal
LG-1004,2025-01-11 07:35:00,6.600484,3.34616,0.8,67.1,0,0,7,5,0,0.00099,0,normal
LG-1004,2025-01-11 08:06:00,6.498318,3.364259,42.3,56.0,1,5,8,5,1,0.0063,0,normal
LG-1004,2025-01-11 08:48:00,6.519471,3.340013,35.9,87.0,1,2,8,5,1,0.02725,0,normal
LG-1004,2025-01-11 09:05:00,6.437298,3.398266,46.1,56.1,1,0,9,5,1,0.018,0,normal
LG-1004,2025-01-11 09:33:00,6.374046,3.174682,89.2,56.6,1,0,9,5,1,0.22185,1,route_deviation
LG-1004,2025-01-11 11:45:00,6.577052,3.374008,21.5,87.5,0,0,11,5,1,0.0361,0,normal
LG-1004,2025-01-11 13:39:00,6.450123,3.394756,34.0,79.0,1,0,13,5,1,0.00488,0,normal
LG-1004,2025-01-11 14:23:00,6.460422,3.396547,37.6,76.9,1,0,14,5,1,0.00564,0,normal
LG-1004,2025-01-11 17:29:00,6.5087,3.340164,4.3,60.1,0,0,17,5,0,0.0203,0,normal
LG-1004,2025-01-11 20:35:00,6.438321,3.408778,2.2,30.5,0,0,20,5,0,0.016,0,normal
LG-1004,2025-01-11 22:06:00,6.596985,3.345788,0.4,42.7,0,0,22,5,0,0.00419,0,normal
LG-1004,2025-01-11 23:09:00,6.457542,3.402198,2.3,9.4,1,68,23,5,0,0.00763,1,fuel_theft
LG-1004,2025-01-11 23:21:00,6.451962,3.40548,4.1,34.1,0,0,23,5,0,0.01091,0,normal
LG-1004,2025-01-12 01:10:00,6.464667,3.401292,4.0,66.9,0,0,1,6,0,0.01153,0,normal
LG-1004,2025-01-12 05:37:00,6.392981,2.918845,81.2,62.5,0,0,5,6,0,0.45177,1,route_deviation
LG-1004,2025-01-12 07:30:00,6.458067,3.414267,3.6,58.8,0,0,7,6,0,0.01951,0,normal
LG-1004,2025-01-12 09:05:00,6.504074,3.360787,3.9,85.8,0,0,9,6,0,0.00579,0,normal
LG-1004,2025-01-12 11:54:00,6.477323,3.413564,2.3,66.0,0,0,11,6,0,0.02903,0,normal
LG-1004,2025-01-12 14:00:00,6.46413,3.513001,4.5,74.8,0,0,14,6,0,0.00904,0,normal
LG-1004,2025-01-12 14:02:00,6.437516,3.433951,1.8,61.7,0,12,14,6,0,0.01607,0,normal
LG-1004,2025-01-12 14:19:00,6.483497,3.346041,2.0,79.8,0,0,14,6,0,0.01958,0,normal
LG-1004,2025-01-12 16:05:00,6.415755,3.433444,4.8,71.6,0,2,16,6,0,0.01746,0,normal
LG-1004,2025-01-12 17:15:00,6.465281,3.363313,0.4,73.3,0,0,17,6,0,0.03331,0,normal
LG-1004,2025-01-12 17:37:00,6.472529,3.524362,0.7,81.6,0,0,17,6,0,0.00789,0,normal
LG-1004,2025-01-12 20:41:00,6.420637,3.118794,107.9,60.5,0,2,20,6,0,0.25171,1,route_deviation
LG-1004,2025-01-12 20:59:00,6.423358,3.38962,3.1,66.0,0,0,20,6,0,0.03172,0,normal
LG-1004,2025-01-12 21:15:00,6.594664,3.32357,3.2,46.8,0,0,21,6,0,0.02427,0,normal
LG-1004,2025-01-12 21:50:00,6.449948,3.437968,3.9,39.2,0,0,21,6,0,0.02774,0,normal
LG-1004,2025-01-12 22:14:00,6.471487,3.381561,1.1,50.4,0,0,22,6,0,0.02127,0,normal
LG-1004,2025-01-12 22:58:00,6.44742,3.38629,3.3,63.2,0,0,22,6,0,0.01155,0,normal
LG-1004,2025-01-13 02:25:00,6.512252,3.359521,0.4,76.5,0,5,2,0,0,0.01334,0,normal
LG-1004,2025-01-13 04:02:00,6.480415,3.353536,4.2,88.6,0,0,4,0,0,0.01911,0,normal
LG-1004,2025-01-13 11:24:00,6.414275,2.92342,73.1,86.1,1,2,11,0,1,0.44276,1,route_deviation
LG-1004,2025-01-13 18:58:00,6.845444,3.626157,21.1,42.7,1,0,4,0,0,0.37105,1,private_use
LG-1004,2025-01-13 19:46:00,6.436953,3.417414,4.6,47.4,0,0,19,0,0,0.00964,0,normal
LG-1004,2025-01-13 19:46:00,6.495948,3.364462,0.0,71.9,0,0,19,0,0,0.00715,0,normal
LG-1004,2025-01-13 23:01:00,6.464578,3.539531,1.6,46.2,0,0,23,0,0,0.01754,0,normal
LG-1004,2025-01-13 23:35:00,6.470743,3.502096,4.6,56.0,0,0,23,0,0,0.02072,0,normal
LG-1004,2025-01-14 00:22:00,6.438251,3.412002,1.0,65.5,0,12,0,1,0,0.01364,0,normal
LG-1004,2025-01-14 01:19:00,6.485125,3.345878,2.7,88.6,0,0,1,1,0,0.01842,0,normal
LG-1004,2025-01-14 02:22:00,6.586126,3.360218,0.2,78.5,0,0,2,1,0,0.0199,0,normal
LG-1004,2025-01-14 02:29:00,6.428903,2.953669,76.8,96.5,0,0,2,1,0,0.41036,1,route_deviation
LG-1004,2025-01-14 02:38:00,6.444153,3.384476,4.7,74.7,0,0,2,1,0,0.01511,0,normal
LG-1004,2025-01-14 06:50:00,6.426111,3.41133,0.2,89.4,0,0,6,1,0,0.00985,0,normal
LG-1004,2025-01-14 09:40:00,6.492552,3.363911,52.9,70.4,1,0,9,1,1,0.00875,0,normal
LG-1004,2025-01-14 11:19:00,6.475911,3.333217,59.6,50.3,1,5,11,1,1,0.03387,0,normal
LG-1004,2025-01-14 12:42:00,6.453864,3.423888,23.3,46.3,1,0,12,1,1,0.02603,0,normal
LG-1004,2025-01-14 12:46:00,6.455683,3.538654,55.3,53.6,1,2,12,1,1,0.01908,0,normal
LG-1004,2025-01-14 14:39:00,6.502671,3.537303,24.4,75.5,1,2,14,1,1,0.04066,0,normal
LG-1004,2025-01-14 15:11:00,6.464193,3.42202,53.7,79.2,1,0,15,1,1,0.02854,0,normal
LG-1004,2025-01-14 17:58:00,6.593088,3.318998,25.0,48.9,1,0,17,1,1,0.0291,0,normal
LG-1004,2025-01-14 18:59:00,6.46309,3.484794,18.7,71.3,1,0,18,1,1,0.03726,0,normal
LG-1004,2025-01-14 22:50:00,6.50605,3.35305,3.0,30.3,0,0,22,1,0,0.00861,0,normal
LG-1004,2025-01-14 23:12:00,6.423219,3.433325,1.1,37.3,0,5,23,1,0,0.01322,0,normal
LG-1004,2025-01-15 05:44:00,6.461241,3.405047,0.8,58.5,0,0,5,2,0,0.01183,0,normal
LG-1004,2025-01-15 05:44:00,6.466796,3.511812,0.2,91.6,0,0,5,2,0,0.01035,0,normal
LG-1004,2025-01-15 06:39:00,6.438962,3.390017,1.1,60.4,0,12,6,2,0,0.01679,0,normal
LG-1004,2025-01-15 06:49:00,6.788878,3.558719,28.5,61.9,1,0,5,2,0,0.28306,1,private_use
LG-1004,2025-01-15 06:53:00,6.625424,3.353042,0.7,63.5,1,172,6,2,0,0.02516,1,excessive_idle
LG-1004,2025-01-15 06:55:00,6.497318,3.35105,3.7,72.5,0,0,6,2,0,0.00715,0,normal
LG-1004,2025-01-15 13:04:00,6.562759,3.360818,26.0,69.7,1,0,13,2,1,0.04066,0,normal
LG-1004,2025-01-15 13:10:00,6.448924,3.414125,44.0,74.6,1,0,13,2,1,0.02007,0,normal
LG-1004,2025-01-15 16:19:00,6.47074,3.39257,18.6,47.5,1,0,16,2,1,0.01593,0,normal
LG-1004,2025-01-15 17:52:00,6.637235,3.342304,56.7,46.9,1,0,17,2,1,0.03654,0,normal
LG-1004,2025-01-15 19:30:00,6.435088,3.422191,1.5,74.4,0,0,19,2,0,0.00719,0,normal
LG-1004,2025-01-15 21:11:00,6.468612,3.494857,3.6,38.6,0,2,21,2,0,0.02738,0,normal
LG-1004,2025-01-15 21:20:00,6.429258,3.405214,4.2,49.3,0,8,21,2,0,0.01584,0,normal
LG-1004,2025-01-15 22:31:00,6.607868,3.374316,0.7,33.9,0,0,22,2,0,0.02817,0,normal
LG-1004,2025-01-15 22:33:00,6.489572,3.358129,0.2,43.4,0,0,22,2,0,0.00943,0,normal
LG-1004,2025-01-16 00:46:00,6.600201,3.35616,3.0,88.5,0,2,0,3,0,0.0092,0,normal
LG-1004,2025-01-16 01:06:00,6.625202,3.351956,4.1,85.7,0,0,1,3,0,0.0247,0,normal
LG-1004,2025-01-16 02:41:00,6.433711,3.415877,2.1,75.6,0,0,2,3,0,0.00767,0,normal
LG-1004,2025-01-16 04:58:00,6.461524,3.380556,3.3,94.5,0,0,4,3,0,0.01585,0,normal
LG-1004,2025-01-16 05:14:00,6.473502,3.433879,0.0,70.6,1,228,5,3,0,0.04306,1,excessive_idle
LG-1004,2025-01-16 08:11:00,6.453067,3.402816,52.9,69.1,1,0,8,3,1,0.00805,0,normal
LG-1004,2025-01-16 10:39:00,6.560844,3.345253,20.4,87.1,1,0,10,3,1,0.04019,0,normal
LG-1004,2025-01-16 11:58:00,6.473553,3.4237,54.9,61.7,1,0,11,3,1,0.03417,0,normal
LG-1004,2025-01-16 13:06:00,6.449574,3.548078,26.1,63.4,1,0,13,3,1,0.0303,0,normal
LG-1004,2025-01-16 15:13:00,6.609324,3.322748,40.7,62.8,1,0,15,3,1,0.02564,0,normal
LG-1004,2025-01-16 16:00:00,6.606465,3.343745,14.3,55.0,1,0,16,3,1,0.00636,0,normal
LG-1004,2025-01-16 17:31:00,6.494684,3.373537,55.4,77.9,1,2,17,3,1,0.01613,0,normal
LG-1004,2025-01-16 18:50:00,6.758955,3.620215,63.6,66.3,1,0,22,3,0,0.30993,1,private_use
LG-1004,2025-01-16 19:01:00,6.453689,3.41241,3.9,67.3,0,0,19,3,0,0.01746,0,normal
LG-1004,2025-01-16 19:26:00,6.465334,3.384207,1.0,67.2,0,0,19,3,0,0.01494,0,normal
LG-1004,2025-01-16 20:54:00,6.790106,3.637569,54.0,57.1,1,0,22,3,0,0.34504,1,private_use
LG-1004,2025-01-16 21:48:00,6.471841,3.544098,0.5,63.1,0,0,21,3,0,0.02313,0,normal
LG-1004,2025-01-16 22:32:00,6.597452,3.331034,2.1,33.6,0,0,22,3,0,0.01636,0,normal
LG-1004,2025-01-16 22:42:00,6.613561,3.315563,5.0,46.9,0,0,22,3,0,0.03385,0,normal
LG-1004,2025-01-16 23:24:00,6.489492,3.333748,1.8,60.1,0,0,23,3,0,0.02605,0,normal
LG-1004,2025-01-17 02:19:00,6.608367,3.347048,0.6,76.2,0,8,2,4,0,0.00737,0,normal
LG-1004,2025-01-17 03:38:00,6.466115,3.374945,4.9,87.6,0,0,3,4,0,0.02293,0,normal
LG-1004,2025-01-17 05:10:00,6.591327,3.350555,4.1,87.1,0,0,5,4,0,0.01031,0,normal
LG-1004,2025-01-17 05:58:00,6.421531,3.421556,4.5,81.7,0,2,5,4,0,0.00649,0,normal
LG-1004,2025-01-17 06:24:00,6.586421,3.335157,1.8,58.7,0,0,6,4,0,0.01878,0,normal
LG-1004,2025-01-17 06:26:00,6.455909,3.401508,2.4,68.4,0,5,6,4,0,0.00657,0,normal
LG-1004,2025-01-17 06:49:00,6.584335,3.33664,3.7,82.0,0,0,6,4,0,0.01962,0,normal
LG-1004,2025-01-17 07:48:00,6.438204,3.400596,56.0,69.2,1,0,7,4,1,0.0177,0,normal
LG-1004,2025-01-17 08:50:00,6.379577,3.182367,91.9,55.7,1,0,8,4,1,0.21239,1,route_deviation
LG-1004,2025-01-17 11:40:00,6.427613,3.38908,23.5,72.8,1,0,11,4,1,0.02802,0,normal
LG-1004,2025-01-17 11:46:00,6.475937,3.419901,44.0,67.8,1,0,11,4,1,0.03253,0,normal
LG-1004,2025-01-17 11:58:00,6.456518,3.388309,26.7,65.1,1,0,11,4,1,0.00686,0,normal
LG-1004,2025-01-17 15:32:00,6.577267,3.345862,13.1,66.4,1,0,15,4,1,0.02376,0,normal
LG-1004,2025-01-17 16:07:00,6.426395,3.412304,31.7,47.9,1,0,16,4,1,0.00884,0,normal
LG-1004,2025-01-17 18:30:00,6.413541,3.452461,51.3,38.7,1,0,18,4,1,0.03462,0,normal
LG-1004,2025-01-17 21:11:00,6.487854,3.347394,3.2,62.4,0,0,21,4,0,0.01539,0,normal
LG-1004,2025-01-17 21:20:00,6.426097,3.428172,3.2,48.7,0,0,21,4,0,0.00742,0,normal
LG-1004,2025-01-17 22:37:00,6.47,3.398573,4.8,61.2,0,0,22,4,0,0.01542,0,normal
LG-1004,2025-01-18 00:27:00,6.473333,3.51256,2.2,100.0,0,0,0,5,0,0.01259,0,normal
LG-1004,2025-01-18 01:30:00,6.43161,3.403456,0.8,94.9,0,0,1,5,0,0.01791,0,normal
LG-1004,2025-01-18 02:51:00,6.350995,2.975954,60.2,63.9,0,0,2,5,0,0.40971,1,route_deviation
LG-1004,2025-01-18 05:15:00,6.481083,3.500079,4.4,69.5,0,0,5,5,0,0.02719,0,normal
LG-1004,2025-01-18 08:09:00,6.44988,3.514759,48.1,55.6,1,2,8,5,1,0.01676,0,normal
LG-1004,2025-01-18 12:06:00,6.432939,3.399703,60.8,55.6,1,0,12,5,1,0.02186,0,normal
LG-1004,2025-01-18 13:15:00,6.444819,3.384983,34.1,70.9,0,0,13,5,1,0.01428,0,normal
LG-1004,2025-01-18 13:17:00,6.463169,3.389609,37.3,58.1,1,0,13,5,1,0.00979,0,normal
LG-1004,2025-01-18 15:26:00,6.484816,3.409689,1.1,83.2,0,0,15,5,0,0.03324,0,normal
LG-1004,2025-01-18 17:04:00,6.464259,3.400568,0.4,75.5,0,0,17,5,0,0.0108,0,normal
LG-1004,2025-01-18 18:13:00,6.502004,3.357443,3.9,76.1,0,0,18,5,0,0.00306,0,normal
LG-1004,2025-01-18 18:25:00,6.501393,3.361187,3.0,48.6,0,0,18,5,0,0.00399,0,normal
LG-1004,2025-01-18 22:52:00,6.468917,3.511409,2.7,65.4,0,2,22,5,0,0.01129,0,normal
LG-1004,2025-01-18 23:42:00,6.491677,3.356268,0.3,44.9,0,12,23,5,0,0.00753,0,normal
LG-1004,2025-01-19 00:13:00,6.471917,3.436143,4.5,100.0,0,0,0,6,0,0.04449,0,normal
LG-1004,2025-01-19 03:14:00,6.625601,3.364462,2.6,71.8,0,0,3,6,0,0.03017,0,normal
LG-1004,2025-01-19 05:17:00,6.44791,3.374164,0.8,92.5,0,2,5,6,0,0.02201,0,normal
LG-1004,2025-01-19 07:34:00,6.489549,3.350442,4.5,93.2,0,0,7,6,0,0.0121,0,normal
LG-1004,2025-01-19 09:28:00,6.448525,3.526306,1.2,64.7,0,0,9,6,0,0.01703,0,normal
LG-1004,2025-01-19 09:36:00,6.489045,3.34772,1.3,55.9,0,8,9,6,0,0.01431,0,normal
LG-1004,2025-01-19 09:47:00,6.463339,3.401298,4.8,82.6,0,12,9,6,0,0.01045,0,normal
LG-1004,2025-01-19 17:57:00,6.583381,3.362017,1.9,56.3,0,0,17,6,0,0.02315,0,normal
LG-1004,2025-01-19 18:00:00,6.4965,3.352691,1.7,71.5,0,0,18,6,0,0.00587,0,normal
LG-1004,2025-01-19 19:22:00,6.489985,3.395946,3.8,66.6,0,0,19,6,0,0.035,0,normal
LG-1004,2025-01-19 22:30:00,6.848348,3.715756,38.2,57.5,1,0,3,6,0,0.42953,1,private_use
LG-1004,2025-01-20 01:10:00,6.400156,3.460561,0.0,67.2,0,0,1,0,0,0.04838,0,normal
LG-1004,2025-01-20 05:10:00,6.449529,3.395128,0.7,95.2,0,0,5,0,0,0.00547,0,normal
LG-1004,2025-01-20 05:41:00,6.510971,3.35749,3.8,69.3,0,0,5,0,0,0.01198,0,normal
LG-1004,2025-01-20 09:26:00,6.48544,3.396232,55.7,80.0,1,0,9,0,1,0.03047,0,normal
LG-1004,2025-01-20 10:39:00,6.450696,3.410855,49.5,73.4,1,0,10,0,1,0.01643,0,normal
LG-1004,2025-01-20 12:39:00,6.470636,3.549887,26.7,64.0,1,0,12,0,1,0.02845,0,normal
LG-1004,2025-01-20 13:29:00,6.443068,3.36421,53.4,51.2,1,0,13,0,1,0.03302,0,normal
LG-1004,2025-01-20 13:35:00,6.46842,3.388114,52.4,48.2,1,0,13,0,1,0.01508,0,normal
LG-1004,2025-01-20 13:37:00,6.44696,3.44958,36.1,79.0,1,0,13,0,1,0.0343,0,normal
LG-1004,2025-01-20 14:46:00,6.469345,3.528989,29.7,57.1,1,0,14,0,1,0.00823,0,normal
LG-1004,2025-01-20 15:15:00,6.436483,3.42682,29.6,52.0,1,12,15,0,1,0.01029,0,normal
LG-1004,2025-01-20 15:31:00,6.43911,3.394334,24.9,71.9,1,0,15,0,1,0.0159,0,normal
LG-1004,2025-01-20 15:34:00,6.428401,3.410426,38.4,81.1,1,0,15,0,1,0.01058,0,normal
LG-1004,2025-01-20 18:32:00,6.439851,3.397151,1.1,19.0,1,89,18,0,1,0.0153,1,fuel_theft
LG-1004,2025-01-20 21:11:00,6.598756,3.332749,1.7,45.2,0,2,21,0,0,0.01443,0,normal
LG-1004,2025-01-20 22:08:00,6.438882,3.552334,3.7,54.6,0,0,22,0,0,0.04003,0,normal
LG-1004,2025-01-20 22:17:00,6.421342,3.416436,1.7,69.3,0,12,22,0,0,0.00807,0,normal
LG-1004,2025-01-21 01:19:00,6.455525,3.393264,3.5,100.0,0,2,1,1,0,0.00181,0,normal
LG-1004,2025-01-21 04:36:00,6.451967,3.392632,4.3,95.7,0,2,4,1,0,0.00385,0,normal
LG-1004,2025-01-21 05:43:00,6.467748,3.391874,3.7,87.6,0,0,5,1,0,0.01313,0,normal
LG-1004,2025-01-21 06:58:00,6.516866,3.362712,3.3,56.9,0,0,6,1,0,0.01848,0,normal
LG-1004,2025-01-21 07:25:00,6.497387,3.355418,46.3,73.3,1,0,7,1,1,0.00304,0,normal
LG-1004,2025-01-21 08:06:00,6.434663,3.418445,48.7,73.1,1,0,8,1,1,0.00714,0,normal
LG-1004,2025-01-21 09:26:00,6.448876,3.520474,16.1,84.6,1,8,9,1,1,0.0162,0,normal
LG-1004,2025-01-21 11:25:00,6.44574,3.422084,16.5,54.0,1,0,11,1,1,0.01777,0,normal
LG-1004,2025-01-21 12:30:00,6.475262,3.403108,14.5,85.4,1,5,12,1,1,0.02182,0,normal
LG-1004,2025-01-21 12:51:00,6.504379,3.374186,50.7,73.8,1,2,12,1,1,0.01706,0,normal
LG-1004,2025-01-21 15:05:00,6.57819,3.350945,30.8,40.7,1,0,15,1,1,0.02315,0,normal
LG-1004,2025-01-21 16:39:00,6.474532,3.369252,60.9,64.8,1,0,16,1,1,0.02693,0,normal
LG-1004,2025-01-21 16:43:00,6.611797,3.342443,55.5,46.3,1,0,16,1,1,0.01172,0,normal
LG-1004,2025-01-21 16:50:00,6.478304,3.522539,45.6,79.2,1,0,16,1,1,0.01331,0,normal
LG-1004,2025-01-21 18:28:00,6.506307,3.372239,37.8,74.1,1,8,18,1,1,0.016,0,normal
LG-1004,2025-01-21 18:45:00,6.442039,3.391395,19.1,73.0,1,0,18,1,1,0.01345,0,normal
LG-1004,2025-01-21 21:37:00,6.464548,3.393474,0.4,52.0,0,5,21,1,0,0.00967,0,normal
LG-1004,2025-01-21 21:41:00,6.637988,3.351214,4.0,70.1,0,0,21,1,0,0.03723,0,normal
LG-1004,2025-01-22 00:14:00,6.501001,3.3637,2.3,19.3,1,41,0,2,0,0.00604,1,fuel_theft
LG-1004,2025-01-22 00:20:00,6.617554,3.334529,0.0,65.8,0,0,0,2,0,0.02073,0,normal
LG-1004,2025-01-22 04:06:00,6.453236,3.401113,4.7,80.6,0,0,4,2,0,0.00636,0,normal
LG-1004,2025-01-22 08:33:00,6.498867,3.368673,33.9,75.2,1,0,8,2,1,0.01067,0,normal
LG-1004,2025-01-22 10:04:00,6.440038,3.385617,31.4,82.3,1,0,10,2,1,0.01766,0,normal
LG-1004,2025-01-22 10:15:00,6.590294,3.34588,11.4,80.9,1,0,10,2,1,0.01076,0,normal
LG-1004,2025-01-22 10:33:00,6.42677,3.417129,30.5,60.6,0,0,10,2,1,0.00406,0,normal
LG-1004,2025-01-22 15:42:00,6.590076,3.349566,16.4,49.2,1,0,15,2,1,0.01122,0,normal
LG-1004,2025-01-22 16:43:00,6.470516,3.385488,33.2,45.2,1,0,16,2,1,0.0182,0,normal
LG-1004,2025-01-22 20:15:00,6.608518,3.366136,2.6,74.0,0,5,20,2,0,0.02056,0,normal
LG-1004,2025-01-22 22:04:00,6.447253,3.411184,2.9,46.2,0,8,22,2,0,0.01794,0,normal
LG-1004,2025-01-22 22:50:00,6.456346,3.513707,4.0,49.6,0,8,22,2,0,0.01199,0,normal
LG-1004,2025-01-22 23:21:00,6.600553,3.33747,0.1,53.2,0,0,23,2,0,0.00954,0,normal
LG-1004,2025-01-23 01:32:00,6.467108,3.526747,2.8,95.0,0,2,1,3,0,0.00519,0,normal
LG-1004,2025-01-23 03:51:00,6.468615,3.514883,1.8,68.0,0,2,3,3,0,0.00798,0,normal
LG-1004,2025-01-23 03:56:00,6.374918,3.170426,71.0,98.2,0,0,3,3,0,0.2249,1,route_deviation
LG-1004,2025-01-23 04:45:00,6.517484,3.361289,1.8,87.7,0,0,4,3,0,0.01877,0,normal
LG-1004,2025-01-23 04:51:00,6.477078,3.415276,2.4,92.3,0,0,4,3,0,0.02998,0,normal
LG-1004,2025-01-23 05:40:00,6.505923,3.348516,1.0,94.7,0,0,5,3,0,0.01174,0,normal
LG-1004,2025-01-23 07:52:00,6.435952,3.409952,63.6,63.3,1,0,7,3,1,0.01361,0,normal
LG-1004,2025-01-23 11:30:00,6.453368,3.39907,32.3,70.0,1,0,11,3,1,0.00439,0,normal
LG-1004,2025-01-23 12:16:00,6.477209,3.52123,39.8,80.8,1,8,12,3,1,0.01223,0,normal
LG-1004,2025-01-23 14:07:00,6.468374,3.439629,14.0,57.9,1,0,14,3,1,0.04446,0,normal
LG-1004,2025-01-23 15:04:00,6.3932,2.956133,82.7,63.1,1,0,15,3,1,0.41556,1,route_deviation
LG-1004,2025-01-23 15:27:00,6.462325,3.380229,33.1,43.5,1,0,15,3,1,0.01649,0,normal
LG-1004,2025-01-23 16:28:00,6.61971,3.366212,10.3,80.7,1,12,16,3,1,0.02682,0,normal
LG-1004,2025-01-23 19:11:00,6.464137,3.508927,3.5,43.4,0,0,19,3,0,0.0131,0,normal
LG-1004,2025-01-23 19:26:00,6.441961,3.441732,4.2,48.8,0,0,19,3,0,0.02499,0,normal
LG-1004,2025-01-24 00:45:00,6.414854,3.417913,4.0,95.0,0,2,0,4,0,0.0135,0,normal
LG-1004,2025-01-24 01:23:00,6.844392,3.672023,66.7,100.0,1,0,23,4,0,0.40605,1,private_use
LG-1004,2025-01-24 02:23:00,6.456684,3.381247,2.1,68.6,0,0,2,4,0,0.01386,0,normal
LG-1004,2025-01-24 02:45:00,6.456213,3.535673,0.6,100.0,0,8,2,4,0,0.01625,0,normal
LG-1004,2025-01-24 02:52:00,6.444898,3.448521,0.2,100.0,0,0,2,4,0,0.0323,0,normal
LG-1004,2025-01-24 03:53:00,6.621925,3.332862,0.8,72.5,0,0,3,4,0,0.02525,0,normal
LG-1004,2025-01-24 08:22:00,6.491461,3.532739,62.2,88.3,1,0,8,4,1,0.02856,0,normal
LG-1004,2025-01-24 10:02:00,6.437267,3.417675,19.7,80.0,1,2,10,4,1,0.00985,0,normal
LG-1004,2025-01-24 10:29:00,6.598036,3.356252,56.6,63.9,1,0,10,4,1,0.00971,0,normal
LG-1004,2025-01-24 13:30:00,6.478403,3.507318,62.5,71.6,1,0,13,4,1,0.01988,0,normal
LG-1004,2025-01-24 14:57:00,6.444268,3.443065,52.6,56.3,1,2,14,4,1,0.02741,0,normal
LG-1004,2025-01-24 16:25:00,6.436922,3.412135,38.8,74.7,1,0,16,4,1,0.01258,0,normal
LG-1004,2025-01-24 18:43:00,6.407072,3.451469,55.5,53.9,1,0,18,4,1,0.03696,0,normal
LG-1004,2025-01-24 18:54:00,6.449522,3.510785,22.6,58.0,1,0,18,4,1,0.01911,0,normal
LG-1004,2025-01-24 20:11:00,6.407544,3.036038,62.3,54.2,0,0,20,4,0,0.3347,1,route_deviation
LG-1004,2025-01-24 20:49:00,6.620228,3.337753,3.0,44.4,0,0,20,4,0,0.02134,0,normal
LG-1004,2025-01-24 20:50:00,6.432339,3.42509,3.3,51.8,0,0,20,4,0,0.00596,0,normal
LG-1004,2025-01-24 21:08:00,6.604856,3.324224,1.9,64.6,0,0,21,4,0,0.0231,0,normal
LG-1004,2025-01-24 21:44:00,6.490852,3.409278,3.9,51.0,0,0,21,4,0,0.03859,0,normal
LG-1004,2025-01-24 23:58:00,6.443268,3.52239,4.2,43.2,0,2,23,4,0,0.02174,0,normal
LG-1004,2025-01-25 01:45:00,6.62679,3.362545,1.0,86.1,0,0,1,5,0,0.03011,0,normal
LG-1004,2025-01-25 04:38:00,6.61909,3.328981,1.9,69.0,0,0,4,5,0,0.02553,0,normal
LG-1004,2025-01-25 05:59:00,6.463207,3.414146,3.8,88.1,0,0,5,5,0,0.02083,0,normal
LG-1004,2025-01-25 06:40:00,6.440752,3.405563,2.8,78.2,0,0,6,5,0,0.01774,0,normal
LG-1004,2025-01-25 10:28:00,6.43249,3.424029,45.2,67.5,1,0,10,5,1,0.00542,0,normal
LG-1004,2025-01-25 11:51:00,6.449737,3.388178,24.5,83.9,1,0,11,5,1,0.00862,0,normal
LG-1004,2025-01-25 13:04:00,6.59047,3.362299,58.3,67.5,1,0,13,5,1,0.01857,0,normal
LG-1004,2025-01-25 17:49:00,6.446428,3.504988,0.4,62.6,0,0,17,5,0,0.02519,0,normal
LG-1004,2025-01-25 17:52:00,6.446744,3.51667,2.8,53.9,0,2,17,5,0,0.01902,0,normal
LG-1004,2025-01-25 20:02:00,6.498983,3.360344,2.9,49.2,0,0,20,5,0,0.00234,0,normal
LG-1004,2025-01-26 01:29:00,6.597109,3.372606,3.1,87.5,0,8,1,6,0,0.0259,0,normal
LG-1004,2025-01-26 02:42:00,6.474893,3.366344,2.3,64.3,0,8,2,6,0,0.02551,0,normal
LG-1004,2025-01-26 05:08:00,6.492293,3.355404,2.5,75.0,0,0,5,6,0,0.00719,0,normal
LG-1004,2025-01-26 06:50:00,6.501147,3.411345,1.4,63.0,0,8,6,6,0,0.04896,0,normal
LG-1004,2025-01-26 07:31:00,6.505344,3.540594,3.3,68.3,0,0,7,6,0,0.04442,0,normal
LG-1004,2025-01-26 11:12:00,6.618756,3.369839,4.4,53.4,0,0,11,6,0,0.02893,0,normal
LG-1004,2025-01-26 12:28:00,6.449942,3.524215,3.3,74.5,0,2,12,6,0,0.01522,0,normal
LG-1004,2025-01-26 12:47:00,6.473833,3.390623,4.6,63.4,0,0,12,6,0,0.01934,0,normal
LG-1004,2025-01-26 13:08:00,6.598442,3.334979,0.4,48.5,0,0,13,6,0,0.01229,0,normal
LG-1004,2025-01-26 14:36:00,6.599108,3.338262,2.4,58.4,0,0,14,6,0,0.00894,0,normal
LG-1004,2025-01-26 15:13:00,6.461989,3.435209,3.1,46.7,0,5,15,6,0,0.03684,0,normal
LG-1004,2025-01-26 15:18:00,6.49914,3.399472,2.1,45.9,0,0,15,6,0,0.04147,0,normal
LG-1004,2025-01-26 16:58:00,6.478645,3.513191,3.6,48.0,0,0,16,6,0,0.01624,0,normal
LG-1004,2025-01-26 17:40:00,6.483007,3.527299,0.0,41.9,0,0,17,6,0,0.01877,0,normal
LG-1004,2025-01-26 17:46:00,6.433156,3.402783,1.3,59.7,0,0,17,6,0,0.01893,0,normal
LG-1004,2025-01-26 19:01:00,6.471712,3.517258,1.9,46.3,0,0,19,6,0,0.00822,0,normal
LG-1004,2025-01-26 19:57:00,6.505602,3.338582,3.3,36.1,0,0,19,6,0,0.02051,0,normal
LG-1004,2025-01-26 20:42:00,6.740812,3.703906,58.2,62.3,1,2,0,6,0,0.3304,1,private_use
LG-1004,2025-01-26 21:07:00,6.495626,3.347614,0.8,59.4,0,5,21,6,0,0.01092,0,normal
LG-1004,2025-01-26 23:36:00,6.474244,3.413121,3.1,45.2,0,5,23,6,0,0.02643,0,normal
LG-1004,2025-01-27 02:37:00,6.526384,3.361611,4.7,80.9,0,0,2,0,0,0.02762,0,normal
LG-1004,2025-01-27 04:33:00,6.467002,3.518697,0.2,81.4,0,0,4,0,0,0.00386,0,normal
LG-1004,2025-01-27 06:46:00,6.424898,3.407123,3.1,82.4,0,0,6,0,0,0.01422,0,normal
LG-1004,2025-01-27 09:03:00,6.504072,3.35786,46.9,77.0,1,0,9,0,1,0.00507,0,normal
LG-1004,2025-01-27 09:28:00,6.449274,3.510978,42.1,68.0,1,0,9,0,1,0.0192,0,normal
LG-1004,2025-01-27 13:57:00,6.500313,3.353597,27.8,65.5,1,0,13,0,1,0.0046,0,normal
LG-1004,2025-01-27 14:18:00,6.503133,3.349217,63.1,69.1,1,0,14,0,1,0.00971,0,normal
LG-1004,2025-01-27 16:17:00,6.419457,3.43074,58.2,62.4,1,5,16,0,1,0.01296,0,normal
LG-1004,2025-01-27 17:00:00,6.434896,3.416052,45.7,56.7,1,0,17,0,1,0.00849,0,normal
LG-1004,2025-01-27 17:44:00,6.458289,3.538088,33.8,60.6,1,0,17,0,1,0.01743,0,normal
LG-1004,2025-01-27 18:26:00,6.472204,3.488434,29.9,63.0,1,0,18,0,1,0.03433,0,normal
LG-1004,2025-01-27 21:50:00,6.462733,3.412532,1.7,11.6,1,70,21,0,0,0.01916,1,fuel_theft
LG-1004,2025-01-28 02:07:00,6.622068,3.355719,3.9,72.3,0,0,2,1,0,0.0228,0,normal
LG-1004,2025-01-28 02:20:00,6.50509,3.348603,2.9,65.2,0,0,2,1,0,0.0112,0,normal
LG-1004,2025-01-28 03:26:00,6.50417,3.357348,1.8,91.6,0,2,3,1,0,0.00521,0,normal
LG-1004,2025-01-28 04:20:00,6.464913,3.396196,4.4,70.4,0,0,4,1,0,0.00998,0,normal
LG-1004,2025-01-28 04:23:00,6.468947,3.512611,3.5,80.8,0,0,4,1,0,0.01019,0,normal
LG-1004,2025-01-28 04:41:00,6.485034,3.534659,0.8,85.4,0,0,4,1,0,0.0237,0,normal
LG-1004,2025-01-28 06:27:00,6.48227,3.500265,0.4,77.3,0,0,6,1,0,0.02776,0,normal
LG-1004,2025-01-28 06:36:00,6.441962,3.411114,1.8,86.2,0,0,6,1,0,0.01711,0,normal
LG-1004,2025-01-28 07:03:00,6.44648,3.40287,63.4,66.3,0,0,7,1,1,0.0116,0,normal
LG-1004,2025-01-28 07:57:00,6.486375,3.487031,21.5,82.7,1,2,7,1,1,0.04098,0,normal
LG-1004,2025-01-28 09:57:00,6.448811,3.40186,21.1,76.4,1,0,9,1,1,0.00924,0,normal
LG-1004,2025-01-28 10:28:00,6.406903,3.408417,12.9,89.1,1,0,10,1,1,0.02456,0,normal
LG-1004,2025-01-28 10:56:00,6.480897,3.526896,20.2,66.5,1,2,10,1,1,0.01663,0,normal
LG-1004,2025-01-28 11:00:00,6.499093,3.36355,44.2,55.4,1,2,11,1,1,0.00555,0,normal
LG-1004,2025-01-28 11:05:00,6.619277,3.340924,11.7,69.0,1,0,11,1,1,0.01926,0,normal
LG-1004,2025-01-28 12:20:00,6.467506,3.399787,57.3,76.9,1,0,12,1,1,0.01339,0,normal
LG-1004,2025-01-28 16:40:00,6.454254,3.393076,25.1,62.6,1,0,16,1,1,0.00206,0,normal
LG-1004,2025-01-28 17:43:00,6.420048,2.91696,88.3,48.4,1,0,17,1,1,0.44805,1,route_deviation
LG-1004,2025-01-28 18:17:00,6.470181,3.421952,58.7,72.5,1,0,18,1,1,0.03093,0,normal
LG-1004,2025-01-28 18:47:00,6.497928,3.357161,56.6,53.3,1,0,18,1,1,0.00136,0,normal
LG-1004,2025-01-28 19:02:00,6.442268,3.391452,2.4,51.7,0,0,19,1,0,0.01322,0,normal
LG-1004,2025-01-28 19:47:00,6.512002,3.351077,3.7,63.2,0,0,19,1,0,0.01473,0,normal
LG-1004,2025-01-28 19:53:00,6.436277,3.419392,0.2,42.1,1,147,19,1,0,0.00843,1,excessive_idle
LG-1004,2025-01-28 19:55:00,6.483762,3.536909,2.8,55.9,0,12,19,1,0,0.02396,0,normal
LG-1004,2025-01-28 20:42:00,6.436762,3.409798,0.4,64.7,0,2,20,1,0,0.01422,0,normal
LG-1004,2025-01-29 03:01:00,6.453243,3.525604,0.7,82.9,0,0,3,2,0,0.0123,0,normal
LG-1004,2025-01-29 04:37:00,6.429098,3.410614,0.9,75.3,0,0,4,2,0,0.01044,0,normal
LG-1004,2025-01-29 05:10:00,6.453318,3.51904,3.2,76.2,0,0,5,2,0,0.01205,0,normal
LG-1004,2025-01-29 06:36:00,6.582715,3.360285,3.3,73.1,0,5,6,2,0,0.0226,0,normal
LG-1004,2025-01-29 08:16:00,6.786436,3.702304,38.6,65.6,1,0,0,2,0,0.36855,1,private_use
LG-1004,2025-01-29 10:13:00,6.474436,3.511377,52.3,51.2,1,0,10,2,1,0.01421,0,normal
LG-1004,2025-01-29 12:19:00,6.593876,3.347469,0.7,9.9,1,62,12,2,1,0.00714,1,fuel_theft
LG-1004,2025-01-29 12:49:00,6.489008,3.37513,16.4,79.7,1,0,12,2,1,0.01983,0,normal
LG-1004,2025-01-29 13:12:00,6.4654,3.506959,57.8,48.5,1,0,13,2,1,0.01505,0,normal
LG-1004,2025-01-29 14:26:00,6.601435,3.331613,13.3,76.1,1,0,14,2,1,0.01539,0,normal
LG-1004,2025-01-29 18:20:00,6.506779,3.346365,25.8,68.0,1,0,18,2,1,0.014,0,normal
LG-1004,2025-01-29 19:10:00,6.368134,3.044053,80.0,66.2,0,0,19,2,0,0.34013,1,route_deviation
LG-1004,2025-01-29 23:25:00,6.473668,3.527501,0.3,43.3,0,0,23,2,0,0.01027,0,normal
LG-1004,2025-01-30 00:01:00,6.513233,3.354059,0.4,88.9,0,0,0,3,0,0.01477,0,normal
LG-1004,2025-01-30 00:41:00,6.470177,3.410351,1.6,91.2,0,8,0,3,0,0.02159,0,normal
LG-1004,2025-01-30 00:57:00,6.579187,3.34427,3.1,89.5,0,5,0,3,0,0.02198,0,normal
LG-1004,2025-01-30 01:50:00,6.602246,3.337209,1.8,92.1,0,0,1,3,0,0.00987,0,normal
LG-1004,2025-01-30 03:14:00,6.646147,3.343418,2.8,69.9,0,0,3,3,0,0.04529,0,normal
LG-1004,2025-01-30 03:37:00,6.597157,3.353456,1.4,97.0,0,0,3,3,0,0.00751,0,normal
LG-1004,2025-01-30 06:56:00,6.502043,3.341183,2.4,79.7,0,0,6,3,0,0.01709,0,normal
LG-1004,2025-01-30 10:55:00,6.501862,3.361172,0.1,83.5,1,97,10,3,1,0.00427,1,excessive_idle
LG-1004,2025-01-30 11:22:00,6.624828,3.367937,53.6,68.7,1,5,11,3,1,0.03172,0,normal
LG-1004,2025-01-30 12:37:00,6.433941,3.425631,56.2,76.8,1,2,12,3,1,0.00753,0,normal
LG-1004,2025-01-30 12:54:00,6.487515,3.361591,39.4,74.7,1,0,12,3,1,0.01203,0,normal
LG-1004,2025-01-30 13:15:00,6.486754,3.34062,21.5,87.1,1,2,13,3,1,0.02126,0,normal
LG-1004,2025-01-30 13:22:00,6.600817,3.338975,37.7,57.8,1,0,13,3,1,0.00803,0,normal
LG-1004,2025-01-30 14:16:00,6.449611,3.524485,33.4,51.7,1,0,14,3,1,0.01559,0,normal
LG-1004,2025-01-30 17:42:00,6.454478,3.498011,18.6,39.6,1,0,17,3,1,0.02619,0,normal
LG-1004,2025-01-30 19:04:00,6.428101,3.418855,1.4,57.0,0,8,19,3,0,0.00215,0,normal
LG-1004,2025-01-30 19:43:00,6.466861,3.384874,0.8,54.4,0,5,19,3,0,0.0156,0,normal
LG-1004,2025-01-30 20:42:00,6.485038,3.38417,4.4,52.2,0,0,20,3,0,0.02966,0,normal
LG-1004,2025-01-31 00:44:00,6.439577,3.434433,0.8,13.6,1,64,0,4,0,0.01773,1,fuel_theft
LG-1004,2025-01-31 01:10:00,6.457478,3.409132,4.3,90.2,0,0,1,4,0,0.01435,0,normal
LG-1004,2025-01-31 01:17:00,6.594901,3.325955,0.4,100.0,1,189,1,4,0,0.02191,1,excessive_idle
LG-1004,2025-01-31 01:35:00,6.434999,3.421753,1.9,65.7,0,0,1,4,0,0.00704,0,normal
LG-1004,2025-01-31 02:14:00,6.703182,3.566296,37.1,75.9,1,0,3,4,0,0.24193,1,private_use
LG-1004,2025-01-31 02:30:00,6.449936,3.409853,0.5,89.4,0,0,2,4,0,0.01569,0,normal
LG-1004,2025-01-31 03:05:00,6.574302,3.330539,1.2,78.2,0,0,3,4,0,0.03136,0,normal
LG-1004,2025-01-31 03:14:00,6.448538,3.551265,1.9,66.4,0,2,3,4,0,0.03358,0,normal
LG-1004,2025-01-31 03:23:00,6.496716,3.350815,3.8,79.0,0,0,3,4,0,0.00754,0,normal
LG-1004,2025-01-31 03:27:00,6.429749,3.416329,3.1,69.2,0,0,3,4,0,0.00499,0,normal
LG-1004,2025-01-31 03:47:00,6.772223,3.719254,66.3,83.6,1,0,3,4,0,0.3651,1,private_use
LG-1004,2025-01-31 05:27:00,6.481013,3.55252,1.3,65.5,0,0,5,4,0,0.03447,0,normal
LG-1005,2025-01-01 06:31:00,6.484337,3.353941,4.2,64.5,0,0,6,2,0,0.01521,0,normal
LG-1005,2025-01-01 07:48:00,6.586375,3.315271,50.1,94.7,1,0,7,2,1,0.03494,0,normal
LG-1005,2025-01-01 08:02:00,6.607259,3.348411,34.2,68.7,1,0,8,2,1,0.00642,0,normal
LG-1005,2025-01-01 08:51:00,6.507963,3.339548,49.8,56.6,1,0,8,2,1,0.02051,0,normal
LG-1005,2025-01-01 09:01:00,6.492604,3.339028,31.5,83.9,1,0,9,2,1,0.02002,0,normal
LG-1005,2025-01-01 09:13:00,6.44194,3.40702,34.5,75.0,1,0,9,2,1,0.01775,0,normal
LG-1005,2025-01-01 09:34:00,6.431943,3.448404,0.7,20.7,1,63,9,2,1,0.02769,1,fuel_theft
LG-1005,2025-01-01 14:11:00,6.438881,3.40512,61.6,58.6,1,0,14,2,1,0.01903,0,normal
LG-1005,2025-01-01 17:08:00,6.45534,3.41394,15.6,56.1,1,0,17,2,1,0.01894,0,normal
LG-1005,2025-01-01 17:24:00,6.45053,3.410508,1.6,12.3,1,37,17,2,1,0.01614,1,fuel_theft
LG-1005,2025-01-01 23:55:00,6.459637,3.380089,3.4,34.1,0,5,23,2,0,0.01562,0,normal
LG-1005,2025-01-01 23:58:00,6.603121,3.335594,1.0,55.5,0,0,23,2,0,0.0116,0,normal
LG-1005,2025-01-02 01:00:00,6.423144,3.418084,1.8,71.6,0,0,1,3,0,0.00566,0,normal
LG-1005,2025-01-02 02:28:00,6.478182,3.506485,2.6,64.9,0,2,2,3,0,0.02036,0,normal
LG-1005,2025-01-02 04:09:00,6.619888,3.34402,1.6,64.7,0,0,4,3,0,0.01912,0,normal
LG-1005,2025-01-02 05:25:00,6.504543,3.351746,5.0,57.9,0,2,5,3,0,0.00836,0,normal
LG-1005,2025-01-02 05:46:00,6.475647,3.526481,1.5,61.6,0,5,5,3,0,0.01155,0,normal
LG-1005,2025-01-02 14:26:00,6.488903,3.546888,26.9,54.1,1,0,14,3,1,0.03451,0,normal
LG-1005,2025-01-02 16:01:00,6.440044,3.429008,1.4,51.7,1,115,16,3,1,0.01446,1,excessive_idle
LG-1005,2025-01-02 18:47:00,6.451082,3.533843,2.5,17.5,1,39,18,3,1,0.01827,1,fuel_theft
LG-1005,2025-01-02 19:03:00,6.598953,3.33896,0.2,72.2,0,0,19,3,0,0.0083,0,normal
LG-1005,2025-01-02 21:12:00,6.415296,3.420646,1.5,51.9,0,0,21,3,0,0.01271,0,normal
LG-1005,2025-01-02 22:38:00,6.473325,3.524591,4.8,63.3,0,0,22,3,0,0.00872,0,normal
LG-1005,2025-01-02 22:49:00,6.61455,3.353844,2.3,61.9,0,8,22,3,0,0.01518,0,normal
LG-1005,2025-01-02 23:42:00,6.609758,3.353032,2.6,69.5,0,0,23,3,0,0.01063,0,normal
LG-1005,2025-01-03 00:57:00,6.469724,3.380616,3.2,67.8,0,0,0,4,0,0.02058,0,normal
LG-1005,2025-01-03 01:02:00,6.449914,3.432823,4.8,79.1,0,2,1,4,0,0.0249,0,normal
LG-1005,2025-01-03 03:59:00,6.518308,3.339206,2.8,90.0,0,0,3,4,0,0.02694,0,normal
LG-1005,2025-01-03 06:18:00,6.470204,3.509149,0.2,73.8,0,0,6,4,0,0.01386,0,normal
LG-1005,2025-01-03 11:01:00,6.451159,3.37878,35.5,71.8,1,0,11,4,1,0.01667,0,normal
LG-1005,2025-01-03 15:52:00,6.433511,3.424726,28.8,62.3,1,0,15,4,1,0.00665,0,normal
LG-1005,2025-01-03 16:15:00,6.76043,3.721447,71.4,43.9,1,0,0,4,0,0.35645,1,private_use
LG-1005,2025-01-03 16:45:00,6.48624,3.514277,11.5,47.3,1,0,16,4,1,0.0226,0,normal
LG-1005,2025-01-04 01:15:00,6.43765,3.392779,4.7,76.6,0,0,1,5,0,0.01749,0,normal
LG-1005,2025-01-04 01:18:00,6.602131,3.343121,4.8,70.3,0,0,1,5,0,0.00404,0,normal
LG-1005,2025-01-04 01:52:00,6.620529,3.348245,3.7,100.0,0,0,1,5,0,0.01957,0,normal
LG-1005,2025-01-04 03:24:00,6.782086,3.68926,34.0,88.8,1,2,23,5,0,0.3585,1,private_use
LG-1005,2025-01-04 03:32:00,6.427571,3.423879,1.5,62.1,0,0,3,5,0,0.00291,0,normal
LG-1005,2025-01-04 06:39:00,6.513543,3.35151,1.0,87.2,0,0,6,5,0,0.01593,0,normal
LG-1005,2025-01-04 09:11:00,6.367769,3.166604,106.2,90.2,1,0,9,5,1,0.23206,1,route_deviation
LG-1005,2025-01-04 09:52:00,6.608393,3.320858,37.6,52.9,1,0,9,5,1,0.02717,0,normal
LG-1005,2025-01-04 11:04:00,6.43424,3.426813,26.8,61.1,1,0,11,5,1,0.00853,0,normal
LG-1005,2025-01-04 12:30:00,6.588257,3.36363,29.2,71.7,1,0,12,5,1,0.02095,0,normal
LG-1005,2025-01-04 13:09:00,6.477779,3.491656,63.3,56.4,1,0,13,5,1,0.03293,0,normal
LG-1005,2025-01-04 13:40:00,6.463692,3.527366,60.2,71.2,1,2,13,5,1,0.00552,0,normal
LG-1005,2025-01-04 13:40:00,6.44448,3.40942,62.7,76.6,1,0,13,5,1,0.01785,0,normal
LG-1005,2025-01-04 13:46:00,6.4998,3.383144,11.2,59.0,1,8,13,5,1,0.02516,0,normal
LG-1005,2025-01-04 15:26:00,6.433566,3.440995,2.3,67.7,0,0,15,5,0,0.02076,0,normal
LG-1005,2025-01-04 16:05:00,6.51208,3.353387,2.0,45.0,0,0,16,5,0,0.01387,0,normal
LG-1005,2025-01-04 17:22:00,6.452141,3.447433,1.3,72.1,0,8,17,5,0,0.0358,0,normal
LG-1005,2025-01-04 18:06:00,6.470778,3.412869,1.3,41.4,0,0,18,5,0,0.02384,0,normal
LG-1005,2025-01-04 18:15:00,6.409193,3.402835,2.8,49.8,0,0,18,5,0,0.02615,0,normal
LG-1005,2025-01-04 20:48:00,6.584819,3.339218,1.2,48.3,0,0,20,5,0,0.01796,0,normal
LG-1005,2025-01-04 22:27:00,6.492642,3.366877,4.6,68.3,0,5,22,5,0,0.01092,0,normal
LG-1005,2025-01-04 23:21:00,6.460465,3.409773,3.0,46.9,0,0,23,5,0,0.01575,0,normal
LG-1005,2025-01-05 03:25:00,6.453485,3.384122,3.6,90.4,0,0,3,6,0,0.01098,0,normal
LG-1005,2025-01-05 03:38:00,6.463915,3.527819,4.5,62.5,0,8,3,6,0,0.00592,0,normal
LG-1005,2025-01-05 03:44:00,6.446431,3.502198,3.0,63.6,0,0,3,6,0,0.02715,0,normal
LG-1005,2025-01-05 04:55:00,6.618849,3.327265,1.7,96.4,0,0,4,6,0,0.02661,0,normal
LG-1005,2025-01-05 05:07:00,6.479494,3.516862,1.1,65.8,0,0,5,6,0,0.01538,0,normal
LG-1005,2025-01-05 06:18:00,6.495328,3.364899,3.7,61.6,0,0,6,6,0,0.00782,0,normal
LG-1005,2025-01-05 08:31:00,6.412022,3.410207,4.1,69.2,0,2,8,6,0,0.01928,0,normal
LG-1005,2025-01-05 08:58:00,6.49305,3.544991,4.9,88.9,0,8,8,6,0,0.03627,0,normal
LG-1005,2025-01-05 12:00:00,6.621784,3.341941,3.5,84.7,0,0,12,6,0,0.02139,0,normal
LG-1005,2025-01-05 12:22:00,6.617913,3.379074,3.2,59.6,0,0,12,6,0,0.03626,0,normal
LG-1005,2025-01-05 12:40:00,6.452257,3.394959,0.2,49.0,0,0,12,6,0,0.00274,0,normal
LG-1005,2025-01-05 13:56:00,6.436235,3.418275,2.0,85.0,0,0,13,6,0,0.00867,0,normal
LG-1005,2025-01-05 13:58:00,6.449703,3.379113,4.5,49.4,0,2,13,6,0,0.01675,0,normal
LG-1005,2025-01-05 15:06:00,6.595533,3.340384,3.3,81.1,0,12,15,6,0,0.00858,0,normal
LG-1005,2025-01-05 15:49:00,6.436009,3.420642,0.8,75.3,0,0,15,6,0,0.00802,0,normal
LG-1005,2025-01-05 16:32:00,6.473287,3.50955,4.1,45.1,0,0,16,6,0,0.01496,0,normal
LG-1005,2025-01-05 19:11:00,6.440363,3.404476,4.5,50.5,0,8,19,6,0,0.01744,0,normal
LG-1005,2025-01-05 20:34:00,6.441319,3.405286,2.9,40.7,0,0,20,6,0,0.01712,0,normal
LG-1005,2025-01-05 20:49:00,6.604504,3.358161,3.9,50.2,0,0,20,6,0,0.0117,0,normal
LG-1005,2025-01-05 21:05:00,6.46551,3.398135,3.1,49.2,0,0,21,6,0,0.01097,0,normal
LG-1005,2025-01-05 22:26:00,6.470444,3.519965,3.9,35.9,0,0,22,6,0,0.00581,0,normal
LG-1005,2025-01-05 22:34:00,6.453718,3.502699,0.3,30.4,0,0,22,6,0,0.02236,0,normal
LG-1005,2025-01-05 23:38:00,6.597254,3.333544,1.5,56.4,0,0,23,6,0,0.01397,0,normal
LG-1005,2025-01-05 23:54:00,6.466222,3.542372,1.3,70.5,0,0,23,6,0,0.02041,0,normal
LG-1005,2025-01-06 00:56:00,6.460865,3.536361,0.7,86.8,0,0,0,0,0,0.01494,0,normal
LG-1005,2025-01-06 02:33:00,6.485491,3.517804,1.8,77.0,0,0,2,0,0,0.02092,0,normal
LG-1005,2025-01-06 10:19:00,6.451983,3.527809,64.5,83.2,1,0,10,0,1,0.01425,0,normal
LG-1005,2025-01-06 18:25:00,6.503079,3.360469,14.8,61.7,1,0,18,0,1,0.00477,0,normal
LG-1005,2025-01-06 18:39:00,6.443488,3.54372,39.5,66.8,1,0,18,0,1,0.03057,0,normal
LG-1005,2025-01-06 18:51:00,6.761396,3.642457,22.5,46.8,1,0,3,0,0,0.31994,1,private_use
LG-1005,2025-01-06 19:30:00,6.432713,3.423714,4.1,35.4,0,0,19,0,0,0.00544,0,normal
LG-1005,2025-01-06 19:34:00,6.439204,3.390749,3.5,69.6,0,2,19,0,0,0.01636,0,normal
LG-1005,2025-01-06 20:03:00,6.601014,3.315972,0.9,56.7,0,0,20,0,0,0.03103,0,normal
LG-1005,2025-01-06 20:51:00,6.434031,3.420279,4.1,63.6,0,0,20,0,0,0.00607,0,normal
LG-1005,2025-01-06 20:54:00,6.459293,3.510775,2.4,60.5,0,5,20,0,0,0.01259,0,normal
LG-1005,2025-01-06 21:06:00,6.426549,3.435494,0.1,53.3,0,0,21,0,0,0.01457,0,normal
LG-1005,2025-01-06 21:45:00,6.598757,3.334093,0.7,64.4,0,0,21,0,0,0.0131,0,normal
LG-1005,2025-01-07 01:09:00,6.461825,3.522177,3.8,70.6,0,0,1,1,0,0.00318,0,normal
LG-1005,2025-01-07 07:22:00,6.443452,3.397245,58.2,80.5,1,0,7,1,1,0.01176,0,normal
LG-1005,2025-01-07 08:47:00,6.472383,3.529527,37.7,55.6,1,0,8,1,1,0.01054,0,normal
LG-1005,2025-01-07 09:04:00,6.426667,3.421783,51.4,90.5,1,0,9,1,1,0.00155,0,normal
LG-1005,2025-01-07 11:22:00,6.507319,3.408229,13.9,80.4,1,0,11,1,1,0.05091,0,normal
LG-1005,2025-01-07 12:06:00,6.419435,3.441757,34.9,72.0,1,0,12,1,1,0.02245,0,normal
LG-1005,2025-01-07 14:14:00,6.622328,3.343285,11.7,54.3,1,0,14,1,1,0.02165,0,normal
LG-1005,2025-01-07 16:40:00,6.429755,3.389441,60.6,77.7,1,0,16,1,1,0.02585,0,normal
LG-1005,2025-01-07 17:43:00,6.375044,3.41949,27.6,62.3,1,5,17,1,1,0.05298,0,normal
LG-1005,2025-01-07 17:56:00,6.462889,3.531805,29.0,63.1,1,5,17,1,1,0.01003,0,normal
LG-1005,2025-01-07 18:35:00,6.475416,3.511169,29.0,64.0,1,0,18,1,1,0.01503,0,normal
LG-1005,2025-01-07 19:35:00,6.435749,3.420217,4.5,53.1,0,2,19,1,0,0.00779,0,normal
LG-1005,2025-01-07 20:29:00,6.50545,3.386105,1.9,52.4,0,0,20,1,0,0.02884,0,normal
LG-1005,2025-01-07 20:34:00,6.494075,3.380281,0.5,50.8,0,0,20,1,0,0.02282,0,normal
LG-1005,2025-01-07 20:45:00,6.474389,3.413193,1.8,55.2,0,0,20,1,0,0.02659,0,normal
LG-1005,2025-01-07 22:25:00,6.463326,3.509511,3.2,61.9,0,0,22,1,0,0.0126,0,normal
LG-1005,2025-01-07 22:55:00,6.422518,3.398083,1.7,64.3,0,0,22,1,0,0.02356,0,normal
LG-1005,2025-01-07 23:45:00,6.482449,3.395269,0.3,45.3,0,0,23,1,0,0.02745,0,normal
LG-1005,2025-01-07 23:49:00,6.585383,3.338701,4.0,62.2,0,2,23,1,0,0.01769,0,normal
LG-1005,2025-01-08 00:32:00,6.815564,3.576534,42.6,96.5,1,0,0,2,0,0.3142,1,private_use
LG-1005,2025-01-08 01:16:00,6.469974,3.488412,4.7,92.7,0,0,1,2,0,0.03395,0,normal
LG-1005,2025-01-08 02:38:00,6.439862,3.438445,0.9,80.1,0,0,2,2,0,0.0211,0,normal
LG-1005,2025-01-08 06:18:00,6.39892,3.405964,2.3,94.0,0,0,6,2,0,0.03274,0,normal
LG-1005,2025-01-08 08:15:00,6.418137,3.429814,25.0,93.6,1,2,8,2,1,0.01323,0,normal
LG-1005,2025-01-08 09:37:00,6.463933,3.3858,40.9,73.2,1,0,9,2,1,0.01282,0,normal
LG-1005,2025-01-08 09:43:00,6.461874,3.516879,59.3,80.7,1,0,9,2,1,0.006,0,normal
LG-1005,2025-01-08 12:02:00,6.447403,3.390144,19.8,78.7,1,0,12,2,1,0.00902,0,normal
LG-1005,2025-01-08 12:09:00,6.455875,3.526148,56.7,64.9,1,8,12,2,1,0.01002,0,normal
LG-1005,2025-01-08 12:11:00,6.59483,3.335156,46.8,50.2,1,0,12,2,1,0.01335,0,normal
LG-1005,2025-01-08 13:42:00,6.56421,3.383696,27.1,47.9,0,0,13,2,1,0.05196,0,normal
LG-1005,2025-01-08 14:20:00,6.444485,3.406249,55.6,62.9,1,8,14,2,1,0.0154,0,normal
LG-1005,2025-01-08 15:51:00,6.455519,3.418154,43.2,68.4,1,0,15,2,1,0.02316,0,normal
LG-1005,2025-01-08 20:34:00,6.617028,3.354985,2.1,64.6,0,0,20,2,0,0.01791,0,normal
LG-1005,2025-01-08 22:34:00,6.612104,3.324713,2.2,21.9,1,28,22,2,0,0.0249,1,fuel_theft
LG-1005,2025-01-09 00:18:00,6.451067,3.507623,1.3,74.1,0,0,0,3,0,0.02002,0,normal
LG-1005,2025-01-09 00:20:00,6.603938,3.32636,1.3,68.3,0,0,0,3,0,0.02085,0,normal
LG-1005,2025-01-09 01:19:00,6.447022,3.404998,1.7,12.6,1,78,1,3,0,0.01279,1,fuel_theft
LG-1005,2025-01-09 03:02:00,6.510337,3.364498,4.8,88.6,0,0,3,3,0,0.01307,0,normal
LG-1005,2025-01-09 04:49:00,6.444259,3.529479,0.3,64.7,1,102,4,3,0,0.02205,1,excessive_idle
LG-1005,2025-01-09 07:21:00,6.430675,3.432544,63.6,88.0,1,0,7,3,1,0.01185,0,normal
LG-1005,2025-01-09 11:29:00,6.49563,3.338072,38.4,67.2,1,0,11,3,1,0.02021,0,normal
LG-1005,2025-01-09 11:33:00,6.430689,3.414267,16.4,61.2,0,12,11,3,1,0.00725,0,normal
LG-1005,2025-01-09 11:36:00,6.446817,3.542631,26.2,79.1,1,0,11,3,1,0.0275,0,normal
LG-1005,2025-01-09 12:54:00,6.519569,3.342768,60.6,79.5,1,0,12,3,1,0.0256,0,normal
LG-1005,2025-01-09 13:38:00,6.427756,3.440236,17.3,62.1,1,0,13,3,1,0.01924,0,normal
LG-1005,2025-01-09 14:37:00,6.630565,3.361078,46.1,60.2,1,0,14,3,1,0.03275,0,normal
LG-1005,2025-01-09 15:43:00,6.477118,3.535961,11.5,63.8,1,0,15,3,1,0.01849,0,normal
LG-1005,2025-01-09 17:43:00,6.456441,3.384291,61.3,76.5,1,0,17,3,1,0.01081,0,normal
LG-1005,2025-01-09 18:45:00,6.43182,3.377406,37.8,72.4,1,0,18,3,1,0.0291,0,normal
LG-1005,2025-01-09 20:21:00,6.475585,3.420368,0.3,48.6,0,0,20,3,0,0.03267,0,normal
LG-1005,2025-01-09 21:36:00,6.358652,3.034112,91.8,62.2,0,2,21,3,0,0.35299,1,route_deviation
LG-1005,2025-01-10 01:31:00,6.50812,3.337625,3.5,79.3,0,0,1,4,0,0.02232,0,normal
LG-1005,2025-01-10 02:37:00,6.504728,3.351961,4.2,76.8,0,0,2,4,0,0.00832,0,normal
LG-1005,2025-01-10 03:38:00,6.474202,3.390264,1.2,71.1,0,0,3,4,0,0.01978,0,normal
LG-1005,2025-01-10 05:38:00,6.588206,3.31483,4.1,68.9,0,0,5,4,0,0.03462,0,normal
LG-1005,2025-01-10 08:47:00,6.423674,3.434872,28.9,68.4,1,0,8,4,1,0.01453,0,normal
LG-1005,2025-01-10 11:26:00,6.454247,3.522542,42.4,77.3,1,0,11,4,1,0.01077,0,normal
LG-1005,2025-01-10 15:11:00,6.595851,3.357792,41.8,76.2,1,0,15,4,1,0.01196,0,normal
LG-1005,2025-01-10 15:52:00,6.464437,3.413027,60.2,75.9,1,8,15,4,1,0.02035,0,normal
LG-1005,2025-01-10 15:55:00,6.632886,3.346792,38.9,55.6,1,0,15,4,1,0.03189,0,normal
LG-1005,2025-01-10 18:33:00,6.429423,3.421153,49.8,80.5,1,0,18,4,1,0.00143,0,normal
LG-1005,2025-01-10 18:47:00,6.593602,3.32409,24.4,76.4,1,0,18,4,1,0.02407,0,normal
LG-1005,2025-01-10 20:34:00,6.580894,3.351713,4.6,39.1,0,0,20,4,0,0.02065,0,normal
LG-1005,2025-01-10 22:03:00,6.451014,3.380084,0.6,30.6,0,0,22,4,0,0.01544,0,normal
LG-1005,2025-01-10 22:12:00,6.607574,3.334917,2.7,39.4,0,0,22,4,0,0.01376,0,normal
LG-1005,2025-01-11 00:11:00,6.493917,3.334577,2.8,86.3,0,0,0,5,0,0.02397,0,normal
LG-1005,2025-01-11 01:21:00,6.446312,3.391753,0.2,68.1,0,0,1,5,0,0.00927,0,normal
LG-1005,2025-01-11 02:37:00,6.518567,3.348731,2.5,100.0,0,2,2,5,0,0.02165,0,normal
LG-1005,2025-01-11 04:20:00,6.436195,3.527849,0.8,80.3,0,0,4,5,0,0.02939,0,normal
LG-1005,2025-01-11 05:54:00,6.486632,3.348023,0.5,70.5,0,5,5,5,0,0.01589,0,normal
LG-1005,2025-01-11 08:27:00,6.477358,3.375396,14.0,54.4,1,0,8,5,1,0.02777,0,normal
LG-1005,2025-01-11 09:50:00,6.450267,3.522995,37.0,61.3,1,2,9,5,1,0.01477,0,normal
LG-1005,2025-01-11 10:10:00,6.479269,3.375948,58.0,61.1,1,0,10,5,1,0.02667,0,normal
LG-1005,2025-01-11 13:41:00,6.488085,3.338268,36.5,81.5,1,8,13,5,1,0.02255,0,normal
LG-1005,2025-01-11 15:30:00,6.403414,3.416906,2.7,73.3,0,0,15,5,0,0.02492,0,normal
LG-1005,2025-01-11 16:11:00,6.824863,3.662542,20.4,44.1,1,0,0,5,0,0.38633,1,private_use
LG-1005,2025-01-11 17:55:00,6.458613,3.399697,4.8,55.7,0,0,17,5,0,0.00593,0,normal
LG-1005,2025-01-11 18:51:00,6.480156,3.384103,5.0,53.0,0,8,18,5,0,0.02741,0,normal
LG-1005,2025-01-11 19:32:00,6.456515,3.42131,4.5,71.1,0,0,19,5,0,0.02635,0,normal
LG-1005,2025-01-11 19:49:00,6.478943,3.379384,1.1,74.9,0,0,19,5,0,0.02859,0,normal
LG-1005,2025-01-11 20:09:00,6.580266,3.334466,2.8,70.7,0,0,20,5,0,0.02423,0,normal
LG-1005,2025-01-11 21:23:00,6.462013,3.391898,4.1,59.2,0,0,21,5,0,0.00767,0,normal
LG-1005,2025-01-11 22:49:00,6.476795,3.350927,1.2,54.2,0,0,22,5,0,0.0233,0,normal
LG-1005,2025-01-12 01:22:00,6.4476,3.413072,1.1,100.0,0,0,1,6,0,0.01953,0,normal
LG-1005,2025-01-12 02:04:00,6.474571,3.376625,0.4,97.0,0,0,2,6,0,0.02685,0,normal
LG-1005,2025-01-12 03:14:00,6.370055,2.97789,109.7,99.1,0,12,3,6,0,0.40139,1,route_deviation
LG-1005,2025-01-12 05:35:00,6.473352,3.372644,2.6,89.9,0,0,5,6,0,0.02892,0,normal
LG-1005,2025-01-12 08:41:00,6.511448,3.368332,1.1,82.6,0,0,8,6,0,0.01618,0,normal
LG-1005,2025-01-12 09:16:00,6.401197,3.408608,3.8,81.1,0,0,9,6,0,0.02953,0,normal
LG-1005,2025-01-12 09:56:00,6.409312,3.108287,104.6,79.3,0,0,9,6,0,0.26533,1,route_deviation
LG-1005,2025-01-12 10:11:00,6.423453,3.514446,1.8,86.1,0,0,10,6,0,0.04223,0,normal
LG-1005,2025-01-12 10:58:00,6.446501,3.437326,2.6,54.1,0,0,10,6,0,0.02467,0,normal
LG-1005,2025-01-12 12:42:00,6.530568,3.369747,4.9,60.1,0,5,12,6,0,0.03368,0,normal
LG-1005,2025-01-12 15:52:00,6.59677,3.321941,2.6,63.1,0,0,15,6,0,0.02541,0,normal
LG-1005,2025-01-12 18:09:00,6.789753,3.710827,71.6,77.6,1,0,0,6,0,0.37566,1,private_use
LG-1005,2025-01-12 18:59:00,6.469353,3.533295,1.0,76.0,0,0,18,6,0,0.01211,0,normal
LG-1005,2025-01-12 20:03:00,6.428561,3.43783,4.8,68.3,0,0,20,6,0,0.01684,0,normal
LG-1005,2025-01-13 00:01:00,6.381227,3.189431,87.3,93.5,0,0,0,0,0,0.20564,1,route_deviation
LG-1005,2025-01-13 00:11:00,6.478144,3.397639,0.5,100.0,0,0,0,0,0,0.02329,0,normal
LG-1005,2025-01-13 00:57:00,6.428602,3.384328,4.9,100.0,0,0,0,0,0,0.02847,0,normal
LG-1005,2025-01-13 01:29:00,6.468004,3.3823,4.1,92.6,0,0,1,0,0,0.01818,0,normal
LG-1005,2025-01-13 03:05:00,6.459786,3.409846,2.0,72.0,0,0,3,0,0,0.0156,0,normal
LG-1005,2025-01-13 03:24:00,6.603964,3.362058,0.9,91.3,0,8,3,0,0,0.01535,0,normal
LG-1005,2025-01-13 11:28:00,6.455816,3.422824,48.7,65.9,0,0,11,0,1,0.02784,0,normal
LG-1005,2025-01-13 14:28:00,6.418278,3.398925,38.5,45.4,1,8,14,0,1,0.02412,0,normal
LG-1005,2025-01-13 15:23:00,6.422803,3.424653,17.6,66.7,1,0,15,0,1,0.00635,0,normal
LG-1005,2025-01-13 15:44:00,6.614053,3.327795,63.2,53.9,1,0,15,0,1,0.02322,0,normal
LG-1005,2025-01-13 17:41:00,6.611087,3.354882,34.9,71.1,1,0,17,0,1,0.0128,0,normal
LG-1005,2025-01-13 19:35:00,6.482083,3.344252,3.2,41.1,0,0,19,0,0,0.0218,0,normal
LG-1005,2025-01-13 20:19:00,6.429831,3.053414,77.2,46.2,0,0,20,0,0,0.31234,1,route_deviation
LG-1005,2025-01-13 22:53:00,6.449843,3.410745,1.5,69.4,0,0,22,0,0,0.01657,0,normal
LG-1005,2025-01-14 02:05:00,6.463518,3.524906,2.2,74.7,0,0,2,1,0,0.00326,0,normal
LG-1005,2025-01-14 02:16:00,6.512957,3.372287,4.2,95.6,0,2,2,1,0,0.01997,0,normal
LG-1005,2025-01-14 02:53:00,6.609348,3.353922,0.0,65.3,0,2,2,1,0,0.01084,0,normal
LG-1005,2025-01-14 04:36:00,6.505292,3.523933,2.1,83.0,0,0,4,1,0,0.04034,0,normal
LG-1005,2025-01-14 04:36:00,6.498022,3.364998,1.6,87.8,0,2,4,1,0,0.00707,0,normal
LG-1005,2025-01-14 04:41:00,6.426949,3.376359,0.2,93.3,0,2,4,1,0,0.03368,0,normal
LG-1005,2025-01-14 07:44:00,6.592745,3.337976,28.8,82.0,0,2,7,1,1,0.01223,0,normal
LG-1005,2025-01-14 08:29:00,6.632483,3.346185,49.4,62.4,1,5,8,1,1,0.03149,0,normal
LG-1005,2025-01-14 10:01:00,6.603724,3.318321,40.8,78.5,1,5,10,1,1,0.02881,0,normal
LG-1005,2025-01-14 10:45:00,6.624856,3.348904,47.4,89.3,1,0,10,1,1,0.02393,0,normal
LG-1005,2025-01-14 11:22:00,6.519187,3.365043,2.0,14.7,1,33,11,1,1,0.02138,1,fuel_theft
LG-1005,2025-01-14 12:09:00,6.611608,3.335617,44.4,76.7,1,2,12,1,1,0.01556,0,normal
LG-1005,2025-01-14 13:17:00,6.480005,3.518794,1.0,65.8,1,223,13,1,1,0.01534,1,excessive_idle
LG-1005,2025-01-14 15:13:00,6.595757,3.366582,25.4,53.4,1,0,15,1,1,0.02027,0,normal
LG-1005,2025-01-14 17:04:00,6.467343,3.381897,28.4,48.5,1,0,17,1,1,0.018,0,normal
LG-1005,2025-01-14 19:16:00,6.618106,3.359396,3.6,53.7,0,0,19,1,0,0.02113,0,normal
LG-1005,2025-01-14 20:14:00,6.467073,3.367179,1.2,61.2,0,0,20,1,0,0.03033,0,normal
LG-1005,2025-01-14 20:49:00,6.785799,3.695278,57.4,59.6,1,0,2,1,0,0.36461,1,private_use
LG-1005,2025-01-14 23:31:00,6.770941,3.692655,24.8,71.2,1,0,22,1,0,0.35032,1,private_use
LG-1005,2025-01-14 23:54:00,6.425367,3.448005,1.0,37.0,0,0,23,1,0,0.02713,0,normal
LG-1005,2025-01-15 00:28:00,6.474379,3.390144,4.7,97.9,0,2,0,2,0,0.01998,0,normal
LG-1005,2025-01-15 03:51:00,6.444294,3.417177,0.6,73.6,1,196,3,2,0,0.01674,1,excessive_idle
LG-1005,2025-01-15 06:51:00,6.442782,3.400629,1.8,91.4,0,0,6,2,0,0.01345,0,normal
LG-1005,2025-01-15 11:25:00,6.463976,3.529791,26.4,77.0,1,0,11,2,1,0.00786,0,normal
LG-1005,2025-01-15 11:37:00,6.473935,3.555217,50.8,76.7,1,0,11,2,1,0.0344,0,normal
LG-1005,2025-01-15 12:00:00,6.419395,3.444568,2.0,13.4,1,26,12,2,1,0.02509,1,fuel_theft
LG-1005,2025-01-15 12:08:00,6.469033,3.517308,38.2,57.7,1,5,12,2,1,0.00619,0,normal
LG-1005,2025-01-15 15:47:00,6.490069,3.380316,1.5,19.4,1,47,15,2,1,0.02404,1,fuel_theft
LG-1005,2025-01-15 16:15:00,6.473701,3.512268,48.5,44.2,1,0,16,2,1,0.01305,0,normal
LG-1005,2025-01-15 18:30:00,6.444092,3.391299,13.5,42.4,1,0,18,2,1,0.01152,0,normal
LG-1005,2025-01-15 22:02:00,6.512097,3.365523,0.6,39.0,0,0,22,2,0,0.0151,0,normal
LG-1005,2025-01-15 23:13:00,6.510509,3.358302,4.4,63.0,0,0,23,2,0,0.01151,0,normal
LG-1005,2025-01-16 03:49:00,6.448733,3.382198,1.3,82.1,0,0,3,3,0,0.01425,0,normal
LG-1005,2025-01-16 05:50:00,6.463645,3.541568,0.6,83.8,0,0,5,3,0,0.01961,0,normal
LG-1005,2025-01-16 06:30:00,6.600488,3.346697,2.5,64.6,0,2,6,3,0,0.0006,0,normal
LG-1005,2025-01-16 09:37:00,6.454713,3.373095,26.8,65.7,1,0,9,3,1,0.02191,0,normal
LG-1005,2025-01-16 09:40:00,6.487233,3.542359,58.5,75.8,1,0,9,3,1,0.03015,0,normal
LG-1005,2025-01-16 12:13:00,6.472163,3.499834,39.7,47.9,1,0,12,3,1,0.0233,0,normal
LG-1005,2025-01-16 12:19:00,6.528387,3.360287,29.8,84.8,1,0,12,3,1,0.02948,0,normal
LG-1005,2025-01-16 12:26:00,6.474819,3.51497,10.4,48.5,1,0,12,3,1,0.01208,0,normal
LG-1005,2025-01-16 13:43:00,6.514224,3.358555,44.8,74.8,1,0,13,3,1,0.01523,0,normal
LG-1005,2025-01-16 14:28:00,6.452881,3.570035,63.6,68.4,1,0,14,3,1,0.04954,0,normal
LG-1005,2025-01-16 14:58:00,6.433428,3.411225,32.0,48.5,1,12,14,3,1,0.01118,0,normal
LG-1005,2025-01-16 17:23:00,6.618191,3.338993,23.5,37.5,1,0,17,3,1,0.01896,0,normal
LG-1005,2025-01-16 17:42:00,6.391389,3.423614,43.2,69.2,0,0,17,3,1,0.0367,0,normal
LG-1005,2025-01-16 19:52:00,6.585915,3.345029,3.7,39.0,0,8,19,3,0,0.01521,0,normal
LG-1005,2025-01-16 20:11:00,6.492394,3.374936,1.5,34.4,0,0,20,3,0,0.01818,0,normal
LG-1005,2025-01-16 21:40:00,6.474312,3.378903,2.0,49.4,0,0,21,3,0,0.02514,0,normal
LG-1005,2025-01-17 01:30:00,6.590271,3.333806,3.2,70.6,0,0,1,4,0,0.01701,0,normal
LG-1005,2025-01-17 02:10:00,6.411461,3.431639,4.8,98.7,0,0,2,4,0,0.01967,0,normal
LG-1005,2025-01-17 04:47:00,6.477326,3.420848,0.9,88.5,0,0,4,4,0,0.03416,0,normal
LG-1005,2025-01-17 05:00:00,6.598674,3.346433,0.7,89.6,0,2,5,4,0,0.00239,0,normal
LG-1005,2025-01-17 05:02:00,6.420423,2.960254,75.2,61.7,0,0,5,4,0,0.40543,1,route_deviation
LG-1005,2025-01-17 05:31:00,6.582073,3.366485,3.9,89.0,0,0,5,4,0,0.02716,0,normal
LG-1005,2025-01-17 09:58:00,6.478589,3.343212,17.8,73.2,1,0,9,4,1,0.02521,0,normal
LG-1005,2025-01-17 10:18:00,6.517229,3.347009,21.9,61.8,1,0,10,4,1,0.02129,0,normal
LG-1005,2025-01-17 12:20:00,6.440415,3.421764,14.4,87.0,1,0,12,4,1,0.01244,0,normal
LG-1005,2025-01-17 12:51:00,6.411147,3.408968,16.2,71.9,1,2,12,4,1,0.02071,0,normal
LG-1005,2025-01-17 14:09:00,6.439861,3.527498,51.8,77.6,1,0,14,4,1,0.02573,0,normal
LG-1005,2025-01-17 14:13:00,6.611062,3.359677,18.1,63.6,1,0,14,4,1,0.01618,0,normal
LG-1005,2025-01-17 16:12:00,6.492341,3.361542,33.2,51.2,1,0,16,4,1,0.00754,0,normal
LG-1005,2025-01-17 17:35:00,6.456377,3.550339,18.3,45.3,1,0,17,4,1,0.02962,0,normal
LG-1005,2025-01-17 17:45:00,6.420498,3.419706,10.5,55.6,1,12,17,4,1,0.00761,0,normal
LG-1005,2025-01-17 18:33:00,6.422393,3.38402,40.3,40.1,1,0,18,4,1,0.03441,0,normal
LG-1005,2025-01-17 19:07:00,6.445939,3.392863,3.9,48.8,0,0,19,4,0,0.00931,0,normal
LG-1005,2025-01-17 19:25:00,6.451962,3.535822,4.5,51.3,0,0,19,4,0,0.019,0,normal
LG-1005,2025-01-17 20:01:00,6.468136,3.496764,2.0,59.0,0,12,20,4,0,0.02543,0,normal
LG-1005,2025-01-17 20:09:00,6.612603,3.346084,2.7,37.5,0,0,20,4,0,0.01164,0,normal
LG-1005,2025-01-17 23:38:00,6.597575,3.366483,0.8,45.9,0,0,23,4,0,0.01978,0,normal
LG-1005,2025-01-18 00:53:00,6.431414,3.426639,2.2,74.8,0,0,0,5,0,0.00659,0,normal
LG-1005,2025-01-18 00:57:00,6.421048,3.392254,1.3,89.6,0,0,0,5,0,0.02957,0,normal
LG-1005,2025-01-18 03:11:00,6.610231,3.355143,0.7,94.1,0,2,3,5,0,0.01231,0,normal
LG-1005,2025-01-18 04:21:00,6.457732,3.393165,4.0,70.9,0,0,4,5,0,0.00329,0,normal
LG-1005,2025-01-18 05:41:00,6.431605,3.387805,3.6,75.8,0,5,5,5,0,0.02448,0,normal
LG-1005,2025-01-18 08:03:00,6.420938,3.409816,37.9,55.9,1,0,8,5,1,0.01323,0,normal
LG-1005,2025-01-18 12:09:00,6.438491,3.439642,46.3,79.8,1,0,12,5,1,0.02139,0,normal
LG-1005,2025-01-18 12:23:00,6.438524,3.395812,33.8,52.8,1,0,12,5,1,0.0165,0,normal
LG-1005,2025-01-18 13:10:00,6.437606,3.525921,50.8,78.4,1,12,13,5,1,0.02767,0,normal
LG-1005,2025-01-18 14:41:00,6.470555,3.393386,56.7,60.2,1,12,14,5,1,0.01564,0,normal
LG-1005,2025-01-18 16:58:00,6.528254,3.33691,2.9,42.4,0,0,16,5,0,0.03606,0,normal
LG-1005,2025-01-18 18:04:00,6.456319,3.55583,4.0,69.2,0,0,18,5,0,0.03493,0,normal
LG-1005,2025-01-18 18:10:00,6.410993,3.137386,104.2,75.2,0,0,18,5,0,0.23752,1,route_deviation
LG-1005,2025-01-18 18:29:00,6.438881,3.394483,1.6,67.5,0,2,18,5,0,0.01613,0,normal
LG-1005,2025-01-18 20:05:00,6.5023,3.359252,4.1,70.7,0,0,20,5,0,0.00353,0,normal
LG-1005,2025-01-18 20:39:00,6.467242,3.526368,2.1,37.9,0,2,20,5,0,0.00491,0,normal
LG-1005,2025-01-19 00:01:00,6.478332,3.36637,3.5,73.8,0,0,0,6,0,0.0223,0,normal
LG-1005,2025-01-19 00:58:00,6.597919,3.341107,3.3,100.0,0,0,0,6,0,0.00665,0,normal
LG-1005,2025-01-19 05:24:00,6.500183,3.337594,1.6,63.6,0,0,5,6,0,0.02044,0,normal
LG-1005,2025-01-19 05:40:00,6.429971,3.381423,1.5,87.8,0,0,5,6,0,0.02847,0,normal
LG-1005,2025-01-19 06:26:00,6.611023,3.349437,3.1,80.6,0,12,6,6,0,0.01032,0,normal
LG-1005,2025-01-19 08:26:00,6.424706,2.944382,109.0,64.7,0,5,8,6,0,0.42024,1,route_deviation
LG-1005,2025-01-19 08:46:00,6.479718,3.512332,2.5,79.4,0,2,8,6,0,0.01761,0,normal
LG-1005,2025-01-19 09:58:00,6.42803,3.425197,3.0,87.2,0,0,9,6,0,0.0042,0,normal
LG-1005,2025-01-19 10:59:00,6.489205,3.368171,4.2,82.6,0,12,10,6,0,0.01412,0,normal
LG-1005,2025-01-19 14:23:00,6.419288,3.423797,4.7,58.9,0,5,14,6,0,0.00915,0,normal
LG-1005,2025-01-19 14:37:00,6.453192,3.519641,0.6,20.9,1,80,14,6,0,0.01204,1,fuel_theft
LG-1005,2025-01-19 15:02:00,6.456244,3.504282,0.7,64.1,0,0,15,6,0,0.01976,0,normal
LG-1005,2025-01-19 16:30:00,6.44778,3.417237,2.0,73.3,0,0,16,6,0,0.02013,0,normal
LG-1005,2025-01-19 18:31:00,6.435611,3.436644,1.8,53.9,0,0,18,6,0,0.0174,0,normal
LG-1005,2025-01-19 20:43:00,6.452637,3.431078,2.2,39.6,0,0,20,6,0,0.02662,0,normal
LG-1005,2025-01-19 22:09:00,6.439506,3.389222,1.2,48.3,0,0,22,6,0,0.01654,0,normal
LG-1005,2025-01-19 22:56:00,6.448287,3.401495,0.6,65.0,0,0,22,6,0,0.00934,0,normal
LG-1005,2025-01-19 23:23:00,6.466638,3.530965,0.4,38.5,1,238,23,6,0,0.00911,1,excessive_idle
LG-1005,2025-01-20 01:10:00,6.597457,3.347784,4.1,70.6,0,12,1,0,0,0.00363,0,normal
LG-1005,2025-01-20 04:38:00,6.616916,3.354125,3.7,80.4,0,0,4,0,0,0.01744,0,normal
LG-1005,2025-01-20 06:21:00,6.474976,3.54527,1.1,76.7,0,0,6,0,0,0.02532,0,normal
LG-1005,2025-01-20 07:10:00,6.46404,3.398149,10.4,80.8,1,0,7,0,1,0.00957,0,normal
LG-1005,2025-01-20 07:42:00,6.607442,3.329394,34.1,89.3,1,5,7,0,1,0.01875,0,normal
LG-1005,2025-01-20 07:47:00,6.359733,3.036035,74.0,76.8,1,0,7,0,1,0.35079,1,route_deviation
LG-1005,2025-01-20 07:58:00,6.497555,3.354948,18.8,68.4,1,0,7,0,1,0.00338,0,normal
LG-1005,2025-01-20 09:32:00,6.404384,3.413366,59.9,61.6,1,0,9,0,1,0.02482,0,normal
LG-1005,2025-01-20 09:35:00,6.439536,3.389344,48.0,90.5,1,0,9,0,1,0.01647,0,normal
LG-1005,2025-01-20 10:56:00,6.628143,3.34207,57.2,69.3,1,0,10,0,1,0.02759,0,normal
LG-1005,2025-01-20 11:22:00,6.423196,3.419836,41.4,69.1,0,0,11,0,1,0.00494,0,normal
LG-1005,2025-01-20 13:05:00,6.468446,3.438247,29.6,71.6,0,5,13,0,1,0.04397,0,normal
LG-1005,2025-01-20 13:27:00,6.518332,3.364575,14.0,72.7,1,0,13,0,1,0.02042,0,normal
LG-1005,2025-01-20 13:42:00,6.592092,3.388954,53.7,75.2,1,0,13,0,1,0.04289,0,normal
LG-1005,2025-01-20 15:02:00,6.641336,3.333131,12.9,47.5,1,0,15,0,1,0.04265,0,normal
LG-1005,2025-01-20 15:44:00,6.50324,3.342292,18.9,55.5,0,0,15,0,1,0.01627,0,normal
LG-1005,2025-01-20 16:12:00,6.494915,3.406387,23.1,54.1,1,2,16,0,1,0.04151,0,normal
LG-1005,2025-01-21 03:07:00,6.428468,3.042768,90.3,66.8,0,2,3,1,0,0.32303,1,route_deviation
LG-1005,2025-01-21 03:41:00,6.595119,3.363223,1.3,83.2,0,2,3,1,0,0.01726,0,normal
LG-1005,2025-01-21 03:44:00,6.612931,3.336852,1.0,87.4,0,0,3,1,0,0.01566,0,normal
LG-1005,2025-01-21 09:33:00,6.472819,3.396047,17.5,57.0,1,0,9,1,1,0.01785,0,normal
LG-1005,2025-01-21 10:59:00,6.490413,3.342674,45.4,82.9,1,0,10,1,1,0.01757,0,normal
LG-1005,2025-01-21 12:20:00,6.421496,3.427107,23.3,63.3,1,0,12,1,1,0.00892,0,normal
LG-1005,2025-01-21 14:07:00,6.513732,3.358489,54.5,83.2,1,0,14,1,1,0.01474,0,normal
LG-1005,2025-01-21 16:14:00,6.4633,3.421524,26.1,56.4,1,0,16,1,1,0.02779,0,normal
LG-1005,2025-01-21 19:29:00,6.448345,3.413162,1.6,52.0,0,0,19,1,0,0.01934,0,normal
LG-1005,2025-01-22 04:20:00,6.490347,3.364454,1.0,62.7,0,0,4,2,0,0.0108,0,normal
LG-1005,2025-01-22 04:55:00,6.620159,3.337084,2.1,98.1,0,2,4,2,0,0.02157,0,normal
LG-1005,2025-01-22 06:07:00,6.414442,3.435499,3.6,58.4,0,0,6,2,0,0.01985,0,normal
LG-1005,2025-01-22 07:15:00,6.43167,3.439439,23.6,92.2,1,0,7,2,1,0.0188,0,normal
LG-1005,2025-01-22 07:24:00,6.588159,3.352975,62.3,86.1,1,0,7,2,1,0.01416,0,normal
LG-1005,2025-01-22 10:28:00,6.407009,3.199849,69.7,55.3,0,0,10,2,1,0.18296,1,route_deviation
LG-1005,2025-01-22 11:16:00,6.582372,3.33441,63.0,50.8,1,0,11,2,1,0.02248,0,normal
LG-1005,2025-01-22 11:19:00,6.478965,3.348298,27.0,73.2,0,0,11,2,1,0.02226,0,normal
LG-1005,2025-01-22 11:26:00,6.426166,3.422216,61.8,65.5,1,0,11,2,1,0.0022,0,normal
LG-1005,2025-01-22 12:42:00,6.413811,3.102482,99.7,54.2,1,0,12,2,1,0.26934,1,route_deviation
LG-1005,2025-01-22 12:54:00,6.44466,3.513581,52.5,60.5,1,0,12,2,1,0.02201,0,normal
LG-1005,2025-01-22 15:18:00,6.470825,3.364921,27.5,81.8,1,0,15,2,1,0.02901,0,normal
LG-1005,2025-01-22 22:00:00,6.430654,3.428939,0.5,63.2,0,0,22,2,0,0.00837,0,normal
LG-1005,2025-01-22 22:33:00,6.59105,3.334874,1.7,53.4,0,2,22,2,0,0.01569,0,normal
LG-1005,2025-01-22 23:08:00,6.603543,3.372549,0.2,44.3,0,0,23,2,0,0.02568,0,normal
LG-1005,2025-01-23 01:17:00,6.433407,3.380762,1.4,96.9,0,0,1,3,0,0.02586,0,normal
LG-1005,2025-01-23 03:01:00,6.500828,3.361137,2.8,68.3,0,8,3,3,0,0.00363,0,normal
LG-1005,2025-01-23 05:48:00,6.465636,3.516715,0.7,79.3,0,0,5,3,0,0.00532,0,normal
LG-1005,2025-01-23 06:14:00,6.599207,3.388815,3.4,77.6,0,12,6,3,0,0.04185,0,normal
LG-1005,2025-01-23 06:35:00,6.471192,3.537438,1.0,77.7,0,0,6,3,0,0.01663,0,normal
LG-1005,2025-01-23 07:20:00,6.451916,3.508051,49.4,58.0,1,0,7,3,1,0.01912,0,normal
LG-1005,2025-01-23 08:11:00,6.461017,3.538485,49.0,68.3,1,0,8,3,1,0.01696,0,normal
LG-1005,2025-01-23 09:20:00,6.398377,2.949448,88.0,68.4,0,0,9,3,1,0.42076,1,route_deviation
LG-1005,2025-01-23 10:21:00,6.600253,3.36862,31.6,61.3,1,0,10,3,1,0.02163,0,normal
LG-1005,2025-01-23 11:27:00,6.513332,3.357788,50.2,86.0,1,0,11,3,1,0.01433,0,normal
LG-1005,2025-01-23 11:52:00,6.597557,3.35234,41.4,79.6,1,0,11,3,1,0.00635,0,normal
LG-1005,2025-01-23 15:36:00,6.450697,3.524814,63.3,55.3,1,0,15,3,1,0.01458,0,normal
LG-1005,2025-01-23 15:37:00,6.453302,3.389759,32.7,79.9,1,2,15,3,1,0.00551,0,normal
LG-1005,2025-01-23 15:42:00,6.421924,3.412308,42.5,58.6,1,0,15,3,1,0.01061,0,normal
LG-1005,2025-01-23 16:13:00,6.502848,3.340719,24.5,63.3,1,0,16,3,1,0.0177,0,normal
LG-1005,2025-01-23 16:47:00,6.47492,3.38561,14.1,52.3,1,8,16,3,1,0.02202,0,normal
LG-1005,2025-01-23 18:07:00,6.436983,3.382486,27.2,52.6,1,0,18,3,1,0.02194,0,normal
LG-1005,2025-01-23 19:38:00,6.482695,3.387853,2.3,57.2,0,0,19,3,0,0.0286,0,normal
LG-1005,2025-01-24 01:22:00,6.611457,3.349876,3.2,100.0,0,0,1,4,0,0.01084,0,normal
LG-1005,2025-01-24 01:43:00,6.605045,3.347391,0.2,76.6,0,0,1,4,0,0.00406,0,normal
LG-1005,2025-01-24 03:06:00,6.502604,3.35928,1.5,98.0,0,0,3,4,0,0.00382,0,normal
LG-1005,2025-01-24 03:11:00,6.456325,3.40971,0.8,91.2,0,0,3,4,0,0.01477,0,normal
LG-1005,2025-01-24 03:14:00,6.467935,3.518475,0.8,100.0,0,0,3,4,0,0.00459,0,normal
LG-1005,2025-01-24 03:56:00,6.439128,3.42098,2.3,74.6,0,0,3,4,0,0.01113,0,normal
LG-1005,2025-01-24 06:46:00,6.489921,3.369139,3.9,75.7,0,5,6,4,0,0.01437,0,normal
LG-1005,2025-01-24 06:49:00,6.465538,3.547688,2.2,63.5,0,0,6,4,0,0.02569,0,normal
LG-1005,2025-01-24 12:15:00,6.611684,3.330937,38.5,48.2,1,0,12,4,1,0.01929,0,normal
LG-1005,2025-01-24 16:16:00,6.511996,3.356637,11.9,73.6,1,0,16,4,1,0.01307,0,normal
LG-1005,2025-01-24 16:54:00,6.618053,3.341206,43.9,71.6,1,12,16,4,1,0.01801,0,normal
LG-1005,2025-01-24 17:49:00,6.475356,3.519558,29.6,71.9,1,2,17,4,1,0.01064,0,normal
LG-1005,2025-01-24 20:18:00,6.460183,3.409478,1.7,31.5,0,2,20,4,0,0.01538,0,normal
LG-1005,2025-01-24 20:48:00,6.47244,3.536497,0.4,61.9,0,5,20,4,0,0.0163,0,normal
LG-1005,2025-01-24 21:44:00,6.461759,3.535921,1.1,67.1,0,0,21,4,0,0.01429,0,normal
LG-1005,2025-01-24 21:56:00,6.388828,2.970664,93.0,71.4,0,0,21,4,0,0.4027,1,route_deviation
LG-1005,2025-01-24 22:33:00,6.602539,3.3509,2.8,60.1,0,0,22,4,0,0.00419,0,normal
LG-1005,2025-01-24 23:49:00,6.615671,3.338305,3.9,68.6,0,0,23,4,0,0.01705,0,normal
LG-1005,2025-01-24 23:49:00,6.518779,3.35087,1.7,41.5,0,0,23,4,0,0.02103,0,normal
LG-1005,2025-01-24 23:58:00,6.530409,3.364843,1.0,58.0,0,0,23,4,0,0.03215,0,normal
LG-1005,2025-01-25 00:36:00,6.490153,3.549884,0.2,75.5,0,0,0,5,0,0.03755,0,normal
LG-1005,2025-01-25 00:47:00,6.486718,3.351295,4.7,100.0,0,12,0,5,0,0.01399,0,normal
LG-1005,2025-01-25 04:07:00,6.354518,3.119411,100.0,93.0,0,0,4,5,0,0.27893,1,route_deviation
LG-1005,2025-01-25 04:53:00,6.463968,3.530314,3.5,83.7,0,0,4,5,0,0.00838,0,normal
LG-1005,2025-01-25 05:19:00,6.8236,3.603053,28.4,87.8,1,0,2,5,0,0.33928,1,private_use
LG-1005,2025-01-25 05:59:00,6.46314,3.37297,1.0,59.2,0,8,5,5,0,0.02349,0,normal
LG-1005,2025-01-25 07:09:00,6.510296,3.358692,0.1,90.2,0,2,7,5,0,0.01132,0,normal
LG-1005,2025-01-25 09:10:00,6.476255,3.415064,45.2,74.3,0,0,9,5,1,0.02923,0,normal
LG-1005,2025-01-25 11:36:00,6.464928,3.515342,35.7,77.6,1,0,11,5,1,0.00666,0,normal
LG-1005,2025-01-25 12:15:00,6.414426,3.444857,38.5,55.6,1,0,12,5,1,0.02745,0,normal
LG-1005,2025-01-25 12:50:00,6.46317,3.529706,33.0,74.3,1,0,12,5,1,0.00792,0,normal
LG-1005,2025-01-25 15:53:00,6.539096,3.364113,0.2,62.3,0,0,15,5,0,0.04056,0,normal
LG-1005,2025-01-25 16:05:00,6.794448,3.577309,35.2,69.2,1,0,3,5,0,0.30077,1,private_use
LG-1005,2025-01-25 18:47:00,6.497696,3.382827,0.8,60.6,1,146,18,5,0,0.02486,1,excessive_idle
LG-1005,2025-01-25 19:31:00,6.370986,3.129713,99.9,67.7,0,0,19,5,0,0.26173,1,route_deviation
LG-1005,2025-01-26 00:34:00,6.47691,3.349143,4.7,91.0,0,0,0,6,0,0.0238,0,normal
LG-1005,2025-01-26 01:59:00,6.421204,3.422396,4.8,91.8,0,5,1,6,0,0.00694,0,normal
LG-1005,2025-01-26 04:26:00,6.466335,3.375431,1.0,72.8,0,0,4,6,0,0.02261,0,normal
LG-1005,2025-01-26 04:56:00,6.44826,3.518825,0.7,66.8,0,0,4,6,0,0.01704,0,normal
LG-1005,2025-01-26 10:17:00,6.424529,3.421533,2.6,83.8,0,0,10,6,0,0.00351,0,normal
LG-1005,2025-01-26 11:31:00,6.489163,3.359536,3.8,79.2,0,2,11,6,0,0.00996,0,normal
LG-1005,2025-01-26 12:06:00,6.584334,3.34852,1.7,62.3,0,0,12,6,0,0.01673,0,normal
LG-1005,2025-01-26 14:29:00,6.61495,3.368987,1.0,55.9,0,0,14,6,0,0.02604,0,normal
LG-1005,2025-01-26 15:50:00,6.515973,3.367078,4.9,70.6,0,0,15,6,0,0.01925,0,normal
LG-1005,2025-01-26 16:24:00,6.445244,3.538243,1.7,49.7,0,5,16,6,0,0.02558,0,normal
LG-1005,2025-01-26 16:56:00,6.585479,3.339002,1.1,63.4,0,0,16,6,0,0.01746,0,normal
LG-1005,2025-01-26 16:56:00,6.451913,3.399533,2.7,54.2,0,0,16,6,0,0.00548,0,normal
LG-1005,2025-01-26 17:23:00,6.603168,3.352335,2.0,76.1,0,0,17,6,0,0.00576,0,normal
LG-1005,2025-01-26 18:33:00,6.437962,3.424228,2.6,62.3,0,0,18,6,0,0.01047,0,normal
LG-1005,2025-01-26 18:49:00,6.433707,3.423975,2.4,69.2,0,2,18,6,0,0.00644,0,normal
LG-1005,2025-01-26 19:22:00,6.585973,3.342053,4.7,70.3,0,0,19,6,0,0.01582,0,normal
LG-1005,2025-01-26 21:15:00,6.449423,3.422388,2.6,59.9,0,0,21,6,0,0.02147,0,normal
LG-1005,2025-01-26 22:27:00,6.614701,3.358862,0.2,63.2,0,0,22,6,0,0.01812,0,normal
LG-1005,2025-01-26 22:40:00,6.449601,3.491548,3.6,47.1,0,0,22,6,0,0.03412,0,normal
LG-1005,2025-01-26 23:17:00,6.622706,3.339095,0.6,12.2,1,31,23,6,0,0.0231,1,fuel_theft
LG-1005,2025-01-26 23:30:00,6.452506,3.496445,3.5,59.1,0,0,23,6,0,0.02845,0,normal
LG-1005,2025-01-27 03:16:00,6.435655,3.527418,1.0,68.4,0,5,3,0,0,0.02984,0,normal
LG-1005,2025-01-27 06:03:00,6.448002,3.397887,4.0,59.0,0,0,6,0,0,0.00757,0,normal
LG-1005,2025-01-27 06:14:00,6.597888,3.350259,3.4,92.4,0,0,6,0,0,0.00451,0,normal
LG-1005,2025-01-27 07:15:00,6.481191,3.539009,64.2,74.2,1,0,7,0,1,0.02348,0,normal
LG-1005,2025-01-27 08:37:00,6.485734,3.335918,42.0,59.0,1,8,8,0,1,0.02576,0,normal
LG-1005,2025-01-27 09:54:00,6.595029,3.339704,32.5,82.2,1,0,9,0,1,0.00943,0,normal
LG-1005,2025-01-27 10:09:00,6.576634,3.345974,38.2,50.5,1,0,10,0,1,0.02439,0,normal
LG-1005,2025-01-27 12:23:00,6.421631,3.421321,18.3,81.5,1,2,12,0,1,0.00638,0,normal
LG-1005,2025-01-27 17:40:00,6.493742,3.337193,63.7,63.7,1,0,17,0,1,0.02146,0,normal
LG-1005,2025-01-27 18:16:00,6.610649,3.333617,46.2,69.3,1,0,18,0,1,0.0165,0,normal
LG-1005,2025-01-27 19:03:00,6.762016,3.651242,21.4,60.1,1,0,3,0,0,0.32392,1,private_use
LG-1005,2025-01-27 19:55:00,6.500025,3.353792,1.8,41.5,0,0,19,0,0,0.00433,0,normal
LG-1005,2025-01-27 20:28:00,6.517818,3.368772,2.8,65.1,0,0,20,0,0,0.02168,0,normal
LG-1005,2025-01-27 21:29:00,6.477632,3.543616,2.6,35.4,0,0,21,0,0,0.02504,0,normal
LG-1005,2025-01-28 01:47:00,6.465387,3.327882,2.0,99.3,0,5,1,1,0,0.04513,0,normal
LG-1005,2025-01-28 08:40:00,6.500522,3.3691,61.4,61.4,1,2,8,1,1,0.0112,0,normal
LG-1005,2025-01-28 09:50:00,6.440925,3.500487,20.3,83.8,0,12,9,1,1,0.03229,0,normal
LG-1005,2025-01-28 13:21:00,6.424971,3.401791,21.4,66.9,1,8,13,1,1,0.01945,0,normal
LG-1005,2025-01-28 14:02:00,6.475096,3.363803,53.1,70.6,1,0,14,1,1,0.0246,0,normal
LG-1005,2025-01-28 17:14:00,6.454558,3.425711,30.5,58.9,1,0,17,1,1,0.02697,0,normal
LG-1005,2025-01-28 19:48:00,6.463558,3.536092,0.2,9.0,1,36,19,1,0,0.01417,1,fuel_theft
LG-1005,2025-01-28 21:47:00,6.437448,3.408372,0.0,33.6,0,0,21,1,0,0.01577,0,normal
LG-1005,2025-01-28 22:29:00,6.515995,3.380217,0.6,46.3,0,0,22,1,0,0.02797,0,normal
LG-1005,2025-01-28 23:38:00,6.601379,3.360355,0.2,31.4,0,0,23,1,0,0.01336,0,normal
LG-1005,2025-01-29 00:05:00,6.426898,3.444239,1.6,100.0,0,0,0,2,0,0.02327,0,normal
LG-1005,2025-01-29 00:13:00,6.452527,3.423997,1.5,100.0,0,0,0,2,0,0.02471,0,normal
LG-1005,2025-01-29 03:13:00,6.422963,3.409832,1.0,94.9,0,0,3,2,0,0.01225,0,normal
LG-1005,2025-01-29 04:45:00,6.469776,3.403313,2.9,87.5,0,8,4,2,0,0.01695,0,normal
LG-1005,2025-01-29 06:04:00,6.462422,3.382957,4.6,74.8,0,0,6,2,0,0.01415,0,normal
LG-1005,2025-01-29 14:13:00,6.478588,3.534766,33.7,83.2,1,0,14,2,1,0.01864,0,normal
LG-1005,2025-01-29 14:36:00,6.463761,3.379362,37.2,56.5,1,0,14,2,1,0.01793,0,normal
LG-1005,2025-01-29 16:17:00,6.468387,3.518299,48.1,43.3,1,0,16,2,1,0.00502,0,normal
LG-1005,2025-01-29 16:54:00,6.385126,3.035698,105.7,69.7,1,0,16,2,1,0.34183,1,route_deviation
LG-1005,2025-01-29 17:31:00,6.605778,3.338638,41.0,66.3,1,8,17,2,1,0.00963,0,normal
LG-1005,2025-01-29 19:07:00,6.372703,2.972935,105.0,66.5,0,0,19,2,0,0.40525,1,route_deviation
LG-1005,2025-01-29 19:10:00,6.445352,3.539703,0.3,54.2,0,0,19,2,0,0.02645,0,normal
LG-1005,2025-01-29 23:39:00,6.475017,3.530011,1.5,63.9,0,0,23,2,0,0.01283,0,normal
LG-1005,2025-01-30 00:54:00,6.753346,3.611931,66.3,95.6,1,0,4,3,0,0.30204,1,private_use
LG-1005,2025-01-30 03:29:00,6.462654,3.397198,4.0,78.9,0,0,3,3,0,0.00796,0,normal
LG-1005,2025-01-30 05:29:00,6.438841,3.438272,0.2,92.4,0,0,5,3,0,0.02039,0,normal
LG-1005,2025-01-30 05:58:00,6.453922,3.402722,2.8,95.6,0,0,5,3,0,0.0078,0,normal
LG-1005,2025-01-30 09:44:00,6.47184,3.526247,25.8,90.9,1,0,9,3,1,0.00805,0,normal
LG-1005,2025-01-30 13:38:00,6.409378,3.402377,22.1,51.5,1,0,13,3,1,0.02634,0,normal
LG-1005,2025-01-30 15:14:00,6.435759,3.401107,54.4,48.5,1,0,15,3,1,0.02019,0,normal
LG-1005,2025-01-30 16:45:00,6.479301,3.521623,29.2,69.2,1,0,16,3,1,0.01431,0,normal
LG-1005,2025-01-30 17:29:00,6.470199,3.509667,22.0,56.1,1,0,17,3,1,0.01338,0,normal
LG-1005,2025-01-30 18:21:00,6.482408,3.347539,10.8,63.6,1,5,18,3,1,0.01961,0,normal
LG-1005,2025-01-30 20:14:00,6.47902,3.394865,2.0,47.0,0,0,20,3,0,0.02402,0,normal
LG-1005,2025-01-30 21:10:00,6.459757,3.385832,0.3,34.4,0,2,21,3,0,0.01033,0,normal
LG-1005,2025-01-30 21:28:00,6.714452,3.623134,34.2,54.5,1,0,4,3,0,0.26917,1,private_use
LG-1005,2025-01-30 22:07:00,6.506795,3.365286,1.2,45.9,1,233,22,3,0,0.01067,1,excessive_idle
LG-1005,2025-01-30 22:58:00,6.432485,3.4164,4.0,38.5,0,5,22,3,0,0.00643,0,normal
LG-1005,2025-01-30 22:59:00,6.493123,3.358046,2.2,35.0,0,5,22,3,0,0.00588,0,normal
LG-1005,2025-01-30 23:32:00,6.613365,3.340851,1.6,53.4,0,5,23,3,0,0.01381,0,normal
LG-1005,2025-01-30 23:36:00,6.423655,3.42929,2.5,54.2,0,0,23,3,0,0.00936,0,normal
LG-1005,2025-01-31 00:49:00,6.419368,3.409184,1.2,82.8,0,0,0,4,0,0.01463,0,normal
LG-1005,2025-01-31 02:31:00,6.623571,3.335185,5.0,81.8,0,0,2,4,0,0.02548,0,normal
LG-1005,2025-01-31 03:51:00,6.498942,3.509552,1.4,63.0,0,0,3,4,0,0.03615,0,normal
LG-1005,2025-01-31 04:21:00,6.430319,3.423515,4.2,78.4,0,0,4,4,0,0.00342,0,normal
LG-1006,2025-01-01 10:45:00,6.47998,3.517341,35.3,57.5,1,8,10,2,1,0.01569,0,normal
LG-1006,2025-01-01 11:22:00,6.488516,3.521259,14.1,59.4,1,0,11,2,1,0.02353,0,normal
LG-1006,2025-01-01 11:24:00,6.402091,3.422508,45.2,77.5,1,5,11,2,1,0.02595,0,normal
LG-1006,2025-01-01 11:27:00,6.450093,3.396593,45.9,58.1,1,0,11,2,1,0.00516,0,normal
LG-1006,2025-01-01 12:02:00,6.633617,3.35209,13.8,63.0,1,0,12,2,1,0.03301,0,normal
LG-1006,2025-01-01 13:23:00,6.470142,3.522685,49.5,70.4,1,0,13,2,1,0.00519,0,normal
LG-1006,2025-01-01 14:07:00,6.60662,3.337689,11.7,51.0,1,0,14,2,1,0.01088,0,normal
LG-1006,2025-01-01 16:20:00,6.60286,3.345399,58.7,70.6,1,0,16,2,1,0.00245,0,normal
LG-1006,2025-01-01 17:14:00,6.454205,3.380948,41.2,65.4,1,0,17,2,1,0.01407,0,normal
LG-1006,2025-01-01 18:32:00,6.439207,3.439428,37.8,58.3,1,0,18,2,1,0.02157,0,normal
LG-1006,2025-01-01 18:48:00,6.452853,3.501083,40.6,59.9,0,5,18,2,1,0.02419,0,normal
LG-1006,2025-01-01 21:36:00,6.505945,3.345706,4.9,48.5,0,0,21,2,0,0.01412,0,normal
LG-1006,2025-01-01 22:30:00,6.616444,3.318115,3.2,51.1,0,5,22,2,0,0.03275,0,normal
LG-1006,2025-01-01 23:53:00,6.480972,3.539089,2.1,52.6,0,2,23,2,0,0.02339,0,normal
LG-1006,2025-01-02 00:14:00,6.470757,3.409342,2.4,97.3,0,5,0,3,0,0.02131,0,normal
LG-1006,2025-01-02 02:42:00,6.585643,3.335891,2.8,69.3,0,0,2,3,0,0.01895,0,normal
LG-1006,2025-01-02 07:06:00,6.769178,3.703813,55.7,61.1,1,0,1,3,0,0.35437,1,private_use
LG-1006,2025-01-02 07:38:00,6.417935,3.409712,25.8,61.5,0,0,7,3,1,0.01512,0,normal
LG-1006,2025-01-02 08:21:00,6.437311,3.441926,49.3,82.4,1,0,8,3,1,0.0229,0,normal
LG-1006,2025-01-02 09:14:00,6.511141,3.357665,18.9,62.1,1,12,9,3,1,0.01215,0,normal
LG-1006,2025-01-02 11:07:00,6.370288,3.02413,78.1,77.2,1,0,11,3,1,0.35782,1,route_deviation
LG-1006,2025-01-02 14:41:00,6.487692,3.387994,17.5,42.4,1,0,14,3,1,0.03206,0,normal
LG-1006,2025-01-02 18:56:00,6.598987,3.340895,21.5,76.5,1,2,18,3,1,0.00643,0,normal
LG-1006,2025-01-02 19:01:00,6.614695,3.373555,4.5,60.3,0,0,19,3,0,0.02988,0,normal
LG-1006,2025-01-02 22:31:00,6.449067,3.5327,4.8,42.2,0,2,22,3,0,0.01919,0,normal
LG-1006,2025-01-02 22:52:00,6.438005,3.414105,2.7,53.2,0,0,22,3,0,0.01215,0,normal
LG-1006,2025-01-03 02:10:00,6.455946,3.409556,1.0,94.5,0,0,2,4,0,0.01459,0,normal
LG-1006,2025-01-03 02:17:00,6.604616,3.348037,4.6,71.2,0,0,2,4,0,0.00376,0,normal
LG-1006,2025-01-03 03:06:00,6.793579,3.724998,44.7,65.8,1,0,22,4,0,0.38623,1,private_use
LG-1006,2025-01-03 10:30:00,6.510536,3.362748,42.7,75.3,1,0,10,4,1,0.01248,0,normal
LG-1006,2025-01-03 11:03:00,6.43869,3.527953,50.2,58.2,1,0,11,4,1,0.02697,0,normal
LG-1006,2025-01-03 12:11:00,6.468213,3.39168,35.8,83.7,1,2,12,4,1,0.01362,0,normal
LG-1006,2025-01-03 12:12:00,6.451627,3.403997,23.9,57.0,1,2,12,4,1,0.00961,0,normal
LG-1006,2025-01-03 12:23:00,6.454161,3.407273,38.1,47.6,0,0,12,4,1,0.0123,0,normal
LG-1006,2025-01-03 12:46:00,6.484696,3.380255,58.1,55.7,1,12,12,4,1,0.02646,0,normal
LG-1006,2025-01-03 13:13:00,6.480036,3.393917,61.7,69.5,1,0,13,4,1,0.02506,0,normal
LG-1006,2025-01-03 13:23:00,6.44791,3.523328,21.1,57.7,1,8,13,4,1,0.01714,0,normal
LG-1006,2025-01-03 14:42:00,6.410464,3.017218,87.2,73.7,1,0,14,4,1,0.3521,1,route_deviation
LG-1006,2025-01-03 19:42:00,6.61624,3.348493,4.0,67.2,0,0,19,4,0,0.01531,0,normal
LG-1006,2025-01-03 20:07:00,6.598653,3.354487,1.1,57.7,0,0,20,4,0,0.00785,0,normal
LG-1006,2025-01-03 20:22:00,6.47785,3.53745,2.2,51.1,0,0,20,4,0,0.0201,0,normal
LG-1006,2025-01-03 23:40:00,6.455382,3.363587,4.3,24.3,0,0,23,4,0,0.03142,0,normal
LG-1006,2025-01-04 00:35:00,6.418775,3.423551,1.8,93.9,0,2,0,5,0,0.00957,0,normal
LG-1006,2025-01-04 00:37:00,6.46054,3.406334,0.4,78.3,0,0,0,5,0,0.01262,0,normal
LG-1006,2025-01-04 00:45:00,6.488837,3.510095,2.7,77.5,0,0,0,5,0,0.02664,0,normal
LG-1006,2025-01-04 01:00:00,6.42032,3.437989,4.9,95.8,0,0,1,5,0,0.01864,0,normal
LG-1006,2025-01-04 07:40:00,6.483964,3.350268,2.5,81.7,0,2,7,5,0,0.01691,0,normal
LG-1006,2025-01-04 10:05:00,6.607711,3.351706,62.7,53.3,1,0,10,5,1,0.0082,0,normal
LG-1006,2025-01-04 10:07:00,6.498913,3.366371,1.7,10.0,1,64,10,5,1,0.00837,1,fuel_theft
LG-1006,2025-01-04 10:56:00,6.47777,3.49234,1.5,71.3,1,179,10,5,1,0.03229,1,excessive_idle
LG-1006,2025-01-04 11:07:00,6.603906,3.341013,44.1,61.4,1,0,11,5,1,0.00665,0,normal
LG-1006,2025-01-04 13:43:00,6.482198,3.411522,14.2,52.7,1,0,13,5,1,0.03182,0,normal
LG-1006,2025-01-04 14:01:00,6.787365,3.585456,35.8,49.7,1,5,3,5,0,0.30264,1,private_use
LG-1006,2025-01-04 15:25:00,6.446491,3.515877,1.2,8.8,1,29,15,5,0,0.0195,1,fuel_theft
LG-1006,2025-01-04 16:38:00,6.449952,3.51125,2.9,15.1,1,54,16,5,0,0.01849,1,fuel_theft
LG-1006,2025-01-04 16:59:00,6.438127,3.530732,2.8,82.6,0,0,16,5,0,0.02826,0,normal
LG-1006,2025-01-04 17:53:00,6.437012,3.367103,1.8,49.9,1,125,17,5,0,0.03319,1,excessive_idle
LG-1006,2025-01-05 02:22:00,6.618688,3.338982,1.1,65.6,0,0,2,6,0,0.01942,0,normal
LG-1006,2025-01-05 02:32:00,6.430481,3.413487,2.1,64.3,0,0,2,6,0,0.00791,0,normal
LG-1006,2025-01-05 03:04:00,6.454201,3.516812,4.0,91.1,0,0,3,6,0,0.01198,0,normal
LG-1006,2025-01-05 07:24:00,6.491195,3.530396,0.2,81.0,0,0,7,6,0,0.02751,0,normal
LG-1006,2025-01-05 09:25:00,6.463506,3.518602,4.2,55.5,0,8,9,6,0,0.00371,0,normal
LG-1006,2025-01-05 11:58:00,6.472476,3.536243,3.0,71.9,0,0,11,6,0,0.01609,0,normal
LG-1006,2025-01-05 13:57:00,6.621013,3.3688,0.4,51.0,0,0,13,6,0,0.02959,0,normal
LG-1006,2025-01-05 14:34:00,6.454705,3.51034,0.2,81.2,0,0,14,6,0,0.01555,0,normal
LG-1006,2025-01-05 14:58:00,6.426167,3.416404,1.9,51.9,0,0,14,6,0,0.00495,0,normal
LG-1006,2025-01-05 15:17:00,6.585824,3.345041,0.3,75.0,0,0,15,6,0,0.0153,0,normal
LG-1006,2025-01-05 16:15:00,6.620828,3.34457,0.5,78.5,0,8,16,6,0,0.01998,0,normal
LG-1006,2025-01-05 16:48:00,6.421598,3.429927,4.8,45.0,0,0,16,6,0,0.01099,0,normal
LG-1006,2025-01-05 17:13:00,6.472547,3.387016,0.4,51.2,0,0,17,6,0,0.01928,0,normal
LG-1006,2025-01-05 17:30:00,6.441605,3.435812,3.8,44.0,0,2,17,6,0,0.02011,0,normal
LG-1006,2025-01-05 18:35:00,6.498323,3.375746,2.7,60.4,0,0,18,6,0,0.01776,0,normal
LG-1006,2025-01-05 18:53:00,6.438681,3.412611,3.6,61.5,0,0,18,6,0,0.01358,0,normal
LG-1006,2025-01-05 20:08:00,6.609101,3.349025,2.1,44.8,0,0,20,6,0,0.00835,0,normal
LG-1006,2025-01-05 20:38:00,6.393939,3.422536,1.2,51.7,0,5,20,6,0,0.0341,0,normal
LG-1006,2025-01-05 23:34:00,6.469621,3.393676,0.1,42.9,0,0,23,6,0,0.01468,0,normal
LG-1006,2025-01-06 00:24:00,6.492997,3.379605,1.7,95.8,0,0,0,0,0,0.02242,0,normal
LG-1006,2025-01-06 01:02:00,6.490768,3.521279,3.7,66.2,0,5,1,0,0,0.02578,0,normal
LG-1006,2025-01-06 02:10:00,6.61302,3.378207,3.5,80.4,0,0,2,0,0,0.03344,0,normal
LG-1006,2025-01-06 02:45:00,6.495326,3.348613,2.1,67.2,0,0,2,0,0,0.01008,0,normal
LG-1006,2025-01-06 02:45:00,6.47998,3.50221,0.4,64.8,0,0,2,0,0,0.02482,0,normal
LG-1006,2025-01-06 03:05:00,6.58867,3.36087,1.4,70.1,0,0,3,0,0,0.01856,0,normal
LG-1006,2025-01-06 08:44:00,6.46012,3.527321,34.5,77.9,1,0,8,0,1,0.00722,0,normal
LG-1006,2025-01-06 11:27:00,6.454766,3.527371,16.8,76.0,1,0,11,0,1,0.01156,0,normal
LG-1006,2025-01-06 13:33:00,6.458078,3.411842,55.6,44.4,0,0,13,0,1,0.01712,0,normal
LG-1006,2025-01-06 14:09:00,6.468077,3.535433,17.3,49.3,1,2,14,0,1,0.01378,0,normal
LG-1006,2025-01-06 14:16:00,6.508377,3.340684,48.6,72.7,1,0,14,0,1,0.01969,0,normal
LG-1006,2025-01-06 15:42:00,6.459347,3.537279,28.8,66.6,1,0,15,0,1,0.01629,0,normal
LG-1006,2025-01-06 16:05:00,6.429574,3.431608,22.7,79.3,0,0,16,0,1,0.01072,0,normal
LG-1006,2025-01-06 16:35:00,6.514195,3.357438,61.7,56.4,1,0,16,0,1,0.01521,0,normal
LG-1006,2025-01-06 17:46:00,6.46025,3.524614,10.2,40.1,1,2,17,0,1,0.00542,0,normal
LG-1006,2025-01-06 17:53:00,6.617274,3.344569,61.6,70.6,1,0,17,0,1,0.01645,0,normal
LG-1006,2025-01-06 18:08:00,6.453499,3.39543,46.0,33.9,1,0,18,0,1,0.00156,0,normal
LG-1006,2025-01-06 21:29:00,6.482977,3.361805,4.5,50.5,0,5,21,0,0,0.01647,0,normal
LG-1006,2025-01-06 23:49:00,6.382648,3.057085,92.7,36.5,0,0,23,0,0,0.32263,1,route_deviation
LG-1006,2025-01-07 00:52:00,6.43184,3.396486,1.3,78.0,0,0,0,1,0,0.02321,0,normal
LG-1006,2025-01-07 06:36:00,6.503082,3.346543,0.3,60.0,0,2,6,1,0,0.01216,0,normal
LG-1006,2025-01-07 08:37:00,6.440397,3.426978,56.4,86.9,1,0,8,1,1,0.01376,0,normal
LG-1006,2025-01-07 09:21:00,6.490198,3.349912,61.7,55.4,1,0,9,1,1,0.01195,0,normal
LG-1006,2025-01-07 10:33:00,6.445333,3.52846,64.5,62.5,1,12,10,1,1,0.0207,0,normal
LG-1006,2025-01-07 11:30:00,6.49007,3.528084,57.9,53.5,1,0,11,1,1,0.0258,0,normal
LG-1006,2025-01-07 11:44:00,6.436543,3.431708,52.2,73.7,1,0,11,1,1,0.0137,0,normal
LG-1006,2025-01-07 16:29:00,6.601448,3.341608,11.6,57.5,1,0,16,1,1,0.00541,0,normal
LG-1006,2025-01-07 21:14:00,6.456325,3.410819,1.2,49.8,0,0,21,1,0,0.01587,0,normal
LG-1006,2025-01-07 21:55:00,6.452574,3.552612,4.1,67.2,0,0,21,1,0,0.03304,0,normal
LG-1006,2025-01-08 01:38:00,6.492167,3.352662,1.0,66.9,0,0,1,2,0,0.00867,0,normal
LG-1006,2025-01-08 03:05:00,6.457931,3.49967,4.1,82.2,0,0,3,2,0,0.02342,0,normal
LG-1006,2025-01-08 03:10:00,6.408837,3.428139,2.9,83.5,0,0,3,2,0,0.02045,0,normal
LG-1006,2025-01-08 03:17:00,6.610303,3.363596,4.0,82.0,0,0,3,2,0,0.01903,0,normal
LG-1006,2025-01-08 05:57:00,6.465261,3.522233,3.1,92.0,0,0,5,2,0,0.00035,0,normal
LG-1006,2025-01-08 06:16:00,6.453297,3.406999,4.6,84.4,0,8,6,2,0,0.01212,0,normal
LG-1006,2025-01-08 06:49:00,6.590655,3.355534,4.7,92.0,0,0,6,2,0,0.01341,0,normal
LG-1006,2025-01-08 07:13:00,6.481039,3.346489,10.9,86.5,1,0,7,2,1,0.02133,0,normal
LG-1006,2025-01-08 07:40:00,6.471583,3.510322,42.5,93.4,1,0,7,2,1,0.01341,0,normal
LG-1006,2025-01-08 08:00:00,6.457827,3.370429,29.7,83.5,1,8,8,2,1,0.02473,0,normal
LG-1006,2025-01-08 09:06:00,6.46439,3.393225,18.8,54.6,1,0,9,2,1,0.00956,0,normal
LG-1006,2025-01-08 12:53:00,6.58872,3.349499,53.8,77.0,1,0,12,2,1,0.01253,0,normal
LG-1006,2025-01-08 13:41:00,6.43467,3.382907,32.8,55.6,1,0,13,2,1,0.02365,0,normal
LG-1006,2025-01-08 13:57:00,6.406072,3.407973,44.0,46.5,1,0,13,2,1,0.02551,0,normal
LG-1006,2025-01-08 14:46:00,6.589463,3.36347,36.9,60.4,1,0,14,2,1,0.02011,0,normal
LG-1006,2025-01-08 18:07:00,6.442969,3.433806,58.0,44.7,1,0,18,2,1,0.0197,0,normal
LG-1006,2025-01-08 18:40:00,6.464004,3.375247,52.6,42.5,1,12,18,2,1,0.02171,0,normal
LG-1006,2025-01-08 19:37:00,6.468475,3.542735,2.0,34.5,0,0,19,2,0,0.02102,0,normal
LG-1006,2025-01-08 21:21:00,6.442602,3.399744,2.5,15.7,1,54,21,2,0,0.01327,1,fuel_theft
LG-1006,2025-01-08 22:56:00,6.453405,3.403002,3.5,61.2,0,0,22,2,0,0.00816,0,normal
LG-1006,2025-01-08 23:35:00,6.579298,3.357405,4.0,34.3,0,0,23,2,0,0.02407,0,normal
LG-1006,2025-01-09 00:03:00,6.414027,3.423896,2.6,100.0,0,0,0,3,0,0.01427,0,normal
LG-1006,2025-01-09 00:32:00,6.463649,3.399558,4.1,72.8,0,0,0,3,0,0.00978,0,normal
LG-1006,2025-01-09 06:37:00,6.462466,3.543885,2.6,91.4,0,0,6,3,0,0.02203,0,normal
LG-1006,2025-01-09 10:14:00,6.365084,2.935573,86.3,66.0,1,5,10,3,1,0.44315,1,route_deviation
LG-1006,2025-01-09 13:09:00,6.400831,3.434844,53.3,79.5,1,0,13,3,1,0.03049,0,normal
LG-1006,2025-01-09 14:29:00,6.594102,3.347928,1.1,13.5,1,70,14,3,1,0.00696,1,fuel_theft
LG-1006,2025-01-09 14:56:00,6.447653,3.436718,59.0,73.7,1,0,14,3,1,0.02517,0,normal
LG-1006,2025-01-09 15:01:00,6.596608,3.361773,42.5,43.1,0,0,15,3,1,0.01541,0,normal
LG-1006,2025-01-09 15:58:00,6.483928,3.372867,64.6,72.8,1,0,15,3,1,0.02117,0,normal
LG-1006,2025-01-09 18:05:00,6.615309,3.348498,63.6,65.6,1,12,18,3,1,0.01439,0,normal
LG-1006,2025-01-09 21:16:00,6.603957,3.35768,0.8,49.4,0,0,21,3,0,0.01108,0,normal
LG-1006,2025-01-09 21:56:00,6.44703,3.387448,0.6,71.7,0,0,21,3,0,0.01098,0,normal
LG-1006,2025-01-09 23:38:00,6.481425,3.528694,2.3,72.2,0,0,23,3,0,0.01774,0,normal
LG-1006,2025-01-10 01:08:00,6.360676,2.913611,73.0,72.9,0,2,1,4,0,0.46542,1,route_deviation
LG-1006,2025-01-10 02:01:00,6.466603,3.536533,2.9,97.0,0,2,2,4,0,0.01462,0,normal
LG-1006,2025-01-10 02:16:00,6.512778,3.331175,0.1,71.6,0,5,2,4,0,0.03016,0,normal
LG-1006,2025-01-10 08:53:00,6.517417,3.354445,60.2,87.9,1,0,8,4,1,0.01876,0,normal
LG-1006,2025-01-10 09:40:00,6.478872,3.375504,11.8,83.5,1,0,9,4,1,0.02667,0,normal
LG-1006,2025-01-10 09:50:00,6.471374,3.353955,54.5,67.8,1,0,9,4,1,0.02792,0,normal
LG-1006,2025-01-10 10:51:00,6.414186,3.436289,1.8,11.2,1,67,10,4,1,0.0206,1,fuel_theft
LG-1006,2025-01-10 14:26:00,6.475131,3.35714,17.8,49.0,1,8,14,4,1,0.02388,0,normal
LG-1006,2025-01-10 14:42:00,6.518013,3.35114,2.7,9.6,1,58,14,4,1,0.02021,1,fuel_theft
LG-1006,2025-01-10 19:35:00,6.498592,3.339884,0.8,33.9,0,8,19,4,0,0.01812,0,normal
LG-1006,2025-01-10 20:59:00,6.485323,3.508368,3.9,61.8,0,0,20,4,0,0.02447,0,normal
LG-1006,2025-01-10 21:27:00,6.483835,3.51654,0.9,28.1,0,0,21,4,0,0.01961,0,normal
LG-1006,2025-01-10 22:50:00,6.468035,3.395129,0.1,41.6,0,0,22,4,0,0.01304,0,normal
LG-1006,2025-01-10 23:18:00,6.595858,3.348772,4.4,67.0,0,0,23,4,0,0.00544,0,normal
LG-1006,2025-01-11 00:46:00,6.597445,3.328323,1.9,75.8,0,0,0,5,0,0.01901,0,normal
LG-1006,2025-01-11 00:50:00,6.500937,3.367592,2.5,73.4,0,12,0,5,0,0.00979,0,normal
LG-1006,2025-01-11 01:06:00,6.475285,3.406304,1.7,94.6,0,0,1,5,0,0.02322,0,normal
LG-1006,2025-01-11 01:28:00,6.501185,3.375871,4.3,94.9,0,0,1,5,0,0.018,0,normal
LG-1006,2025-01-11 05:14:00,6.404785,3.400901,4.0,84.6,0,0,5,5,0,0.03071,0,normal
LG-1006,2025-01-11 06:27:00,6.502484,3.347239,4.8,83.6,0,12,6,5,0,0.01131,0,normal
LG-1006,2025-01-11 09:25:00,6.518287,3.35214,49.4,56.8,0,0,9,5,1,0.02016,0,normal
LG-1006,2025-01-11 11:05:00,6.453156,3.516088,2.8,18.4,1,75,11,5,1,0.01324,1,fuel_theft
LG-1006,2025-01-11 14:21:00,6.505778,3.355875,19.2,71.6,1,0,14,5,1,0.0071,0,normal
LG-1006,2025-01-11 17:06:00,6.369976,3.096282,63.9,64.4,0,2,17,5,0,0.29179,1,route_deviation
LG-1006,2025-01-11 19:45:00,6.610603,3.355856,1.7,58.0,0,0,19,5,0,0.01306,0,normal
LG-1006,2025-01-11 20:15:00,6.481987,3.380884,5.0,71.8,0,5,20,5,0,0.02852,0,normal
LG-1006,2025-01-11 22:31:00,6.450425,3.413253,3.8,36.7,0,0,22,5,0,0.01882,0,normal
LG-1006,2025-01-12 01:30:00,6.517917,3.341046,2.1,78.8,0,0,1,6,0,0.0254,0,normal
LG-1006,2025-01-12 01:41:00,6.614408,3.339177,3.9,87.1,0,8,1,6,0,0.01552,0,normal
LG-1006,2025-01-12 01:57:00,6.442694,3.401257,1.1,78.0,0,0,1,6,0,0.01381,0,normal
LG-1006,2025-01-12 04:56:00,6.515903,3.3498,2.2,68.9,0,0,4,6,0,0.01879,0,normal
LG-1006,2025-01-12 06:04:00,6.472439,3.526085,1.9,68.5,0,2,6,6,0,0.00849,0,normal
LG-1006,2025-01-12 07:10:00,6.41361,3.419669,0.3,79.3,0,2,7,6,0,0.01445,0,normal
LG-1006,2025-01-12 08:16:00,6.529351,3.352677,1.4,54.0,0,0,8,6,0,0.03081,0,normal
LG-1006,2025-01-12 08:38:00,6.446894,3.401836,4.1,75.8,0,5,8,6,0,0.0106,0,normal
LG-1006,2025-01-12 09:57:00,6.464833,3.522004,1.2,84.8,0,0,9,6,0,0.00017,0,normal
LG-1006,2025-01-12 11:17:00,6.506158,3.334389,2.0,85.4,0,0,11,6,0,0.02467,0,normal
LG-1006,2025-01-12 13:04:00,6.442148,3.43309,3.2,81.8,0,0,13,6,0,0.01861,0,normal
LG-1006,2025-01-12 14:44:00,6.443323,3.419164,1.3,51.9,0,0,14,6,0,0.01543,0,normal
LG-1006,2025-01-12 15:35:00,6.406286,3.429235,4.5,63.2,0,2,15,6,0,0.02322,0,normal
LG-1006,2025-01-12 16:16:00,6.481732,3.515313,4.8,50.7,0,0,16,6,0,0.01802,0,normal
LG-1006,2025-01-12 19:11:00,6.446746,3.431516,1.7,71.2,1,205,19,6,0,0.02149,1,excessive_idle
LG-1006,2025-01-12 19:35:00,6.418128,3.422899,1.8,52.4,0,0,19,6,0,0.01005,0,normal
LG-1006,2025-01-12 21:17:00,6.499481,3.329931,2.3,48.0,0,0,21,6,0,0.02807,0,normal
LG-1006,2025-01-12 21:31:00,6.424148,3.412521,2.1,39.5,0,0,21,6,0,0.00931,0,normal
LG-1006,2025-01-12 22:25:00,6.477805,3.490214,0.9,31.4,0,0,22,6,0,0.03427,0,normal
LG-1006,2025-01-13 00:12:00,6.51791,3.346403,3.6,76.2,0,0,0,0,0,0.02218,0,normal
LG-1006,2025-01-13 00:41:00,6.437461,3.414055,0.4,92.9,0,0,0,0,0,0.01174,0,normal
LG-1006,2025-01-13 00:49:00,6.443574,3.420832,0.8,21.6,1,39,0,0,0,0.01558,1,fuel_theft
LG-1006,2025-01-13 00:53:00,6.469202,3.542226,2.5,81.6,0,8,0,0,0,0.02066,0,normal
LG-1006,2025-01-13 01:57:00,6.467044,3.340338,3.2,86.8,0,0,1,0,0,0.03651,0,normal
LG-1006,2025-01-13 05:20:00,6.520587,3.369402,2.3,74.1,0,0,5,0,0,0.02441,0,normal
LG-1006,2025-01-13 05:34:00,6.418796,3.431603,1.2,78.2,0,0,5,0,0,0.01404,0,normal
LG-1006,2025-01-13 08:27:00,6.515824,3.32207,40.9,85.7,1,0,8,0,1,0.03967,0,normal
LG-1006,2025-01-13 08:55:00,6.528422,3.381251,46.9,73.7,1,0,8,0,1,0.0375,0,normal
LG-1006,2025-01-13 10:02:00,6.418063,3.445911,2.7,14.2,1,64,10,0,1,0.02682,1,fuel_theft
LG-1006,2025-01-13 10:08:00,6.478144,3.49794,13.9,89.2,1,2,10,0,1,0.02742,0,normal
LG-1006,2025-01-13 12:28:00,6.428401,3.411826,46.8,82.2,1,0,12,0,1,0.00918,0,normal
LG-1006,2025-01-13 14:13:00,6.494948,3.354833,24.1,52.5,1,0,14,0,1,0.00514,0,normal
LG-1006,2025-01-13 14:15:00,6.610007,3.318963,48.5,81.1,1,5,14,0,1,0.02945,0,normal
LG-1006,2025-01-13 15:59:00,6.489027,3.358368,56.5,71.6,1,0,15,0,1,0.00998,0,normal
LG-1006,2025-01-13 17:19:00,6.457955,3.401963,23.2,41.2,1,0,17,0,1,0.00756,0,normal
LG-1006,2025-01-13 19:46:00,6.808869,3.747871,36.6,58.4,1,5,23,0,0,0.41142,1,private_use
LG-1006,2025-01-13 19:55:00,6.587292,3.336826,3.2,48.3,0,5,19,0,0,0.01707,0,normal
LG-1006,2025-01-13 20:15:00,6.463092,3.515983,2.4,72.4,0,0,20,0,0,0.00631,0,normal
LG-1006,2025-01-13 21:24:00,6.50689,3.380085,0.9,35.8,0,0,21,0,0,0.02345,0,normal
LG-1006,2025-01-13 22:04:00,6.51705,3.363571,3.5,56.8,0,5,22,0,0,0.01889,0,normal
LG-1006,2025-01-14 00:14:00,6.635737,3.356165,3.3,98.9,0,0,0,1,0,0.03593,0,normal
LG-1006,2025-01-14 03:04:00,6.433557,3.525131,3.3,61.2,0,5,3,1,0,0.0316,0,normal
LG-1006,2025-01-14 03:34:00,6.602687,3.360993,1.3,98.4,0,2,3,1,0,0.01409,0,normal
LG-1006,2025-01-14 05:47:00,6.457884,3.40316,1.3,86.0,0,0,5,1,0,0.00865,0,normal
LG-1006,2025-01-14 05:59:00,6.463486,3.383831,1.7,74.0,0,0,5,1,0,0.01403,0,normal
LG-1006,2025-01-14 06:57:00,6.565707,3.34996,0.4,78.4,0,0,6,1,0,0.03542,0,normal
LG-1006,2025-01-14 09:41:00,6.426492,3.403683,0.3,13.3,1,66,9,1,1,0.01738,1,fuel_theft
LG-1006,2025-01-14 09:50:00,6.442482,3.507726,10.8,85.8,1,2,9,1,1,0.02666,0,normal
LG-1006,2025-01-14 13:38:00,6.600723,3.343848,62.0,54.4,1,0,13,1,1,0.00316,0,normal
LG-1006,2025-01-14 14:55:00,6.404371,3.416197,36.2,52.6,1,0,14,1,1,0.02411,0,normal
LG-1006,2025-01-14 16:39:00,6.455141,3.420661,31.1,65.7,0,0,16,1,1,0.02566,0,normal
LG-1006,2025-01-14 16:52:00,6.520878,3.357173,37.2,56.5,1,0,16,1,1,0.02189,0,normal
LG-1006,2025-01-14 17:26:00,6.62564,3.349517,64.4,44.4,1,0,17,1,1,0.02477,0,normal
LG-1006,2025-01-14 18:02:00,6.447932,3.390346,22.2,48.9,1,0,18,1,1,0.00846,0,normal
LG-1006,2025-01-14 18:44:00,6.467166,3.373097,42.5,77.0,1,0,18,1,1,0.02505,0,normal
LG-1006,2025-01-14 21:36:00,6.47496,3.544243,2.1,57.6,0,0,21,1,0,0.02437,0,normal
LG-1006,2025-01-14 21:39:00,6.421694,3.397459,0.3,54.1,0,0,21,1,0,0.02437,0,normal
LG-1006,2025-01-14 21:50:00,6.422565,3.406705,0.5,46.7,0,5,21,1,0,0.01529,0,normal
LG-1006,2025-01-14 21:59:00,6.435272,3.461863,4.4,42.4,0,0,21,1,0,0.04151,0,normal
LG-1006,2025-01-14 23:09:00,6.439206,3.389903,3.7,43.4,0,0,23,1,0,0.0166,0,normal
LG-1006,2025-01-15 00:39:00,6.583019,3.335162,2.8,98.2,0,0,0,2,0,0.02153,0,normal
LG-1006,2025-01-15 01:30:00,6.464315,3.542812,1.2,98.8,0,0,1,2,0,0.02082,0,normal
LG-1006,2025-01-15 01:41:00,6.497409,3.35273,2.0,100.0,0,0,1,2,0,0.0055,0,normal
LG-1006,2025-01-15 01:55:00,6.452226,3.414324,3.1,95.3,0,0,1,2,0,0.01952,0,normal
LG-1006,2025-01-15 03:15:00,6.586381,3.351352,1.5,11.8,1,60,3,2,0,0.01525,1,fuel_theft
LG-1006,2025-01-15 03:48:00,6.440696,3.397717,0.8,81.5,0,0,3,2,0,0.01456,0,normal
LG-1006,2025-01-15 04:47:00,6.445189,3.422378,0.2,61.7,0,0,4,2,0,0.01724,0,normal
LG-1006,2025-01-15 05:39:00,6.461426,3.554178,0.9,95.7,0,0,5,2,0,0.03238,0,normal
LG-1006,2025-01-15 06:02:00,6.450008,3.404113,3.5,70.8,0,2,6,2,0,0.01039,0,normal
LG-1006,2025-01-15 06:31:00,6.472267,3.39159,1.0,92.8,0,0,6,2,0,0.0176,0,normal
LG-1006,2025-01-15 07:21:00,6.601713,3.344655,10.8,91.3,1,0,7,2,1,0.00245,0,normal
LG-1006,2025-01-15 13:19:00,6.464685,3.529949,46.9,73.6,1,0,13,2,1,0.00796,0,normal
LG-1006,2025-01-15 14:17:00,6.44843,3.4328,19.4,82.2,1,0,14,2,1,0.02359,0,normal
LG-1006,2025-01-15 15:30:00,6.434728,3.379248,61.1,67.5,1,0,15,2,1,0.02567,0,normal
LG-1006,2025-01-15 17:12:00,6.496335,3.393561,0.9,10.1,1,27,17,2,1,0.03566,1,fuel_theft
LG-1006,2025-01-15 17:41:00,6.447237,3.410671,41.3,47.2,1,2,17,2,1,0.01749,0,normal
LG-1006,2025-01-15 18:41:00,6.615132,3.32997,22.1,43.1,1,0,18,2,1,0.02213,0,normal
LG-1006,2025-01-15 20:15:00,6.498287,3.364139,4.4,53.8,0,0,20,2,0,0.00618,0,normal
LG-1006,2025-01-15 20:59:00,6.615228,3.352509,1.3,68.9,0,0,20,2,0,0.01526,0,normal
LG-1006,2025-01-15 21:11:00,6.423355,3.376139,0.7,63.9,0,0,21,2,0,0.03684,0,normal
LG-1006,2025-01-16 00:57:00,6.43683,3.370329,4.0,100.0,0,2,0,3,0,0.03064,0,normal
LG-1006,2025-01-16 03:43:00,6.441049,3.40132,2.6,87.4,0,0,3,3,0,0.01532,0,normal
LG-1006,2025-01-16 06:02:00,6.481223,3.355701,2.3,59.5,0,0,6,3,0,0.01792,0,normal
LG-1006,2025-01-16 06:44:00,6.455387,3.526578,1.7,71.3,0,0,6,3,0,0.01065,0,normal
LG-1006,2025-01-16 08:59:00,6.588636,3.347642,21.6,87.5,1,0,8,3,1,0.01238,0,normal
LG-1006,2025-01-16 10:35:00,6.468293,3.395247,54.8,57.7,1,2,10,3,1,0.0133,0,normal
LG-1006,2025-01-16 11:55:00,6.464841,3.51584,2.1,16.4,1,89,11,3,1,0.00616,1,fuel_theft
LG-1006,2025-01-16 11:57:00,6.595795,3.330432,18.7,49.8,1,12,11,3,1,0.01737,0,normal
LG-1006,2025-01-16 12:50:00,6.417109,3.396672,27.8,73.7,1,0,12,3,1,0.02665,0,normal
LG-1006,2025-01-16 13:00:00,6.579256,3.333892,47.4,50.3,1,0,13,3,1,0.02539,0,normal
LG-1006,2025-01-16 15:12:00,6.448363,3.393919,49.3,56.8,1,0,15,3,1,0.00672,0,normal
LG-1006,2025-01-16 15:15:00,6.468815,3.542669,22.9,60.3,1,0,15,3,1,0.02102,0,normal
LG-1006,2025-01-16 17:59:00,6.42975,3.40952,32.7,57.2,1,0,17,3,1,0.01161,0,normal
LG-1006,2025-01-16 19:06:00,6.513923,3.363537,0.7,9.8,1,42,19,3,0,0.01592,1,fuel_theft
LG-1006,2025-01-16 20:47:00,6.446319,3.410688,0.3,33.9,0,0,20,3,0,0.01793,0,normal
LG-1006,2025-01-16 21:28:00,6.436635,3.39478,1.1,64.6,0,0,21,3,0,0.01837,0,normal
LG-1006,2025-01-17 00:46:00,6.619295,3.344623,3.8,87.8,0,5,0,4,0,0.01845,0,normal
LG-1006,2025-01-17 06:22:00,6.495138,3.34852,2.8,71.6,0,0,6,4,0,0.01024,0,normal
LG-1006,2025-01-17 06:37:00,6.42636,3.389699,0.3,57.9,0,5,6,4,0,0.02913,0,normal
LG-1006,2025-01-17 07:45:00,6.429094,3.396117,28.2,59.7,0,2,7,4,1,0.02491,0,normal
LG-1006,2025-01-17 09:14:00,6.403698,2.965068,69.1,76.1,1,8,9,4,1,0.40432,1,route_deviation
LG-1006,2025-01-17 10:56:00,6.420081,3.393685,52.0,80.9,1,0,10,4,1,0.02844,0,normal
LG-1006,2025-01-17 12:57:00,6.59462,3.335737,41.2,83.6,1,5,12,4,1,0.01294,0,normal
LG-1006,2025-01-17 17:14:00,6.463204,3.404263,60.2,65.0,1,0,17,4,1,0.01237,0,normal
LG-1006,2025-01-17 17:32:00,6.404043,3.442947,21.2,58.8,1,2,17,4,1,0.03249,0,normal
LG-1006,2025-01-17 19:31:00,6.497584,3.37062,1.9,50.9,0,0,19,4,0,0.0127,0,normal
LG-1006,2025-01-17 22:14:00,6.454441,3.40176,2.5,41.9,0,8,22,4,0,0.00678,0,normal
LG-1006,2025-01-17 22:22:00,6.60352,3.340252,3.5,54.9,0,5,22,4,0,0.0072,0,normal
LG-1006,2025-01-17 22:57:00,6.609098,3.368123,1.2,41.3,0,0,22,4,0,0.02262,0,normal
LG-1006,2025-01-17 23:09:00,6.429166,3.41023,0.7,59.7,0,0,23,4,0,0.01083,0,normal
LG-1006,2025-01-18 00:12:00,6.450491,3.406388,0.8,66.9,0,5,0,5,0,0.01225,0,normal
LG-1006,2025-01-18 01:05:00,6.488999,3.406134,2.1,84.9,0,5,1,5,0,0.03578,0,normal
LG-1006,2025-01-18 01:48:00,6.467417,3.384011,0.5,87.4,0,0,1,5,0,0.01658,0,normal
LG-1006,2025-01-18 04:22:00,6.428628,3.41439,2.8,71.9,0,0,4,5,0,0.00664,0,normal
LG-1006,2025-01-18 04:58:00,6.45465,3.530716,4.2,72.6,0,0,4,5,0,0.01353,0,normal
LG-1006,2025-01-18 05:09:00,6.452197,3.380736,1.1,80.2,0,0,5,5,0,0.01454,0,normal
LG-1006,2025-01-18 08:10:00,6.525477,3.342288,16.8,92.5,1,0,8,5,1,0.03079,0,normal
LG-1006,2025-01-18 08:40:00,6.411723,3.431515,49.4,89.6,1,0,8,5,1,0.01938,0,normal
LG-1006,2025-01-18 08:57:00,6.623222,3.333422,1.1,9.1,1,38,8,5,1,0.02604,1,fuel_theft
LG-1006,2025-01-18 10:22:00,6.602556,3.333609,18.2,50.9,1,0,10,5,1,0.01348,0,normal
LG-1006,2025-01-18 10:53:00,6.593852,3.343317,43.3,78.2,1,0,10,5,1,0.00804,0,normal
LG-1006,2025-01-18 12:06:00,6.594992,3.336861,54.1,65.2,1,0,12,5,1,0.01179,0,normal
LG-1006,2025-01-18 15:46:00,6.410647,3.159232,83.4,63.2,0,0,15,5,0,0.21752,1,route_deviation
LG-1006,2025-01-18 15:55:00,6.471662,3.404101,0.7,72.2,0,0,15,5,0,0.01899,0,normal
LG-1006,2025-01-18 17:22:00,6.611115,3.336099,1.9,73.7,0,0,17,5,0,0.01487,0,normal
LG-1006,2025-01-18 17:22:00,6.585331,3.371472,0.3,61.1,0,0,17,5,0,0.02906,0,normal
LG-1006,2025-01-18 17:30:00,6.440547,3.418282,4.1,56.5,0,0,17,5,0,0.01284,0,normal
LG-1006,2025-01-18 17:40:00,6.469956,3.387624,1.7,42.8,0,0,17,5,0,0.01668,0,normal
LG-1006,2025-01-18 21:58:00,6.434178,3.436102,2.4,60.9,0,0,21,5,0,0.01632,0,normal
LG-1006,2025-01-18 22:20:00,6.365805,3.129069,80.4,59.6,0,2,22,5,0,0.26486,1,route_deviation
LG-1006,2025-01-18 22:59:00,6.481749,3.335483,1.8,12.8,1,28,22,5,0,0.02837,1,fuel_theft
LG-1006,2025-01-19 01:05:00,6.464584,3.379664,3.4,87.7,0,0,1,6,0,0.01808,0,normal
LG-1006,2025-01-19 02:18:00,6.452321,3.407967,4.4,73.3,0,5,2,6,0,0.01324,0,normal
LG-1006,2025-01-19 11:50:00,6.612898,3.333647,2.8,75.3,0,0,11,6,0,0.01788,0,normal
LG-1006,2025-01-19 11:55:00,6.52457,3.364723,2.8,63.0,0,0,11,6,0,0.02644,0,normal
LG-1006,2025-01-19 11:59:00,6.43503,3.427008,2.8,19.8,1,60,11,6,0,0.00925,1,fuel_theft
LG-1006,2025-01-19 12:29:00,6.445967,3.373114,4.4,81.7,0,8,12,6,0,0.02368,0,normal
LG-1006,2025-01-19 13:18:00,6.489158,3.513614,0.3,81.7,0,8,13,6,0,0.02557,0,normal
LG-1006,2025-01-19 13:48:00,6.475801,3.404513,4.8,76.8,0,5,13,6,0,0.02287,0,normal
LG-1006,2025-01-19 14:15:00,6.406111,3.432595,0.6,16.8,1,77,14,6,0,0.02477,1,fuel_theft
LG-1006,2025-01-19 18:50:00,6.523329,3.35143,3.9,55.7,0,0,18,6,0,0.0252,0,normal
LG-1006,2025-01-19 18:53:00,6.458738,3.408972,2.4,51.1,0,0,18,6,0,0.01446,0,normal
LG-1006,2025-01-19 19:59:00,6.592553,3.343574,3.4,53.7,0,0,19,6,0,0.00912,0,normal
LG-1006,2025-01-19 21:55:00,6.485363,3.350932,3.6,46.7,0,5,21,6,0,0.01536,0,normal
LG-1006,2025-01-19 23:05:00,6.458445,3.386404,1.1,32.0,0,0,23,6,0,0.00926,0,normal
LG-1006,2025-01-19 23:17:00,6.443464,3.361694,2.5,74.2,0,0,23,6,0,0.03525,0,normal
LG-1006,2025-01-20 01:01:00,6.444494,3.40521,1.9,83.4,0,0,1,0,0,0.01465,0,normal
LG-1006,2025-01-20 01:40:00,6.455323,3.393103,2.5,71.1,0,0,1,0,0,0.00192,0,normal
LG-1006,2025-01-20 01:51:00,6.474747,3.361055,0.8,78.6,0,2,1,0,0,0.02444,0,normal
LG-1006,2025-01-20 02:49:00,6.450559,3.387864,2.0,68.3,0,0,2,0,0,0.0084,0,normal
LG-1006,2025-01-20 04:24:00,6.597472,3.350227,4.6,81.2,0,0,4,0,0,0.00478,0,normal
LG-1006,2025-01-20 06:01:00,6.457622,3.367469,0.9,60.8,0,2,6,0,0,0.02766,0,normal
LG-1006,2025-01-20 06:16:00,6.492915,3.347965,0.9,17.2,1,69,6,0,0,0.01174,1,fuel_theft
LG-1006,2025-01-20 07:29:00,6.51387,3.325099,40.7,66.2,1,5,7,0,1,0.03611,0,normal
LG-1006,2025-01-20 07:45:00,6.523795,3.37211,39.1,75.4,1,0,7,0,1,0.02853,0,normal
LG-1006,2025-01-20 13:51:00,6.449023,3.52439,26.8,71.8,1,5,13,0,1,0.01616,0,normal
LG-1006,2025-01-20 14:18:00,6.601756,3.367144,44.7,83.0,1,0,14,0,1,0.02016,0,normal
LG-1006,2025-01-20 15:54:00,6.431223,3.395987,48.1,51.1,1,0,15,0,1,0.0238,0,normal
LG-1006,2025-01-20 16:42:00,6.634793,3.352566,43.4,62.9,1,0,16,0,1,0.03425,0,normal
LG-1006,2025-01-20 16:59:00,6.803085,3.589448,63.3,48.2,1,0,3,0,0,0.31563,1,private_use
LG-1006,2025-01-20 17:01:00,6.607377,3.318421,64.6,41.9,1,0,17,0,1,0.02928,0,normal
LG-1006,2025-01-20 17:52:00,6.452516,3.382055,3.0,8.0,1,33,17,0,1,0.01318,1,fuel_theft
LG-1006,2025-01-20 17:58:00,6.47807,3.501884,32.2,62.9,1,0,17,0,1,0.02399,0,normal
LG-1006,2025-01-20 18:53:00,6.454106,3.367222,42.8,55.3,1,2,18,0,1,0.02779,0,normal
LG-1006,2025-01-20 20:38:00,6.492807,3.364577,2.8,33.7,0,12,20,0,0,0.00903,0,normal
LG-1006,2025-01-20 21:09:00,6.506197,3.34137,4.8,45.4,0,2,21,0,0,0.01812,0,normal
LG-1006,2025-01-20 22:19:00,6.627304,3.37511,4.7,43.9,0,2,22,0,0,0.0385,0,normal
LG-1006,2025-01-21 00:05:00,6.473972,3.508471,3.2,75.2,0,0,0,1,0,0.01623,0,normal
LG-1006,2025-01-21 03:00:00,6.440999,3.528378,0.2,66.5,0,0,3,1,0,0.02483,0,normal
LG-1006,2025-01-21 05:48:00,6.43428,3.453645,1.1,92.6,1,117,5,1,0,0.03324,1,excessive_idle
LG-1006,2025-01-21 07:29:00,6.483359,3.357266,58.6,57.6,1,0,7,1,1,0.01566,0,normal
LG-1006,2025-01-21 07:55:00,6.420706,3.423763,35.5,59.2,1,0,7,1,1,0.0078,0,normal
LG-1006,2025-01-21 08:11:00,6.609777,3.353872,25.6,74.4,1,0,8,1,1,0.01115,0,normal
LG-1006,2025-01-21 10:21:00,6.619297,3.350778,12.6,61.7,1,0,10,1,1,0.01868,0,normal
LG-1006,2025-01-21 11:52:00,6.454733,3.386198,61.5,65.8,1,0,11,1,1,0.00881,0,normal
LG-1006,2025-01-21 11:59:00,6.442521,3.396102,49.4,74.4,1,0,11,1,1,0.01253,0,normal
LG-1006,2025-01-21 13:36:00,6.461941,3.384373,41.6,48.0,1,0,13,1,1,0.01269,0,normal
LG-1006,2025-01-22 02:15:00,6.470289,3.39566,3.6,93.5,0,0,2,2,0,0.0153,0,normal
LG-1006,2025-01-22 02:22:00,6.463965,3.419854,2.1,71.0,0,0,2,2,0,0.02642,0,normal
LG-1006,2025-01-22 02:45:00,6.431651,3.473149,2.1,90.3,0,8,2,2,0,0.05228,0,normal
LG-1006,2025-01-22 04:50:00,6.422272,3.399953,5.0,90.1,0,0,4,2,0,0.02181,0,normal
LG-1006,2025-01-22 08:17:00,6.468134,3.382701,50.2,74.5,1,0,8,2,1,0.01799,0,normal
LG-1006,2025-01-22 09:12:00,6.576007,3.312745,22.3,61.5,1,8,9,2,1,0.0424,0,normal
LG-1006,2025-01-22 11:06:00,6.604097,3.353735,10.3,84.7,1,0,11,2,1,0.00741,0,normal
LG-1006,2025-01-22 11:53:00,6.410005,3.172325,91.7,64.9,1,0,11,2,1,0.2059,1,route_deviation
LG-1006,2025-01-22 11:59:00,6.61184,3.361873,26.0,71.2,1,0,11,2,1,0.0184,0,normal
LG-1006,2025-01-22 12:56:00,6.462249,3.522734,51.8,54.6,1,0,12,2,1,0.00285,0,normal
LG-1006,2025-01-22 16:05:00,6.462937,3.407903,25.8,74.5,0,0,16,2,1,0.01515,0,normal
LG-1006,2025-01-22 17:08:00,6.569317,3.358061,56.6,72.3,1,0,17,2,1,0.03356,0,normal
LG-1006,2025-01-22 20:55:00,6.375588,3.134562,72.6,73.4,0,0,20,2,0,0.25525,1,route_deviation
LG-1006,2025-01-22 22:44:00,6.522103,3.348142,1.7,37.4,0,0,22,2,0,0.02512,0,normal
LG-1006,2025-01-23 02:17:00,6.422507,3.419754,4.6,100.0,0,0,2,3,0,0.00563,0,normal
LG-1006,2025-01-23 05:13:00,6.423505,3.421783,2.6,90.6,0,0,5,3,0,0.00456,0,normal
LG-1006,2025-01-23 05:30:00,6.581761,3.350782,2.3,66.4,0,0,5,3,0,0.01961,0,normal
LG-1006,2025-01-23 06:09:00,6.444944,3.51512,2.2,62.9,0,0,6,3,0,0.0212,0,normal
LG-1006,2025-01-23 06:24:00,6.470482,3.505286,2.6,12.2,1,33,6,3,0,0.01759,1,fuel_theft
LG-1006,2025-01-23 10:25:00,6.453932,3.52238,63.2,66.1,0,0,10,3,1,0.01107,0,normal
LG-1006,2025-01-23 12:33:00,6.71491,3.686765,64.0,76.9,1,0,5,3,0,0.29934,1,private_use
LG-1006,2025-01-23 12:51:00,6.438832,3.402215,19.5,77.5,1,0,12,3,1,0.0177,0,normal
LG-1006,2025-01-23 14:31:00,6.474902,3.483381,44.4,58.4,1,12,14,3,1,0.03987,0,normal
LG-1006,2025-01-23 15:25:00,6.428584,3.442982,19.4,71.8,0,0,15,3,1,0.02199,0,normal
LG-1006,2025-01-23 15:30:00,6.516551,3.359411,50.1,54.0,1,0,15,3,1,0.01761,0,normal
LG-1006,2025-01-23 15:59:00,6.464251,3.496292,30.2,54.5,1,0,15,3,1,0.02572,0,normal
LG-1006,2025-01-23 18:13:00,6.598515,3.338307,10.2,45.7,1,0,18,3,1,0.00904,0,normal
LG-1006,2025-01-23 19:42:00,6.455066,3.456424,1.2,46.4,0,2,19,3,0,0.04458,0,normal
LG-1006,2025-01-23 22:51:00,6.449962,3.54539,4.3,54.1,0,0,22,3,0,0.02781,0,normal
LG-1006,2025-01-24 00:45:00,6.473306,3.401758,0.0,17.9,1,38,0,4,0,0.01951,1,fuel_theft
LG-1006,2025-01-24 04:04:00,6.444613,3.41337,1.4,81.1,0,0,4,4,0,0.01828,0,normal
LG-1006,2025-01-24 04:10:00,6.461596,3.374946,1.9,92.4,0,0,4,4,0,0.02111,0,normal
LG-1006,2025-01-24 13:49:00,6.42825,3.416088,46.0,53.9,1,0,13,4,1,0.00492,0,normal
LG-1006,2025-01-24 14:24:00,6.468723,3.505104,56.6,71.2,1,0,14,4,1,0.0173,0,normal
LG-1006,2025-01-24 15:21:00,6.465341,3.564745,49.7,77.8,1,0,15,4,1,0.04275,0,normal
LG-1006,2025-01-24 16:05:00,6.425681,3.434975,31.5,67.3,0,2,16,4,1,0.01417,0,normal
LG-1006,2025-01-24 16:15:00,6.499029,3.383943,16.7,66.0,1,0,16,4,1,0.02594,0,normal
LG-1006,2025-01-24 16:47:00,6.490872,3.362425,49.9,68.8,1,0,16,4,1,0.00925,0,normal
LG-1006,2025-01-24 17:01:00,6.464655,3.541733,24.7,45.9,1,0,17,4,1,0.01974,0,normal
LG-1006,2025-01-24 17:52:00,6.601899,3.362232,34.7,80.6,1,0,17,4,1,0.01526,0,normal
LG-1006,2025-01-24 18:06:00,6.507912,3.365115,44.9,66.1,1,8,18,4,1,0.0114,0,normal
LG-1006,2025-01-24 19:11:00,6.464529,3.532368,1.1,41.3,0,0,19,4,0,0.01038,0,normal
LG-1006,2025-01-24 19:12:00,6.769671,3.668449,27.3,46.3,1,5,1,4,0,0.33804,1,private_use
LG-1006,2025-01-24 19:25:00,6.500591,3.379038,2.3,41.9,0,0,19,4,0,0.0211,0,normal
LG-1006,2025-01-24 20:22:00,6.619456,3.336389,2.3,62.0,0,8,20,4,0,0.02129,0,normal
LG-1006,2025-01-24 21:06:00,6.511828,3.379503,4.3,46.1,0,8,21,4,0,0.02504,0,normal
LG-1006,2025-01-24 22:19:00,6.600468,3.352187,0.5,41.9,0,0,22,4,0,0.00521,0,normal
LG-1006,2025-01-24 23:28:00,6.569667,3.330591,1.7,67.6,0,0,23,4,0,0.03537,0,normal
LG-1006,2025-01-25 05:06:00,6.633464,3.350294,3.9,59.0,0,0,5,5,0,0.03263,0,normal
LG-1006,2025-01-25 05:45:00,6.379926,3.087289,68.3,60.5,0,0,5,5,0,0.29574,1,route_deviation
LG-1006,2025-01-25 05:53:00,6.464724,3.515432,2.4,93.4,0,12,5,5,0,0.00657,0,normal
LG-1006,2025-01-25 07:33:00,6.362475,3.187084,87.3,70.3,0,12,7,5,0,0.21875,1,route_deviation
LG-1006,2025-01-25 09:18:00,6.469468,3.384475,29.8,76.6,1,0,9,5,1,0.01789,0,normal
LG-1006,2025-01-25 09:45:00,6.494034,3.37424,35.0,60.5,1,0,9,5,1,0.01698,0,normal
LG-1006,2025-01-25 09:59:00,6.484901,3.351499,21.2,59.7,1,2,9,5,1,0.01553,0,normal
LG-1006,2025-01-25 12:03:00,6.45452,3.518507,14.9,46.2,0,0,12,5,1,0.01105,0,normal
LG-1006,2025-01-25 12:55:00,6.603616,3.355585,35.5,73.5,1,0,12,5,1,0.00897,0,normal
LG-1006,2025-01-25 15:27:00,6.410725,3.431379,0.3,74.1,0,0,15,5,0,0.02015,0,normal
LG-1006,2025-01-25 16:16:00,6.486015,3.51265,2.4,43.6,0,5,16,5,0,0.023,0,normal
LG-1006,2025-01-25 17:34:00,6.451524,3.41229,4.3,61.3,0,0,17,5,0,0.01764,0,normal
LG-1006,2025-01-25 19:25:00,6.434526,3.448258,4.2,41.6,0,0,19,5,0,0.02803,0,normal
LG-1006,2025-01-25 23:31:00,6.461398,3.36895,1.1,75.1,1,111,23,5,0,0.02682,1,excessive_idle
LG-1006,2025-01-25 23:35:00,6.602999,3.341831,3.6,42.9,0,0,23,5,0,0.00554,0,normal
LG-1006,2025-01-26 02:04:00,6.456634,3.395986,4.1,100.0,0,0,2,6,0,0.00191,0,normal
LG-1006,2025-01-26 02:28:00,6.447065,3.419027,3.5,78.6,0,0,2,6,0,0.01917,0,normal
LG-1006,2025-01-26 04:40:00,6.499854,3.360537,0.1,95.1,0,8,4,6,0,0.00268,0,normal
LG-1006,2025-01-26 07:24:00,6.480527,3.389321,1.1,78.0,1,201,7,6,0,0.02615,1,excessive_idle
LG-1006,2025-01-26 08:25:00,6.462821,3.497901,4.1,58.4,0,0,8,6,0,0.0242,0,normal
LG-1006,2025-01-26 09:42:00,6.432477,3.419919,1.1,80.6,0,0,9,6,0,0.00461,0,normal
LG-1006,2025-01-26 09:54:00,6.826022,3.598856,45.3,82.4,1,0,23,6,0,0.33774,1,private_use
LG-1006,2025-01-26 13:12:00,6.422151,3.420333,4.0,56.6,0,0,13,6,0,0.00589,0,normal
LG-1006,2025-01-26 14:06:00,6.456627,3.524841,3.8,70.0,0,0,14,6,0,0.00884,0,normal
LG-1006,2025-01-26 17:01:00,6.454394,3.522316,3.6,66.1,0,0,17,6,0,0.01061,0,normal
LG-1006,2025-01-26 17:13:00,6.46167,3.515841,3.3,56.9,0,5,17,6,0,0.007,0,normal
LG-1006,2025-01-26 20:02:00,6.480472,3.353249,2.3,70.0,0,0,20,6,0,0.01913,0,normal
LG-1006,2025-01-26 21:45:00,6.405825,3.426065,0.1,38.6,0,0,21,6,0,0.02275,0,normal
LG-1006,2025-01-26 22:51:00,6.507689,3.344789,2.6,57.5,0,0,22,6,0,0.01581,0,normal
LG-1006,2025-01-26 23:11:00,6.522583,3.317088,1.0,55.6,1,187,23,6,0,0.04722,1,excessive_idle
LG-1006,2025-01-26 23:52:00,6.444013,3.408191,3.6,68.3,0,8,23,6,0,0.01717,0,normal
LG-1006,2025-01-27 02:28:00,6.38412,2.987801,87.3,64.8,0,12,2,0,0,0.38761,1,route_deviation
LG-1006,2025-01-27 02:44:00,6.465373,3.515303,1.2,73.2,0,0,2,0,0,0.00671,0,normal
LG-1006,2025-01-27 03:09:00,6.434111,3.429318,4.2,95.9,0,0,3,0,0,0.01032,0,normal
LG-1006,2025-01-27 03:35:00,6.434785,3.390019,2.1,68.8,0,0,3,0,0,0.02082,0,normal
LG-1006,2025-01-27 04:31:00,6.442036,3.519752,1.7,80.7,0,5,4,0,0,0.02307,0,normal
LG-1006,2025-01-27 04:55:00,6.465909,3.516516,1.7,93.8,0,5,4,0,0,0.00556,0,normal
LG-1006,2025-01-27 06:06:00,6.467819,3.37745,0.3,67.7,0,0,6,0,0,0.02173,0,normal
LG-1006,2025-01-27 06:26:00,6.480426,3.353043,3.3,76.1,0,5,6,0,0,0.01922,0,normal
LG-1006,2025-01-27 16:00:00,6.469257,3.520507,58.9,69.5,1,5,16,0,1,0.00451,0,normal
LG-1006,2025-01-27 18:59:00,6.425443,3.183998,85.4,40.3,1,0,18,0,1,0.18891,1,route_deviation
LG-1006,2025-01-27 19:22:00,6.609252,3.325753,0.0,41.3,0,0,19,0,0,0.02279,0,normal
LG-1006,2025-01-27 20:44:00,6.590011,3.329233,1.6,64.5,0,0,20,0,0,0.02089,0,normal
LG-1006,2025-01-27 21:03:00,6.601883,3.358887,2.7,55.0,0,0,21,0,0,0.01192,0,normal
LG-1006,2025-01-27 21:39:00,6.465518,3.519723,3.6,63.3,0,0,21,0,0,0.00234,0,normal
LG-1006,2025-01-27 23:16:00,6.604741,3.345907,2.5,70.5,0,0,23,0,0,0.0039,0,normal
LG-1006,2025-01-28 00:49:00,6.585276,3.349427,0.1,98.9,0,0,0,1,0,0.01591,0,normal
LG-1006,2025-01-28 01:03:00,6.409133,3.420443,1.9,99.4,0,0,1,1,0,0.01888,0,normal
LG-1006,2025-01-28 01:16:00,6.503376,3.331355,2.3,87.4,0,0,1,1,0,0.027,0,normal
LG-1006,2025-01-28 01:17:00,6.444375,3.520539,4.3,99.8,0,5,1,1,0,0.02068,0,normal
LG-1006,2025-01-28 01:34:00,6.457546,3.514692,0.8,77.9,0,2,1,1,0,0.01044,0,normal
LG-1006,2025-01-28 02:40:00,6.475713,3.538599,2.9,67.0,0,0,2,1,0,0.01976,0,normal
LG-1006,2025-01-28 03:30:00,6.473176,3.506947,2.7,88.7,0,0,3,1,0,0.01713,0,normal
LG-1006,2025-01-28 05:01:00,6.468565,3.535239,3.6,61.5,0,0,5,1,0,0.01371,0,normal
LG-1006,2025-01-28 06:34:00,6.491616,3.347983,0.3,67.4,0,0,6,1,0,0.01244,0,normal
LG-1006,2025-01-28 06:57:00,6.476136,3.542818,1.1,88.3,0,0,6,1,0,0.02361,0,normal
LG-1006,2025-01-28 09:52:00,6.60328,3.325694,51.6,85.6,1,0,9,1,1,0.02143,0,normal
LG-1006,2025-01-28 10:16:00,6.487155,3.374253,51.2,68.2,1,0,10,1,1,0.02011,0,normal
LG-1006,2025-01-28 12:14:00,6.601174,3.363558,2.8,21.5,1,76,12,1,1,0.01656,1,fuel_theft
LG-1006,2025-01-28 14:13:00,6.602232,3.336818,1.9,11.4,1,80,14,1,1,0.01026,1,fuel_theft
LG-1006,2025-01-28 14:34:00,6.394976,3.438971,23.4,73.5,1,12,14,1,1,0.0376,0,normal
LG-1006,2025-01-28 20:25:00,6.458458,3.49353,2.1,77.9,0,0,20,1,0,0.02921,0,normal
LG-1006,2025-01-28 20:30:00,6.46472,3.331697,0.9,56.6,0,0,20,1,0,0.04321,0,normal
LG-1006,2025-01-28 21:04:00,6.506101,3.337461,2.1,50.1,0,0,21,1,0,0.02173,0,normal
LG-1006,2025-01-28 21:49:00,6.596984,3.36055,3.3,62.8,0,0,21,1,0,0.01413,0,normal
LG-1006,2025-01-29 03:21:00,6.595746,3.342214,1.3,72.4,0,0,3,2,0,0.00711,0,normal
LG-1006,2025-01-29 04:17:00,6.622967,3.339648,0.5,16.9,1,51,4,2,0,0.02316,1,fuel_theft
LG-1006,2025-01-29 04:59:00,6.473501,3.382748,1.4,66.3,0,0,4,2,0,0.02219,0,normal
LG-1006,2025-01-29 05:34:00,6.425472,3.414978,2.5,20.1,1,68,5,2,0,0.00653,1,fuel_theft
LG-1006,2025-01-29 06:07:00,6.440052,3.408937,1.5,91.3,0,0,6,2,0,0.01705,0,normal
LG-1006,2025-01-29 06:55:00,6.575611,3.352031,3.3,82.0,0,0,6,2,0,0.02588,0,normal
LG-1006,2025-01-29 07:24:00,6.592578,3.327503,33.7,91.8,1,0,7,2,1,0.02124,0,normal
LG-1006,2025-01-29 11:13:00,6.423849,3.074869,77.1,80.2,1,0,11,2,1,0.29293,1,route_deviation
LG-1006,2025-01-29 18:14:00,6.613458,3.359697,64.7,72.6,1,8,18,2,1,0.01779,0,normal
LG-1006,2025-01-29 21:14:00,6.416143,3.043672,74.9,56.8,0,0,21,2,0,0.32507,1,route_deviation
LG-1006,2025-01-29 21:39:00,6.589394,3.329003,3.0,55.9,0,0,21,2,0,0.02141,0,normal
LG-1006,2025-01-29 22:13:00,6.472471,3.381195,0.8,57.0,0,2,22,2,0,0.02227,0,normal
LG-1006,2025-01-30 00:19:00,6.517969,3.358773,3.9,82.6,0,0,0,3,0,0.01899,0,normal
LG-1006,2025-01-30 01:00:00,6.422757,3.426812,4.2,81.9,0,0,1,3,0,0.00783,0,normal
LG-1006,2025-01-30 01:12:00,6.497935,3.353001,1.9,85.1,0,0,1,3,0,0.00511,0,normal
LG-1006,2025-01-30 01:34:00,6.614078,3.364924,2.2,74.4,0,0,1,3,0,0.02219,0,normal
LG-1006,2025-01-30 08:58:00,6.414432,3.405026,14.2,63.9,1,8,8,3,1,0.02096,0,normal
LG-1006,2025-01-30 14:08:00,6.590385,3.344891,10.6,65.3,1,0,14,3,1,0.01082,0,normal
LG-1006,2025-01-30 14:51:00,6.468859,3.515771,10.6,78.5,1,0,14,3,1,0.00733,0,normal
LG-1006,2025-01-30 19:21:00,6.515326,3.365636,2.5,43.1,0,0,19,3,0,0.01802,0,normal
LG-1006,2025-01-30 23:12:00,6.416337,3.40578,4.2,65.5,0,0,23,3,0,0.01917,0,normal
LG-1006,2025-01-31 01:27:00,6.453303,3.531287,3.1,85.8,0,2,1,4,0,0.01494,0,normal
LG-1006,2025-01-31 01:30:00,6.489412,3.349305,1.6,13.7,1,83,1,4,0,0.01294,1,fuel_theft
LG-1006,2025-01-31 05:18:00,6.521357,3.355339,1.8,64.1,0,2,5,4,0,0.02251,0,normal
LG-1007,2025-01-01 06:01:00,6.448578,3.373128,2.0,86.7,0,0,6,2,0,0.0228,0,normal
LG-1007,2025-01-01 06:31:00,6.495796,3.525492,2.6,81.6,0,0,6,2,0,0.03099,0,normal
LG-1007,2025-01-01 11:23:00,6.456236,3.395019,56.2,67.5,1,0,11,2,1,0.00124,0,normal
LG-1007,2025-01-01 12:02:00,6.435055,3.417839,36.2,49.0,1,0,12,2,1,0.00773,0,normal
LG-1007,2025-01-01 12:35:00,6.490347,3.546922,10.9,67.0,1,0,12,2,1,0.03555,0,normal
LG-1007,2025-01-01 14:53:00,6.43529,3.38267,0.5,60.8,1,176,14,2,1,0.02325,1,excessive_idle
LG-1007,2025-01-01 20:09:00,6.451068,3.391415,1.1,47.8,0,0,20,2,0,0.00532,0,normal
LG-1007,2025-01-01 21:25:00,6.45053,3.411985,1.0,51.7,0,0,21,2,0,0.01756,0,normal
LG-1007,2025-01-01 22:53:00,6.509354,3.380603,2.3,66.8,0,0,22,2,0,0.02486,0,normal
LG-1007,2025-01-01 23:36:00,6.527334,3.377121,0.7,42.1,0,0,23,2,0,0.03418,0,normal
LG-1007,2025-01-01 23:57:00,6.43132,3.396806,4.4,30.1,0,0,23,2,0,0.02375,0,normal
LG-1007,2025-01-02 02:39:00,6.43808,3.514247,3.6,84.0,0,0,2,3,0,0.02801,0,normal
LG-1007,2025-01-02 03:10:00,6.605482,3.357533,2.8,85.6,0,0,3,3,0,0.01145,0,normal
LG-1007,2025-01-02 03:38:00,6.416419,3.442936,1.2,90.6,1,222,3,3,0,0.02481,1,excessive_idle
LG-1007,2025-01-02 04:54:00,6.381292,3.010708,93.4,84.4,0,8,4,3,0,0.3667,1,route_deviation
LG-1007,2025-01-02 07:40:00,6.456103,3.427916,45.9,57.8,1,0,7,3,1,0.02894,0,normal
LG-1007,2025-01-02 07:42:00,6.508553,3.361563,39.6,88.5,1,0,7,3,1,0.0102,0,normal
LG-1007,2025-01-02 08:58:00,6.48929,3.356039,42.5,70.8,1,12,8,3,1,0.00991,0,normal
LG-1007,2025-01-02 09:47:00,6.396651,3.397541,19.3,79.8,1,0,9,3,1,0.03915,0,normal
LG-1007,2025-01-02 10:14:00,6.41808,3.40889,27.2,71.0,1,0,10,3,1,0.01565,0,normal
LG-1007,2025-01-02 11:22:00,6.494788,3.333598,15.1,83.0,1,0,11,3,1,0.02476,0,normal
LG-1007,2025-01-02 11:50:00,6.429594,3.395768,28.9,74.6,1,0,11,3,1,0.02528,0,normal
LG-1007,2025-01-02 13:01:00,6.494336,3.351579,44.5,75.6,1,0,13,3,1,0.00794,0,normal
LG-1007,2025-01-02 13:14:00,6.474928,3.531504,60.4,54.7,1,0,13,3,1,0.01374,0,normal
LG-1007,2025-01-02 15:21:00,6.416913,3.436762,11.1,43.7,0,0,15,3,1,0.01927,0,normal
LG-1007,2025-01-02 15:41:00,6.4599,3.395694,19.4,59.8,1,0,15,3,1,0.00495,0,normal
LG-1007,2025-01-02 16:30:00,6.448283,3.545191,42.6,62.7,1,5,16,3,1,0.02859,0,normal
LG-1007,2025-01-02 17:43:00,6.563173,3.33481,15.3,65.0,1,0,17,3,1,0.03974,0,normal
LG-1007,2025-01-02 18:08:00,6.499989,3.359726,60.2,58.3,1,2,18,3,1,0.00199,0,normal
LG-1007,2025-01-02 18:57:00,6.448824,3.372792,27.3,41.3,1,0,18,3,1,0.02305,0,normal
LG-1007,2025-01-02 19:26:00,6.610794,3.354376,1.3,63.1,0,0,19,3,0,0.01226,0,normal
LG-1007,2025-01-02 21:03:00,6.486679,3.50834,3.1,69.0,0,2,21,3,0,0.02562,0,normal
LG-1007,2025-01-02 21:57:00,6.505128,3.52895,3.2,40.5,0,12,21,3,0,0.04073,0,normal
LG-1007,2025-01-02 22:23:00,6.588759,3.374548,1.3,40.0,0,0,22,3,0,0.03015,0,normal
LG-1007,2025-01-03 02:50:00,6.423678,3.420124,3.3,94.0,0,0,2,4,0,0.00441,0,normal
LG-1007,2025-01-03 04:23:00,6.493247,3.354638,3.0,93.4,0,0,4,4,0,0.00666,0,normal
LG-1007,2025-01-03 12:08:00,6.510091,3.359865,17.1,68.6,1,0,12,4,1,0.01125,0,normal
LG-1007,2025-01-03 12:13:00,6.425444,3.419082,23.6,54.6,1,0,12,4,1,0.0032,0,normal
LG-1007,2025-01-03 14:50:00,6.604507,3.337631,51.2,75.6,1,8,14,4,1,0.01,0,normal
LG-1007,2025-01-03 16:35:00,6.443857,3.403513,20.1,78.9,1,0,16,4,1,0.01402,0,normal
LG-1007,2025-01-03 18:15:00,6.426795,3.40757,32.3,40.7,1,0,18,4,1,0.01348,0,normal
LG-1007,2025-01-03 18:19:00,6.480026,3.504457,40.3,54.0,1,5,18,4,1,0.0231,0,normal
LG-1007,2025-01-03 19:03:00,6.452863,3.388641,1.0,72.1,0,0,19,4,0,0.00671,0,normal
LG-1007,2025-01-03 20:02:00,6.475378,3.402484,2.1,43.3,0,0,20,4,0,0.02171,0,normal
LG-1007,2025-01-03 20:29:00,6.449832,3.389831,1.7,69.4,0,0,20,4,0,0.00731,0,normal
LG-1007,2025-01-03 23:07:00,6.446998,3.402028,1.2,31.2,0,0,23,4,0,0.01065,0,normal
LG-1007,2025-01-04 00:09:00,6.438302,3.397458,0.8,97.4,0,12,0,5,0,0.01688,0,normal
LG-1007,2025-01-04 01:00:00,6.49145,3.385486,3.0,65.6,0,0,1,5,0,0.0285,0,normal
LG-1007,2025-01-04 02:09:00,6.434269,3.398494,0.8,88.5,0,5,2,5,0,0.02102,0,normal
LG-1007,2025-01-04 02:51:00,6.451648,3.368552,4.8,85.3,0,2,2,5,0,0.02666,0,normal
LG-1007,2025-01-04 03:23:00,6.402886,3.404317,1.4,71.7,0,0,3,5,0,0.03015,0,normal
LG-1007,2025-01-04 04:34:00,6.431643,3.40803,1.0,64.2,0,0,4,5,0,0.01347,0,normal
LG-1007,2025-01-04 06:27:00,6.626304,3.325525,1.6,96.5,0,0,6,5,0,0.03319,0,normal
LG-1007,2025-01-04 06:36:00,6.618938,3.32717,2.2,58.1,0,0,6,5,0,0.02674,0,normal
LG-1007,2025-01-04 08:58:00,6.45396,3.525909,33.0,92.5,1,0,8,5,1,0.01171,0,normal
LG-1007,2025-01-04 11:09:00,6.603977,3.359949,13.8,56.3,1,0,11,5,1,0.01329,0,normal
LG-1007,2025-01-04 12:12:00,6.593688,3.35558,17.5,78.5,1,0,12,5,1,0.01127,0,normal
LG-1007,2025-01-04 13:37:00,6.602375,3.34817,35.6,68.4,1,0,13,5,1,0.00181,0,normal
LG-1007,2025-01-04 16:15:00,6.389553,2.97507,101.9,74.9,0,0,16,5,0,0.39826,1,route_deviation
LG-1007,2025-01-04 17:34:00,6.480612,3.529841,0.2,69.3,0,0,17,5,0,0.01747,0,normal
LG-1007,2025-01-04 19:12:00,6.43832,3.442324,1.4,42.0,0,5,19,5,0,0.02369,0,normal
LG-1007,2025-01-04 19:12:00,6.44947,3.401801,1.7,42.9,0,0,19,5,0,0.00877,0,normal
LG-1007,2025-01-04 20:14:00,6.448507,3.385909,3.2,60.0,0,0,20,5,0,0.01117,0,normal
LG-1007,2025-01-04 23:19:00,6.406955,3.418068,2.9,66.5,0,0,23,5,0,0.02125,0,normal
LG-1007,2025-01-05 00:34:00,6.446924,3.404509,1.3,89.0,0,0,0,6,0,0.01248,0,normal
LG-1007,2025-01-05 01:44:00,6.457833,3.50835,2.7,63.7,0,0,1,6,0,0.01542,0,normal
LG-1007,2025-01-05 01:54:00,6.493349,3.375456,3.5,99.3,0,5,1,6,0,0.01835,0,normal
LG-1007,2025-01-05 05:45:00,6.42793,3.404714,2.4,80.5,0,0,5,6,0,0.01629,0,normal
LG-1007,2025-01-05 05:54:00,6.505897,3.365019,3.7,94.8,0,2,5,6,0,0.00984,0,normal
LG-1007,2025-01-05 06:05:00,6.398612,3.413278,0.3,87.4,0,2,6,6,0,0.03039,0,normal
LG-1007,2025-01-05 07:01:00,6.572825,3.366299,1.3,60.6,0,0,7,6,0,0.03415,0,normal
LG-1007,2025-01-05 07:33:00,6.5061,3.361952,4.3,56.1,0,5,7,6,0,0.00813,0,normal
LG-1007,2025-01-05 08:31:00,6.718243,3.568539,42.6,77.7,1,8,1,6,0,0.25065,1,private_use
LG-1007,2025-01-05 08:35:00,6.453869,3.392128,4.9,55.6,0,8,8,6,0,0.00309,0,normal
LG-1007,2025-01-05 08:46:00,6.466948,3.51728,0.3,68.4,0,5,8,6,0,0.00511,0,normal
LG-1007,2025-01-05 13:31:00,6.419546,3.154957,65.3,67.9,0,0,13,6,0,0.21804,1,route_deviation
LG-1007,2025-01-05 14:26:00,6.46292,3.347174,0.1,66.6,0,5,14,6,0,0.03767,0,normal
LG-1007,2025-01-05 14:31:00,6.485272,3.321421,0.4,77.8,1,125,14,6,0,0.03907,1,excessive_idle
LG-1007,2025-01-05 15:11:00,6.595985,3.370436,2.2,76.7,0,0,15,6,0,0.02397,0,normal
LG-1007,2025-01-05 15:35:00,6.418108,3.404222,4.0,47.3,0,0,15,6,0,0.01948,0,normal
LG-1007,2025-01-05 17:55:00,6.457289,3.537008,1.9,16.7,1,53,17,6,0,0.01687,1,fuel_theft
LG-1007,2025-01-05 19:19:00,6.59995,3.351199,1.1,41.7,0,0,19,6,0,0.00433,0,normal
LG-1007,2025-01-05 22:26:00,6.474683,3.535451,4.3,57.1,0,2,22,6,0,0.01657,0,normal
LG-1007,2025-01-05 22:50:00,6.507161,3.33372,4.4,28.8,0,0,22,6,0,0.02561,0,normal
LG-1007,2025-01-06 02:05:00,6.462505,3.397126,3.9,80.5,0,5,2,0,0,0.0078,0,normal
LG-1007,2025-01-06 03:49:00,6.586356,3.353392,2.8,98.6,0,0,3,0,0,0.01598,0,normal
LG-1007,2025-01-06 04:59:00,6.482024,3.363626,0.6,91.7,0,0,4,0,0,0.01788,0,normal
LG-1007,2025-01-06 06:11:00,6.422076,3.399843,2.9,88.0,0,2,6,0,0,0.02197,0,normal
LG-1007,2025-01-06 07:36:00,6.420945,3.40118,50.2,58.7,1,0,7,0,1,0.02104,0,normal
LG-1007,2025-01-06 09:30:00,6.452189,3.408225,36.9,78.0,1,0,9,0,1,0.01352,0,normal
LG-1007,2025-01-06 09:52:00,6.434327,3.415902,2.3,15.7,1,74,9,0,1,0.00813,1,fuel_theft
LG-1007,2025-01-06 10:47:00,6.422873,3.417256,40.2,64.7,1,0,10,0,1,0.00635,0,normal
LG-1007,2025-01-06 11:05:00,6.364782,3.17741,100.3,51.1,1,0,11,0,1,0.225,1,route_deviation
LG-1007,2025-01-06 13:01:00,6.502767,3.357726,33.9,62.5,1,0,13,0,1,0.00378,0,normal
LG-1007,2025-01-06 13:53:00,6.436906,3.405029,58.3,62.0,0,0,13,0,1,0.01829,0,normal
LG-1007,2025-01-06 16:08:00,6.482714,3.355772,0.5,8.6,1,65,16,0,1,0.01644,1,fuel_theft
LG-1007,2025-01-06 17:31:00,6.510102,3.397322,36.4,75.4,1,0,17,0,1,0.04086,0,normal
LG-1007,2025-01-06 18:35:00,6.587074,3.342285,51.0,76.2,1,0,18,0,1,0.0147,0,normal
LG-1007,2025-01-06 18:46:00,6.498502,3.342713,14.1,71.2,1,0,18,0,1,0.0153,0,normal
LG-1007,2025-01-06 19:52:00,6.434687,3.434535,3.8,47.9,0,2,19,0,0,0.0151,0,normal
LG-1007,2025-01-06 21:06:00,6.506547,3.361611,2.6,43.3,0,0,21,0,0,0.00837,0,normal
LG-1007,2025-01-06 21:18:00,6.50254,3.359752,1.8,63.4,0,0,21,0,0,0.00395,0,normal
LG-1007,2025-01-06 21:39:00,6.602484,3.354258,2.1,48.8,0,0,21,0,0,0.00741,0,normal
LG-1007,2025-01-06 23:23:00,6.605,3.354414,2.4,48.0,0,5,23,0,0,0.00842,0,normal
LG-1007,2025-01-07 03:25:00,6.44282,3.402635,0.4,73.9,0,0,3,1,0,0.01438,0,normal
LG-1007,2025-01-07 06:25:00,6.483335,3.350878,4.1,68.5,0,0,6,1,0,0.01721,0,normal
LG-1007,2025-01-07 10:51:00,6.622219,3.326298,29.5,83.6,0,0,10,1,1,0.02965,0,normal
LG-1007,2025-01-07 12:01:00,6.629601,3.328067,45.4,77.7,1,0,12,1,1,0.0343,0,normal
LG-1007,2025-01-07 12:06:00,6.464142,3.356112,39.5,51.3,1,2,12,1,1,0.03491,0,normal
LG-1007,2025-01-07 12:22:00,6.511314,3.372444,22.4,80.5,1,0,12,1,1,0.01898,0,normal
LG-1007,2025-01-07 12:40:00,6.446767,3.409513,57.4,53.8,1,0,12,1,1,0.01669,0,normal
LG-1007,2025-01-07 14:08:00,6.595832,3.363665,29.0,74.7,0,0,14,1,1,0.01745,0,normal
LG-1007,2025-01-07 14:19:00,6.450818,3.511992,23.6,78.7,1,8,14,1,1,0.01736,0,normal
LG-1007,2025-01-07 15:10:00,6.437282,3.4531,31.6,50.4,1,0,15,1,1,0.03342,0,normal
LG-1007,2025-01-07 15:25:00,6.634051,3.320307,32.9,55.7,1,2,15,1,1,0.04248,0,normal
LG-1007,2025-01-07 15:59:00,6.479962,3.390412,18.2,79.1,1,0,15,1,1,0.02538,0,normal
LG-1007,2025-01-07 17:21:00,6.479175,3.358068,19.1,53.8,1,0,17,1,1,0.01983,0,normal
LG-1007,2025-01-07 18:41:00,6.600631,3.335022,23.4,68.3,1,0,18,1,1,0.01198,0,normal
LG-1007,2025-01-07 20:41:00,6.422446,3.39435,3.2,38.4,0,0,20,1,0,0.02722,0,normal
LG-1007,2025-01-07 22:31:00,6.474329,3.511328,2.9,49.4,0,0,22,1,0,0.01418,0,normal
LG-1007,2025-01-07 23:19:00,6.408916,3.119501,78.2,24.7,0,0,23,1,0,0.25494,1,route_deviation
LG-1007,2025-01-08 04:00:00,6.445953,3.387226,2.0,83.7,0,2,4,2,0,0.01193,0,normal
LG-1007,2025-01-08 06:10:00,6.458399,3.384895,1.1,61.6,0,0,6,2,0,0.01066,0,normal
LG-1007,2025-01-08 09:02:00,6.593891,3.354015,54.6,85.2,1,5,9,2,1,0.00999,0,normal
LG-1007,2025-01-08 09:25:00,6.502659,3.3523,56.6,61.2,1,0,9,2,1,0.00677,0,normal
LG-1007,2025-01-08 10:12:00,6.455508,3.391079,1.6,71.8,1,200,10,2,1,0.00395,1,excessive_idle
LG-1007,2025-01-08 10:36:00,6.46964,3.517143,29.8,86.8,1,2,10,2,1,0.00672,0,normal
LG-1007,2025-01-08 10:42:00,6.58751,3.328745,62.9,50.0,1,5,10,2,1,0.0227,0,normal
LG-1007,2025-01-08 11:10:00,6.443191,3.412706,55.5,84.2,1,0,11,2,1,0.01731,0,normal
LG-1007,2025-01-08 13:31:00,6.432026,3.392193,47.7,61.0,1,2,13,2,1,0.02314,0,normal
LG-1007,2025-01-08 13:40:00,6.485891,3.378763,55.4,71.0,1,0,13,2,1,0.02455,0,normal
LG-1007,2025-01-08 14:35:00,6.45278,3.38505,62.3,47.1,1,0,14,2,1,0.01019,0,normal
LG-1007,2025-01-08 16:04:00,6.604661,3.359304,33.7,51.6,1,8,16,2,1,0.01284,0,normal
LG-1007,2025-01-08 16:33:00,6.465537,3.394726,15.8,77.1,1,5,16,2,1,0.01054,0,normal
LG-1007,2025-01-08 16:58:00,6.495117,3.357626,50.6,41.1,1,0,16,2,1,0.0039,0,normal
LG-1007,2025-01-08 18:40:00,6.619385,3.342297,56.5,49.5,1,0,18,2,1,0.01898,0,normal
LG-1007,2025-01-08 18:49:00,6.481865,3.51098,52.3,70.6,1,0,18,2,1,0.02015,0,normal
LG-1007,2025-01-08 20:16:00,6.595497,3.313733,2.7,53.2,0,2,20,2,0,0.03372,0,normal
LG-1007,2025-01-08 21:09:00,6.376146,3.072471,80.2,34.2,0,0,21,2,0,0.31084,1,route_deviation
LG-1007,2025-01-08 21:29:00,6.41036,3.429191,0.7,30.9,0,0,21,2,0,0.01945,0,normal
LG-1007,2025-01-08 22:06:00,6.597228,3.327304,2.4,56.9,0,0,22,2,0,0.02005,0,normal
LG-1007,2025-01-08 23:38:00,6.600783,3.353684,2.5,34.7,0,0,23,2,0,0.00669,0,normal
LG-1007,2025-01-09 01:33:00,6.507952,3.363689,0.6,91.2,0,0,1,3,0,0.01061,0,normal
LG-1007,2025-01-09 02:39:00,6.614247,3.320531,1.1,89.5,0,0,2,3,0,0.0296,0,normal
LG-1007,2025-01-09 04:32:00,6.355226,3.169542,67.4,80.8,0,0,4,3,0,0.23704,1,route_deviation
LG-1007,2025-01-09 06:03:00,6.464204,3.506817,1.2,89.4,0,12,6,3,0,0.0152,0,normal
LG-1007,2025-01-09 10:09:00,6.416272,3.055656,79.7,89.4,1,0,10,3,1,0.31346,1,route_deviation
LG-1007,2025-01-09 11:37:00,6.421548,3.422087,41.7,68.0,1,0,11,3,1,0.00654,0,normal
LG-1007,2025-01-09 14:02:00,6.516129,3.333646,37.6,48.3,1,0,14,3,1,0.02977,0,normal
LG-1007,2025-01-09 15:16:00,6.461624,3.50027,57.4,68.4,1,0,15,3,1,0.02199,0,normal
LG-1007,2025-01-09 19:18:00,6.507538,3.380952,2.9,71.2,0,0,19,3,0,0.02449,0,normal
LG-1007,2025-01-09 19:54:00,6.455394,3.38358,0.2,71.2,0,0,19,3,0,0.01143,0,normal
LG-1007,2025-01-09 21:13:00,6.502616,3.349165,1.2,61.1,1,170,21,3,0,0.00955,1,excessive_idle
LG-1007,2025-01-09 21:22:00,6.460569,3.377258,1.7,62.1,0,0,21,3,0,0.0186,0,normal
LG-1007,2025-01-09 21:36:00,6.512922,3.34452,2.5,60.4,0,0,21,3,0,0.01938,0,normal
LG-1007,2025-01-09 22:49:00,6.453381,3.399261,4.7,45.1,0,5,22,3,0,0.00456,0,normal
LG-1007,2025-01-10 02:48:00,6.531897,3.334568,0.1,70.3,0,0,2,4,0,0.04039,0,normal
LG-1007,2025-01-10 05:40:00,6.589339,3.345624,0.7,79.5,0,0,5,4,0,0.01174,0,normal
LG-1007,2025-01-10 06:18:00,6.452446,3.401028,1.1,57.0,1,197,6,4,0,0.00655,1,excessive_idle
LG-1007,2025-01-10 06:43:00,6.599899,3.357425,3.9,80.8,0,0,6,4,0,0.01048,0,normal
LG-1007,2025-01-10 08:49:00,6.464738,3.52226,39.8,92.0,0,0,8,4,1,0.00037,0,normal
LG-1007,2025-01-10 09:59:00,6.604708,3.336357,14.4,89.7,1,0,9,4,1,0.01127,0,normal
LG-1007,2025-01-10 13:27:00,6.619025,3.351645,56.6,51.8,1,0,13,4,1,0.01861,0,normal
LG-1007,2025-01-10 13:29:00,6.355982,2.900499,106.4,49.3,1,8,13,4,1,0.47933,1,route_deviation
LG-1007,2025-01-10 14:41:00,6.461744,3.500165,51.2,57.3,1,8,14,4,1,0.02208,0,normal
LG-1007,2025-01-10 16:02:00,6.49833,3.339779,25.3,52.5,1,8,16,4,1,0.01823,0,normal
LG-1007,2025-01-10 17:18:00,6.459402,3.403531,50.2,45.4,1,0,17,4,1,0.0096,0,normal
LG-1007,2025-01-10 17:48:00,6.611907,3.34053,62.2,51.2,1,0,17,4,1,0.01268,0,normal
LG-1007,2025-01-10 18:44:00,6.459583,3.395281,25.1,73.1,1,0,18,4,1,0.00459,0,normal
LG-1007,2025-01-10 20:02:00,6.465894,3.508891,1.1,55.2,0,0,20,4,0,0.01314,0,normal
LG-1007,2025-01-10 22:05:00,6.450381,3.403193,2.6,63.8,0,0,22,4,0,0.00941,0,normal
LG-1007,2025-01-11 01:15:00,6.401483,3.182257,66.7,88.4,0,0,1,5,0,0.20099,1,route_deviation
LG-1007,2025-01-11 02:55:00,6.53062,3.348991,2.7,76.7,0,0,2,5,0,0.03288,0,normal
LG-1007,2025-01-11 03:35:00,6.50101,3.329869,0.8,83.8,0,0,3,5,0,0.0282,0,normal
LG-1007,2025-01-11 08:07:00,6.454856,3.499254,15.8,90.1,1,5,8,5,1,0.02491,0,normal
LG-1007,2025-01-11 11:08:00,6.445048,3.41768,0.0,10.2,1,41,11,5,1,0.01737,1,fuel_theft
LG-1007,2025-01-11 13:40:00,6.487409,3.379187,38.6,61.5,1,0,13,5,1,0.02415,0,normal
LG-1007,2025-01-11 14:19:00,6.428584,3.449516,13.8,81.4,1,0,14,5,1,0.02852,0,normal
LG-1007,2025-01-11 17:17:00,6.590802,3.339863,0.4,70.2,0,0,17,5,0,0.01245,0,normal
LG-1007,2025-01-11 18:36:00,6.450348,3.525897,1.4,41.4,0,0,18,5,0,0.01516,0,normal
LG-1007,2025-01-11 19:17:00,6.568663,3.328034,3.3,57.1,0,0,19,5,0,0.03749,0,normal
LG-1007,2025-01-11 19:54:00,6.475229,3.545282,2.4,75.0,0,0,19,5,0,0.02543,0,normal
LG-1007,2025-01-11 21:16:00,6.41824,3.393473,1.9,46.1,0,0,21,5,0,0.02921,0,normal
LG-1007,2025-01-11 21:44:00,6.448069,3.503391,2.5,9.6,1,89,21,5,0,0.02516,1,fuel_theft
LG-1007,2025-01-11 23:50:00,6.477336,3.344302,3.9,61.7,0,0,23,5,0,0.02563,0,normal
LG-1007,2025-01-12 01:19:00,6.590108,3.376496,1.1,14.8,1,78,1,6,0,0.03144,1,fuel_theft
LG-1007,2025-01-12 03:34:00,6.504897,3.365141,4.8,85.9,0,2,3,6,0,0.00926,0,normal
LG-1007,2025-01-12 06:14:00,6.408441,3.022249,77.6,60.2,0,0,6,6,0,0.34775,1,route_deviation
LG-1007,2025-01-12 06:47:00,6.585097,3.358858,2.4,76.6,0,8,6,6,0,0.01984,0,normal
LG-1007,2025-01-12 07:44:00,6.424458,3.426148,1.5,58.8,0,0,7,6,0,0.00625,0,normal
LG-1007,2025-01-12 10:39:00,6.588962,3.366742,3.5,78.6,0,0,10,6,0,0.02312,0,normal
LG-1007,2025-01-12 10:51:00,6.427712,3.408235,2.2,65.1,0,0,10,6,0,0.01277,0,normal
LG-1007,2025-01-12 11:48:00,6.522852,3.34991,2.2,72.6,0,0,11,6,0,0.02519,0,normal
LG-1007,2025-01-12 13:32:00,6.483509,3.513008,3.5,82.1,0,0,13,6,0,0.02058,0,normal
LG-1007,2025-01-12 13:44:00,6.578576,3.327863,1.2,85.5,0,0,13,6,0,0.02948,0,normal
LG-1007,2025-01-12 14:31:00,6.821326,3.690246,69.7,70.1,1,0,4,6,0,0.39405,1,private_use
LG-1007,2025-01-12 15:24:00,6.467881,3.373313,4.5,60.6,0,0,15,6,0,0.02522,0,normal
LG-1007,2025-01-12 17:31:00,6.604913,3.347769,2.4,70.9,0,8,17,6,0,0.00399,0,normal
LG-1007,2025-01-12 18:21:00,6.432546,3.405518,4.2,41.6,0,5,18,6,0,0.01614,0,normal
LG-1007,2025-01-12 19:24:00,6.473832,3.502026,0.8,64.6,0,0,19,6,0,0.02184,0,normal
LG-1007,2025-01-12 20:08:00,6.494998,3.362717,0.6,52.2,0,0,20,6,0,0.00619,0,normal
LG-1007,2025-01-12 20:58:00,6.442799,3.402512,0.0,55.8,0,0,20,6,0,0.01433,0,normal
LG-1007,2025-01-12 22:07:00,6.441706,3.543646,4.0,42.3,0,0,22,6,0,0.0318,0,normal
LG-1007,2025-01-12 22:11:00,6.440541,3.379526,4.5,66.6,0,0,22,6,0,0.02118,0,normal
LG-1007,2025-01-12 22:17:00,6.413942,3.431391,3.2,47.6,0,0,22,6,0,0.01748,0,normal
LG-1007,2025-01-13 00:11:00,6.435305,3.513501,0.8,71.4,0,0,0,0,0,0.03089,0,normal
LG-1007,2025-01-13 01:45:00,6.614806,3.335576,4.4,89.1,0,0,1,0,0,0.01792,0,normal
LG-1007,2025-01-13 01:51:00,6.501703,3.363071,0.5,70.3,0,0,1,0,0,0.00575,0,normal
LG-1007,2025-01-13 08:34:00,6.620602,3.350378,50.9,60.4,1,0,8,0,1,0.01989,0,normal
LG-1007,2025-01-13 08:42:00,6.433186,3.452238,42.8,91.6,1,0,8,0,1,0.03167,0,normal
LG-1007,2025-01-13 11:09:00,6.451218,3.425024,64.0,70.7,1,0,11,0,1,0.02356,0,normal
LG-1007,2025-01-13 12:25:00,6.500761,3.337358,39.0,80.6,1,0,12,0,1,0.02072,0,normal
LG-1007,2025-01-13 15:02:00,6.611289,3.332366,39.8,68.2,1,0,15,0,1,0.01789,0,normal
LG-1007,2025-01-13 17:18:00,6.467245,3.386542,64.1,52.2,1,2,17,0,1,0.01488,0,normal
LG-1007,2025-01-13 23:23:00,6.425019,3.367323,0.1,60.5,0,8,23,0,0,0.0408,0,normal
LG-1007,2025-01-14 00:39:00,6.620679,3.3425,3.1,85.5,0,2,0,1,0,0.02019,0,normal
LG-1007,2025-01-14 01:47:00,6.450089,3.391644,1.6,77.9,0,0,1,1,0,0.00595,0,normal
LG-1007,2025-01-14 02:35:00,6.402972,3.054134,90.5,79.6,0,0,2,1,0,0.31868,1,route_deviation
LG-1007,2025-01-14 03:26:00,6.607367,3.319005,1.3,92.4,0,0,3,1,0,0.02871,0,normal
LG-1007,2025-01-14 04:17:00,6.46686,3.511661,2.4,63.2,0,8,4,1,0,0.01051,0,normal
LG-1007,2025-01-14 07:51:00,6.576529,3.347946,36.5,92.1,1,0,7,1,1,0.02449,0,normal
LG-1007,2025-01-14 10:40:00,6.479598,3.357437,24.8,55.5,1,0,10,1,1,0.01941,0,normal
LG-1007,2025-01-14 10:53:00,6.598749,3.368968,22.5,54.9,1,0,10,1,1,0.02208,0,normal
LG-1007,2025-01-14 16:21:00,6.473729,3.407631,40.5,80.4,1,8,16,1,1,0.02259,0,normal
LG-1007,2025-01-14 21:28:00,6.40765,3.425965,2.6,34.1,0,0,21,1,0,0.02095,0,normal
LG-1007,2025-01-14 21:41:00,6.459363,3.375998,1.4,39.0,0,0,21,1,0,0.0195,0,normal
LG-1007,2025-01-14 22:04:00,6.459215,3.396802,0.5,64.6,0,0,22,1,0,0.00458,0,normal
LG-1007,2025-01-14 23:21:00,6.617099,3.351442,0.4,20.4,1,57,23,1,0,0.0167,1,fuel_theft
LG-1007,2025-01-14 23:49:00,6.478527,3.536635,0.1,64.5,0,0,23,1,0,0.01993,0,normal
LG-1007,2025-01-15 00:14:00,6.479183,3.338238,0.2,92.4,0,0,0,2,0,0.02799,0,normal
LG-1007,2025-01-15 01:16:00,6.466893,3.536886,3.0,70.0,0,5,1,2,0,0.01501,0,normal
LG-1007,2025-01-15 01:39:00,6.466234,3.494501,0.5,96.6,0,8,1,2,0,0.02753,0,normal
LG-1007,2025-01-15 01:41:00,6.816932,3.746782,36.6,82.9,1,2,22,2,0,0.41759,1,private_use
LG-1007,2025-01-15 04:23:00,6.424878,3.399823,0.2,76.9,0,12,4,2,0,0.02141,0,normal
LG-1007,2025-01-15 08:36:00,6.462378,3.523252,33.2,60.4,1,0,8,2,1,0.00291,0,normal
LG-1007,2025-01-15 11:22:00,6.454709,3.515459,48.4,53.6,1,0,11,2,1,0.01219,0,normal
LG-1007,2025-01-15 11:28:00,6.465778,3.549628,29.8,74.6,1,0,11,2,1,0.02764,0,normal
LG-1007,2025-01-15 12:47:00,6.580612,3.31868,28.2,73.4,0,12,12,2,1,0.0349,0,normal
LG-1007,2025-01-15 12:57:00,6.517794,3.362161,63.0,70.5,1,0,12,2,1,0.01925,0,normal
LG-1007,2025-01-15 16:12:00,6.430196,3.386408,60.0,72.4,1,0,16,2,1,0.02625,0,normal
LG-1007,2025-01-15 16:19:00,6.435184,3.368781,30.6,44.5,1,0,16,2,1,0.03286,0,normal
LG-1007,2025-01-15 17:25:00,6.423752,3.419942,13.2,63.7,1,0,17,2,1,0.00438,0,normal
LG-1007,2025-01-15 19:26:00,6.60258,3.347872,0.6,50.1,0,8,19,2,0,0.0018,0,normal
LG-1007,2025-01-15 19:57:00,6.436693,3.384951,0.6,61.2,0,0,19,2,0,0.02088,0,normal
LG-1007,2025-01-15 21:12:00,6.447737,3.526072,1.4,42.1,0,0,21,2,0,0.01774,0,normal
LG-1007,2025-01-16 00:44:00,6.605058,3.339504,2.2,90.9,0,2,0,3,0,0.00852,0,normal
LG-1007,2025-01-16 01:12:00,6.480053,3.525116,1.2,73.6,0,0,1,3,0,0.01537,0,normal
LG-1007,2025-01-16 04:58:00,6.613581,3.352846,2.5,71.9,0,8,4,3,0,0.01387,0,normal
LG-1007,2025-01-16 05:02:00,6.465502,3.550163,3.4,95.1,0,2,5,3,0,0.02817,0,normal
LG-1007,2025-01-16 07:35:00,6.470829,3.517834,55.3,64.6,1,0,7,3,1,0.00716,0,normal
LG-1007,2025-01-16 09:39:00,6.452941,3.431488,24.7,89.8,1,8,9,3,1,0.02706,0,normal
LG-1007,2025-01-16 16:51:00,6.528098,3.360159,41.0,78.1,1,5,16,3,1,0.02918,0,normal
LG-1007,2025-01-16 19:12:00,6.450103,3.376749,1.2,60.3,0,8,19,3,0,0.0189,0,normal
LG-1007,2025-01-16 21:06:00,6.600255,3.370417,0.9,58.2,0,0,21,3,0,0.02343,0,normal
LG-1007,2025-01-16 21:07:00,6.429624,3.178144,95.0,48.2,0,0,21,3,0,0.19277,1,route_deviation
LG-1007,2025-01-16 22:53:00,6.575895,3.352561,0.3,64.5,0,0,22,3,0,0.02571,0,normal
LG-1007,2025-01-16 23:15:00,6.453176,3.379726,3.7,45.6,0,2,23,3,0,0.01538,0,normal
LG-1007,2025-01-16 23:20:00,6.435871,3.407511,3.1,42.4,0,8,23,3,0,0.01562,0,normal
LG-1007,2025-01-17 00:43:00,6.51445,3.376038,0.2,96.6,0,0,0,4,0,0.02375,0,normal
LG-1007,2025-01-17 03:22:00,6.419983,3.430398,2.1,70.3,0,2,3,4,0,0.01235,0,normal
LG-1007,2025-01-17 06:17:00,6.452025,3.400392,1.4,88.1,0,0,6,4,0,0.00616,0,normal
LG-1007,2025-01-17 08:44:00,6.464697,3.517292,46.6,68.3,1,0,8,4,1,0.00472,0,normal
LG-1007,2025-01-17 10:25:00,6.513741,3.330552,10.9,79.6,1,0,10,4,1,0.03116,0,normal
LG-1007,2025-01-17 11:31:00,6.375486,3.12643,106.3,85.9,1,0,11,4,1,0.26245,1,route_deviation
LG-1007,2025-01-17 12:36:00,6.473717,3.49795,60.4,79.4,1,0,12,4,1,0.02558,0,normal
LG-1007,2025-01-17 14:22:00,6.402596,3.008034,73.6,49.3,1,0,14,4,1,0.363,1,route_deviation
LG-1007,2025-01-17 18:05:00,6.521084,3.348597,54.0,44.6,1,0,18,4,1,0.024,0,normal
LG-1007,2025-01-17 18:36:00,6.475269,3.3684,39.7,50.9,1,0,18,4,1,0.02591,0,normal
LG-1007,2025-01-17 18:41:00,6.464811,3.374906,64.9,41.0,1,2,18,4,1,0.02236,0,normal
LG-1007,2025-01-17 19:04:00,6.494401,3.514868,2.7,65.4,0,5,19,4,0,0.03025,0,normal
LG-1007,2025-01-17 19:24:00,6.426883,3.421492,2.7,43.7,0,0,19,4,0,0.00122,0,normal
LG-1007,2025-01-17 19:35:00,6.477753,3.543643,1.6,68.0,0,0,19,4,0,0.02512,0,normal
LG-1007,2025-01-17 21:34:00,6.592363,3.362816,3.3,62.0,0,0,21,4,0,0.01802,0,normal
LG-1007,2025-01-17 22:04:00,6.435392,3.431927,1.6,46.5,0,2,22,4,0,0.01319,0,normal
LG-1007,2025-01-17 22:16:00,6.386686,3.002162,75.9,46.0,0,2,22,4,0,0.37314,1,route_deviation
LG-1007,2025-01-17 23:14:00,6.572828,3.348901,0.3,50.9,0,0,23,4,0,0.02824,0,normal
LG-1007,2025-01-18 04:23:00,6.418278,3.43685,0.3,69.0,0,0,4,5,0,0.01859,0,normal
LG-1007,2025-01-18 08:43:00,6.439484,3.512487,58.9,88.8,1,2,8,5,1,0.02723,0,normal
LG-1007,2025-01-18 09:32:00,6.447174,3.533953,1.8,16.4,1,56,9,5,1,0.02146,1,fuel_theft
LG-1007,2025-01-18 10:04:00,6.423924,3.451272,32.3,86.6,1,0,10,5,1,0.03054,0,normal
LG-1007,2025-01-18 12:45:00,6.452343,3.496428,23.9,80.6,1,0,12,5,1,0.02853,0,normal
LG-1007,2025-01-18 12:59:00,6.606528,3.34793,15.8,70.5,1,0,12,5,1,0.00561,0,normal
LG-1007,2025-01-18 14:34:00,6.421029,3.462145,20.8,77.0,1,0,14,5,1,0.04173,0,normal
LG-1007,2025-01-18 14:40:00,6.456893,3.512526,14.5,59.7,1,8,14,5,1,0.01247,0,normal
LG-1007,2025-01-18 20:57:00,6.520791,3.336064,2.7,53.1,0,0,20,5,0,0.03092,0,normal
LG-1007,2025-01-18 21:24:00,6.417388,3.171368,66.8,54.1,0,0,21,5,0,0.2037,1,route_deviation
LG-1007,2025-01-19 01:53:00,6.516103,3.38162,0.5,89.6,0,2,1,6,0,0.02916,0,normal
LG-1007,2025-01-19 02:26:00,6.48639,3.360432,4.5,94.8,0,2,2,6,0,0.01284,0,normal
LG-1007,2025-01-19 03:43:00,6.502323,3.358782,4.2,77.1,0,0,3,6,0,0.00341,0,normal
LG-1007,2025-01-19 04:58:00,6.601877,3.332308,0.5,67.8,0,0,4,6,0,0.01472,0,normal
LG-1007,2025-01-19 07:14:00,6.621236,3.356228,4.9,94.6,0,0,7,6,0,0.02224,0,normal
LG-1007,2025-01-19 07:54:00,6.377352,2.944255,69.1,60.0,0,2,7,6,0,0.43126,1,route_deviation
LG-1007,2025-01-19 08:24:00,6.424454,3.429406,4.6,57.7,0,0,8,6,0,0.00912,0,normal
LG-1007,2025-01-19 11:34:00,6.429712,3.387328,4.5,67.0,0,0,11,6,0,0.02643,0,normal
LG-1007,2025-01-19 11:39:00,6.493576,3.351352,1.0,49.0,0,0,11,6,0,0.00858,0,normal
LG-1007,2025-01-19 15:45:00,6.50173,3.380821,2.3,76.7,0,8,15,6,0,0.02298,0,normal
LG-1007,2025-01-19 15:57:00,6.446745,3.422277,4.4,65.1,0,0,15,6,0,0.01879,0,normal
LG-1007,2025-01-19 20:21:00,6.457299,3.422402,0.4,58.2,0,0,20,6,0,0.0275,0,normal
LG-1007,2025-01-19 20:22:00,6.418853,3.420128,0.5,68.7,0,0,20,6,0,0.00919,0,normal
LG-1007,2025-01-19 22:29:00,6.451114,3.427828,2.0,47.0,0,2,22,6,0,0.0241,0,normal
LG-1007,2025-01-20 00:01:00,6.781576,3.720394,51.6,72.2,1,0,1,0,0,0.3736,1,private_use
LG-1007,2025-01-20 00:58:00,6.418157,3.425672,3.7,100.0,0,0,0,0,0,0.0109,0,normal
LG-1007,2025-01-20 01:16:00,6.515107,3.370855,2.8,88.5,0,8,1,0,0,0.02061,0,normal
LG-1007,2025-01-20 02:00:00,6.447145,3.525117,2.2,65.3,0,0,2,0,0,0.01813,0,normal
LG-1007,2025-01-20 04:10:00,6.600332,3.344297,4.5,84.1,0,0,4,0,0,0.00278,0,normal
LG-1007,2025-01-20 04:16:00,6.442849,3.385492,3.9,63.7,0,5,4,0,0,0.01543,0,normal
LG-1007,2025-01-20 04:39:00,6.459903,3.528829,4.5,80.2,0,5,4,0,0,0.00852,0,normal
LG-1007,2025-01-20 05:45:00,6.430032,3.406139,4.4,77.0,0,0,5,0,0,0.015,0,normal
LG-1007,2025-01-20 06:33:00,6.45044,3.409472,1.7,83.7,0,0,6,0,0,0.01517,0,normal
LG-1007,2025-01-20 07:30:00,6.496034,3.359143,29.8,82.1,1,0,7,0,1,0.00318,0,normal
LG-1007,2025-01-20 09:00:00,6.434681,3.538453,1.1,18.1,1,65,9,0,1,0.0345,1,fuel_theft
LG-1007,2025-01-20 10:10:00,6.43954,3.415519,63.1,85.2,1,0,10,0,1,0.01278,0,normal
LG-1007,2025-01-20 11:32:00,6.485122,3.506745,63.9,78.2,1,0,11,0,1,0.02525,0,normal
LG-1007,2025-01-20 12:09:00,6.581535,3.355008,47.9,67.8,0,0,12,0,1,0.02105,0,normal
LG-1007,2025-01-20 12:51:00,6.490916,3.329271,55.1,66.4,1,0,12,0,1,0.02984,0,normal
LG-1007,2025-01-20 16:44:00,6.504273,3.362068,2.3,20.7,1,43,16,0,1,0.00666,1,fuel_theft
LG-1007,2025-01-20 21:11:00,6.445626,3.506935,3.0,73.3,0,0,21,0,0,0.02454,0,normal
LG-1007,2025-01-20 22:30:00,6.516599,3.343614,0.4,17.6,1,65,22,0,0,0.02273,1,fuel_theft
LG-1007,2025-01-21 00:09:00,6.812286,3.745047,37.4,68.9,1,0,0,1,0,0.41274,1,private_use
LG-1007,2025-01-21 02:17:00,6.475236,3.409644,3.7,81.6,0,5,2,1,0,0.02498,0,normal
LG-1007,2025-01-21 05:10:00,6.431369,3.530208,1.0,19.1,1,50,5,1,0,0.03462,1,fuel_theft
LG-1007,2025-01-21 05:31:00,6.456251,3.403932,4.4,80.4,0,0,5,1,0,0.00902,0,normal
LG-1007,2025-01-21 06:47:00,6.449039,3.386848,3.6,67.5,0,0,6,1,0,0.0101,0,normal
LG-1007,2025-01-21 07:14:00,6.491221,3.345667,23.9,55.5,1,8,7,1,1,0.01458,0,normal
LG-1007,2025-01-21 07:33:00,6.425204,3.401637,44.8,72.7,1,0,7,1,1,0.01956,0,normal
LG-1007,2025-01-21 07:38:00,6.579586,3.338542,14.6,80.6,1,0,7,1,1,0.02302,0,normal
LG-1007,2025-01-21 08:37:00,6.440149,3.434648,56.1,73.7,1,0,8,1,1,0.01827,0,normal
LG-1007,2025-01-21 09:58:00,6.446645,3.376676,37.7,85.0,1,0,9,1,1,0.02014,0,normal
LG-1007,2025-01-21 11:04:00,6.448164,3.376683,50.4,57.9,1,0,11,1,1,0.01955,0,normal
LG-1007,2025-01-21 12:57:00,6.591602,3.366753,18.6,69.4,1,0,12,1,1,0.02188,0,normal
LG-1007,2025-01-21 13:59:00,6.591589,3.379589,44.2,82.6,1,2,13,1,1,0.03392,0,normal
LG-1007,2025-01-21 14:49:00,6.59666,3.362298,24.1,79.3,1,0,14,1,1,0.0159,0,normal
LG-1007,2025-01-21 15:36:00,6.504095,3.373372,26.6,82.1,1,0,15,1,1,0.01619,0,normal
LG-1007,2025-01-21 15:49:00,6.426017,3.441923,49.8,66.0,1,0,15,1,1,0.02102,0,normal
LG-1007,2025-01-21 16:09:00,6.466404,3.505578,13.9,59.2,1,8,16,1,1,0.01648,0,normal
LG-1007,2025-01-21 16:16:00,6.433234,3.424497,28.1,63.5,1,12,16,1,1,0.00629,0,normal
LG-1007,2025-01-21 18:42:00,6.430044,3.416097,63.3,43.1,1,0,18,1,1,0.00531,0,normal
LG-1007,2025-01-21 19:40:00,6.490932,3.343436,0.4,77.1,0,0,19,1,0,0.01665,0,normal
LG-1007,2025-01-21 20:17:00,6.463542,3.361432,3.2,62.7,0,0,20,1,0,0.03464,0,normal
LG-1007,2025-01-21 21:19:00,6.471037,3.427823,0.7,9.2,1,36,21,1,0,0.03653,1,fuel_theft
LG-1007,2025-01-21 21:44:00,6.471073,3.361239,1.6,41.1,0,0,21,1,0,0.02811,0,normal
LG-1007,2025-01-21 22:03:00,6.507762,3.353359,4.4,61.4,0,0,22,1,0,0.00992,0,normal
LG-1007,2025-01-21 23:05:00,6.468192,3.374704,4.1,44.4,0,0,23,1,0,0.02421,0,normal
LG-1007,2025-01-22 00:02:00,6.459178,3.427313,2.8,73.9,0,0,0,2,0,0.03181,0,normal
LG-1007,2025-01-22 00:37:00,6.608332,3.315413,1.7,85.0,0,0,0,2,0,0.03243,0,normal
LG-1007,2025-01-22 01:27:00,6.618396,3.336251,3.1,69.7,0,0,1,2,0,0.02045,0,normal
LG-1007,2025-01-22 01:58:00,6.410543,3.427209,2.9,79.2,0,0,1,2,0,0.01853,0,normal
LG-1007,2025-01-22 06:41:00,6.42134,3.42616,2.2,92.6,0,0,6,2,0,0.00842,0,normal
LG-1007,2025-01-22 08:44:00,6.436434,3.519764,49.1,64.1,1,0,8,2,1,0.02865,0,normal
LG-1007,2025-01-22 08:55:00,6.47996,3.359251,13.5,57.2,1,0,8,2,1,0.01908,0,normal
LG-1007,2025-01-22 11:33:00,6.425532,3.440918,14.4,79.7,1,0,11,2,1,0.02007,0,normal
LG-1007,2025-01-22 12:21:00,6.492256,3.336808,41.2,65.5,1,0,12,2,1,0.02224,0,normal
LG-1007,2025-01-22 15:55:00,6.404803,2.90917,86.0,69.2,1,2,15,2,1,0.45861,1,route_deviation
LG-1007,2025-01-22 21:26:00,6.615164,3.330467,0.1,60.3,0,2,21,2,0,0.02177,0,normal
LG-1007,2025-01-22 22:04:00,6.43386,3.569315,2.3,53.5,0,0,22,2,0,0.05664,0,normal
LG-1007,2025-01-22 22:11:00,6.416705,3.411144,2.6,63.6,0,0,22,2,0,0.01499,0,normal
LG-1007,2025-01-23 01:42:00,6.45179,3.404279,1.6,72.8,0,2,1,3,0,0.00982,0,normal
LG-1007,2025-01-23 02:31:00,6.472408,3.549811,0.6,98.1,0,0,2,3,0,0.02878,0,normal
LG-1007,2025-01-23 03:06:00,6.488959,3.346523,1.5,83.0,0,0,3,3,0,0.01525,0,normal
LG-1007,2025-01-23 04:43:00,6.356082,3.148886,81.4,93.8,0,0,4,3,0,0.25329,1,route_deviation
LG-1007,2025-01-23 06:45:00,6.483856,3.344516,4.1,76.9,0,0,6,3,0,0.02028,0,normal
LG-1007,2025-01-23 13:03:00,6.458679,3.409728,24.2,71.5,1,0,13,3,1,0.01518,0,normal
LG-1007,2025-01-23 14:28:00,6.453719,3.388129,21.0,63.0,1,0,14,3,1,0.00699,0,normal
LG-1007,2025-01-23 17:36:00,6.482109,3.534067,14.2,47.5,0,0,17,3,1,0.02094,0,normal
LG-1007,2025-01-23 21:52:00,6.499392,3.387039,0.3,76.3,0,2,21,3,0,0.02904,0,normal
LG-1007,2025-01-23 22:04:00,6.453346,3.381765,3.7,54.8,0,12,22,3,0,0.01334,0,normal
LG-1007,2025-01-23 22:37:00,6.623825,3.346956,3.1,45.4,0,0,22,3,0,0.02282,0,normal
LG-1007,2025-01-24 00:37:00,6.469744,3.524991,3.0,79.5,0,0,0,4,0,0.00561,0,normal
LG-1007,2025-01-24 01:07:00,6.463276,3.523471,1.9,98.9,0,0,1,4,0,0.00227,0,normal
LG-1007,2025-01-24 01:46:00,6.439272,3.515041,1.2,15.3,1,66,1,4,0,0.02665,1,fuel_theft
LG-1007,2025-01-24 03:53:00,6.450116,3.522335,0.3,89.2,0,0,3,4,0,0.01489,0,normal
LG-1007,2025-01-24 04:37:00,6.457162,3.372572,1.8,66.9,1,203,4,4,0,0.02253,1,excessive_idle
LG-1007,2025-01-24 04:37:00,6.432561,3.367327,1.7,81.0,0,12,4,4,0,0.03563,0,normal
LG-1007,2025-01-24 07:10:00,6.511003,3.378798,24.9,72.0,1,0,7,4,1,0.02401,0,normal
LG-1007,2025-01-24 09:11:00,6.517297,3.375101,24.7,79.1,1,0,9,4,1,0.02504,0,normal
LG-1007,2025-01-24 11:48:00,6.611999,3.370755,1.6,53.0,1,170,11,4,1,0.02618,1,excessive_idle
LG-1007,2025-01-24 12:05:00,6.36728,2.93793,65.9,76.8,1,0,12,4,1,0.44024,1,route_deviation
LG-1007,2025-01-24 13:11:00,6.470205,3.393953,63.6,49.8,1,12,13,4,1,0.01524,0,normal
LG-1007,2025-01-24 14:08:00,6.465086,3.403229,58.1,49.2,1,0,14,4,1,0.01302,0,normal
LG-1007,2025-01-24 16:13:00,6.379449,3.41997,46.3,41.5,1,0,16,4,1,0.04856,0,normal
LG-1007,2025-01-24 17:20:00,6.590875,3.33831,33.3,49.1,1,0,17,4,1,0.01334,0,normal
LG-1007,2025-01-24 17:31:00,6.453108,3.404972,25.0,54.7,1,0,17,4,1,0.01015,0,normal
LG-1007,2025-01-24 21:14:00,6.43723,3.418813,2.0,53.2,0,0,21,4,0,0.00949,0,normal
LG-1007,2025-01-24 23:42:00,6.422671,3.412262,0.6,52.4,1,224,23,4,0,0.01024,1,excessive_idle
LG-1007,2025-01-25 01:43:00,6.460197,3.498748,0.8,80.8,0,0,1,5,0,0.02374,0,normal
LG-1007,2025-01-25 06:08:00,6.44188,3.407992,1.6,90.1,0,0,6,5,0,0.01846,0,normal
LG-1007,2025-01-25 07:47:00,6.587636,3.33225,3.2,65.8,0,0,7,5,0,0.0199,0,normal
LG-1007,2025-01-25 14:40:00,6.603013,3.33233,61.4,76.1,1,0,14,5,1,0.01481,0,normal
LG-1007,2025-01-25 16:44:00,6.579275,3.329672,1.6,79.8,0,0,16,5,0,0.02779,0,normal
LG-1007,2025-01-25 17:23:00,6.470759,3.397108,3.4,52.8,0,0,17,5,0,0.0159,0,normal
LG-1007,2025-01-25 18:17:00,6.473448,3.363716,2.9,55.9,0,0,18,5,0,0.02618,0,normal
LG-1007,2025-01-25 22:02:00,6.447149,3.515224,0.6,38.9,0,0,22,5,0,0.01909,0,normal
LG-1007,2025-01-25 23:26:00,6.48691,3.348851,1.4,66.1,0,2,23,5,0,0.01516,0,normal
LG-1007,2025-01-26 03:16:00,6.495272,3.378145,2.0,73.9,0,5,3,6,0,0.02049,0,normal
LG-1007,2025-01-26 03:19:00,6.407562,3.423321,0.6,97.6,0,0,3,6,0,0.02057,0,normal
LG-1007,2025-01-26 04:23:00,6.380988,3.074253,106.6,70.8,0,0,4,6,0,0.30731,1,route_deviation
LG-1007,2025-01-26 05:48:00,6.355839,3.005156,66.3,88.5,0,0,5,6,0,0.38078,1,route_deviation
LG-1007,2025-01-26 06:17:00,6.443036,3.413817,2.9,95.4,0,0,6,6,0,0.01666,0,normal
LG-1007,2025-01-26 07:22:00,6.416173,3.393625,4.0,64.8,0,0,7,6,0,0.02982,0,normal
LG-1007,2025-01-26 14:31:00,6.429664,3.376998,4.7,77.4,0,0,14,6,0,0.03108,0,normal
LG-1007,2025-01-26 15:32:00,6.429676,3.544126,2.3,73.6,0,0,15,6,0,0.04168,0,normal
LG-1007,2025-01-26 15:44:00,6.512272,3.340033,4.7,66.9,0,0,15,6,0,0.02234,0,normal
LG-1007,2025-01-26 18:25:00,6.423569,3.42661,1.8,53.0,0,0,18,6,0,0.00715,0,normal
LG-1007,2025-01-26 20:21:00,6.496747,3.328891,1.2,32.1,0,0,20,6,0,0.0292,0,normal
LG-1007,2025-01-26 23:32:00,6.743536,3.742149,29.0,41.2,1,0,5,6,0,0.35503,1,private_use
LG-1007,2025-01-27 00:26:00,6.439312,3.386991,0.5,86.3,0,0,0,0,0,0.01761,0,normal
LG-1007,2025-01-27 03:17:00,6.46909,3.525839,4.8,88.8,0,0,3,0,0,0.00561,0,normal
LG-1007,2025-01-27 04:12:00,6.605559,3.364429,4.9,61.4,0,5,4,0,0,0.01802,0,normal
LG-1007,2025-01-27 04:25:00,6.464842,3.526479,0.0,84.7,0,0,4,0,0,0.00448,0,normal
LG-1007,2025-01-27 05:18:00,6.614615,3.324086,0.4,82.7,0,0,5,0,0,0.02665,0,normal
LG-1007,2025-01-27 09:59:00,6.633489,3.346647,24.9,73.6,1,0,9,0,1,0.03249,0,normal
LG-1007,2025-01-27 14:01:00,6.580747,3.353205,27.2,74.5,0,0,14,0,1,0.02118,0,normal
LG-1007,2025-01-27 14:06:00,6.507849,3.368165,28.4,63.1,1,12,14,0,1,0.01348,0,normal
LG-1007,2025-01-27 14:47:00,6.431362,3.451883,33.3,65.8,1,12,14,0,1,0.03107,0,normal
LG-1007,2025-01-27 15:23:00,6.471665,3.525521,40.8,70.2,1,12,15,0,1,0.00754,0,normal
LG-1007,2025-01-27 15:31:00,6.481498,3.508349,49.1,48.4,1,0,15,0,1,0.02141,0,normal
LG-1007,2025-01-27 16:12:00,6.616935,3.344353,61.7,63.5,1,0,16,0,1,0.01615,0,normal
LG-1007,2025-01-27 21:12:00,6.461689,3.523494,3.7,51.7,0,5,21,0,0,0.00363,0,normal
LG-1007,2025-01-27 21:43:00,6.453136,3.542246,3.1,60.9,0,0,21,0,0,0.02347,0,normal
LG-1007,2025-01-28 04:06:00,6.486785,3.362317,5.0,94.3,0,0,4,1,0,0.01296,0,normal
LG-1007,2025-01-28 04:39:00,6.809046,3.709988,60.5,61.9,1,0,0,1,0,0.39206,1,private_use
LG-1007,2025-01-28 05:58:00,6.43867,3.417729,1.5,72.1,0,0,5,1,0,0.01116,0,normal
LG-1007,2025-01-28 06:04:00,6.435064,3.405656,2.4,81.5,0,0,6,1,0,0.01689,0,normal
LG-1007,2025-01-28 06:47:00,6.46794,3.537914,0.3,73.2,1,107,6,1,0,0.01618,1,excessive_idle
LG-1007,2025-01-28 07:08:00,6.415717,3.450326,21.5,85.0,1,0,7,1,1,0.03179,0,normal
LG-1007,2025-01-28 09:28:00,6.473933,3.392687,59.5,60.0,1,5,9,1,1,0.01907,0,normal
LG-1007,2025-01-28 10:15:00,6.503833,3.356593,34.7,87.2,1,0,10,1,1,0.00503,0,normal
LG-1007,2025-01-28 11:19:00,6.440125,3.545362,32.6,52.9,1,0,11,1,1,0.03413,0,normal
LG-1007,2025-01-28 12:23:00,6.484234,3.364318,50.8,71.2,1,0,12,1,1,0.01606,0,normal
LG-1007,2025-01-28 13:21:00,6.51481,3.374117,61.1,65.7,1,0,13,1,1,0.02258,0,normal
LG-1007,2025-01-28 13:56:00,6.574536,3.350409,34.3,83.4,1,12,13,1,1,0.02668,0,normal
LG-1007,2025-01-28 16:11:00,6.460451,3.502826,20.0,56.9,1,0,16,1,1,0.01971,0,normal
LG-1007,2025-01-28 16:13:00,6.438778,3.389495,12.6,77.8,1,0,16,1,1,0.01713,0,normal
LG-1007,2025-01-28 16:59:00,6.450981,3.402639,21.8,65.5,1,2,16,1,1,0.00863,0,normal
LG-1007,2025-01-28 17:39:00,6.58686,3.354597,26.1,74.9,1,0,17,1,1,0.01605,0,normal
LG-1007,2025-01-28 18:17:00,6.458067,3.531787,39.9,68.4,1,0,18,1,1,0.01199,0,normal
LG-1007,2025-01-28 19:07:00,6.454942,3.409095,3.8,49.3,0,0,19,1,0,0.01409,0,normal
LG-1007,2025-01-28 20:14:00,6.610172,3.358696,0.1,42.0,0,2,20,1,0,0.01486,0,normal
LG-1007,2025-01-28 21:56:00,6.364183,3.191649,66.5,37.9,0,0,21,1,0,0.21412,1,route_deviation
LG-1007,2025-01-29 01:59:00,6.457703,3.49488,0.7,75.0,0,8,1,2,0,0.02808,0,normal
LG-1007,2025-01-29 05:04:00,6.477255,3.514775,2.0,87.7,0,12,5,2,0,0.01423,0,normal
LG-1007,2025-01-29 07:32:00,6.459998,3.403131,27.0,60.1,1,5,7,2,1,0.00954,0,normal
LG-1007,2025-01-29 08:11:00,6.473849,3.395956,0.8,56.6,1,133,8,2,1,0.01887,1,excessive_idle
LG-1007,2025-01-29 08:19:00,6.477069,3.40128,63.9,57.9,1,0,8,2,1,0.02295,0,normal
LG-1007,2025-01-29 11:17:00,6.458384,3.513876,63.7,85.4,0,0,11,2,1,0.01048,0,normal
LG-1007,2025-01-29 11:48:00,6.485708,3.35338,0.1,10.5,1,84,11,2,1,0.01407,1,fuel_theft
LG-1007,2025-01-29 11:59:00,6.602209,3.364503,12.8,59.2,1,0,11,2,1,0.01754,0,normal
LG-1007,2025-01-29 12:42:00,6.446332,3.405076,58.1,48.0,1,12,12,2,1,0.01329,0,normal
LG-1007,2025-01-29 13:44:00,6.624178,3.345583,19.1,67.5,1,0,13,2,1,0.02322,0,normal
LG-1007,2025-01-29 14:47:00,6.454883,3.437412,31.9,46.9,1,0,14,2,1,0.0315,0,normal
LG-1007,2025-01-29 16:33:00,6.452032,3.444923,52.4,42.9,1,0,16,2,1,0.03391,0,normal
LG-1007,2025-01-29 16:56:00,6.470398,3.505528,52.2,71.2,0,0,16,2,1,0.01733,0,normal
LG-1007,2025-01-29 17:11:00,6.438389,3.399459,48.0,49.7,1,0,17,2,1,0.0172,0,normal
LG-1007,2025-01-29 17:51:00,6.471598,3.419042,29.3,68.0,1,5,17,2,1,0.02921,0,normal
LG-1007,2025-01-29 20:09:00,6.510992,3.350106,2.7,16.9,1,36,20,2,0,0.01436,1,fuel_theft
LG-1007,2025-01-29 23:35:00,6.510768,3.364425,3.9,55.6,0,0,23,2,0,0.01341,0,normal
LG-1007,2025-01-30 00:26:00,6.475142,3.54695,4.0,76.6,0,0,0,3,0,0.02693,0,normal
LG-1007,2025-01-30 00:39:00,6.42103,3.424605,3.1,81.3,0,2,0,3,0,0.00785,0,normal
LG-1007,2025-01-30 00:45:00,6.447185,3.433776,3.5,91.3,0,12,0,3,0,0.02305,0,normal
LG-1007,2025-01-30 01:49:00,6.451254,3.386985,3.7,100.0,0,2,1,3,0,0.00885,0,normal
LG-1007,2025-01-30 02:36:00,6.488678,3.5082,0.6,90.0,0,0,2,3,0,0.02741,0,normal
LG-1007,2025-01-30 02:51:00,6.464989,3.533064,4.6,74.9,0,0,2,3,0,0.01106,0,normal
LG-1007,2025-01-30 02:56:00,6.442255,3.421703,1.9,100.0,0,5,2,3,0,0.01427,0,normal
LG-1007,2025-01-30 08:41:00,6.43199,3.453517,2.9,21.0,1,63,8,3,1,0.03276,1,fuel_theft
LG-1007,2025-01-30 10:22:00,6.363424,3.117383,100.3,53.5,1,0,10,3,1,0.27618,1,route_deviation
LG-1007,2025-01-30 11:40:00,6.790004,3.680138,42.7,67.5,1,0,22,3,0,0.36143,1,private_use
LG-1007,2025-01-30 13:42:00,6.461757,3.387165,28.7,79.8,1,0,13,3,1,0.01035,0,normal
LG-1007,2025-01-30 14:52:00,6.480516,3.347027,58.7,51.6,1,5,14,3,1,0.0215,0,normal
LG-1007,2025-01-30 15:15:00,6.525924,3.340138,61.8,71.6,0,0,15,3,1,0.03231,0,normal
LG-1007,2025-01-30 15:25:00,6.489679,3.344548,17.0,71.3,1,8,15,3,1,0.01637,0,normal
LG-1007,2025-01-30 15:52:00,6.443813,3.382529,53.9,46.1,1,2,15,3,1,0.01675,0,normal
LG-1007,2025-01-30 16:59:00,6.593682,3.330248,1.5,18.8,1,81,16,3,1,0.01828,1,fuel_theft
LG-1007,2025-01-30 17:56:00,6.50927,3.345823,18.2,46.5,1,5,17,3,1,0.01593,0,normal
LG-1007,2025-01-30 20:12:00,6.412871,3.404443,4.6,52.8,0,0,20,3,0,0.02243,0,normal
LG-1007,2025-01-30 22:08:00,6.457931,3.414404,0.7,37.0,0,0,22,3,0,0.01962,0,normal
LG-1007,2025-01-30 23:34:00,6.413231,3.412271,4.6,38.0,0,0,23,3,0,0.01716,0,normal
LG-1007,2025-01-31 00:32:00,6.463229,3.36272,3.8,100.0,0,8,0,4,0,0.03331,0,normal
LG-1007,2025-01-31 02:14:00,6.382981,2.955589,101.7,85.4,0,0,2,4,0,0.4188,1,route_deviation
LG-1007,2025-01-31 02:48:00,6.464281,3.413237,2.5,90.9,0,0,2,4,0,0.02046,0,normal
LG-1007,2025-01-31 05:07:00,6.506811,3.351093,0.5,72.6,0,5,5,4,0,0.01043,0,normal
LG-1008,2025-01-01 07:28:00,6.540688,3.354805,63.2,56.8,1,12,7,2,1,0.04181,0,normal
LG-1008,2025-01-01 09:29:00,6.46364,3.55366,60.6,76.1,1,0,9,2,1,0.03169,0,normal
LG-1008,2025-01-01 12:04:00,6.441125,3.431872,48.8,65.1,1,0,12,2,1,0.01704,0,normal
LG-1008,2025-01-01 15:45:00,6.506562,3.371506,57.2,58.6,1,2,15,2,1,0.01548,0,normal
LG-1008,2025-01-01 16:35:00,6.463635,3.5242,59.8,58.2,1,0,16,2,1,0.00259,0,normal
LG-1008,2025-01-01 21:23:00,6.499819,3.366621,3.9,63.2,0,0,21,2,0,0.00866,0,normal
LG-1008,2025-01-01 22:10:00,6.454689,3.4145,2.7,43.0,0,0,22,2,0,0.0195,0,normal
LG-1008,2025-01-01 22:53:00,6.461155,3.525622,4.4,69.9,0,0,22,2,0,0.00528,0,normal
LG-1008,2025-01-01 22:53:00,6.458432,3.542984,0.5,19.5,1,34,22,2,0,0.02199,1,fuel_theft
LG-1008,2025-01-01 23:31:00,6.46857,3.407745,0.7,52.2,0,8,23,2,0,0.01862,0,normal
LG-1008,2025-01-01 23:57:00,6.48655,3.535143,1.3,54.1,0,2,23,2,0,0.02524,0,normal
LG-1008,2025-01-02 00:05:00,6.595304,3.341096,1.3,91.2,0,0,0,3,0,0.0082,0,normal
LG-1008,2025-01-02 00:25:00,6.513269,3.375539,3.6,68.1,0,12,0,3,0,0.02261,0,normal
LG-1008,2025-01-02 01:30:00,6.428299,3.439776,3.5,85.6,0,0,1,3,0,0.01878,0,normal
LG-1008,2025-01-02 01:39:00,6.439314,3.412264,3.8,94.6,0,2,1,3,0,0.01429,0,normal
LG-1008,2025-01-02 02:14:00,6.490467,3.380371,4.0,88.6,0,0,2,3,0,0.02394,0,normal
LG-1008,2025-01-02 02:21:00,6.396718,3.427328,3.9,98.3,0,0,2,3,0,0.03192,0,normal
LG-1008,2025-01-02 04:22:00,6.481719,3.373915,2.5,82.0,0,0,4,3,0,0.02349,0,normal
LG-1008,2025-01-02 05:33:00,6.624977,3.326118,2.1,77.1,0,8,5,3,0,0.0318,0,normal
LG-1008,2025-01-02 05:58:00,6.480251,3.521003,2.7,87.3,0,0,5,3,0,0.01528,0,normal
LG-1008,2025-01-02 06:14:00,6.597097,3.360408,0.9,95.4,0,0,6,3,0,0.01396,0,normal
LG-1008,2025-01-02 07:45:00,6.477527,3.513739,10.9,77.1,1,0,7,3,1,0.01501,0,normal
LG-1008,2025-01-02 08:17:00,6.460836,3.531693,36.9,54.8,1,0,8,3,1,0.01055,0,normal
LG-1008,2025-01-02 08:41:00,6.511804,3.361595,60.9,70.6,1,0,8,3,1,0.0133,0,normal
LG-1008,2025-01-02 09:40:00,6.42763,3.410474,64.2,61.8,1,0,9,3,1,0.01053,0,normal
LG-1008,2025-01-02 12:21:00,6.484173,3.375887,14.2,83.7,1,0,12,3,1,0.02323,0,normal
LG-1008,2025-01-02 13:06:00,6.487505,3.354892,51.9,77.9,0,2,13,3,1,0.01191,0,normal
LG-1008,2025-01-02 13:32:00,6.414694,3.422297,42.1,61.0,1,0,13,3,1,0.01337,0,normal
LG-1008,2025-01-02 14:34:00,6.486824,3.34822,2.5,11.7,1,55,14,3,1,0.01562,1,fuel_theft
LG-1008,2025-01-02 15:16:00,6.500285,3.34718,1.0,20.0,1,39,15,3,1,0.0109,1,fuel_theft
LG-1008,2025-01-02 16:34:00,6.439632,3.404668,53.5,73.4,1,0,16,3,1,0.01816,0,normal
LG-1008,2025-01-02 17:06:00,6.460611,3.407927,48.6,59.2,1,0,17,3,1,0.01409,0,normal
LG-1008,2025-01-02 18:47:00,6.527408,3.347353,52.7,41.7,0,0,18,3,1,0.03034,0,normal
LG-1008,2025-01-02 19:24:00,6.439668,3.432039,0.4,60.0,0,0,19,3,0,0.01606,0,normal
LG-1008,2025-01-02 19:38:00,6.485653,3.534245,4.6,39.1,0,0,19,3,0,0.02401,0,normal
LG-1008,2025-01-02 21:00:00,6.472906,3.423282,3.8,46.0,0,0,21,3,0,0.03347,0,normal
LG-1008,2025-01-02 22:32:00,6.470697,3.530594,0.6,48.5,0,0,22,3,0,0.01031,0,normal
LG-1008,2025-01-03 01:39:00,6.599484,3.308591,2.3,70.7,0,0,1,4,0,0.03844,0,normal
LG-1008,2025-01-03 02:40:00,6.505029,3.348169,0.3,69.5,0,0,2,4,0,0.01153,0,normal
LG-1008,2025-01-03 03:04:00,6.473535,3.507167,3.7,100.0,0,0,3,4,0,0.01711,0,normal
LG-1008,2025-01-03 05:14:00,6.459287,3.519144,1.6,77.9,0,0,5,4,0,0.00639,0,normal
LG-1008,2025-01-03 06:02:00,6.820375,3.667407,37.1,74.0,1,0,2,4,0,0.38397,1,private_use
LG-1008,2025-01-03 06:33:00,6.604408,3.375782,3.7,82.1,0,0,6,4,0,0.02898,0,normal
LG-1008,2025-01-03 07:16:00,6.409972,3.139503,92.4,85.3,1,0,7,4,1,0.23594,1,route_deviation
LG-1008,2025-01-03 09:41:00,6.578908,3.333479,58.4,70.9,1,0,9,4,1,0.0259,0,normal
LG-1008,2025-01-03 10:39:00,6.501319,3.343538,33.1,89.8,1,8,10,4,1,0.01465,0,normal
LG-1008,2025-01-03 12:14:00,6.412673,3.42306,25.9,68.7,1,12,12,4,1,0.01546,0,normal
LG-1008,2025-01-03 12:17:00,6.508963,3.337152,13.7,50.7,1,2,12,4,1,0.02311,0,normal
LG-1008,2025-01-03 13:41:00,6.460012,3.522072,51.8,48.1,1,5,13,4,1,0.00499,0,normal
LG-1008,2025-01-03 14:09:00,6.50169,3.35729,24.3,64.3,1,5,14,4,1,0.00278,0,normal
LG-1008,2025-01-03 15:28:00,6.452268,3.516454,44.8,71.7,1,0,15,4,1,0.01389,0,normal
LG-1008,2025-01-03 16:45:00,6.462038,3.536442,40.6,71.7,1,0,16,4,1,0.01474,0,normal
LG-1008,2025-01-03 21:37:00,6.462374,3.368572,4.3,40.6,0,0,21,4,0,0.02744,0,normal
LG-1008,2025-01-03 22:07:00,6.486873,3.370479,2.4,35.7,0,0,22,4,0,0.0174,0,normal
LG-1008,2025-01-03 23:29:00,6.450642,3.518821,1.3,68.2,0,8,23,4,0,0.01471,0,normal
LG-1008,2025-01-03 23:56:00,6.58842,3.350471,0.6,54.5,0,0,23,4,0,0.01305,0,normal
LG-1008,2025-01-04 00:35:00,6.610416,3.350834,1.9,100.0,0,0,0,5,0,0.01017,0,normal
LG-1008,2025-01-04 03:20:00,6.511363,3.378095,1.6,67.5,0,0,3,5,0,0.02359,0,normal
LG-1008,2025-01-04 03:54:00,6.430425,3.405362,3.0,68.4,0,0,3,5,0,0.01582,0,normal
LG-1008,2025-01-04 04:09:00,6.437199,3.422623,2.5,9.8,1,36,4,5,0,0.00934,1,fuel_theft
LG-1008,2025-01-04 09:15:00,6.442593,3.375969,11.8,83.4,1,0,9,5,1,0.02272,0,normal
LG-1008,2025-01-04 09:59:00,6.486906,3.522369,23.3,90.0,1,0,9,5,1,0.02191,0,normal
LG-1008,2025-01-04 10:56:00,6.60517,3.343129,2.2,10.6,1,25,10,5,1,0.00569,1,fuel_theft
LG-1008,2025-01-04 11:32:00,6.420095,3.419795,18.3,49.2,1,0,11,5,1,0.008,0,normal
LG-1008,2025-01-04 12:07:00,6.599826,3.317592,18.9,82.8,1,5,12,5,1,0.02943,0,normal
LG-1008,2025-01-04 12:10:00,6.604057,3.327902,59.8,69.5,1,0,12,5,1,0.01934,0,normal
LG-1008,2025-01-04 12:13:00,6.482746,3.542537,54.0,60.3,1,0,12,5,1,0.02714,0,normal
LG-1008,2025-01-04 12:43:00,6.418394,3.44212,48.6,64.8,1,0,12,5,1,0.0232,0,normal
LG-1008,2025-01-04 14:09:00,6.430107,3.414266,32.9,72.0,1,0,14,5,1,0.00706,0,normal
LG-1008,2025-01-04 14:20:00,6.418151,3.412812,26.6,65.8,1,0,14,5,1,0.01281,0,normal
LG-1008,2025-01-04 14:27:00,6.582854,3.326694,27.0,54.9,1,0,14,5,1,0.02723,0,normal
LG-1008,2025-01-04 15:56:00,6.611553,3.329834,1.9,73.1,0,0,15,5,0,0.02015,0,normal
LG-1008,2025-01-04 17:56:00,6.49662,3.524755,2.7,73.3,0,0,17,5,0,0.03174,0,normal
LG-1008,2025-01-05 00:23:00,6.510349,3.376632,3.5,85.1,0,0,0,6,0,0.02182,0,normal
LG-1008,2025-01-05 01:16:00,6.459917,3.384834,3.4,82.4,0,0,1,6,0,0.01129,0,normal
LG-1008,2025-01-05 01:51:00,6.459438,3.513822,2.0,87.7,0,0,1,6,0,0.00989,0,normal
LG-1008,2025-01-05 02:40:00,6.505209,3.376207,4.2,100.0,0,0,2,6,0,0.01924,0,normal
LG-1008,2025-01-05 04:21:00,6.437963,3.407473,3.8,91.7,0,0,4,6,0,0.0168,0,normal
LG-1008,2025-01-05 04:58:00,6.47289,3.417477,4.6,60.9,0,0,4,6,0,0.02873,0,normal
LG-1008,2025-01-05 05:02:00,6.469358,3.399782,2.5,62.0,0,0,5,6,0,0.01513,0,normal
LG-1008,2025-01-05 05:37:00,6.611916,3.349392,1.8,87.5,0,0,5,6,0,0.01118,0,normal
LG-1008,2025-01-05 07:38:00,6.423351,3.41133,3.9,82.2,0,0,7,6,0,0.01073,0,normal
LG-1008,2025-01-05 08:10:00,6.472475,3.530464,3.4,83.9,0,0,8,6,0,0.01129,0,normal
LG-1008,2025-01-05 12:08:00,6.455641,3.364572,0.7,61.8,0,2,12,6,0,0.03043,0,normal
LG-1008,2025-01-05 16:08:00,6.471597,3.392648,0.9,74.1,1,117,16,6,0,0.01676,1,excessive_idle
LG-1008,2025-01-05 18:56:00,6.41348,3.430404,3.3,38.9,0,5,18,6,0,0.0173,0,normal
LG-1008,2025-01-05 21:14:00,6.427951,3.396463,2.7,39.6,0,2,21,6,0,0.02454,0,normal
LG-1008,2025-01-05 22:16:00,6.458264,3.522956,3.6,48.0,0,0,22,6,0,0.0068,0,normal
LG-1008,2025-01-06 01:38:00,6.497149,3.351875,2.1,11.7,1,30,1,0,0,0.0064,1,fuel_theft
LG-1008,2025-01-06 02:38:00,6.506294,3.346372,3.8,77.8,0,0,2,0,0,0.01373,0,normal
LG-1008,2025-01-06 03:44:00,6.577681,3.332697,2.0,69.6,0,2,3,0,0,0.02736,0,normal
LG-1008,2025-01-06 05:07:00,6.470873,3.544464,0.8,85.9,0,5,5,0,0,0.02322,0,normal
LG-1008,2025-01-06 08:39:00,6.361308,3.112919,99.0,90.1,1,8,8,0,1,0.28111,1,route_deviation
LG-1008,2025-01-06 09:59:00,6.463559,3.388649,13.8,70.4,1,0,9,0,1,0.01066,0,normal
LG-1008,2025-01-06 10:51:00,6.616002,3.35554,2.3,14.3,1,31,10,0,1,0.01726,1,fuel_theft
LG-1008,2025-01-06 13:02:00,6.462389,3.406148,49.9,49.5,1,5,13,0,1,0.01337,0,normal
LG-1008,2025-01-06 13:31:00,6.599053,3.342342,13.9,61.3,1,0,13,0,1,0.00505,0,normal
LG-1008,2025-01-06 15:37:00,6.471303,3.485071,40.2,71.5,1,0,15,0,1,0.03746,0,normal
LG-1008,2025-01-06 17:21:00,6.46328,3.512606,57.9,70.3,1,0,17,0,1,0.00955,0,normal
LG-1008,2025-01-06 17:28:00,6.50963,3.349607,64.3,73.7,1,0,17,0,1,0.01354,0,normal
LG-1008,2025-01-06 19:03:00,6.407824,3.430276,3.7,76.1,0,0,19,0,0,0.02221,0,normal
LG-1008,2025-01-06 19:25:00,6.60023,3.339542,4.5,72.8,0,2,19,0,0,0.0075,0,normal
LG-1008,2025-01-06 21:02:00,6.399105,3.403092,4.0,30.1,0,0,21,0,0,0.03399,0,normal
LG-1008,2025-01-06 21:18:00,6.614567,3.353745,4.0,56.5,0,0,21,0,0,0.01515,0,normal
LG-1008,2025-01-06 21:31:00,6.582792,3.323817,1.7,40.1,0,0,21,0,0,0.02948,0,normal
LG-1008,2025-01-06 22:49:00,6.637656,3.314416,1.9,37.2,0,0,22,0,0,0.04904,0,normal
LG-1008,2025-01-06 23:14:00,6.495509,3.351582,0.8,32.6,0,0,23,0,0,0.00731,0,normal
LG-1008,2025-01-07 00:54:00,6.598343,3.323553,2.3,83.5,0,5,0,1,0,0.0236,0,normal
LG-1008,2025-01-07 01:25:00,6.50693,3.353801,4.8,78.9,0,2,1,1,0,0.00897,0,normal
LG-1008,2025-01-07 03:22:00,6.468276,3.380615,4.9,84.2,0,0,3,1,0,0.01958,0,normal
LG-1008,2025-01-07 07:01:00,6.451163,3.520096,47.8,79.5,1,0,7,1,1,0.01397,0,normal
LG-1008,2025-01-07 07:27:00,6.520856,3.370036,1.3,65.6,1,125,7,1,1,0.02495,1,excessive_idle
LG-1008,2025-01-07 09:03:00,6.403336,3.400846,16.2,66.4,1,0,9,1,1,0.03185,0,normal
LG-1008,2025-01-07 10:13:00,6.425594,3.413035,56.4,59.8,0,0,10,1,1,0.00832,0,normal
LG-1008,2025-01-07 10:58:00,6.433289,3.416121,15.0,79.1,1,8,10,1,1,0.0072,0,normal
LG-1008,2025-01-07 12:14:00,6.497423,3.357719,56.3,76.8,1,2,12,1,1,0.0016,0,normal
LG-1008,2025-01-07 20:53:00,6.489429,3.373308,4.9,59.2,0,0,20,1,0,0.01805,0,normal
LG-1008,2025-01-07 21:59:00,6.597547,3.331573,2.5,18.2,1,81,21,1,0,0.01581,1,fuel_theft
LG-1008,2025-01-08 00:49:00,6.499645,3.356585,4.7,87.3,0,0,0,2,0,0.00156,0,normal
LG-1008,2025-01-08 02:44:00,6.461513,3.40657,0.8,75.0,0,0,2,2,0,0.01328,0,normal
LG-1008,2025-01-08 03:41:00,6.492864,3.381769,3.3,91.8,0,0,3,2,0,0.02455,0,normal
LG-1008,2025-01-08 04:28:00,6.410542,3.409623,3.0,85.5,0,8,4,2,0,0.02084,0,normal
LG-1008,2025-01-08 04:28:00,6.429217,3.429907,2.8,83.8,0,0,4,2,0,0.00899,0,normal
LG-1008,2025-01-08 07:09:00,6.431935,3.447299,52.3,68.8,1,0,7,2,1,0.02659,0,normal
LG-1008,2025-01-08 07:18:00,6.452517,3.384271,61.3,74.4,1,5,7,2,1,0.01101,0,normal
LG-1008,2025-01-08 11:46:00,6.618517,3.352742,34.1,73.5,1,0,11,2,1,0.01843,0,normal
LG-1008,2025-01-08 12:09:00,6.392713,3.156736,86.5,72.7,1,0,12,2,1,0.22761,1,route_deviation
LG-1008,2025-01-08 12:18:00,6.621747,3.337452,29.3,66.2,1,0,12,2,1,0.02284,0,normal
LG-1008,2025-01-08 12:43:00,6.447224,3.53637,21.0,69.8,1,8,12,2,1,0.02286,0,normal
LG-1008,2025-01-08 23:37:00,6.463307,3.385906,2.4,71.4,0,0,23,2,0,0.01232,0,normal
LG-1008,2025-01-09 00:10:00,6.414019,3.391771,3.3,83.8,0,0,0,3,0,0.0324,0,normal
LG-1008,2025-01-09 00:23:00,6.504896,3.337208,3.6,70.2,0,0,0,3,0,0.02161,0,normal
LG-1008,2025-01-09 01:22:00,6.456133,3.404943,4.0,79.9,0,0,1,3,0,0.01001,0,normal
LG-1008,2025-01-09 04:03:00,6.355397,2.909475,98.6,90.2,0,0,4,3,0,0.47095,1,route_deviation
LG-1008,2025-01-09 13:08:00,6.484868,3.323017,64.2,67.0,1,0,13,3,1,0.03773,0,normal
LG-1008,2025-01-09 13:51:00,6.599593,3.362953,33.6,50.8,1,0,13,3,1,0.01601,0,normal
LG-1008,2025-01-09 15:06:00,6.443224,3.387236,16.7,50.6,1,8,15,3,1,0.01411,0,normal
LG-1008,2025-01-09 17:06:00,6.444216,3.52239,17.8,39.4,1,8,17,3,1,0.02079,0,normal
LG-1008,2025-01-09 19:21:00,6.471036,3.385253,4.0,74.1,0,0,19,3,0,0.01877,0,normal
LG-1008,2025-01-09 22:00:00,6.42961,3.399841,1.5,57.9,0,0,22,3,0,0.02122,0,normal
LG-1008,2025-01-09 22:20:00,6.479196,3.52433,2.3,66.5,0,0,22,3,0,0.01439,0,normal
LG-1008,2025-01-09 22:59:00,6.57791,3.337773,3.0,35.7,0,2,22,3,0,0.02487,0,normal
LG-1008,2025-01-09 23:54:00,6.447643,3.378201,2.5,11.3,1,26,23,3,0,0.01834,1,fuel_theft
LG-1008,2025-01-10 00:23:00,6.481295,3.375189,4.0,80.6,0,2,0,4,0,0.02468,0,normal
LG-1008,2025-01-10 01:24:00,6.59547,3.336658,3.2,77.9,0,0,1,4,0,0.01173,0,normal
LG-1008,2025-01-10 02:17:00,6.452824,3.529204,2.6,87.9,0,0,2,4,0,0.01415,0,normal
LG-1008,2025-01-10 05:26:00,6.509323,3.347814,1.6,91.6,0,0,5,4,0,0.0145,0,normal
LG-1008,2025-01-10 10:09:00,6.593669,3.32596,29.3,77.8,1,0,10,4,1,0.02228,0,normal
LG-1008,2025-01-10 10:35:00,6.392642,3.02029,101.4,63.2,1,2,10,4,1,0.35406,1,route_deviation
LG-1008,2025-01-10 11:16:00,6.425868,3.415762,36.5,52.0,1,0,11,4,1,0.00566,0,normal
LG-1008,2025-01-10 12:17:00,6.482516,3.344623,16.7,72.1,1,8,12,4,1,0.02123,0,normal
LG-1008,2025-01-10 12:56:00,6.608336,3.360185,44.0,72.7,1,2,12,4,1,0.01509,0,normal
LG-1008,2025-01-10 14:37:00,6.424573,3.419708,15.6,74.8,1,8,14,4,1,0.00366,0,normal
LG-1008,2025-01-10 17:06:00,6.428994,3.418374,33.5,51.7,1,8,17,4,1,0.00281,0,normal
LG-1008,2025-01-10 17:58:00,6.447829,3.513396,15.7,78.4,1,0,17,4,1,0.01921,0,normal
LG-1008,2025-01-10 18:49:00,6.445356,3.521604,32.5,63.4,1,2,18,4,1,0.01965,0,normal
LG-1008,2025-01-10 19:28:00,6.443564,3.411758,0.1,40.2,0,0,19,4,0,0.0181,0,normal
LG-1008,2025-01-10 22:52:00,6.465608,3.400053,1.6,40.4,0,0,22,4,0,0.01175,0,normal
LG-1008,2025-01-10 22:56:00,6.596943,3.33693,0.8,57.6,0,0,22,4,0,0.01086,0,normal
LG-1008,2025-01-11 00:56:00,6.426206,3.408917,3.9,99.9,0,0,0,5,0,0.01222,0,normal
LG-1008,2025-01-11 06:09:00,6.459678,3.514918,2.4,89.5,0,0,6,5,0,0.00886,0,normal
LG-1008,2025-01-11 06:17:00,6.469987,3.418853,4.4,60.0,0,0,6,5,0,0.02817,0,normal
LG-1008,2025-01-11 06:40:00,6.46242,3.523537,4.5,61.2,0,12,6,5,0,0.003,0,normal
LG-1008,2025-01-11 06:51:00,6.390717,3.075637,89.0,80.1,0,0,6,5,0,0.30241,1,route_deviation
LG-1008,2025-01-11 08:42:00,6.462927,3.372731,45.1,72.3,1,0,8,5,1,0.02364,0,normal
LG-1008,2025-01-11 09:13:00,6.471948,3.522156,15.4,89.0,1,0,9,5,1,0.00695,0,normal
LG-1008,2025-01-11 10:34:00,6.420637,2.910103,86.9,69.0,1,0,10,5,1,0.4547,1,route_deviation
LG-1008,2025-01-11 11:06:00,6.479612,3.554994,41.4,54.2,1,0,11,5,1,0.03608,0,normal
LG-1008,2025-01-11 11:43:00,6.616166,3.359278,51.8,84.0,1,2,11,5,1,0.01951,0,normal
LG-1008,2025-01-11 12:17:00,6.59601,3.346192,59.3,64.2,1,0,12,5,1,0.00505,0,normal
LG-1008,2025-01-11 12:53:00,6.440473,3.537964,17.3,75.9,1,0,12,5,1,0.02926,0,normal
LG-1008,2025-01-11 14:21:00,6.440734,3.545755,26.3,73.3,1,0,14,5,1,0.03396,0,normal
LG-1008,2025-01-11 16:38:00,6.42947,3.442549,0.3,80.3,0,0,16,5,0,0.0216,0,normal
LG-1008,2025-01-11 17:35:00,6.487475,3.412403,2.7,44.3,0,0,17,5,0,0.03684,0,normal
LG-1008,2025-01-11 23:17:00,6.577313,3.327569,0.1,54.0,0,0,23,5,0,0.03064,0,normal
LG-1008,2025-01-11 23:23:00,6.473918,3.363064,4.5,66.4,0,2,23,5,0,0.02559,0,normal
LG-1008,2025-01-12 00:29:00,6.462771,3.385261,0.1,87.0,1,226,0,6,0,0.01246,1,excessive_idle
LG-1008,2025-01-12 00:52:00,6.474094,3.359236,3.3,94.0,0,0,0,6,0,0.02494,0,normal
LG-1008,2025-01-12 02:20:00,6.444114,3.388903,3.7,67.1,0,0,2,6,0,0.01248,0,normal
LG-1008,2025-01-12 02:29:00,6.404339,3.440522,2.4,85.7,0,0,2,6,0,0.03067,0,normal
LG-1008,2025-01-12 03:20:00,6.600374,3.319183,4.7,100.0,0,0,3,6,0,0.02782,0,normal
LG-1008,2025-01-12 03:53:00,6.366284,2.925983,61.2,81.4,0,0,3,6,0,0.45194,1,route_deviation
LG-1008,2025-01-12 07:25:00,6.432632,3.431239,3.0,83.0,0,0,7,6,0,0.01124,0,normal
LG-1008,2025-01-12 08:46:00,6.70199,3.599474,44.2,70.9,1,2,5,6,0,0.24933,1,private_use
LG-1008,2025-01-12 08:53:00,6.433962,3.443552,3.3,53.8,0,0,8,6,0,0.02333,0,normal
LG-1008,2025-01-12 10:14:00,6.603245,3.35254,4.8,54.1,0,0,10,6,0,0.00598,0,normal
LG-1008,2025-01-12 11:46:00,6.442989,3.385465,2.2,53.6,0,0,11,6,0,0.01534,0,normal
LG-1008,2025-01-12 16:07:00,6.610756,3.383862,3.3,71.3,0,0,16,6,0,0.03813,0,normal
LG-1008,2025-01-12 18:00:00,6.470149,3.397545,3.5,56.1,0,0,18,6,0,0.01536,0,normal
LG-1008,2025-01-12 20:06:00,6.442262,3.415183,0.6,37.5,0,0,20,6,0,0.0154,0,normal
LG-1008,2025-01-12 20:56:00,6.449944,3.391093,4.5,56.3,0,0,20,6,0,0.00639,0,normal
LG-1008,2025-01-12 22:26:00,6.733263,3.700937,55.6,61.2,1,0,4,6,0,0.32246,1,private_use
LG-1008,2025-01-12 22:31:00,6.489124,3.35121,1.6,61.5,0,0,22,6,0,0.01199,0,normal
LG-1008,2025-01-13 02:20:00,6.609831,3.337082,0.8,65.3,0,0,2,0,0,0.01328,0,normal
LG-1008,2025-01-13 02:54:00,6.485843,3.521629,0.8,66.1,0,0,2,0,0,0.02085,0,normal
LG-1008,2025-01-13 10:08:00,6.502142,3.343487,52.5,70.7,1,2,10,0,1,0.01485,0,normal
LG-1008,2025-01-13 12:19:00,6.430481,3.420271,63.5,63.0,1,0,12,0,1,0.00259,0,normal
LG-1008,2025-01-13 12:49:00,6.46785,3.537494,58.4,58.7,1,5,12,0,1,0.01575,0,normal
LG-1008,2025-01-13 13:18:00,6.606609,3.334005,34.4,69.0,1,5,13,0,1,0.01415,0,normal
LG-1008,2025-01-13 13:53:00,6.443854,3.393916,62.9,71.8,1,2,13,0,1,0.0112,0,normal
LG-1008,2025-01-13 15:44:00,6.404482,3.427835,25.5,71.8,1,0,15,0,1,0.02449,0,normal
LG-1008,2025-01-13 16:06:00,6.520488,3.357367,34.9,46.5,1,8,16,0,1,0.0215,0,normal
LG-1008,2025-01-13 19:20:00,6.635746,3.328109,0.5,60.6,0,0,19,0,0,0.03955,0,normal
LG-1008,2025-01-13 20:47:00,6.416515,3.439866,0.2,31.9,0,5,20,0,0,0.02209,0,normal
LG-1008,2025-01-13 22:27:00,6.502007,3.343089,0.3,60.9,0,2,22,0,0,0.01521,0,normal
LG-1008,2025-01-14 01:48:00,6.513801,3.352471,2.9,92.0,0,12,1,1,0,0.0158,0,normal
LG-1008,2025-01-14 03:28:00,6.456913,3.533758,1.6,67.8,0,0,3,1,0,0.01427,0,normal
LG-1008,2025-01-14 10:11:00,6.578459,3.342116,32.3,60.3,1,0,10,1,1,0.02306,0,normal
LG-1008,2025-01-14 12:10:00,6.434564,3.373488,10.9,66.1,1,0,12,1,1,0.02967,0,normal
LG-1008,2025-01-14 12:39:00,6.607058,3.3683,29.2,64.8,1,5,12,1,1,0.02215,0,normal
LG-1008,2025-01-14 12:49:00,6.402253,3.423879,55.5,68.1,1,0,12,1,1,0.02591,0,normal
LG-1008,2025-01-14 13:39:00,6.452166,3.383268,0.5,58.7,1,181,13,1,1,0.01207,1,excessive_idle
LG-1008,2025-01-14 16:38:00,6.579923,3.349504,60.1,46.1,1,8,16,1,1,0.02122,0,normal
LG-1008,2025-01-14 17:12:00,6.787673,3.735457,40.1,45.5,1,0,5,1,0,0.38689,1,private_use
LG-1008,2025-01-15 00:25:00,6.428155,3.392618,2.4,100.0,0,5,0,2,0,0.02695,0,normal
LG-1008,2025-01-15 00:33:00,6.48842,3.347476,2.0,99.2,0,0,0,2,0,0.01492,0,normal
LG-1008,2025-01-15 01:03:00,6.489577,3.360043,2.3,11.8,1,88,1,2,0,0.00964,1,fuel_theft
LG-1008,2025-01-15 01:59:00,6.507126,3.353918,4.6,72.7,0,0,1,2,0,0.00909,0,normal
LG-1008,2025-01-15 03:27:00,6.413861,3.420503,4.9,80.2,0,0,3,2,0,0.01415,0,normal
LG-1008,2025-01-15 04:07:00,6.465598,3.532818,1.8,65.8,0,8,4,2,0,0.01083,0,normal
LG-1008,2025-01-15 09:16:00,6.49971,3.358562,54.9,78.4,1,5,9,2,1,0.00091,0,normal
LG-1008,2025-01-15 11:23:00,6.420738,3.395313,10.6,85.9,1,5,11,2,1,0.02669,0,normal
LG-1008,2025-01-15 13:15:00,6.446451,3.38962,59.5,82.2,1,2,13,2,1,0.0101,0,normal
LG-1008,2025-01-15 13:21:00,6.600457,3.342346,18.2,62.4,1,0,13,2,1,0.00469,0,normal
LG-1008,2025-01-15 15:23:00,6.606475,3.324325,43.1,79.7,1,5,15,2,1,0.02333,0,normal
LG-1008,2025-01-15 15:55:00,6.582527,3.343266,17.4,62.8,1,0,15,2,1,0.01885,0,normal
LG-1008,2025-01-15 17:35:00,6.417514,3.431798,54.0,43.4,1,12,17,2,1,0.01505,0,normal
LG-1008,2025-01-15 19:50:00,6.464354,3.404508,3.0,62.6,0,5,19,2,0,0.01334,0,normal
LG-1008,2025-01-15 20:06:00,6.475802,3.347998,2.8,58.5,0,0,20,2,0,0.02526,0,normal
LG-1008,2025-01-15 20:56:00,6.458552,3.380897,1.8,71.3,0,0,20,2,0,0.01454,0,normal
LG-1008,2025-01-15 20:57:00,6.488095,3.342017,1.9,30.8,0,0,20,2,0,0.01935,0,normal
LG-1008,2025-01-15 21:15:00,6.488622,3.377487,1.4,67.9,0,0,21,2,0,0.02208,0,normal
LG-1008,2025-01-15 22:32:00,6.429668,3.416992,2.5,43.8,0,0,22,2,0,0.00434,0,normal
LG-1008,2025-01-16 00:40:00,6.448696,3.426713,3.5,100.0,0,0,0,3,0,0.02147,0,normal
LG-1008,2025-01-16 01:11:00,6.462765,3.373194,4.0,99.6,0,0,1,3,0,0.02315,0,normal
LG-1008,2025-01-16 01:23:00,6.447714,3.507598,4.3,84.4,0,8,1,3,0,0.0225,0,normal
LG-1008,2025-01-16 05:31:00,6.494992,3.346446,2.7,72.5,0,2,5,3,0,0.01223,0,normal
LG-1008,2025-01-16 06:33:00,6.815153,3.551,33.9,95.2,1,0,3,3,0,0.29577,1,private_use
LG-1008,2025-01-16 07:17:00,6.738311,3.619241,22.7,66.9,1,0,3,3,0,0.29009,1,private_use
LG-1008,2025-01-16 08:14:00,6.477628,3.407223,18.3,61.4,1,2,8,3,1,0.02572,0,normal
LG-1008,2025-01-16 08:34:00,6.458896,3.390071,17.8,91.9,1,0,8,3,1,0.00628,0,normal
LG-1008,2025-01-16 09:00:00,6.442507,3.392934,12.1,73.7,1,0,9,3,1,0.01266,0,normal
LG-1008,2025-01-16 09:01:00,6.400803,3.449045,16.2,68.8,1,5,9,3,1,0.03907,0,normal
LG-1008,2025-01-16 09:54:00,6.600777,3.368114,49.2,52.3,0,0,9,3,1,0.02112,0,normal
LG-1008,2025-01-16 10:08:00,6.365041,3.007942,109.0,66.7,1,0,10,3,1,0.37481,1,route_deviation
LG-1008,2025-01-16 10:09:00,6.436992,3.413563,24.8,57.1,1,0,10,3,1,0.01167,0,normal
LG-1008,2025-01-16 10:18:00,6.458395,3.52433,30.4,87.8,1,0,10,3,1,0.007,0,normal
LG-1008,2025-01-16 11:08:00,6.455521,3.505388,53.2,88.7,1,0,11,3,1,0.01913,0,normal
LG-1008,2025-01-16 11:28:00,6.471313,3.525324,30.8,84.4,1,0,11,3,1,0.00713,0,normal
LG-1008,2025-01-16 12:08:00,6.456191,3.380864,49.2,46.2,1,0,12,3,1,0.01419,0,normal
LG-1008,2025-01-16 13:53:00,6.600101,3.34178,34.0,48.0,1,0,13,3,1,0.0053,0,normal
LG-1008,2025-01-16 14:17:00,6.479374,3.523448,48.6,56.2,1,0,14,3,1,0.01445,0,normal
LG-1008,2025-01-16 14:46:00,6.451906,3.390863,27.3,70.1,1,12,14,3,1,0.00517,0,normal
LG-1008,2025-01-16 14:47:00,6.48431,3.362793,46.5,59.4,1,0,14,3,1,0.01545,0,normal
LG-1008,2025-01-16 14:53:00,6.447493,3.41175,20.5,42.9,1,0,14,3,1,0.01836,0,normal
LG-1008,2025-01-16 17:02:00,6.620526,3.353224,40.9,65.7,1,0,17,3,1,0.02049,0,normal
LG-1008,2025-01-16 17:50:00,6.455591,3.420342,45.3,58.1,1,8,17,3,1,0.02535,0,normal
LG-1008,2025-01-16 21:15:00,6.460608,3.399737,4.4,39.4,0,0,21,3,0,0.00734,0,normal
LG-1008,2025-01-16 22:53:00,6.415041,3.410035,4.2,43.0,0,0,22,3,0,0.01698,0,normal
LG-1008,2025-01-16 23:04:00,6.439973,3.413663,4.9,30.3,0,0,23,3,0,0.01404,0,normal
LG-1008,2025-01-16 23:57:00,6.594905,3.327746,2.8,61.6,0,0,23,3,0,0.0202,0,normal
LG-1008,2025-01-17 00:09:00,6.455523,3.389737,0.8,86.5,0,5,0,4,0,0.00529,0,normal
LG-1008,2025-01-17 03:01:00,6.425267,3.515775,0.6,86.2,0,0,3,4,0,0.04022,0,normal
LG-1008,2025-01-17 03:12:00,6.597963,3.356909,4.7,62.5,0,0,3,4,0,0.01036,0,normal
LG-1008,2025-01-17 03:16:00,6.396233,3.013289,99.9,90.8,0,0,3,4,0,0.3597,1,route_deviation
LG-1008,2025-01-17 05:06:00,6.756281,3.698034,46.3,68.3,1,2,3,4,0,0.34034,1,private_use
LG-1008,2025-01-17 07:42:00,6.441802,3.43559,46.4,71.0,1,0,7,4,1,0.02008,0,normal
LG-1008,2025-01-17 08:01:00,6.441467,3.396375,16.4,73.4,1,0,8,4,1,0.0136,0,normal
LG-1008,2025-01-17 08:59:00,6.438154,3.42131,61.7,82.2,1,0,8,4,1,0.01016,0,normal
LG-1008,2025-01-17 09:30:00,6.467225,3.361527,55.2,85.9,1,2,9,4,1,0.03197,0,normal
LG-1008,2025-01-17 12:24:00,6.485632,3.390822,64.9,45.9,1,0,12,4,1,0.03092,0,normal
LG-1008,2025-01-17 16:01:00,6.469033,3.399277,50.3,68.3,0,0,16,4,1,0.01467,0,normal
LG-1008,2025-01-17 17:42:00,6.503121,3.348849,55.1,61.4,1,0,17,4,1,0.01004,0,normal
LG-1008,2025-01-17 19:17:00,6.411681,3.40765,4.8,56.7,0,2,19,4,0,0.02108,0,normal
LG-1008,2025-01-17 21:10:00,6.429472,3.409126,2.9,43.3,0,0,21,4,0,0.01197,0,normal
LG-1008,2025-01-17 21:36:00,6.616815,3.341389,2.7,56.7,0,0,21,4,0,0.01678,0,normal
LG-1008,2025-01-17 22:12:00,6.424323,3.429396,3.9,40.3,0,0,22,4,0,0.00917,0,normal
LG-1008,2025-01-17 22:39:00,6.412838,3.358641,3.2,38.0,0,0,22,4,0,0.05567,0,normal
LG-1008,2025-01-17 23:34:00,6.600506,3.354156,4.4,36.6,0,12,23,4,0,0.00717,0,normal
LG-1008,2025-01-17 23:51:00,6.421659,3.442454,2.3,47.4,0,0,23,4,0,0.02237,0,normal
LG-1008,2025-01-18 00:18:00,6.594491,3.354078,2.1,100.0,0,2,0,5,0,0.00962,0,normal
LG-1008,2025-01-18 02:16:00,6.436344,3.408393,3.0,100.0,0,0,2,5,0,0.01512,0,normal
LG-1008,2025-01-18 03:44:00,6.471616,3.41799,2.1,100.0,0,0,3,5,0,0.02837,0,normal
LG-1008,2025-01-18 03:50:00,6.416342,3.434544,1.5,75.6,0,0,3,5,0,0.01787,0,normal
LG-1008,2025-01-18 04:51:00,6.46991,3.361502,4.1,95.3,0,0,4,5,0,0.0293,0,normal
LG-1008,2025-01-18 05:10:00,6.478277,3.550917,4.8,67.6,0,0,5,5,0,0.03182,0,normal
LG-1008,2025-01-18 05:55:00,6.711863,3.734133,26.5,59.3,1,2,22,5,0,0.32549,1,private_use
LG-1008,2025-01-18 06:39:00,6.600816,3.336884,3.9,94.6,0,0,6,5,0,0.01012,0,normal
LG-1008,2025-01-18 07:27:00,6.478689,3.390601,0.2,60.5,0,8,7,5,0,0.02409,0,normal
LG-1008,2025-01-18 11:35:00,6.621496,3.35817,21.1,52.0,1,2,11,5,1,0.02334,0,normal
LG-1008,2025-01-18 12:20:00,6.435149,3.391384,44.3,80.4,1,0,12,5,1,0.02018,0,normal
LG-1008,2025-01-18 12:47:00,6.607094,3.357343,30.4,73.9,1,0,12,5,1,0.012,0,normal
LG-1008,2025-01-18 18:47:00,6.409257,3.385421,3.3,43.6,0,2,18,5,0,0.04021,0,normal
LG-1008,2025-01-18 20:14:00,6.4731,3.375057,2.3,73.0,0,2,20,5,0,0.02693,0,normal
LG-1008,2025-01-18 21:15:00,6.424901,3.177333,82.9,48.2,0,0,21,5,0,0.19527,1,route_deviation
LG-1008,2025-01-19 02:15:00,6.495802,3.374956,2.9,90.1,0,0,2,6,0,0.01725,0,normal
LG-1008,2025-01-19 03:00:00,6.453144,3.374254,3.5,95.1,0,0,3,6,0,0.02083,0,normal
LG-1008,2025-01-19 04:04:00,6.445961,3.521386,1.1,96.0,0,0,4,6,0,0.01905,0,normal
LG-1008,2025-01-19 06:46:00,6.463626,3.520459,3.1,86.0,0,0,6,6,0,0.00206,0,normal
LG-1008,2025-01-19 06:51:00,6.450267,3.403868,3.1,58.9,0,0,6,6,0,0.01005,0,normal
LG-1008,2025-01-19 10:29:00,6.464114,3.331265,1.5,68.4,0,0,10,6,0,0.04395,0,normal
LG-1008,2025-01-19 11:41:00,6.481215,3.369399,4.3,51.5,0,0,11,6,0,0.02112,0,normal
LG-1008,2025-01-19 16:51:00,6.377238,3.09704,78.8,50.3,0,8,16,6,0,0.28797,1,route_deviation
LG-1008,2025-01-19 18:49:00,6.466332,3.42154,4.0,76.7,0,8,18,6,0,0.02886,0,normal
LG-1008,2025-01-19 20:07:00,6.479302,3.342347,1.8,57.4,0,0,20,6,0,0.02516,0,normal
LG-1008,2025-01-19 20:29:00,6.423821,3.439598,3.2,63.1,0,0,20,6,0,0.01906,0,normal
LG-1008,2025-01-20 01:47:00,6.462318,3.523115,3.1,85.6,0,0,1,0,0,0.0029,0,normal
LG-1008,2025-01-20 03:49:00,6.411163,3.433819,2.7,95.6,0,0,3,0,0,0.02116,0,normal
LG-1008,2025-01-20 04:32:00,6.600251,3.363185,0.7,90.1,0,0,4,0,0,0.0162,0,normal
LG-1008,2025-01-20 05:04:00,6.446705,3.386317,0.2,73.2,0,0,5,0,0,0.01201,0,normal
LG-1008,2025-01-20 05:06:00,6.494905,3.375348,1.2,67.5,0,0,5,0,0,0.01782,0,normal
LG-1008,2025-01-20 07:04:00,6.439097,3.411598,63.5,56.5,1,0,7,0,1,0.01454,0,normal
LG-1008,2025-01-20 08:19:00,6.382145,2.99962,104.3,83.6,1,2,8,0,1,0.37695,1,route_deviation
LG-1008,2025-01-20 08:46:00,6.434479,3.41785,32.0,55.7,1,5,8,0,1,0.0072,0,normal
LG-1008,2025-01-20 10:59:00,6.491509,3.353159,52.2,72.9,1,5,10,0,1,0.00892,0,normal
LG-1008,2025-01-20 12:10:00,6.476794,3.392716,20.4,54.6,1,2,12,0,1,0.02191,0,normal
LG-1008,2025-01-20 14:52:00,6.47209,3.399269,48.3,45.9,1,0,14,0,1,0.01761,0,normal
LG-1008,2025-01-20 14:52:00,6.439908,3.446653,57.0,51.0,1,0,14,0,1,0.02828,0,normal
LG-1008,2025-01-20 18:12:00,6.473922,3.524591,51.7,55.6,1,0,18,0,1,0.00929,0,normal
LG-1008,2025-01-20 19:26:00,6.424347,3.411777,4.7,42.8,0,0,19,0,0,0.00992,0,normal
LG-1008,2025-01-20 19:49:00,6.422009,3.404732,3.0,49.2,0,0,19,0,0,0.01734,0,normal
LG-1008,2025-01-20 21:41:00,6.50121,3.352191,1.7,72.3,0,0,21,0,0,0.00622,0,normal
LG-1008,2025-01-21 02:13:00,6.452682,3.542719,1.3,72.3,0,5,2,1,0,0.0241,0,normal
LG-1008,2025-01-21 02:56:00,6.511599,3.343185,4.9,82.2,0,2,2,1,0,0.01945,0,normal
LG-1008,2025-01-21 03:54:00,6.466572,3.377195,2.8,64.0,0,0,3,1,0,0.02123,0,normal
LG-1008,2025-01-21 04:58:00,6.450698,3.413432,2.4,90.4,0,0,4,1,0,0.01893,0,normal
LG-1008,2025-01-21 05:18:00,6.501015,3.360004,2.1,86.5,0,0,5,1,0,0.00284,0,normal
LG-1008,2025-01-21 06:16:00,6.607755,3.334766,1.2,56.7,0,8,6,1,0,0.01398,0,normal
LG-1008,2025-01-21 09:06:00,6.595149,3.347311,12.4,90.2,1,0,9,1,1,0.00586,0,normal
LG-1008,2025-01-21 10:12:00,6.525973,3.360784,33.7,58.8,1,0,10,1,1,0.02712,0,normal
LG-1008,2025-01-21 10:27:00,6.462831,3.354832,31.2,80.1,1,0,10,1,1,0.03631,0,normal
LG-1008,2025-01-21 12:17:00,6.606907,3.320117,40.0,48.7,1,2,12,1,1,0.02752,0,normal
LG-1008,2025-01-21 14:00:00,6.508136,3.316034,15.9,41.5,1,0,14,1,1,0.04295,0,normal
LG-1008,2025-01-21 14:20:00,6.435835,3.429049,36.5,66.1,1,5,14,1,1,0.01123,0,normal
LG-1008,2025-01-21 14:24:00,6.483163,3.376754,32.0,76.5,1,5,14,1,1,0.02455,0,normal
LG-1008,2025-01-21 16:24:00,6.497001,3.339857,0.6,9.5,1,76,16,1,1,0.01825,1,fuel_theft
LG-1008,2025-01-21 16:56:00,6.61847,3.332349,36.6,53.9,1,0,16,1,1,0.0228,0,normal
LG-1008,2025-01-21 17:31:00,6.471398,3.536369,27.3,58.7,1,0,17,1,1,0.01573,0,normal
LG-1008,2025-01-21 18:25:00,6.458715,3.499338,32.7,40.1,1,2,18,1,1,0.02352,0,normal
LG-1008,2025-01-21 19:16:00,6.444402,3.365208,2.6,59.1,0,0,19,1,0,0.03162,0,normal
LG-1008,2025-01-21 20:10:00,6.441278,3.42069,0.7,42.5,0,0,20,1,0,0.01328,0,normal
LG-1008,2025-01-21 20:42:00,6.461448,3.370454,2.6,45.6,0,5,20,1,0,0.02538,0,normal
LG-1008,2025-01-22 01:03:00,6.446056,3.534335,1.9,100.0,0,0,1,2,0,0.02261,0,normal
LG-1008,2025-01-22 02:29:00,6.466273,3.511073,0.7,13.5,1,59,2,2,0,0.011,1,fuel_theft
LG-1008,2025-01-22 03:22:00,6.492255,3.373706,4.1,71.0,0,0,3,2,0,0.01709,0,normal
LG-1008,2025-01-22 03:37:00,6.446532,3.374311,1.0,97.3,0,2,3,2,0,0.02235,0,normal
LG-1008,2025-01-22 05:45:00,6.488563,3.365797,4.5,89.7,0,0,5,2,0,0.01303,0,normal
LG-1008,2025-01-22 07:04:00,6.502463,3.350192,23.6,80.7,1,0,7,2,1,0.00854,0,normal
LG-1008,2025-01-22 09:38:00,6.47058,3.402734,23.1,71.2,1,0,9,2,1,0.01739,0,normal
LG-1008,2025-01-22 10:57:00,6.509059,3.386115,53.3,72.1,1,5,10,2,1,0.02986,0,normal
LG-1008,2025-01-22 11:47:00,6.509486,3.514497,23.4,88.1,1,0,11,2,1,0.04511,0,normal
LG-1008,2025-01-22 14:38:00,6.470739,3.397324,24.4,61.5,1,0,14,2,1,0.01591,0,normal
LG-1008,2025-01-22 14:53:00,6.512809,3.371919,10.7,67.1,1,5,14,2,1,0.01961,0,normal
LG-1008,2025-01-22 14:55:00,6.452978,3.397042,43.1,76.2,1,5,14,2,1,0.00287,0,normal
LG-1008,2025-01-22 15:09:00,6.458531,3.519652,62.8,74.5,1,0,15,2,1,0.00688,0,normal
LG-1008,2025-01-22 18:06:00,6.571623,3.342545,30.4,49.6,1,2,18,2,1,0.02971,0,normal
LG-1008,2025-01-22 19:35:00,6.38252,3.081018,72.3,41.6,0,0,19,2,0,0.30048,1,route_deviation
LG-1008,2025-01-22 19:46:00,6.41711,3.424044,0.0,74.0,0,5,19,2,0,0.01131,0,normal
LG-1008,2025-01-22 20:17:00,6.445208,3.552413,1.5,68.7,1,178,20,2,0,0.03629,1,excessive_idle
LG-1008,2025-01-22 22:30:00,6.471426,3.5024,2.2,58.7,0,8,22,2,0,0.02063,0,normal
LG-1008,2025-01-22 23:21:00,6.491814,3.311632,1.2,37.9,0,0,23,2,0,0.04692,0,normal
LG-1008,2025-01-23 01:38:00,6.445558,3.428886,3.1,86.5,0,2,1,3,0,0.01925,0,normal
LG-1008,2025-01-23 02:06:00,6.422614,3.4246,2.5,85.6,0,0,2,3,0,0.00648,0,normal
LG-1008,2025-01-23 04:16:00,6.502173,3.356249,2.6,95.6,0,0,4,3,0,0.00362,0,normal
LG-1008,2025-01-23 04:27:00,6.468592,3.504255,3.8,73.4,0,0,4,3,0,0.0181,0,normal
LG-1008,2025-01-23 06:55:00,6.469084,3.398529,4.1,69.4,0,0,6,3,0,0.01452,0,normal
LG-1008,2025-01-23 07:14:00,6.577201,3.364843,33.1,74.3,1,0,7,3,1,0.02975,0,normal
LG-1008,2025-01-23 15:29:00,6.45686,3.527117,40.3,50.9,1,0,15,3,1,0.00961,0,normal
LG-1008,2025-01-23 17:09:00,6.5088,3.359182,40.9,82.2,1,8,17,3,1,0.00987,0,normal
LG-1008,2025-01-23 18:04:00,6.443681,3.529354,40.7,42.4,0,0,18,3,1,0.02255,0,normal
LG-1008,2025-01-23 19:01:00,6.405961,3.425064,4.3,32.4,0,0,19,3,0,0.02241,0,normal
LG-1008,2025-01-23 20:01:00,6.446608,3.389128,4.2,35.7,0,0,20,3,0,0.01024,0,normal
LG-1008,2025-01-23 20:41:00,6.511316,3.338391,0.6,51.3,0,0,20,3,0,0.02316,0,normal
LG-1008,2025-01-23 23:20:00,6.427381,3.437751,2.1,61.0,0,0,23,3,0,0.01676,0,normal
LG-1008,2025-01-24 00:45:00,6.611514,3.347006,4.0,100.0,0,0,0,4,0,0.01051,0,normal
LG-1008,2025-01-24 01:36:00,6.494792,3.35989,2.8,79.6,0,0,1,4,0,0.00461,0,normal
LG-1008,2025-01-24 01:47:00,6.429734,3.505302,0.3,92.5,0,0,1,4,0,0.03902,0,normal
LG-1008,2025-01-24 04:23:00,6.469882,3.39299,0.4,93.2,0,0,4,4,0,0.01502,0,normal
LG-1008,2025-01-24 05:09:00,6.460645,3.531875,0.5,75.1,0,0,5,4,0,0.01079,0,normal
LG-1008,2025-01-24 06:17:00,6.571025,3.334857,0.6,76.6,0,0,6,4,0,0.03234,0,normal
LG-1008,2025-01-24 07:03:00,6.520279,3.360124,63.3,84.5,1,0,7,4,1,0.02138,0,normal
LG-1008,2025-01-24 09:51:00,6.472736,3.498678,58.9,87.8,1,0,9,4,1,0.02457,0,normal
LG-1008,2025-01-24 10:23:00,6.476801,3.502566,22.7,56.1,1,5,10,4,1,0.02274,0,normal
LG-1008,2025-01-24 13:42:00,6.527363,3.361595,42.2,72.1,1,2,13,4,1,0.02859,0,normal
LG-1008,2025-01-24 15:01:00,6.468133,3.499908,1.8,10.6,1,69,15,4,1,0.02231,1,fuel_theft
LG-1008,2025-01-24 15:36:00,6.429752,3.41758,45.3,75.1,1,0,15,4,1,0.00384,0,normal
LG-1008,2025-01-24 21:22:00,6.566756,3.358793,0.6,43.6,0,0,21,4,0,0.03622,0,normal
LG-1008,2025-01-24 22:15:00,6.578001,3.320619,2.7,29.5,0,0,22,4,0,0.035,0,normal
LG-1008,2025-01-24 22:57:00,6.447069,3.391985,0.9,56.4,0,12,22,4,0,0.00848,0,normal
LG-1008,2025-01-24 22:59:00,6.370823,3.154854,67.5,41.2,0,0,22,4,0,0.2402,1,route_deviation
LG-1008,2025-01-24 23:48:00,6.471801,3.340005,1.8,36.7,0,8,23,4,0,0.03261,0,normal
LG-1008,2025-01-24 23:58:00,6.427677,3.197206,97.6,44.3,0,0,23,4,0,0.1759,1,route_deviation
LG-1008,2025-01-25 00:23:00,6.423839,3.392853,0.2,100.0,0,0,0,5,0,0.02845,0,normal
LG-1008,2025-01-25 01:07:00,6.468933,3.504019,2.1,100.0,0,0,1,5,0,0.01841,0,normal
LG-1008,2025-01-25 01:47:00,6.483249,3.547653,4.7,65.5,0,0,1,5,0,0.03148,0,normal
LG-1008,2025-01-25 03:58:00,6.600635,3.310436,0.2,96.4,0,5,3,5,0,0.03657,0,normal
LG-1008,2025-01-25 06:45:00,6.459372,3.406406,0.6,76.5,0,0,6,5,0,0.01221,0,normal
LG-1008,2025-01-25 06:53:00,6.601877,3.350286,5.0,70.0,0,0,6,5,0,0.0034,0,normal
LG-1008,2025-01-25 07:36:00,6.41971,3.396024,5.0,74.8,0,12,7,5,0,0.02632,0,normal
LG-1008,2025-01-25 07:37:00,6.56614,3.349218,0.2,77.7,0,8,7,5,0,0.03493,0,normal
LG-1008,2025-01-25 08:09:00,6.477475,3.522647,2.2,11.8,1,66,8,5,1,0.01249,1,fuel_theft
LG-1008,2025-01-25 10:33:00,6.581131,3.327882,28.4,86.1,1,0,10,5,1,0.02757,0,normal
LG-1008,2025-01-25 15:50:00,6.459775,3.391088,1.3,68.2,0,2,15,5,0,0.00617,0,normal
LG-1008,2025-01-25 16:49:00,6.4728,3.373948,2.7,83.2,0,2,16,5,0,0.02757,0,normal
LG-1008,2025-01-25 18:36:00,6.460989,3.417275,2.0,14.4,1,47,18,5,0,0.02307,1,fuel_theft
LG-1008,2025-01-25 19:21:00,6.382392,3.102123,60.3,61.4,0,5,19,5,0,0.28119,1,route_deviation
LG-1008,2025-01-25 19:30:00,6.463302,3.501564,0.5,56.5,0,0,19,5,0,0.02051,0,normal
LG-1008,2025-01-25 21:26:00,6.410695,3.44039,4.0,73.0,0,0,21,5,0,0.02599,0,normal
LG-1008,2025-01-25 22:13:00,6.449991,3.42262,1.0,54.9,0,0,22,5,0,0.02205,0,normal
LG-1008,2025-01-26 04:17:00,6.572653,3.329568,2.6,71.9,0,0,4,6,0,0.03328,0,normal
LG-1008,2025-01-26 06:23:00,6.606792,3.382461,2.7,90.0,0,0,6,6,0,0.03593,0,normal
LG-1008,2025-01-26 18:56:00,6.482351,3.547027,4.7,54.2,0,8,18,6,0,0.03045,0,normal
LG-1008,2025-01-26 19:18:00,6.571384,3.380935,0.0,45.1,0,0,19,6,0,0.04504,0,normal
LG-1008,2025-01-26 20:39:00,6.40722,3.39939,4.2,46.3,0,0,20,6,0,0.02998,0,normal
LG-1008,2025-01-26 20:47:00,6.746887,3.643682,60.1,53.8,1,0,3,6,0,0.30703,1,private_use
LG-1008,2025-01-26 21:24:00,6.53608,3.3562,3.8,31.5,0,0,21,6,0,0.03712,0,normal
LG-1008,2025-01-26 22:03:00,6.449568,3.394224,2.3,21.5,1,79,22,6,0,0.00549,1,fuel_theft
LG-1008,2025-01-27 01:07:00,6.474926,3.498606,3.4,96.0,0,0,1,0,0,0.02541,0,normal
LG-1008,2025-01-27 05:28:00,6.453334,3.4551,1.3,89.2,0,0,5,0,0,0.04248,0,normal
LG-1008,2025-01-27 05:49:00,6.420894,3.413401,0.7,98.7,0,8,5,0,0,0.0104,0,normal
LG-1008,2025-01-27 07:05:00,6.455855,3.51519,50.9,69.1,1,0,7,0,1,0.0114,0,normal
LG-1008,2025-01-27 07:10:00,6.416996,3.386199,22.1,57.4,1,0,7,0,1,0.0365,0,normal
LG-1008,2025-01-27 08:13:00,6.598485,3.359049,19.3,83.0,1,0,8,0,1,0.01231,0,normal
LG-1008,2025-01-27 09:45:00,6.468806,3.346225,32.5,86.1,1,2,9,0,1,0.03241,0,normal
LG-1008,2025-01-27 12:41:00,6.426458,3.42631,63.4,56.1,0,0,12,0,1,0.00553,0,normal
LG-1008,2025-01-27 13:33:00,6.60761,3.35735,19.4,57.3,1,0,13,0,1,0.01228,0,normal
LG-1008,2025-01-27 13:47:00,6.604035,3.373073,3.0,17.5,1,75,13,0,1,0.02625,1,fuel_theft
LG-1008,2025-01-27 13:49:00,6.541266,3.350307,64.6,54.2,1,5,13,0,1,0.04296,0,normal
LG-1008,2025-01-27 13:58:00,6.457943,3.528969,48.6,69.3,1,0,13,0,1,0.00992,0,normal
LG-1008,2025-01-27 15:07:00,6.449108,3.363198,19.1,61.0,1,2,15,0,1,0.03234,0,normal
LG-1008,2025-01-27 16:59:00,6.416723,3.420974,61.8,74.9,1,0,16,0,1,0.01128,0,normal
LG-1008,2025-01-27 20:12:00,6.510543,3.379132,4.7,64.3,0,0,20,0,0,0.02408,0,normal
LG-1008,2025-01-27 21:15:00,6.595441,3.321721,2.8,35.0,0,0,21,0,0,0.02588,0,normal
LG-1008,2025-01-27 22:49:00,6.450168,3.516758,3.2,51.3,0,0,22,0,0,0.01573,0,normal
LG-1008,2025-01-27 23:44:00,6.472581,3.394547,1.7,58.5,0,0,23,0,0,0.01759,0,normal
LG-1008,2025-01-28 01:13:00,6.469668,3.520394,4.3,80.5,0,0,1,1,0,0.00494,0,normal
LG-1008,2025-01-28 01:38:00,6.502202,3.329953,4.4,100.0,0,0,1,1,0,0.02823,0,normal
LG-1008,2025-01-28 05:55:00,6.439618,3.416821,1.0,63.5,0,0,5,1,0,0.01235,0,normal
LG-1008,2025-01-28 06:20:00,6.417488,3.400645,4.1,70.7,0,0,6,1,0,0.02291,0,normal
LG-1008,2025-01-28 06:47:00,6.59358,3.360444,0.3,58.3,0,5,6,1,0,0.01536,0,normal
LG-1008,2025-01-28 07:36:00,6.455816,3.503802,10.7,63.7,1,2,7,1,1,0.02038,0,normal
LG-1008,2025-01-28 07:56:00,6.599704,3.355537,57.5,73.4,1,2,7,1,1,0.00863,0,normal
LG-1008,2025-01-28 09:23:00,6.472206,3.339168,37.9,61.4,1,0,9,1,1,0.03275,0,normal
LG-1008,2025-01-28 11:46:00,6.449147,3.427492,38.1,83.2,1,8,11,1,1,0.02212,0,normal
LG-1008,2025-01-28 13:45:00,6.454527,3.396722,29.4,57.5,1,0,13,1,1,0.00179,0,normal
LG-1008,2025-01-28 14:32:00,6.618095,3.362262,15.9,82.9,1,0,14,1,1,0.02292,0,normal
LG-1008,2025-01-28 16:03:00,6.42824,3.387973,32.7,60.6,0,2,16,1,1,0.02767,0,normal
LG-1008,2025-01-28 16:24:00,6.46769,3.387805,25.5,56.9,1,0,16,1,1,0.01459,0,normal
LG-1008,2025-01-28 16:46:00,6.464908,3.368714,37.4,55.3,1,8,16,1,1,0.02809,0,normal
LG-1008,2025-01-28 21:58:00,6.477167,3.49756,2.2,39.9,0,0,21,1,0,0.0273,0,normal
LG-1008,2025-01-29 00:19:00,6.603673,3.355748,2.8,82.3,0,0,0,2,0,0.00915,0,normal
LG-1008,2025-01-29 01:32:00,6.446068,3.518592,1.5,77.6,0,0,1,2,0,0.01924,0,normal
LG-1008,2025-01-29 01:55:00,6.424152,3.420738,3.3,100.0,0,0,1,2,0,0.00386,0,normal
LG-1008,2025-01-29 06:07:00,6.508869,3.358944,4.3,91.7,0,0,6,2,0,0.00991,0,normal
LG-1008,2025-01-29 07:17:00,6.483911,3.530428,61.2,67.6,1,0,7,2,1,0.0207,0,normal
LG-1008,2025-01-29 07:17:00,6.59482,3.344963,48.5,86.2,1,0,7,2,1,0.00651,0,normal
LG-1008,2025-01-29 07:31:00,6.606916,3.335972,19.9,75.3,1,0,7,2,1,0.01251,0,normal
LG-1008,2025-01-29 07:45:00,6.472404,3.538596,29.9,69.8,0,0,7,2,1,0.01817,0,normal
LG-1008,2025-01-29 10:10:00,6.449559,3.381872,0.5,9.7,1,44,10,2,1,0.01421,1,fuel_theft
LG-1008,2025-01-29 13:08:00,6.58373,3.331325,32.3,51.5,1,0,13,2,1,0.02332,0,normal
LG-1008,2025-01-29 14:28:00,6.413197,3.41212,54.6,44.6,1,12,14,2,1,0.01726,0,normal
LG-1008,2025-01-29 16:32:00,6.500899,3.352706,60.8,65.3,1,0,16,2,1,0.00562,0,normal
LG-1008,2025-01-29 20:06:00,6.4472,3.410873,2.7,33.9,0,0,20,2,0,0.01769,0,normal
LG-1008,2025-01-29 21:48:00,6.466429,3.549412,4.5,61.0,0,0,21,2,0,0.02745,0,normal
LG-1008,2025-01-29 22:32:00,6.465285,3.48681,0.7,32.7,0,5,22,2,0,0.03519,0,normal
LG-1008,2025-01-30 00:08:00,6.472644,3.538245,3.2,93.2,0,0,0,3,0,0.01795,0,normal
LG-1008,2025-01-30 00:14:00,6.606409,3.366489,3.3,93.7,0,0,0,3,0,0.02023,0,normal
LG-1008,2025-01-30 00:21:00,6.537192,3.338208,2.4,88.4,0,2,0,3,0,0.04302,0,normal
LG-1008,2025-01-30 06:09:00,6.486646,3.348296,2.6,8.5,1,32,6,3,0,0.01571,1,fuel_theft
LG-1008,2025-01-30 08:13:00,6.504099,3.33896,35.0,93.0,1,0,8,3,1,0.01971,0,normal
LG-1008,2025-01-30 12:09:00,6.454391,3.518427,47.1,52.2,0,0,12,3,1,0.01119,0,normal
LG-1008,2025-01-30 12:38:00,6.603425,3.376151,21.4,64.7,1,5,12,3,1,0.02925,0,normal
LG-1008,2025-01-30 16:08:00,6.474886,3.522917,30.7,67.1,1,0,16,3,1,0.00993,0,normal
LG-1008,2025-01-30 17:07:00,6.494025,3.344447,49.8,68.9,1,0,17,3,1,0.01444,0,normal
LG-1008,2025-01-30 17:52:00,6.450688,3.3899,23.3,73.4,1,0,17,3,1,0.00668,0,normal
LG-1008,2025-01-30 18:35:00,6.47313,3.520388,25.0,53.5,1,2,18,3,1,0.00829,0,normal
LG-1008,2025-01-30 20:22:00,6.513003,3.366583,1.8,62.2,1,238,20,3,0,0.01642,1,excessive_idle
LG-1008,2025-01-31 00:08:00,6.483539,3.511917,0.1,73.0,0,0,0,4,0,0.0211,0,normal
LG-1008,2025-01-31 02:00:00,6.410231,3.401933,1.3,91.4,0,0,2,4,0,0.02606,0,normal
LG-1008,2025-01-31 03:36:00,6.443375,3.447019,2.5,96.0,0,0,3,4,0,0.03022,0,normal
LG-1009,2025-01-01 17:47:00,6.40962,3.420999,34.4,69.7,1,0,17,2,1,0.01838,0,normal
LG-1009,2025-01-01 20:27:00,6.433462,3.50181,3.2,70.5,0,0,20,2,0,0.03745,0,normal
LG-1009,2025-01-01 20:33:00,6.412085,3.397424,3.7,61.5,0,0,20,2,0,0.02844,0,normal
LG-1009,2025-01-01 23:30:00,6.466865,3.536047,4.1,53.5,0,2,23,2,0,0.01417,0,normal
LG-1009,2025-01-02 00:02:00,6.476928,3.512749,0.8,85.8,0,0,0,3,0,0.0151,0,normal
LG-1009,2025-01-02 00:14:00,6.457047,3.395733,0.9,71.9,0,0,0,3,0,0.00217,0,normal
LG-1009,2025-01-02 00:25:00,6.842296,3.579782,73.8,71.1,1,0,3,3,0,0.33528,1,private_use
LG-1009,2025-01-02 01:27:00,6.510968,3.348484,1.9,81.4,0,0,1,3,0,0.01529,0,normal
LG-1009,2025-01-02 04:07:00,6.469734,3.409247,4.1,69.1,0,2,4,3,0,0.0205,0,normal
LG-1009,2025-01-02 07:24:00,6.376865,3.079044,70.4,69.9,1,0,7,3,1,0.30452,1,route_deviation
LG-1009,2025-01-02 09:56:00,6.410783,3.425402,17.6,77.1,1,0,9,3,1,0.01777,0,normal
LG-1009,2025-01-02 10:49:00,6.473243,3.414425,11.3,53.8,1,0,10,3,1,0.02665,0,normal
LG-1009,2025-01-02 13:55:00,6.431724,3.398464,47.5,82.1,1,0,13,3,1,0.02284,0,normal
LG-1009,2025-01-02 16:15:00,6.464034,3.415927,45.4,45.4,1,0,16,3,1,0.02279,0,normal
LG-1009,2025-01-02 20:09:00,6.719256,3.613209,59.8,61.2,1,0,2,3,0,0.27012,1,private_use
LG-1009,2025-01-02 20:15:00,6.464,3.37705,0.8,53.1,0,0,20,3,0,0.02008,0,normal
LG-1009,2025-01-02 20:54:00,6.461778,3.417656,0.9,41.5,0,0,20,3,0,0.02365,0,normal
LG-1009,2025-01-03 00:15:00,6.423927,3.445094,3.6,69.5,0,0,0,4,0,0.02444,0,normal
LG-1009,2025-01-03 00:23:00,6.593043,3.330573,1.3,98.5,0,5,0,4,0,0.01825,0,normal
LG-1009,2025-01-03 00:49:00,6.501311,3.349119,2.9,80.0,0,0,0,4,0,0.00918,0,normal
LG-1009,2025-01-03 05:04:00,6.765238,3.653276,33.0,83.9,1,0,3,4,0,0.32768,1,private_use
LG-1009,2025-01-03 05:45:00,6.485093,3.339931,3.2,93.7,0,0,5,4,0,0.0228,0,normal
LG-1009,2025-01-03 07:04:00,6.409266,3.405063,25.8,55.5,1,0,7,4,1,0.0246,0,normal
LG-1009,2025-01-03 07:10:00,6.462299,3.511091,37.5,62.2,1,0,7,4,1,0.01124,0,normal
LG-1009,2025-01-03 08:11:00,6.443296,3.388573,60.5,81.3,1,5,8,4,1,0.01335,0,normal
LG-1009,2025-01-03 08:20:00,6.454834,3.53584,46.4,89.8,1,0,8,4,1,0.01717,0,normal
LG-1009,2025-01-03 08:30:00,6.403413,3.427614,25.6,87.0,1,0,8,4,1,0.02546,0,normal
LG-1009,2025-01-03 08:58:00,6.356809,2.950216,85.1,73.0,1,0,8,4,1,0.43186,1,route_deviation
LG-1009,2025-01-03 09:43:00,6.451369,3.396058,47.3,63.2,1,0,9,4,1,0.00378,0,normal
LG-1009,2025-01-03 15:52:00,6.601139,3.343072,29.1,62.3,1,0,15,4,1,0.00393,0,normal
LG-1009,2025-01-03 18:25:00,6.444041,3.420927,18.2,68.8,1,0,18,4,1,0.01604,0,normal
LG-1009,2025-01-03 19:35:00,6.442169,3.518938,2.3,42.7,0,0,19,4,0,0.02304,0,normal
LG-1009,2025-01-03 21:01:00,6.462714,3.5264,3.8,60.0,0,0,21,4,0,0.00496,0,normal
LG-1009,2025-01-03 22:48:00,6.438196,3.379031,1.0,39.5,0,0,22,4,0,0.02318,0,normal
LG-1009,2025-01-03 22:55:00,6.459731,3.391177,2.4,33.8,0,12,22,4,0,0.00608,0,normal
LG-1009,2025-01-03 23:09:00,6.470531,3.525578,3.4,64.7,0,2,23,4,0,0.00659,0,normal
LG-1009,2025-01-04 03:06:00,6.482911,3.371867,0.6,96.6,0,2,3,5,0,0.02124,0,normal
LG-1009,2025-01-04 03:22:00,6.593282,3.354905,1.8,100.0,0,0,3,5,0,0.01105,0,normal
LG-1009,2025-01-04 03:30:00,6.490062,3.344001,0.3,78.5,0,2,3,5,0,0.01661,0,normal
LG-1009,2025-01-04 06:03:00,6.473844,3.374213,0.8,16.3,1,29,6,5,0,0.02806,1,fuel_theft
LG-1009,2025-01-04 06:20:00,6.457793,3.539127,0.9,95.8,0,0,6,5,0,0.01858,0,normal
LG-1009,2025-01-04 07:11:00,6.440519,3.377878,2.0,70.1,0,8,7,5,0,0.02242,0,normal
LG-1009,2025-01-04 09:26:00,6.484669,3.354088,36.0,78.1,1,12,9,5,1,0.01485,0,normal
LG-1009,2025-01-04 10:26:00,6.402871,3.402962,64.0,80.4,1,0,10,5,1,0.03093,0,normal
LG-1009,2025-01-04 13:18:00,6.446929,3.53432,2.9,12.7,1,87,13,5,1,0.02187,1,fuel_theft
LG-1009,2025-01-04 15:47:00,6.516446,3.347809,4.5,67.1,0,0,15,5,0,0.0202,0,normal
LG-1009,2025-01-04 16:44:00,6.453385,3.378729,0.8,46.8,0,0,16,5,0,0.01635,0,normal
LG-1009,2025-01-04 18:22:00,6.588275,3.343049,2.2,41.7,0,0,18,5,0,0.01332,0,normal
LG-1009,2025-01-04 19:53:00,6.606024,3.352556,1.8,53.9,0,0,19,5,0,0.00749,0,normal
LG-1009,2025-01-05 01:53:00,6.425954,3.425883,2.6,66.4,0,0,1,6,0,0.00529,0,normal
LG-1009,2025-01-05 01:58:00,6.487067,3.498073,4.0,73.7,0,0,1,6,0,0.03255,0,normal
LG-1009,2025-01-05 04:25:00,6.512736,3.341609,0.3,81.7,0,0,4,6,0,0.02139,0,normal
LG-1009,2025-01-05 05:12:00,6.416345,3.423289,0.2,61.5,0,0,5,6,0,0.01188,0,normal
LG-1009,2025-01-05 06:55:00,6.369084,2.908272,62.0,93.9,0,0,6,6,0,0.46812,1,route_deviation
LG-1009,2025-01-05 07:42:00,6.431474,3.425013,1.8,75.8,0,0,7,6,0,0.00531,0,normal
LG-1009,2025-01-05 09:38:00,6.505823,3.364064,1.9,53.9,0,0,9,6,0,0.00913,0,normal
LG-1009,2025-01-05 09:44:00,6.603709,3.343969,0.9,82.1,0,0,9,6,0,0.00407,0,normal
LG-1009,2025-01-05 09:48:00,6.567498,3.339028,1.9,53.8,0,5,9,6,0,0.03444,0,normal
LG-1009,2025-01-05 11:08:00,6.465915,3.406166,3.1,86.8,0,2,11,6,0,0.01561,0,normal
LG-1009,2025-01-05 14:34:00,6.743416,3.719384,27.2,64.5,1,0,3,6,0,0.34129,1,private_use
LG-1009,2025-01-05 14:43:00,6.60865,3.322468,0.1,74.8,0,0,14,6,0,0.0257,0,normal
LG-1009,2025-01-05 18:15:00,6.468733,3.519076,0.3,59.9,0,0,18,6,0,0.00474,0,normal
LG-1009,2025-01-05 18:22:00,6.389522,3.100895,64.5,64.8,0,5,18,6,0,0.27944,1,route_deviation
LG-1009,2025-01-05 18:46:00,6.434833,3.433213,4.0,53.2,0,0,18,6,0,0.014,0,normal
LG-1009,2025-01-05 19:27:00,6.491098,3.356892,3.4,76.4,0,0,19,6,0,0.00798,0,normal
LG-1009,2025-01-05 20:31:00,6.497084,3.366809,0.9,69.2,0,0,20,6,0,0.00901,0,normal
LG-1009,2025-01-05 23:31:00,6.458612,3.391808,0.5,45.9,0,0,23,6,0,0.00482,0,normal
LG-1009,2025-01-06 00:12:00,6.485164,3.513925,0.4,100.0,0,0,0,0,0,0.02172,0,normal
LG-1009,2025-01-06 03:00:00,6.502585,3.357258,1.1,94.6,0,0,3,0,0,0.00366,0,normal
LG-1009,2025-01-06 06:36:00,6.464569,3.402949,4.6,76.9,0,0,6,0,0,0.01244,0,normal
LG-1009,2025-01-06 06:54:00,6.507389,3.357758,3.1,71.6,0,0,6,0,0,0.00839,0,normal
LG-1009,2025-01-06 12:02:00,6.390269,2.97721,98.8,66.6,1,0,12,0,1,0.39601,1,route_deviation
LG-1009,2025-01-06 13:19:00,6.48316,3.516522,59.7,51.7,1,0,13,0,1,0.01897,0,normal
LG-1009,2025-01-06 13:44:00,6.4127,3.435313,1.5,16.2,1,57,13,0,1,0.02095,1,fuel_theft
LG-1009,2025-01-06 14:34:00,6.735413,3.670986,37.9,64.4,1,0,5,0,0,0.30874,1,private_use
LG-1009,2025-01-06 18:56:00,6.576896,3.357852,25.8,55.3,1,5,18,0,1,0.02643,0,normal
LG-1009,2025-01-06 21:40:00,6.500253,3.389991,3.5,50.5,0,0,21,0,0,0.03202,0,normal
LG-1009,2025-01-06 21:47:00,6.431349,3.472349,3.2,56.3,0,0,21,0,0,0.05146,0,normal
LG-1009,2025-01-06 22:40:00,6.429794,3.379424,2.9,74.3,0,0,22,0,0,0.02963,0,normal
LG-1009,2025-01-06 23:50:00,6.50256,3.365612,3.6,48.2,0,0,23,0,0,0.0084,0,normal
LG-1009,2025-01-07 01:54:00,6.4473,3.522637,3.5,88.2,0,0,1,1,0,0.01771,0,normal
LG-1009,2025-01-07 04:21:00,6.453676,3.421154,2.1,85.6,0,0,4,1,0,0.02568,0,normal
LG-1009,2025-01-07 04:43:00,6.373437,3.041932,71.1,64.7,0,0,4,1,0,0.3401,1,route_deviation
LG-1009,2025-01-07 05:37:00,6.456895,3.552483,2.7,83.6,0,0,5,1,0,0.03154,0,normal
LG-1009,2025-01-07 08:13:00,6.592788,3.338729,18.1,78.1,1,0,8,1,1,0.01166,0,normal
LG-1009,2025-01-07 14:51:00,6.498064,3.367169,62.7,61.1,1,0,14,1,1,0.00922,0,normal
LG-1009,2025-01-07 16:05:00,6.496245,3.509586,44.5,55.3,1,0,16,1,1,0.03362,0,normal
LG-1009,2025-01-07 21:14:00,6.415982,2.937902,65.2,62.7,0,0,21,1,0,0.42822,1,route_deviation
LG-1009,2025-01-07 21:18:00,6.462066,3.49886,1.5,67.6,0,2,21,1,0,0.02332,0,normal
LG-1009,2025-01-07 21:34:00,6.430856,3.351884,3.9,53.8,0,5,21,1,0,0.04942,0,normal
LG-1009,2025-01-07 22:03:00,6.603532,3.364985,2.4,32.7,0,0,22,1,0,0.01816,0,normal
LG-1009,2025-01-07 22:39:00,6.462279,3.39656,1.1,71.3,0,0,22,1,0,0.00744,0,normal
LG-1009,2025-01-07 23:04:00,6.453596,3.400062,0.4,57.5,0,0,23,1,0,0.00525,0,normal
LG-1009,2025-01-08 02:31:00,6.476635,3.530398,2.1,87.3,0,0,2,2,0,0.01435,0,normal
LG-1009,2025-01-08 05:03:00,6.463676,3.536817,0.9,94.4,1,234,5,2,0,0.01488,1,excessive_idle
LG-1009,2025-01-08 05:43:00,6.413583,3.404829,1.9,93.0,1,204,5,2,0,0.02166,1,excessive_idle
LG-1009,2025-01-08 06:15:00,6.502179,3.35674,1.0,85.2,0,0,6,2,0,0.00342,0,normal
LG-1009,2025-01-08 10:17:00,6.60677,3.348559,42.1,74.6,1,0,10,2,1,0.00598,0,normal
LG-1009,2025-01-08 12:15:00,6.588192,3.331893,26.0,61.5,1,0,12,2,1,0.01981,0,normal
LG-1009,2025-01-08 12:27:00,6.4701,3.376774,32.3,60.5,1,0,12,2,1,0.02367,0,normal
LG-1009,2025-01-08 16:03:00,6.43938,3.435811,51.3,47.5,1,0,16,2,1,0.01868,0,normal
LG-1009,2025-01-08 16:20:00,6.460095,3.517273,24.7,43.7,1,0,16,2,1,0.00681,0,normal
LG-1009,2025-01-08 20:27:00,6.448862,3.403291,2.6,70.5,0,0,20,2,0,0.01032,0,normal
LG-1009,2025-01-08 22:41:00,6.439403,3.388392,0.6,52.2,0,2,22,2,0,0.01694,0,normal
LG-1009,2025-01-08 22:58:00,6.43721,3.436576,1.4,60.4,0,0,22,2,0,0.0181,0,normal
LG-1009,2025-01-09 00:31:00,6.476573,3.382897,2.3,100.0,0,0,0,3,0,0.02474,0,normal
LG-1009,2025-01-09 01:05:00,6.584888,3.338847,1.6,92.6,0,0,1,3,0,0.01806,0,normal
LG-1009,2025-01-09 01:51:00,6.451925,3.403156,4.0,66.0,0,5,1,3,0,0.00872,0,normal
LG-1009,2025-01-09 03:08:00,6.366678,2.911594,80.0,65.9,0,0,3,3,0,0.4656,1,route_deviation
LG-1009,2025-01-09 04:36:00,6.478864,3.342338,3.6,66.9,0,2,4,3,0,0.02551,0,normal
LG-1009,2025-01-09 08:07:00,6.593681,3.353801,53.5,73.4,1,0,8,3,1,0.00999,0,normal
LG-1009,2025-01-09 08:49:00,6.474091,3.357562,64.6,64.2,1,8,8,3,1,0.02491,0,normal
LG-1009,2025-01-09 12:06:00,6.455603,3.521043,12.0,49.8,1,5,12,3,1,0.00945,0,normal
LG-1009,2025-01-09 12:32:00,6.434882,3.417888,46.7,85.3,1,0,12,3,1,0.00755,0,normal
LG-1009,2025-01-09 12:36:00,6.592596,3.35061,53.5,71.5,1,0,12,3,1,0.00915,0,normal
LG-1009,2025-01-09 14:12:00,6.420731,3.403585,32.1,54.7,1,0,14,3,1,0.01887,0,normal
LG-1009,2025-01-09 16:51:00,6.42469,3.43917,18.3,42.5,1,8,16,3,1,0.01847,0,normal
LG-1009,2025-01-09 16:58:00,6.367387,2.938709,93.6,57.7,1,0,16,3,1,0.43946,1,route_deviation
LG-1009,2025-01-09 17:23:00,6.467539,3.392483,63.0,59.1,1,12,17,3,1,0.01279,0,normal
LG-1009,2025-01-09 17:42:00,6.608203,3.347071,0.3,55.5,1,143,17,3,1,0.0072,1,excessive_idle
LG-1009,2025-01-09 17:52:00,6.434652,3.438705,20.4,58.4,1,0,17,3,1,0.01891,0,normal
LG-1009,2025-01-09 19:37:00,6.591563,3.370878,1.5,37.8,0,5,19,3,0,0.02567,0,normal
LG-1009,2025-01-09 19:52:00,6.393834,3.160547,77.7,50.2,0,0,19,3,0,0.22371,1,route_deviation
LG-1009,2025-01-09 22:02:00,6.381278,3.183432,96.4,51.5,0,0,22,3,0,0.21055,1,route_deviation
LG-1009,2025-01-10 02:51:00,6.486639,3.526339,4.0,83.0,0,0,2,4,0,0.02207,0,normal
LG-1009,2025-01-10 02:58:00,6.422343,3.439255,3.9,86.0,0,2,2,4,0,0.01911,0,normal
LG-1009,2025-01-10 02:59:00,6.442335,3.517197,0.0,62.1,0,0,2,4,0,0.02317,0,normal
LG-1009,2025-01-10 06:33:00,6.458547,3.385619,2.6,66.1,0,0,6,4,0,0.01003,0,normal
LG-1009,2025-01-10 08:05:00,6.504736,3.366974,58.1,79.8,1,0,8,4,1,0.01065,0,normal
LG-1009,2025-01-10 12:42:00,6.45622,3.404829,12.4,66.2,1,0,12,4,1,0.0099,0,normal
LG-1009,2025-01-10 13:05:00,6.811393,3.692465,49.4,49.5,1,0,22,4,0,0.38607,1,private_use
LG-1009,2025-01-10 13:34:00,6.441215,3.38257,27.7,63.8,1,0,13,4,1,0.01856,0,normal
LG-1009,2025-01-10 13:57:00,6.501749,3.341022,45.7,52.5,1,0,13,4,1,0.0172,0,normal
LG-1009,2025-01-10 16:32:00,6.492939,3.350111,43.4,70.5,1,0,16,4,1,0.00995,0,normal
LG-1009,2025-01-10 17:31:00,6.496348,3.34424,44.3,49.2,1,0,17,4,1,0.01401,0,normal
LG-1009,2025-01-10 18:16:00,6.506769,3.35943,61.5,72.2,1,0,18,4,1,0.0079,0,normal
LG-1009,2025-01-10 19:43:00,6.463617,3.50463,1.8,50.5,0,0,19,4,0,0.01742,0,normal
LG-1009,2025-01-10 23:10:00,6.455951,3.363338,4.1,60.7,0,5,23,4,0,0.03168,0,normal
LG-1009,2025-01-11 03:26:00,6.738685,3.706989,20.5,100.0,1,2,23,5,0,0.33034,1,private_use
LG-1009,2025-01-11 04:38:00,6.478744,3.388467,1.7,74.9,0,0,4,5,0,0.02463,0,normal
LG-1009,2025-01-11 04:48:00,6.493569,3.352643,1.6,89.1,0,2,4,5,0,0.00763,0,normal
LG-1009,2025-01-11 05:56:00,6.606121,3.348192,4.5,93.2,0,0,5,5,0,0.00526,0,normal
LG-1009,2025-01-11 10:31:00,6.450073,3.524978,12.9,89.5,1,0,10,5,1,0.01522,0,normal
LG-1009,2025-01-11 15:10:00,6.443789,3.53103,4.6,80.7,0,2,15,5,0,0.02305,0,normal
LG-1009,2025-01-11 15:14:00,6.4426,3.504352,4.7,69.6,0,2,15,5,0,0.02852,0,normal
LG-1009,2025-01-11 16:39:00,6.385591,2.927906,79.6,63.3,0,0,16,5,0,0.44479,1,route_deviation
LG-1009,2025-01-11 16:44:00,6.442295,3.420805,2.5,60.9,0,8,16,5,0,0.0143,0,normal
LG-1009,2025-01-11 17:44:00,6.453659,3.520172,4.0,46.6,0,0,17,5,0,0.01149,0,normal
LG-1009,2025-01-11 18:21:00,6.428681,3.418845,2.2,67.6,0,2,18,5,0,0.00226,0,normal
LG-1009,2025-01-11 20:14:00,6.445494,3.427605,2.7,66.3,0,0,20,5,0,0.0187,0,normal
LG-1009,2025-01-11 20:43:00,6.45773,3.380157,2.7,71.1,0,0,20,5,0,0.01509,0,normal
LG-1009,2025-01-11 20:52:00,6.429467,3.407862,1.0,49.4,0,0,20,5,0,0.01322,0,normal
LG-1009,2025-01-11 22:40:00,6.493868,3.356839,3.7,39.3,0,0,22,5,0,0.00526,0,normal
LG-1009,2025-01-11 22:53:00,6.487588,3.37697,5.0,58.7,0,0,22,5,0,0.02214,0,normal
LG-1009,2025-01-11 23:52:00,6.411939,3.065085,96.7,38.8,0,0,23,5,0,0.30558,1,route_deviation
LG-1009,2025-01-11 23:57:00,6.42095,3.422745,2.4,59.1,0,0,23,5,0,0.00726,0,normal
LG-1009,2025-01-12 00:23:00,6.485625,3.356681,3.0,85.7,0,0,0,6,0,0.01344,0,normal
LG-1009,2025-01-12 00:24:00,6.455497,3.539847,3.9,96.2,0,0,0,6,0,0.02022,0,normal
LG-1009,2025-01-12 01:27:00,6.372915,3.07068,101.7,86.7,0,2,1,6,0,0.31377,1,route_deviation
LG-1009,2025-01-12 02:24:00,6.472567,3.39296,0.3,65.8,0,0,2,6,0,0.01769,0,normal
LG-1009,2025-01-12 04:49:00,6.454492,3.363997,2.4,91.9,0,0,4,6,0,0.03101,0,normal
LG-1009,2025-01-12 06:51:00,6.591327,3.361596,1.0,63.7,0,2,6,6,0,0.01751,0,normal
LG-1009,2025-01-12 07:11:00,6.484143,3.535339,4.3,88.5,0,0,7,6,0,0.02333,0,normal
LG-1009,2025-01-12 11:45:00,6.616876,3.356192,3.7,71.6,0,0,11,6,0,0.01835,0,normal
LG-1009,2025-01-12 14:04:00,6.484073,3.484647,2.0,50.8,0,5,14,6,0,0.04194,0,normal
LG-1009,2025-01-12 14:18:00,6.501783,3.366339,2.2,53.0,0,0,14,6,0,0.00879,0,normal
LG-1009,2025-01-12 14:47:00,6.487731,3.369708,4.2,63.4,0,12,14,6,0,0.01625,0,normal
LG-1009,2025-01-12 17:40:00,6.595724,3.352928,0.9,42.9,0,12,17,6,0,0.00794,0,normal
LG-1009,2025-01-12 17:53:00,6.748189,3.632949,35.9,61.8,1,0,0,6,0,0.30415,1,private_use
LG-1009,2025-01-12 19:42:00,6.61454,3.368076,1.2,50.5,0,0,19,6,0,0.02505,0,normal
LG-1009,2025-01-12 20:08:00,6.488543,3.534732,0.5,41.3,0,8,20,6,0,0.02676,0,normal
LG-1009,2025-01-12 20:16:00,6.604701,3.37798,4.3,57.8,0,0,20,6,0,0.0312,0,normal
LG-1009,2025-01-12 20:58:00,6.601582,3.331457,1.5,53.6,1,232,20,6,0,0.01555,1,excessive_idle
LG-1009,2025-01-12 21:08:00,6.37405,3.161054,94.0,65.6,0,0,21,6,0,0.23324,1,route_deviation
LG-1009,2025-01-12 22:51:00,6.622058,3.359255,1.5,30.0,0,5,22,6,0,0.02436,0,normal
LG-1009,2025-01-13 00:08:00,6.439818,3.408943,1.3,76.3,0,0,0,0,0,0.01688,0,normal
LG-1009,2025-01-13 00:33:00,6.423867,3.417487,0.7,83.7,0,0,0,0,0,0.00542,0,normal
LG-1009,2025-01-13 01:08:00,6.602955,3.355492,0.2,83.0,0,0,1,0,0,0.00871,0,normal
LG-1009,2025-01-13 02:06:00,6.585175,3.353033,2.0,97.9,0,8,2,0,0,0.01694,0,normal
LG-1009,2025-01-13 04:30:00,6.480157,3.345114,3.7,78.9,0,0,4,0,0,0.02283,0,normal
LG-1009,2025-01-13 04:47:00,6.509834,3.3292,3.4,89.0,0,0,4,0,0,0.03077,0,normal
LG-1009,2025-01-13 05:52:00,6.488762,3.509418,1.3,13.7,1,66,5,0,0,0.02689,1,fuel_theft
LG-1009,2025-01-13 07:25:00,6.528154,3.3515,10.6,76.4,1,5,7,0,1,0.02987,0,normal
LG-1009,2025-01-13 07:49:00,6.493895,3.37134,30.5,58.7,1,5,7,0,1,0.01428,0,normal
LG-1009,2025-01-13 07:50:00,6.427185,3.419331,10.1,57.3,1,8,7,0,1,0.00186,0,normal
LG-1009,2025-01-13 07:59:00,6.467878,3.505898,51.3,86.2,1,0,7,0,1,0.01636,0,normal
LG-1009,2025-01-13 08:05:00,6.443983,3.394249,39.3,91.3,1,0,8,0,1,0.01104,0,normal
LG-1009,2025-01-13 11:20:00,6.483031,3.491377,1.9,56.9,1,141,11,0,1,0.03554,1,excessive_idle
LG-1009,2025-01-13 11:48:00,6.48484,3.525614,45.9,58.8,1,2,11,0,1,0.02017,0,normal
LG-1009,2025-01-13 12:46:00,6.608261,3.350025,15.5,79.9,1,0,12,0,1,0.00787,0,normal
LG-1009,2025-01-13 14:59:00,6.427105,3.418982,56.8,44.3,1,0,14,0,1,0.00221,0,normal
LG-1009,2025-01-13 16:31:00,6.487201,3.529408,24.4,69.4,1,5,16,0,1,0.0234,0,normal
LG-1009,2025-01-13 20:54:00,6.40962,3.432396,2.4,40.7,0,0,20,0,0,0.02163,0,normal
LG-1009,2025-01-13 22:36:00,6.633841,3.362629,2.2,51.4,0,0,22,0,0,0.03637,0,normal
LG-1009,2025-01-13 23:27:00,6.472708,3.535271,0.0,45.1,0,0,23,0,0,0.01535,0,normal
LG-1009,2025-01-14 04:15:00,6.480369,3.341894,0.1,78.7,0,0,4,1,0,0.02463,0,normal
LG-1009,2025-01-14 04:18:00,6.459619,3.371017,0.1,89.2,0,0,4,1,0,0.02442,0,normal
LG-1009,2025-01-14 07:50:00,6.449056,3.416798,24.9,61.0,1,0,7,1,1,0.02147,0,normal
LG-1009,2025-01-14 08:00:00,6.521546,3.359004,40.0,74.9,1,0,8,1,1,0.02257,0,normal
LG-1009,2025-01-14 08:39:00,6.614802,3.373212,39.4,53.8,1,8,8,1,1,0.02962,0,normal
LG-1009,2025-01-14 11:35:00,6.46395,3.54461,0.0,10.9,1,86,11,1,1,0.02263,1,fuel_theft
LG-1009,2025-01-14 11:50:00,6.491302,3.362672,58.5,57.5,1,0,11,1,1,0.009,0,normal
LG-1009,2025-01-14 12:31:00,6.473889,3.521231,17.6,71.3,1,0,12,1,1,0.00892,0,normal
LG-1009,2025-01-14 12:32:00,6.459455,3.389405,32.5,49.6,1,0,12,1,1,0.00715,0,normal
LG-1009,2025-01-14 13:25:00,6.575069,3.327186,10.5,58.0,1,0,13,1,1,0.03263,0,normal
LG-1009,2025-01-14 20:04:00,6.708397,3.726743,70.3,48.7,1,0,5,1,0,0.31806,1,private_use
LG-1009,2025-01-15 00:26:00,6.491142,3.347688,1.0,100.0,0,0,0,2,0,0.01296,0,normal
LG-1009,2025-01-15 01:50:00,6.49834,3.367405,3.6,72.3,0,0,1,2,0,0.00943,0,normal
LG-1009,2025-01-15 02:24:00,6.477595,3.355433,4.1,72.6,0,0,2,2,0,0.02156,0,normal
LG-1009,2025-01-15 02:33:00,6.586448,3.349733,3.1,89.1,0,0,2,2,0,0.01481,0,normal
LG-1009,2025-01-15 03:53:00,6.625774,3.340424,4.5,82.8,0,0,3,2,0,0.02563,0,normal
LG-1009,2025-01-15 05:30:00,6.434623,3.418648,4.9,92.3,0,0,5,2,0,0.00703,0,normal
LG-1009,2025-01-15 07:09:00,6.44193,3.531771,17.7,69.0,1,0,7,2,1,0.02505,0,normal
LG-1009,2025-01-15 07:16:00,6.425506,3.400177,43.0,75.3,1,5,7,2,1,0.02097,0,normal
LG-1009,2025-01-15 12:00:00,6.415992,3.15583,92.4,82.3,1,0,12,2,1,0.21855,1,route_deviation
LG-1009,2025-01-15 13:15:00,6.441843,3.429826,11.9,70.2,0,2,13,2,1,0.01642,0,normal
LG-1009,2025-01-15 17:21:00,6.433655,3.375485,14.0,60.1,1,0,17,2,1,0.02892,0,normal
LG-1009,2025-01-15 18:02:00,6.478035,3.520437,61.0,41.5,1,0,18,2,1,0.01313,0,normal
LG-1009,2025-01-15 19:47:00,6.447401,3.404425,0.4,46.0,0,0,19,2,0,0.01211,0,normal
LG-1009,2025-01-15 21:54:00,6.46896,3.412506,5.0,72.8,0,0,21,2,0,0.02239,0,normal
LG-1009,2025-01-15 23:34:00,6.586903,3.327113,1.4,52.2,0,0,23,2,0,0.02438,0,normal
LG-1009,2025-01-16 00:56:00,6.414015,3.396693,3.7,84.9,0,5,0,3,0,0.02804,0,normal
LG-1009,2025-01-16 01:26:00,6.429567,3.448223,2.9,77.0,0,0,1,3,0,0.02727,0,normal
LG-1009,2025-01-16 07:24:00,6.776653,3.589276,30.7,70.0,1,12,1,3,0,0.29925,1,private_use
LG-1009,2025-01-16 08:37:00,6.421108,3.414667,57.9,65.7,1,0,8,3,1,0.00936,0,normal
LG-1009,2025-01-16 09:02:00,6.586395,3.34312,51.8,59.1,1,0,9,3,1,0.01511,0,normal
LG-1009,2025-01-16 11:06:00,6.413996,3.44012,48.2,61.7,1,0,11,3,1,0.0237,0,normal
LG-1009,2025-01-16 12:26:00,6.48247,3.374742,63.5,84.4,1,8,12,3,1,0.02353,0,normal
LG-1009,2025-01-16 15:01:00,6.455007,3.383844,39.7,67.0,1,0,15,3,1,0.01116,0,normal
LG-1009,2025-01-16 17:46:00,6.415515,3.410269,54.1,49.3,1,0,17,3,1,0.01646,0,normal
LG-1009,2025-01-16 17:58:00,6.605389,3.334774,42.6,73.0,1,0,17,3,1,0.01299,0,normal
LG-1009,2025-01-16 19:13:00,6.609868,3.339378,2.6,66.6,0,0,19,3,0,0.01169,0,normal
LG-1009,2025-01-16 20:31:00,6.390049,3.187696,95.3,32.7,0,0,20,3,0,0.20217,1,route_deviation
LG-1009,2025-01-17 00:22:00,6.589518,3.37657,0.0,66.4,0,0,0,4,0,0.03172,0,normal
LG-1009,2025-01-17 02:15:00,6.516813,3.352226,1.3,96.0,0,0,2,4,0,0.01873,0,normal
LG-1009,2025-01-17 05:01:00,6.62507,3.350848,1.0,62.9,0,0,5,4,0,0.02438,0,normal
LG-1009,2025-01-17 05:13:00,6.508794,3.342494,0.8,97.8,0,0,5,4,0,0.01834,0,normal
LG-1009,2025-01-17 05:55:00,6.373591,3.105865,93.6,90.1,0,2,5,4,0,0.2816,1,route_deviation
LG-1009,2025-01-17 07:47:00,6.508942,3.357491,49.4,58.3,1,0,7,4,1,0.00996,0,normal
LG-1009,2025-01-17 08:42:00,6.462905,3.5055,40.3,69.5,1,0,8,4,1,0.01663,0,normal
LG-1009,2025-01-17 10:25:00,6.494318,3.345833,54.1,65.1,1,2,10,4,1,0.01304,0,normal
LG-1009,2025-01-17 14:14:00,6.458599,3.378723,62.4,71.4,1,0,14,4,1,0.01667,0,normal
LG-1009,2025-01-17 15:56:00,6.49987,3.33319,54.2,42.8,1,0,15,4,1,0.02483,0,normal
LG-1009,2025-01-17 17:06:00,6.472791,3.392635,57.1,39.2,1,0,17,4,1,0.01795,0,normal
LG-1009,2025-01-17 17:10:00,6.404893,3.436712,54.8,72.7,1,0,17,4,1,0.02794,0,normal
LG-1009,2025-01-17 20:26:00,6.466513,3.379154,1.8,47.2,0,0,20,4,0,0.01959,0,normal
LG-1009,2025-01-17 21:08:00,6.489389,3.487504,3.9,36.2,0,0,21,4,0,0.04225,0,normal
LG-1009,2025-01-17 22:07:00,6.463377,3.409388,2.0,59.3,0,0,22,4,0,0.01665,0,normal
LG-1009,2025-01-18 00:04:00,6.433723,3.430462,1.0,90.5,0,0,0,5,0,0.01106,0,normal
LG-1009,2025-01-18 00:17:00,6.50616,3.370942,2.5,98.3,0,5,0,5,0,0.01479,0,normal
LG-1009,2025-01-18 00:18:00,6.436234,3.43188,3.1,84.3,0,5,0,5,0,0.01364,0,normal
LG-1009,2025-01-18 00:47:00,6.429246,3.405302,4.3,95.0,0,2,0,5,0,0.01575,0,normal
LG-1009,2025-01-18 01:27:00,6.452094,3.40734,3.1,78.2,0,0,1,5,0,0.01268,0,normal
LG-1009,2025-01-18 01:34:00,6.480988,3.522667,1.3,100.0,0,0,1,5,0,0.016,0,normal
LG-1009,2025-01-18 02:26:00,6.513214,3.352977,3.3,63.7,0,0,2,5,0,0.01508,0,normal
LG-1009,2025-01-18 02:27:00,6.607392,3.341669,3.9,77.2,0,0,2,5,0,0.00832,0,normal
LG-1009,2025-01-18 02:39:00,6.473121,3.528698,2.6,69.3,0,5,2,5,0,0.01053,0,normal
LG-1009,2025-01-18 04:20:00,6.467821,3.396258,1.5,68.3,0,2,4,5,0,0.01288,0,normal
LG-1009,2025-01-18 05:10:00,6.59764,3.336971,4.4,61.4,0,0,5,5,0,0.01058,0,normal
LG-1009,2025-01-18 07:42:00,6.439818,3.381778,0.8,55.1,0,2,7,5,0,0.02013,0,normal
LG-1009,2025-01-18 08:30:00,6.449121,3.547435,36.8,66.5,0,8,8,5,1,0.02999,0,normal
LG-1009,2025-01-18 13:48:00,6.50727,3.353894,50.1,84.3,1,0,13,5,1,0.00923,0,normal
LG-1009,2025-01-18 16:44:00,6.612114,3.377413,0.7,74.1,0,0,16,5,0,0.03238,0,normal
LG-1009,2025-01-18 19:18:00,6.511776,3.366567,2.3,46.4,0,0,19,5,0,0.01538,0,normal
LG-1009,2025-01-18 19:22:00,6.58916,3.343056,1.8,65.0,0,0,19,5,0,0.01248,0,normal
LG-1009,2025-01-19 00:07:00,6.488204,3.378104,0.3,100.0,1,146,0,6,0,0.02282,1,excessive_idle
LG-1009,2025-01-19 00:55:00,6.389347,3.121571,69.4,91.4,0,0,0,6,0,0.26062,1,route_deviation
LG-1009,2025-01-19 01:40:00,6.464362,3.400251,2.5,77.4,0,8,1,6,0,0.01073,0,normal
LG-1009,2025-01-19 04:51:00,6.456262,3.525631,0.1,71.9,0,0,4,6,0,0.00946,0,normal
LG-1009,2025-01-19 05:45:00,6.453679,3.400765,3.5,61.6,0,0,5,6,0,0.00591,0,normal
LG-1009,2025-01-19 06:23:00,6.600604,3.361777,2.5,68.4,0,0,6,6,0,0.01478,0,normal
LG-1009,2025-01-19 07:03:00,6.395097,3.400487,1.0,59.0,0,0,7,6,0,0.03877,0,normal
LG-1009,2025-01-19 08:36:00,6.626355,3.355231,4.0,61.2,0,0,8,6,0,0.02666,0,normal
LG-1009,2025-01-19 10:10:00,6.455958,3.387487,4.1,88.5,0,5,10,6,0,0.00757,0,normal
LG-1009,2025-01-19 10:52:00,6.434761,3.417949,2.2,54.1,0,0,10,6,0,0.00742,0,normal
LG-1009,2025-01-19 11:53:00,6.458462,3.518372,1.8,75.6,0,0,11,6,0,0.00748,0,normal
LG-1009,2025-01-19 13:15:00,6.445629,3.388644,2.9,51.2,0,0,13,6,0,0.01132,0,normal
LG-1009,2025-01-19 14:23:00,6.487464,3.364383,3.5,62.3,0,8,14,6,0,0.01318,0,normal
LG-1009,2025-01-19 17:29:00,6.473761,3.548594,3.6,56.2,0,5,17,6,0,0.028,0,normal
LG-1009,2025-01-19 18:34:00,6.423186,3.419926,3.8,63.7,0,2,18,6,0,0.00493,0,normal
LG-1009,2025-01-19 18:47:00,6.448396,3.39802,4.1,49.1,0,0,18,6,0,0.00726,0,normal
LG-1009,2025-01-19 19:45:00,6.444108,3.401954,4.6,45.7,0,0,19,6,0,0.01292,0,normal
LG-1009,2025-01-19 20:19:00,6.587042,3.347503,1.1,50.1,0,0,20,6,0,0.01397,0,normal
LG-1009,2025-01-19 23:53:00,6.594193,3.309351,4.6,28.2,0,0,23,6,0,0.03826,0,normal
LG-1009,2025-01-20 01:35:00,6.498311,3.38112,3.9,76.4,0,0,1,0,0,0.02313,0,normal
LG-1009,2025-01-20 01:42:00,6.404041,3.427216,0.1,85.8,0,2,1,0,0,0.02475,0,normal
LG-1009,2025-01-20 05:21:00,6.489148,3.392569,3.4,68.6,0,0,5,0,0,0.03423,0,normal
LG-1009,2025-01-20 07:15:00,6.46565,3.534976,58.3,74.8,1,12,7,0,1,0.01299,0,normal
LG-1009,2025-01-20 10:46:00,6.424087,3.426859,60.8,53.3,1,0,10,0,1,0.00705,0,normal
LG-1009,2025-01-20 11:27:00,6.506902,3.361771,50.7,87.3,1,0,11,0,1,0.00876,0,normal
LG-1009,2025-01-20 12:01:00,6.412974,3.418173,42.7,65.9,1,0,12,0,1,0.01529,0,normal
LG-1009,2025-01-20 12:59:00,6.449573,3.437487,22.8,72.1,1,0,12,0,1,0.02715,0,normal
LG-1009,2025-01-20 15:40:00,6.452637,3.408661,21.4,64.8,1,0,15,0,1,0.01386,0,normal
LG-1009,2025-01-20 15:43:00,6.427951,3.44951,24.5,64.3,1,5,15,0,1,0.02851,0,normal
LG-1009,2025-01-20 15:44:00,6.436494,3.405027,12.3,44.0,1,0,15,0,1,0.01809,0,normal
LG-1009,2025-01-20 15:54:00,6.607603,3.336055,60.6,52.7,1,0,15,0,1,0.01278,0,normal
LG-1009,2025-01-20 17:37:00,6.503531,3.366744,0.7,14.8,1,58,17,0,1,0.00985,1,fuel_theft
LG-1009,2025-01-20 18:38:00,6.426526,3.382879,39.9,52.7,1,0,18,0,1,0.03095,0,normal
LG-1009,2025-01-20 19:24:00,6.602014,3.340867,2.8,73.4,0,0,19,0,0,0.00622,0,normal
LG-1009,2025-01-20 19:43:00,6.459153,3.538928,0.4,12.1,1,52,19,0,0,0.01791,1,fuel_theft
LG-1009,2025-01-20 19:56:00,6.484821,3.352223,2.5,43.3,0,0,19,0,0,0.01531,0,normal
LG-1009,2025-01-20 20:24:00,6.462598,3.385565,1.5,68.3,0,0,20,0,0,0.01211,0,normal
LG-1009,2025-01-20 21:17:00,6.441135,3.396366,1.2,35.7,0,0,21,0,0,0.01393,0,normal
LG-1009,2025-01-21 00:52:00,6.396201,3.110937,79.3,100.0,0,0,0,1,0,0.2676,1,route_deviation
LG-1009,2025-01-21 02:38:00,6.456599,3.416379,4.7,79.6,0,0,2,1,0,0.02144,0,normal
LG-1009,2025-01-21 03:04:00,6.450753,3.40292,2.2,97.9,0,2,3,1,0,0.00899,0,normal
LG-1009,2025-01-21 03:33:00,6.484422,3.351912,2.8,10.1,1,87,3,1,0,0.0158,1,fuel_theft
LG-1009,2025-01-21 04:31:00,6.442434,3.405978,2.9,80.5,0,0,4,1,0,0.01669,0,normal
LG-1009,2025-01-21 04:48:00,6.436064,3.411288,4.6,62.7,0,0,4,1,0,0.01262,0,normal
LG-1009,2025-01-21 07:31:00,6.511004,3.366094,27.4,73.0,1,0,7,1,1,0.01448,0,normal
LG-1009,2025-01-21 08:32:00,6.459549,3.41066,16.2,71.9,1,2,8,1,1,0.01631,0,normal
LG-1009,2025-01-21 09:18:00,6.466927,3.517618,19.2,68.5,1,2,9,1,1,0.00479,0,normal
LG-1009,2025-01-21 09:38:00,6.512099,3.380324,51.4,68.3,1,0,9,1,1,0.02588,0,normal
LG-1009,2025-01-21 10:12:00,6.460893,3.503992,15.5,70.5,1,0,10,1,1,0.01847,0,normal
LG-1009,2025-01-21 10:39:00,6.502901,3.343839,10.3,55.9,1,0,10,1,1,0.01469,0,normal
LG-1009,2025-01-21 11:20:00,6.451643,3.377457,64.9,65.4,1,0,11,1,1,0.01786,0,normal
LG-1009,2025-01-21 14:19:00,6.449116,3.390419,49.6,62.4,1,2,14,1,1,0.00746,0,normal
LG-1009,2025-01-21 14:56:00,6.466433,3.412966,64.7,77.5,1,0,14,1,1,0.0213,0,normal
LG-1009,2025-01-21 16:56:00,6.603965,3.329537,28.6,67.0,1,0,16,1,1,0.01771,0,normal
LG-1009,2025-01-21 17:51:00,6.455687,3.389684,18.3,67.0,1,0,17,1,1,0.00536,0,normal
LG-1009,2025-01-21 18:02:00,6.48021,3.395502,54.1,76.4,1,5,18,1,1,0.02522,0,normal
LG-1009,2025-01-21 18:30:00,6.612867,3.325846,60.9,77.3,1,2,18,1,1,0.02425,0,normal
LG-1009,2025-01-22 00:07:00,6.577949,3.339077,4.2,79.6,0,0,0,2,0,0.02437,0,normal
LG-1009,2025-01-22 02:34:00,6.448932,3.40014,1.6,88.4,0,2,2,2,0,0.00795,0,normal
LG-1009,2025-01-22 05:25:00,6.62329,3.340415,2.4,89.5,0,0,5,2,0,0.02324,0,normal
LG-1009,2025-01-22 07:52:00,6.46234,3.503952,64.0,88.7,1,0,7,2,1,0.01824,0,normal
LG-1009,2025-01-22 08:12:00,6.459143,3.552216,61.3,74.5,1,0,8,2,1,0.03078,0,normal
LG-1009,2025-01-22 10:48:00,6.451399,3.393392,64.4,74.2,1,5,10,2,1,0.00394,0,normal
LG-1009,2025-01-22 11:41:00,6.458557,3.392872,44.3,88.3,1,5,11,2,1,0.00414,0,normal
LG-1009,2025-01-22 12:31:00,6.453859,3.507477,33.2,54.4,1,8,12,2,1,0.0183,0,normal
LG-1009,2025-01-22 13:29:00,6.598431,3.345976,62.6,62.7,1,5,13,2,1,0.00277,0,normal
LG-1009,2025-01-22 14:31:00,6.463398,3.549359,3.0,11.5,1,82,14,2,1,0.02741,1,fuel_theft
LG-1009,2025-01-22 15:09:00,6.595223,3.364507,23.0,80.7,1,2,15,2,1,0.01844,0,normal
LG-1009,2025-01-22 15:21:00,6.410413,3.415281,41.3,61.3,0,8,15,2,1,0.01849,0,normal
LG-1009,2025-01-22 18:18:00,6.454075,3.383386,31.2,72.7,1,0,18,2,1,0.01165,0,normal
LG-1009,2025-01-22 19:53:00,6.450636,3.396466,2.4,66.9,0,0,19,2,0,0.0046,0,normal
LG-1009,2025-01-22 21:15:00,6.4168,3.373517,4.3,65.3,0,0,21,2,0,0.04383,0,normal
LG-1009,2025-01-22 22:23:00,6.511489,3.341631,1.1,14.3,1,85,22,2,0,0.02059,1,fuel_theft
LG-1009,2025-01-22 23:13:00,6.424776,3.38303,0.7,63.4,0,0,23,2,0,0.03251,0,normal
LG-1009,2025-01-23 02:38:00,6.504004,3.371793,3.2,100.0,0,0,2,3,0,0.01467,0,normal
LG-1009,2025-01-23 03:13:00,6.503225,3.379262,0.0,97.8,0,0,3,3,0,0.02168,0,normal
LG-1009,2025-01-23 03:35:00,6.474803,3.546313,2.6,96.6,0,0,3,3,0,0.02621,0,normal
LG-1009,2025-01-23 05:54:00,6.422792,3.435134,3.1,58.1,0,0,5,3,0,0.01506,0,normal
LG-1009,2025-01-23 05:58:00,6.43342,3.399639,4.0,78.7,0,5,5,3,0,0.02204,0,normal
LG-1009,2025-01-23 09:26:00,6.592476,3.355977,12.1,85.1,1,0,9,3,1,0.01238,0,normal
LG-1009,2025-01-23 09:41:00,6.622926,3.326431,1.2,12.0,1,72,9,3,1,0.03006,1,fuel_theft
LG-1009,2025-01-23 09:43:00,6.497413,3.359569,20.7,77.5,1,0,9,3,1,0.00223,0,normal
LG-1009,2025-01-23 11:12:00,6.439245,3.423264,27.8,64.9,1,0,11,3,1,0.01147,0,normal
LG-1009,2025-01-23 14:07:00,6.492676,3.318183,38.0,49.7,1,0,14,3,1,0.04032,0,normal
LG-1009,2025-01-23 15:28:00,6.488022,3.527651,38.6,61.9,1,0,15,3,1,0.02371,0,normal
LG-1009,2025-01-23 17:18:00,6.477563,3.512551,20.1,39.5,1,8,17,3,1,0.01572,0,normal
LG-1009,2025-01-23 18:08:00,6.442818,3.421305,59.1,70.7,1,2,18,3,1,0.01482,0,normal
LG-1009,2025-01-23 18:39:00,6.616167,3.354667,27.7,46.0,1,2,18,3,1,0.01699,0,normal
LG-1009,2025-01-23 21:01:00,6.479784,3.386124,0.4,66.9,0,12,21,3,0,0.02633,0,normal
LG-1009,2025-01-23 21:47:00,6.619449,3.339465,1.4,38.7,0,0,21,3,0,0.01993,0,normal
LG-1009,2025-01-23 22:04:00,6.433111,3.425139,2.9,48.6,0,0,22,3,0,0.00658,0,normal
LG-1009,2025-01-23 22:57:00,6.467372,3.365524,0.7,58.7,0,0,22,3,0,0.03197,0,normal
LG-1009,2025-01-23 23:35:00,6.497797,3.362056,3.0,32.7,0,12,23,3,0,0.00423,0,normal
LG-1009,2025-01-23 23:52:00,6.482975,3.346533,1.9,48.2,0,0,23,3,0,0.01971,0,normal
LG-1009,2025-01-24 02:38:00,6.608195,3.357689,0.7,81.6,0,0,2,4,0,0.01289,0,normal
LG-1009,2025-01-24 04:10:00,6.502352,3.351474,2.7,80.7,0,0,4,4,0,0.00734,0,normal
LG-1009,2025-01-24 05:35:00,6.477382,3.375703,2.2,90.4,0,0,5,4,0,0.02794,0,normal
LG-1009,2025-01-24 07:43:00,6.445017,3.380415,60.6,94.4,1,0,7,4,1,0.01767,0,normal
LG-1009,2025-01-24 08:28:00,6.420167,3.412578,56.1,91.0,1,0,8,4,1,0.0115,0,normal
LG-1009,2025-01-24 10:27:00,6.48513,3.387124,29.2,86.3,1,0,10,4,1,0.03114,0,normal
LG-1009,2025-01-24 10:54:00,6.41009,3.423441,20.0,66.2,1,0,10,4,1,0.01808,0,normal
LG-1009,2025-01-24 12:13:00,6.44209,3.402076,23.9,67.2,1,0,12,4,1,0.01472,0,normal
LG-1009,2025-01-24 13:42:00,6.431805,3.433189,39.0,83.5,1,0,13,4,1,0.01277,0,normal
LG-1009,2025-01-24 14:11:00,6.589955,3.325507,40.2,65.4,1,0,14,4,1,0.02416,0,normal
LG-1009,2025-01-24 14:47:00,6.405975,3.411021,11.6,58.3,1,0,14,4,1,0.02418,0,normal
LG-1009,2025-01-24 15:53:00,6.61893,3.335771,25.5,74.6,1,0,15,4,1,0.02116,0,normal
LG-1009,2025-01-24 19:55:00,6.455949,3.523311,4.2,47.8,0,0,19,4,0,0.00915,0,normal
LG-1009,2025-01-24 20:22:00,6.462651,3.514122,4.0,40.2,0,2,20,4,0,0.00822,0,normal
LG-1009,2025-01-24 21:07:00,6.449869,3.394072,0.5,38.7,0,0,21,4,0,0.00521,0,normal
LG-1009,2025-01-24 21:34:00,6.411961,3.447385,4.4,62.0,0,0,21,4,0,0.03088,0,normal
LG-1009,2025-01-24 22:49:00,6.601921,3.354495,1.1,43.2,0,0,22,4,0,0.00755,0,normal
LG-1009,2025-01-25 03:26:00,6.451896,3.416337,1.4,96.6,0,5,3,5,0,0.02156,0,normal
LG-1009,2025-01-25 04:04:00,6.588825,3.333123,1.4,93.0,0,0,4,5,0,0.01846,0,normal
LG-1009,2025-01-25 06:18:00,6.498497,3.371044,4.4,60.6,0,0,6,5,0,0.01305,0,normal
LG-1009,2025-01-25 06:52:00,6.443222,3.425846,4.2,78.2,0,8,6,5,0,0.01597,0,normal
LG-1009,2025-01-25 07:25:00,6.43564,3.39831,0.4,8.2,1,37,7,5,0,0.01964,1,fuel_theft
LG-1009,2025-01-25 09:53:00,6.585048,3.374718,34.9,76.3,1,0,9,5,1,0.03198,0,normal
LG-1009,2025-01-25 12:11:00,6.411594,3.417348,28.0,55.4,1,0,12,5,1,0.01681,0,normal
LG-1009,2025-01-25 12:53:00,6.417896,3.434549,25.0,49.2,1,0,12,5,1,0.0169,0,normal
LG-1009,2025-01-25 14:52:00,6.597394,3.343574,47.0,55.4,1,0,14,5,1,0.00497,0,normal
LG-1009,2025-01-25 15:15:00,6.480824,3.510911,4.0,43.7,0,0,15,5,0,0.01932,0,normal
LG-1009,2025-01-25 16:00:00,6.401897,3.422072,1.9,68.8,0,2,16,5,0,0.02613,0,normal
LG-1009,2025-01-25 16:14:00,6.445813,3.425364,3.7,58.2,0,0,16,5,0,0.01834,0,normal
LG-1009,2025-01-25 16:52:00,6.589174,3.333188,3.8,45.1,0,0,16,5,0,0.01818,0,normal
LG-1009,2025-01-25 17:57:00,6.479191,3.526836,4.4,53.6,0,8,17,5,0,0.01499,0,normal
LG-1009,2025-01-25 19:03:00,6.423722,3.05463,76.3,59.3,0,0,19,5,0,0.31257,1,route_deviation
LG-1009,2025-01-25 23:46:00,6.494099,3.358835,1.2,44.5,0,0,23,5,0,0.00497,0,normal
LG-1009,2025-01-26 01:32:00,6.488466,3.371043,3.0,74.6,0,0,1,6,0,0.01677,0,normal
LG-1009,2025-01-26 03:15:00,6.512318,3.349233,3.7,89.7,0,0,3,6,0,0.01594,0,normal
LG-1009,2025-01-26 03:21:00,6.46275,3.527955,0.3,15.6,1,60,3,6,0,0.00637,1,fuel_theft
LG-1009,2025-01-26 03:48:00,6.401682,3.432203,0.5,80.7,0,0,3,6,0,0.0286,0,normal
LG-1009,2025-01-26 07:18:00,6.423957,3.443353,2.1,93.4,0,8,7,6,0,0.02272,0,normal
LG-1009,2025-01-26 08:20:00,6.487816,3.344676,3.8,57.2,0,0,8,6,0,0.0174,0,normal
LG-1009,2025-01-26 08:47:00,6.497825,3.349241,0.7,58.0,0,8,8,6,0,0.00884,0,normal
LG-1009,2025-01-26 10:27:00,6.389004,3.026459,99.8,78.6,0,0,10,6,0,0.34931,1,route_deviation
LG-1009,2025-01-26 14:00:00,6.426876,3.403655,2.5,52.5,0,0,14,6,0,0.01738,0,normal
LG-1009,2025-01-26 14:20:00,6.447107,3.410048,2.6,50.8,0,0,14,6,0,0.01699,0,normal
LG-1009,2025-01-26 16:37:00,6.608344,3.332096,4.4,46.9,0,5,16,6,0,0.01662,0,normal
LG-1009,2025-01-26 16:54:00,6.611498,3.347497,1.9,55.8,0,0,16,6,0,0.01051,0,normal
LG-1009,2025-01-26 19:33:00,6.606873,3.353757,4.8,36.9,0,0,19,6,0,0.00895,0,normal
LG-1009,2025-01-26 19:46:00,6.464858,3.516277,4.5,71.8,0,0,19,6,0,0.00573,0,normal
LG-1009,2025-01-26 21:10:00,6.587733,3.363848,0.3,70.2,0,0,21,6,0,0.02144,0,normal
LG-1009,2025-01-26 22:10:00,6.447233,3.393117,4.7,37.2,0,0,22,6,0,0.00799,0,normal
LG-1009,2025-01-27 01:11:00,6.465952,3.395386,4.0,69.5,0,5,1,0,0,0.01096,0,normal
LG-1009,2025-01-27 02:27:00,6.474637,3.523795,4.6,75.8,0,12,2,0,0,0.0098,0,normal
LG-1009,2025-01-27 02:36:00,6.476987,3.359357,0.1,81.3,0,8,2,0,0,0.02205,0,normal
LG-1009,2025-01-27 03:06:00,6.469653,3.386646,0.7,91.7,0,5,3,0,0,0.01687,0,normal
LG-1009,2025-01-27 03:38:00,6.461909,3.390649,1.1,74.8,0,0,3,0,0,0.00817,0,normal
LG-1009,2025-01-27 03:51:00,6.587578,3.334999,3.6,80.6,0,0,3,0,0,0.01801,0,normal
LG-1009,2025-01-27 07:45:00,6.599272,3.339608,29.9,65.1,1,0,7,0,1,0.00759,0,normal
LG-1009,2025-01-27 08:10:00,6.606081,3.342888,1.0,54.2,1,174,8,0,1,0.00654,1,excessive_idle
LG-1009,2025-01-27 10:46:00,6.432621,3.392095,36.9,80.9,1,0,10,0,1,0.02257,0,normal
LG-1009,2025-01-27 11:30:00,6.591783,3.338686,57.5,74.2,1,0,11,0,1,0.01241,0,normal
LG-1009,2025-01-27 12:32:00,6.464148,3.503198,50.1,47.2,1,2,12,0,1,0.01882,0,normal
LG-1009,2025-01-27 15:07:00,6.475362,3.5049,61.8,71.8,1,5,15,0,1,0.01999,0,normal
LG-1009,2025-01-27 16:35:00,6.502121,3.309752,55.5,52.2,1,12,16,0,1,0.04835,0,normal
LG-1009,2025-01-27 17:03:00,6.413907,3.496109,40.6,65.4,1,0,17,0,1,0.05728,0,normal
LG-1009,2025-01-27 18:54:00,6.467999,3.512167,49.0,52.0,1,0,18,0,1,0.01028,0,normal
LG-1009,2025-01-27 20:09:00,6.497621,3.354199,1.5,39.3,0,0,20,0,0,0.00404,0,normal
LG-1009,2025-01-27 20:31:00,6.621677,3.350152,2.8,75.2,0,0,20,0,0,0.02092,0,normal
LG-1009,2025-01-28 00:16:00,6.454251,3.506402,3.5,87.3,0,0,0,1,0,0.01894,0,normal
LG-1009,2025-01-28 01:25:00,6.495729,3.346785,1.6,70.2,0,0,1,1,0,0.01168,0,normal
LG-1009,2025-01-28 02:20:00,6.616684,3.351863,3.6,84.3,0,5,2,1,0,0.01642,0,normal
LG-1009,2025-01-28 07:43:00,6.434618,3.424557,44.2,84.8,1,0,7,1,1,0.00751,0,normal
LG-1009,2025-01-28 09:37:00,6.493133,3.373479,19.7,69.5,1,0,9,1,1,0.01655,0,normal
LG-1009,2025-01-28 11:39:00,6.417617,3.414123,17.6,54.3,1,0,11,1,1,0.01245,0,normal
LG-1009,2025-01-28 14:03:00,6.422285,3.419288,64.2,56.2,1,2,14,1,1,0.00597,0,normal
LG-1009,2025-01-28 17:46:00,6.434064,3.435392,59.8,53.5,1,12,17,1,1,0.01562,0,normal
LG-1009,2025-01-28 20:40:00,6.602294,3.311652,0.4,40.9,0,0,20,1,0,0.03537,0,normal
LG-1009,2025-01-28 22:06:00,6.748497,3.590538,66.1,39.8,1,0,22,1,0,0.28472,1,private_use
LG-1009,2025-01-28 22:51:00,6.490881,3.371942,4.4,42.5,0,0,22,1,0,0.01613,0,normal
LG-1009,2025-01-29 00:37:00,6.470546,3.377635,2.5,99.9,0,0,0,2,0,0.02331,0,normal
LG-1009,2025-01-29 00:51:00,6.432731,3.423586,0.1,17.8,1,67,0,2,0,0.00539,1,fuel_theft
LG-1009,2025-01-29 03:18:00,6.366189,3.149947,97.8,70.0,0,0,3,2,0,0.24683,1,route_deviation
LG-1009,2025-01-29 07:11:00,6.488686,3.371951,27.1,78.0,1,0,7,2,1,0.01735,0,normal
LG-1009,2025-01-29 07:15:00,6.57827,3.321174,35.3,89.6,1,0,7,2,1,0.0344,0,normal
LG-1009,2025-01-29 10:59:00,6.416811,3.419189,1.0,18.1,1,77,10,2,1,0.01133,1,fuel_theft
LG-1009,2025-01-29 11:15:00,6.526489,3.346163,62.1,72.8,1,12,11,2,1,0.02993,0,normal
LG-1009,2025-01-29 16:10:00,6.593636,3.345623,27.4,46.4,1,0,16,2,1,0.00749,0,normal
LG-1009,2025-01-29 16:33:00,6.443992,3.396183,57.4,55.5,1,0,16,2,1,0.01107,0,normal
LG-1009,2025-01-29 17:13:00,6.468038,3.385459,25.8,71.4,1,0,17,2,1,0.01616,0,normal
LG-1009,2025-01-29 19:35:00,6.460737,3.397391,0.3,45.9,0,0,19,2,0,0.00621,0,normal
LG-1009,2025-01-29 20:02:00,6.496958,3.518824,4.7,45.4,0,8,20,2,0,0.03212,0,normal
LG-1009,2025-01-29 20:59:00,6.456868,3.538803,4.8,46.8,0,0,20,2,0,0.01867,0,normal
LG-1009,2025-01-29 21:29:00,6.619058,3.332903,1.6,65.1,0,0,21,2,0,0.02291,0,normal
LG-1009,2025-01-29 23:00:00,6.625356,3.335901,3.9,57.9,0,0,23,2,0,0.02677,0,normal
LG-1009,2025-01-29 23:35:00,6.494053,3.359648,5.0,27.6,0,12,23,2,0,0.00521,0,normal
LG-1009,2025-01-29 23:38:00,6.384588,2.937718,67.4,63.3,0,0,23,2,0,0.43558,1,route_deviation
LG-1009,2025-01-29 23:38:00,6.402119,3.406253,2.2,40.1,0,0,23,2,0,0.02979,0,normal
LG-1009,2025-01-29 23:42:00,6.494599,3.371716,1.1,52.6,0,0,23,2,0,0.0144,0,normal
LG-1009,2025-01-30 00:58:00,6.517404,3.365865,0.5,97.2,0,0,0,3,0,0.02001,0,normal
LG-1009,2025-01-30 01:14:00,6.420538,3.412994,0.0,93.2,0,0,1,3,0,0.01094,0,normal
LG-1009,2025-01-30 01:15:00,6.491036,3.353731,1.2,88.7,0,0,1,3,0,0.00904,0,normal
LG-1009,2025-01-30 01:46:00,6.439857,3.411298,1.0,72.3,0,2,1,3,0,0.01532,0,normal
LG-1009,2025-01-30 02:32:00,6.423047,3.445761,4.3,77.7,0,5,2,3,0,0.02525,0,normal
LG-1009,2025-01-30 03:19:00,6.573143,3.326627,3.5,94.6,0,2,3,3,0,0.03451,0,normal
LG-1009,2025-01-30 03:36:00,6.471279,3.492627,0.6,65.3,0,0,3,3,0,0.03004,0,normal
LG-1009,2025-01-30 06:49:00,6.440085,3.430409,0.1,68.1,0,0,6,3,0,0.01532,0,normal
LG-1009,2025-01-30 07:27:00,6.62388,3.349687,10.2,80.7,1,0,7,3,1,0.02304,0,normal
LG-1009,2025-01-30 07:37:00,6.415075,3.411603,51.6,67.4,1,0,7,3,1,0.01598,0,normal
LG-1009,2025-01-30 08:28:00,6.42107,3.418635,38.1,75.4,0,0,8,3,1,0.00732,0,normal
LG-1009,2025-01-30 08:38:00,6.483979,3.524491,20.8,68.0,1,0,8,3,1,0.01914,0,normal
LG-1009,2025-01-30 11:42:00,6.485681,3.353234,27.6,82.9,1,2,11,3,1,0.01415,0,normal
LG-1009,2025-01-30 12:00:00,6.430021,3.428673,1.3,58.8,1,214,12,3,1,0.00794,1,excessive_idle
LG-1009,2025-01-30 14:41:00,6.795624,3.747331,32.1,76.0,1,2,2,3,0,0.40011,1,private_use
LG-1009,2025-01-30 15:42:00,6.476519,3.399244,42.6,63.5,1,0,15,3,1,0.02193,0,normal
LG-1009,2025-01-30 15:43:00,6.487736,3.331986,24.4,80.2,1,0,15,3,1,0.02835,0,normal
LG-1009,2025-01-30 16:40:00,6.42982,3.414082,43.0,72.6,1,0,16,3,1,0.00715,0,normal
LG-1009,2025-01-30 18:13:00,6.467762,3.528664,26.0,42.6,1,0,18,3,1,0.00721,0,normal
LG-1009,2025-01-30 21:37:00,6.602865,3.34302,1.9,39.8,0,0,21,3,0,0.0044,0,normal
LG-1009,2025-01-30 22:44:00,6.47695,3.379604,3.4,60.2,0,0,22,3,0,0.02681,0,normal
LG-1009,2025-01-31 00:38:00,6.608733,3.321888,4.7,100.0,0,0,0,4,0,0.02628,0,normal
LG-1009,2025-01-31 01:08:00,6.440279,3.414858,2.3,93.4,0,0,1,4,0,0.01373,0,normal
LG-1009,2025-01-31 01:52:00,6.619237,3.348674,1.9,94.7,0,0,1,4,0,0.01831,0,normal
LG-1009,2025-01-31 02:03:00,6.81283,3.600968,21.7,73.8,1,0,4,4,0,0.33071,1,private_use
